region,province,commune,id_commune,circ,parti,candidat,id_candidat
"الشرق","الدريوش","أولاد أمغار","983","15523","PAM","محمد بوحنو","19651"
"الشرق","الدريوش","أولاد أمغار","983","15523","PAM","مليكة ابلحاج","19676"
"الشرق","الدريوش","أولاد أمغار","983","15526","PAM","نجيب الحموتي","77193"
"الشرق","الدريوش","أولاد أمغار","983","15526","PAM","فدوى احلوش","77279"
"الشرق","الدريوش","أولاد أمغار","983","15533","PAM","شعيب قروش","19425"
"الشرق","الدريوش","أولاد أمغار","983","15533","PAM","نوال قروش","19463"
"الشرق","الدريوش","أولاد أمغار","983","15532","PAM","المصطفى بنشعيب","19454"
"الشرق","الدريوش","أولاد أمغار","983","15530","PAM","محمد خاط","19509"
"الشرق","الدريوش","أولاد أمغار","983","15530","PAM","فاطمة حموتي","19575"
"الشرق","الدريوش","أولاد أمغار","983","15525","PAM","عبدالحليم تغدا","77372"
"الشرق","الدريوش","أولاد أمغار","983","15525","PAM","فاطمة  احلوش","77531"
"الشرق","الدريوش","أولاد أمغار","983","15527","PAM","احمد بلقاضي","19556"
"الشرق","الدريوش","أولاد أمغار","983","15531","PAM","محمد الغديوي","53648"
"الشرق","الدريوش","أولاد أمغار","983","15528","PAM","المصطفى احذور","19504"
"الشرق","الدريوش","أولاد أمغار","983","15524","USFP","ابوالقاسم الوزاني","66143"
"الشرق","الدريوش","أولاد أمغار","983","15529","PAM","احمد الديواني","30712"
"الشرق","الدريوش","أولاد بوبكر","990","15620","RNI","خالد بزعنين","119749"
"الشرق","الدريوش","أولاد بوبكر","990","15620","RNI","فوزاية اسباغي","119874"
"الشرق","الدريوش","أولاد بوبكر","990","15619","RNI","علي الخولاتي","53566"
"الشرق","الدريوش","أولاد بوبكر","990","15619","RNI","خديجة الخلاتي","53661"
"الشرق","الدريوش","أولاد بوبكر","990","15614","MP","مصطفى ارزوق","19072"
"الشرق","الدريوش","أولاد بوبكر","990","15617","RNI","الراضي مهداد","55404"
"الشرق","الدريوش","أولاد بوبكر","990","15617","RNI","غزلان شهبوني","55474"
"الشرق","الدريوش","أولاد بوبكر","990","15610","RNI","امحند المرياوي","120484"
"الشرق","الدريوش","أولاد بوبكر","990","15610","RNI","سهام  اقطيطو","120632"
"الشرق","الدريوش","أولاد بوبكر","990","15616","RNI","محمد بوشلاغم","29181"
"الشرق","الدريوش","أولاد بوبكر","990","27085","PI","عبدالعزيز البقالي","119377"
"الشرق","الدريوش","أولاد بوبكر","990","15615","RNI","بوشتة اسروت","44230"
"الشرق","الدريوش","أولاد بوبكر","990","15612","MP","خليد بوحداش","94460"
"الشرق","الدريوش","أولاد بوبكر","990","15612","MP","امينة المنصوري","94576"
"الشرق","الدريوش","أولاد بوبكر","990","27084","PI","علي الحضراوي","19167"
"الشرق","الدريوش","أولاد بوبكر","990","15611","RNI","علي بوحدايد","118954"
"الشرق","الدريوش","أولاد بوبكر","990","15613","RNI","ابراهيم اسباغي","121216"
"الشرق","الدريوش","أولاد بوبكر","990","15618","RNI","يعكوب حتات","94683"
"الشرق","الدريوش","آيت مايت","90","1363","RNI","المصطفى بقالي","97068"
"الشرق","الدريوش","آيت مايت","90","1363","RNI","رشيدة الادريسي","97145"
"الشرق","الدريوش","آيت مايت","90","1361","MP","الياس بوعزاتي","42463"
"الشرق","الدريوش","آيت مايت","90","1361","MP","زرفة بوعزاتي","43743"
"الشرق","الدريوش","آيت مايت","90","1366","RNI","محمد القندوسي","76039"
"الشرق","الدريوش","آيت مايت","90","1366","RNI","فلجة اسباع","76073"
"الشرق","الدريوش","آيت مايت","90","1360","MP","محمد الشبابي","40577"
"الشرق","الدريوش","آيت مايت","90","1359","RNI","محمد الحمديوي","76304"
"الشرق","الدريوش","آيت مايت","90","1362","MP","الزياني بري","52132"
"الشرق","الدريوش","آيت مايت","90","1362","MP","عبيدة بولسهوب","52203"
"الشرق","الدريوش","آيت مايت","90","1357","MP","محمد القدوري","40450"
"الشرق","الدريوش","آيت مايت","90","1364","MP","ابراهيم ادغير","115337"
"الشرق","الدريوش","آيت مايت","90","1364","MP","يمينة الرمضاني","115432"
"الشرق","الدريوش","آيت مايت","90","1356","MP","احمد عبدالمالكي","114438"
"الشرق","الدريوش","آيت مايت","90","1358","RNI","محمد زاهد","114561"
"الشرق","الدريوش","آيت مايت","90","1365","PAM","جبران الزرزاري","143595"
"الشرق","الدريوش","اتروكوت","1507","23546","RNI","رشيد الصغير","42353"
"الشرق","الدريوش","اتروكوت","1507","23546","RNI","رحيمة امرنيس","44094"
"الشرق","الدريوش","اتروكوت","1507","23553","RNI","عمر لمكارف","26343"
"الشرق","الدريوش","اتروكوت","1507","23553","RNI","كمالية اظهشور","26457"
"الشرق","الدريوش","اتروكوت","1507","23545","PAM","نور الدين  الخلدوني","66984"
"الشرق","الدريوش","اتروكوت","1507","23545","PAM","نجاة مقيم","67054"
"الشرق","الدريوش","اتروكوت","1507","23550","RNI","سامر اثري","54156"
"الشرق","الدريوش","اتروكوت","1507","23550","RNI","سلوى  المرابط","54367"
"الشرق","الدريوش","اتروكوت","1507","23554","PAM","عبد الصمد العثماني","76869"
"الشرق","الدريوش","اتروكوت","1507","23554","PAM","ايمان وعلي","76914"
"الشرق","الدريوش","اتروكوت","1507","23548","RNI","محمد بعوش","19493"
"الشرق","الدريوش","اتروكوت","1507","23549","PAM","رشيد بنحدو","67346"
"الشرق","الدريوش","اتروكوت","1507","23557","MP","احمد اقشيش","76582"
"الشرق","الدريوش","اتروكوت","1507","23547","PAM","محمد زياني","91938"
"الشرق","الدريوش","اتروكوت","1507","23552","MP","محمد  ابكيز","42799"
"الشرق","الدريوش","اتروكوت","1507","23551","USFP","محمد الصغير","30578"
"الشرق","الدريوش","اتروكوت","1507","23556","MP","احمد البقالي","68361"
"الشرق","الدريوش","اتروكوت","1507","23555","PPS","محمد اظهشور","76383"
"الشرق","الدريوش","اتسافت","1508","23565","PAM","احمد الحاجيوي ","18815"
"الشرق","الدريوش","اتسافت","1508","23565","PAM","فاطمة بعشمير","18838"
"الشرق","الدريوش","اتسافت","1508","23566","PI","محمد بوتسميت","111355"
"الشرق","الدريوش","اتسافت","1508","23566","PI","ابتسام بوطيب","111397"
"الشرق","الدريوش","اتسافت","1508","23561","PAM","عبد المجيد الدرقاوي","18789"
"الشرق","الدريوش","اتسافت","1508","23564","PAM","احمد العزوتي","40638"
"الشرق","الدريوش","اتسافت","1508","23564","PAM","كريمة بجمزة","40739"
"الشرق","الدريوش","اتسافت","1508","23563","PAM","رضوان  بخرو ","52714"
"الشرق","الدريوش","اتسافت","1508","23563","PAM","فاطمة بخرو","52831"
"الشرق","الدريوش","اتسافت","1508","23569","PAM","محمد ابركان","132775"
"الشرق","الدريوش","اتسافت","1508","23560","PPS","محمد الهجوتي","111824"
"الشرق","الدريوش","اتسافت","1508","23558","PAM","امحمد اقرقاش","17277"
"الشرق","الدريوش","اتسافت","1508","23558","PAM","هنيدة اقريش","17389"
"الشرق","الدريوش","اتسافت","1508","23562","PAM","محمد الحسناوي","112991"
"الشرق","الدريوش","اتسافت","1508","23559","RNI","خليد  المزياني","38276"
"الشرق","الدريوش","اتسافت","1508","23567","PAM","ابراهيم المخوخي","19982"
"الشرق","الدريوش","اتسافت","1508","23568","PAM","رشيد البحلالي","17534"
"الشرق","الدريوش","اتسافت","1508","23570","PAM","مجيد اليخلوفي","17650"
"الشرق","الدريوش","اجرمواس","630","9926","PI","عزالدين البعيادي","29553"
"الشرق","الدريوش","اجرمواس","630","9926","PI","وفاء البعيادي","29612"
"الشرق","الدريوش","اجرمواس","630","9927","PI","امحمد  القدوري","75501"
"الشرق","الدريوش","اجرمواس","630","9927","PI","ظريفة البوشحاتي","77738"
"الشرق","الدريوش","اجرمواس","630","9925","RNI","محمد مشين","93530"
"الشرق","الدريوش","اجرمواس","630","9925","RNI","نجية البرتالي","93703"
"الشرق","الدريوش","اجرمواس","630","9932","PI","فؤاد القدوري","93959"
"الشرق","الدريوش","اجرمواس","630","9922","PI","فريد  بدوفت","52067"
"الشرق","الدريوش","اجرمواس","630","9922","PI","يسرى القدوري","54610"
"الشرق","الدريوش","اجرمواس","630","9924","RNI","علي الطاوس","90428"
"الشرق","الدريوش","اجرمواس","630","9924","RNI","فريزة الرزوقي","93375"
"الشرق","الدريوش","اجرمواس","630","9930","PAM","رشيد  الهلابي","113505"
"الشرق","الدريوش","اجرمواس","630","9929","PI","خالد لخلوفي","38686"
"الشرق","الدريوش","اجرمواس","630","9934","PAM","محمد الخبابي","75218"
"الشرق","الدريوش","اجرمواس","630","9923","PI","محمد أزعوم","54428"
"الشرق","الدريوش","اجرمواس","630","9933","PI","علي  الحزميوي","64964"
"الشرق","الدريوش","اجرمواس","630","9928","PPS","ربيع السكوري","123183"
"الشرق","الدريوش","اجرمواس","630","9931","PI","اسماعيل الهشميوي","29687"
"الشرق","الدريوش","ازلاف","270","4050","PAM","احمد الخلفيوي","66393"
"الشرق","الدريوش","ازلاف","270","4050","PAM","فتيحة الببكاري","66514"
"الشرق","الدريوش","ازلاف","270","4047","PAM","عبد السلام اليوسفي","112087"
"الشرق","الدريوش","ازلاف","270","4047","PAM","محجوبة بنعلي","112269"
"الشرق","الدريوش","ازلاف","270","4048","PAM","احمد بوقشار","96341"
"الشرق","الدريوش","ازلاف","270","4048","PAM","عائشة بنهدي","96385"
"الشرق","الدريوش","ازلاف","270","4049","PAM","الراضي  بوشواري ","5861"
"الشرق","الدريوش","ازلاف","270","4045","PAM","بنعيسى اليبوحي","42439"
"الشرق","الدريوش","ازلاف","270","4045","PAM","حفيظة ساح","42498"
"الشرق","الدريوش","ازلاف","270","4052","PAM","ادريس اشباري","15826"
"الشرق","الدريوش","ازلاف","270","4054","PAM","محمد اوراغ","15657"
"الشرق","الدريوش","ازلاف","270","4054","PAM","يمينة بودمار","15685"
"الشرق","الدريوش","ازلاف","270","4046","PI","محمادي  البوجدايني ","136149"
"الشرق","الدريوش","ازلاف","270","4044","PI","نور الدين بجنان","136435"
"الشرق","الدريوش","ازلاف","270","4051","PAM","محمد  بدونت ","15675"
"الشرق","الدريوش","ازلاف","270","4053","PAM","عبد الكريم المصباحي","36641"
"الشرق","الدريوش","افرني","618","9747","PI","العزيز الشلوقي","65297"
"الشرق","الدريوش","افرني","618","9747","PI","سهام الاغزاوي","65486"
"الشرق","الدريوش","افرني","618","9740","PAM","محمد شواري","90441"
"الشرق","الدريوش","افرني","618","9748","PAM","الراضي ورغي","7189"
"الشرق","الدريوش","افرني","618","9748","PAM","مونية مكان","7261"
"الشرق","الدريوش","افرني","618","9739","PAM","احمد بلخريف","95563"
"الشرق","الدريوش","افرني","618","9739","PAM","سميرة  بولخريف","95694"
"الشرق","الدريوش","افرني","618","9741","PAM","امحمد سغاوي","90563"
"الشرق","الدريوش","افرني","618","9744","PI","محمد امياي","91048"
"الشرق","الدريوش","افرني","618","9744","PI","نورة الوعماري","91129"
"الشرق","الدريوش","افرني","618","9743","PI","محمود زيزح","27863"
"الشرق","الدريوش","افرني","618","9746","PI","خالد بتكمانت","112593"
"الشرق","الدريوش","افرني","618","9742","PAM","محمد بولخريف","90842"
"الشرق","الدريوش","افرني","618","9742","PAM","ياسمينة  بلخريف ","90909"
"الشرق","الدريوش","افرني","618","9745","PI","بغداد ازحاف","52527"
"الشرق","الدريوش","افرني","618","9738","PAM","محمد المنوتي","94906"
"الشرق","الدريوش","الدريوش","473","26436","MP","عبدالالاه اوشن","97113"
"الشرق","الدريوش","الدريوش","473","26432","RNI","عبد الرحيم لوكيلي","120493"
"الشرق","الدريوش","الدريوش","473","26432","RNI","لبنى دوغلي ","120627"
"الشرق","الدريوش","الدريوش","473","26430","RNI","ادريس البوكيلي","97769"
"الشرق","الدريوش","الدريوش","473","26430","RNI","توريا بلقاسم","97814"
"الشرق","الدريوش","الدريوش","473","26435","RNI","نورالدين قيشوحي","97626"
"الشرق","الدريوش","الدريوش","473","26435","RNI","دنيا قيشوحي","97753"
"الشرق","الدريوش","الدريوش","473","26433","MP","عبدالمنعم قيشوحي","97439"
"الشرق","الدريوش","الدريوش","473","26431","RNI","محمد البوكيلي","97191"
"الشرق","الدريوش","الدريوش","473","26431","RNI","وفاء اجرطي","103964"
"الشرق","الدريوش","الدريوش","473","26441","PI","رشيد امعلام","33510"
"الشرق","الدريوش","الدريوش","473","26434","RNI","عبد الرزاق الوكيلي","56679"
"الشرق","الدريوش","الدريوش","473","26434","RNI","يسرى الرمضاني","56705"
"الشرق","الدريوش","الدريوش","473","27086","PI","محمد طوري","19408"
"الشرق","الدريوش","الدريوش","473","26439","RNI","المصطفى البوكيلي","97215"
"الشرق","الدريوش","الدريوش","473","27087","PI","موسى قلاح","96640"
"الشرق","الدريوش","الدريوش","473","26440","PI","بغداد سيتي","120330"
"الشرق","الدريوش","الدريوش","473","26429","RNI","بوجمعة اشن","67908"
"الشرق","الدريوش","الدريوش","473","26437","RNI","علي بوحدايد","56601"
"الشرق","الدريوش","الدريوش","473","26438","PI","الحسن بولعوالي","30142"
"الشرق","الدريوش","امجاو","198","2929","MP","محمد بالي","146962"
"الشرق","الدريوش","امجاو","198","2929","MP","رشيدة عدا","147048"
"الشرق","الدريوش","امجاو","198","2928","RNI","عبد العزيز البوبكاري","85289"
"الشرق","الدريوش","امجاو","198","2928","RNI","سامية البوبكاري","85385"
"الشرق","الدريوش","امجاو","198","2926","RNI","الناصر ابكري","12329"
"الشرق","الدريوش","امجاو","198","2922","RNI","ميمون الشملالي","12399"
"الشرق","الدريوش","امجاو","198","2922","RNI","دليلة اشملال","12447"
"الشرق","الدريوش","امجاو","198","2927","MP","بلعيد مرابو","12426"
"الشرق","الدريوش","امجاو","198","2927","MP","اسماء مرابو","13381"
"الشرق","الدريوش","امجاو","198","2931","RNI","كريم المرابط","123958"
"الشرق","الدريوش","امجاو","198","2931","RNI","ذكرى  مساعد","124060"
"الشرق","الدريوش","امجاو","198","2930","RNI","الخضير بوشتى","30264"
"الشرق","الدريوش","امجاو","198","2923","RNI","محمد الرشيدي","67758"
"الشرق","الدريوش","امجاو","198","2925","RNI","عبد القادر قاسمي","12442"
"الشرق","الدريوش","امجاو","198","2924","RNI","محمد البغدادي","12344"
"الشرق","الدريوش","امجاو","198","2932","PEDD","عبد الواحد بلهادي","98132"
"الشرق","الدريوش","امطالسة","1592","26776","RNI","رضوان الوكيلي","55911"
"الشرق","الدريوش","امطالسة","1592","26776","RNI","وهيبة فنزار","55866"
"الشرق","الدريوش","امطالسة","1592","26775","RNI","عبد اللـه البوكيلي","76671"
"الشرق","الدريوش","امطالسة","1592","26775","RNI","دعاء البوكيلي","76722"
"الشرق","الدريوش","امطالسة","1592","26755","RNI","عادل قيشوحي","137623"
"الشرق","الدريوش","امطالسة","1592","26767","RNI","فريد مهداد","44792"
"الشرق","الدريوش","امطالسة","1592","26764","RNI","بوجمعة الحدوتي","55351"
"الشرق","الدريوش","امطالسة","1592","26764","RNI","سليمة رجوعي","55268"
"الشرق","الدريوش","امطالسة","1592","26761","PI","الحسين شهبوني","77163"
"الشرق","الدريوش","امطالسة","1592","26761","PI","زينب عطي اللـه","77264"
"الشرق","الدريوش","امطالسة","1592","26760","PAM","عزيز امجوظ","19085"
"الشرق","الدريوش","امطالسة","1592","26773","PAM","محمد الناصري","29735"
"الشرق","الدريوش","امطالسة","1592","26754","RNI","علي دحوتي","118609"
"الشرق","الدريوش","امطالسة","1592","26766","PI","اسماعيل اليحياوي","18812"
"الشرق","الدريوش","امطالسة","1592","26765","PI","بوشتى المحجوبي","139686"
"الشرق","الدريوش","امطالسة","1592","26757","MP","محند  لمو","96600"
"الشرق","الدريوش","امطالسة","1592","26770","RNI","ياسين البوكيلي","118168"
"الشرق","الدريوش","امطالسة","1592","26770","RNI","سليمة الوكيلي","117924"
"الشرق","الدريوش","امطالسة","1592","26771","RNI","عزيز غرباوي","136938"
"الشرق","الدريوش","امطالسة","1592","26768","PAM","الحسن مجعيط","95760"
"الشرق","الدريوش","امطالسة","1592","26774","PAM","محمد لعسل","29826"
"الشرق","الدريوش","امطالسة","1592","26763","PI","ملود ابركان","18907"
"الشرق","الدريوش","امطالسة","1592","26772","RNI","جمال محدادي","53120"
"الشرق","الدريوش","امطالسة","1592","26762","PI","مصطفى  عاصم ","19008"
"الشرق","الدريوش","امطالسة","1592","26769","PAM","محمد  بعوشي ","29463"
"الشرق","الدريوش","امطالسة","1592","26756","PI","فيصل الوكيلي","44830"
"الشرق","الدريوش","امطالسة","1592","26759","PI","بوجمعة حدوشي","19174"
"الشرق","الدريوش","امطالسة","1592","26758","PI","علي الطاهري","44301"
"الشرق","الدريوش","امهاجر","814","12852","MP","بلال العبدوني","66478"
"الشرق","الدريوش","امهاجر","814","12852","MP","خديجة العبدوني","66617"
"الشرق","الدريوش","امهاجر","814","12853","MP","الحسن رياني","19316"
"الشرق","الدريوش","امهاجر","814","12853","MP","سهير زريوح","19368"
"الشرق","الدريوش","امهاجر","814","12855","MP","حكيم ازحاف","9199"
"الشرق","الدريوش","امهاجر","814","12855","MP","اميمة ازحاف","9291"
"الشرق","الدريوش","امهاجر","814","12859","MP","ياسين  فضيلي","8989"
"الشرق","الدريوش","امهاجر","814","12854","PPS","محمد السحساحي","29848"
"الشرق","الدريوش","امهاجر","814","12854","PPS","جهان ازروال","29918"
"الشرق","الدريوش","امهاجر","814","12861","PPS","بغداد ازعوم","19109"
"الشرق","الدريوش","امهاجر","814","12857","MP","الحسن الحفياني","19354"
"الشرق","الدريوش","امهاجر","814","25708","MP","المصطفى ابنعمار","9332"
"الشرق","الدريوش","امهاجر","814","25709","MP","حليم الشارف","9174"
"الشرق","الدريوش","امهاجر","814","12858","MP","محمد املاح","9169"
"الشرق","الدريوش","امهاجر","814","12856","PPS","محمد المنصوري","90787"
"الشرق","الدريوش","امهاجر","814","12856","PPS","سميرة امجوض","90874"
"الشرق","الدريوش","امهاجر","814","12862","PPS","مزيان دادي","157679"
"الشرق","الدريوش","امهاجر","814","12860","MP","محمد المريني","119233"
"الشرق","الدريوش","بن الطيب","290","4424","MP","محمد املاح","7035"
"الشرق","الدريوش","بن الطيب","290","4421","MP","محمد اليندوزي","6215"
"الشرق","الدريوش","بن الطيب","290","27089","MP","محمد المراقي","6462"
"الشرق","الدريوش","بن الطيب","290","27089","MP","سميرة المراقي ","6656"
"الشرق","الدريوش","بن الطيب","290","4413","MP","محمد الطالعي","6275"
"الشرق","الدريوش","بن الطيب","290","4413","MP","احلام العامري","6727"
"الشرق","الدريوش","بن الطيب","290","4414","MP","المختار يطوحي","6651"
"الشرق","الدريوش","بن الطيب","290","4422","MP","محمد فضيلي","7888"
"الشرق","الدريوش","بن الطيب","290","4422","MP","سومية دحو","8041"
"الشرق","الدريوش","بن الطيب","290","4423","MP","عبد السلام بلمختار","6151"
"الشرق","الدريوش","بن الطيب","290","4423","MP","فاطمة دحو","6271"
"الشرق","الدريوش","بن الطيب","290","4418","MP","عبد اللطيف القدري","7890"
"الشرق","الدريوش","بن الطيب","290","4415","MP","ياسين رياني","5946"
"الشرق","الدريوش","بن الطيب","290","4416","MP","عبد الرحيم حسان","8161"
"الشرق","الدريوش","بن الطيب","290","27088","MP","علي رياني","12307"
"الشرق","الدريوش","بن الطيب","290","27088","MP","يسرى حري","12378"
"الشرق","الدريوش","بن الطيب","290","4420","MP","محمد الزكنوني","28807"
"الشرق","الدريوش","بن الطيب","290","4419","MP","احمد اعميمر","5850"
"الشرق","الدريوش","بن الطيب","290","4417","MP","عيسى البوعزاوي","56103"
"الشرق","الدريوش","بن الطيب","290","4412","PPS","محمد ازروال","67780"
"الشرق","الدريوش","بني مرغنين","354","5456","PI","محمد قلوبي","135419"
"الشرق","الدريوش","بني مرغنين","354","5456","PI","وفية اليحيان","135633"
"الشرق","الدريوش","بني مرغنين","354","5455","RNI","الطاهر الكركري","16041"
"الشرق","الدريوش","بني مرغنين","354","5455","RNI","مريم   الدائم اقلعي","16127"
"الشرق","الدريوش","بني مرغنين","354","5457","PAM","المصطفى صابري","136370"
"الشرق","الدريوش","بني مرغنين","354","5457","PAM","سناء زيري","136513"
"الشرق","الدريوش","بني مرغنين","354","5454","PAM","محمد فوزي بنقدور","94595"
"الشرق","الدريوش","بني مرغنين","354","5454","PAM","لطيفة  الفضولي","94970"
"الشرق","الدريوش","بني مرغنين","354","5448","PAM","محمد دلولي","114503"
"الشرق","الدريوش","بني مرغنين","354","5448","PAM","ناصرة دلولي","114399"
"الشرق","الدريوش","بني مرغنين","354","5449","PAM","احمد جغو","93822"
"الشرق","الدريوش","بني مرغنين","354","5450","RNI","قيس لحميمي","18593"
"الشرق","الدريوش","بني مرغنين","354","5452","PAM","محمد الوردي","66417"
"الشرق","الدريوش","بني مرغنين","354","5453","PAM","عبد القادر ادهار اعدي","75978"
"الشرق","الدريوش","بني مرغنين","354","5451","PAM","عزالدين بوجانا","94099"
"الشرق","الدريوش","بني مرغنين","354","5458","RNI","محمد شمريخ","30001"
"الشرق","الدريوش","بودينار","389","6025","PAM","الحسين سعيدي","27087"
"الشرق","الدريوش","بودينار","389","6025","PAM","اميمة سعيدي","27178"
"الشرق","الدريوش","بودينار","389","6026","PI","محمد افلاح الجعفاري","27304"
"الشرق","الدريوش","بودينار","389","6026","PI","وفاء مقراوي","27454"
"الشرق","الدريوش","بودينار","389","6024","PAM","سليمان بغوز","27845"
"الشرق","الدريوش","بودينار","389","6024","PAM","شيماء بغوز","27917"
"الشرق","الدريوش","بودينار","389","6018","RNI","سليم قمران","40005"
"الشرق","الدريوش","بودينار","389","6018","RNI","سميشة بوسيف","40075"
"الشرق","الدريوش","بودينار","389","6022","PI","منعم الحدادي","114109"
"الشرق","الدريوش","بودينار","389","6022","PI","سعاد افلاح الجعفاري","114201"
"الشرق","الدريوش","بودينار","389","6020","PI","رشيد سلام","64737"
"الشرق","الدريوش","بودينار","389","6029","PAM","محمد عزوزي","34287"
"الشرق","الدريوش","بودينار","389","6023","PI","عبيد اسكاك","113758"
"الشرق","الدريوش","بودينار","389","6027","MP","محمد شقت","51658"
"الشرق","الدريوش","بودينار","389","6021","PI","احمد بوزراع","75295"
"الشرق","الدريوش","بودينار","389","6017","PI","يوسف يوعلا","38540"
"الشرق","الدريوش","بودينار","389","6019","RNI","يوسف دحماني","28716"
"الشرق","الدريوش","بودينار","389","6028","PI","بلال اعروص","28791"
"الشرق","الدريوش","تزاغين","1407","22171","RNI","محمد الخلفي","94478"
"الشرق","الدريوش","تزاغين","1407","22171","RNI","شيماء الخلفي","94628"
"الشرق","الدريوش","تزاغين","1407","22174","PI","هيشام حماشي","137794"
"الشرق","الدريوش","تزاغين","1407","22174","PI","حنان الفدائي","137613"
"الشرق","الدريوش","تزاغين","1407","22173","RNI","محمد غودان","56629"
"الشرق","الدريوش","تزاغين","1407","22173","RNI","ميمونت قجوش","56658"
"الشرق","الدريوش","تزاغين","1407","22179","RNI","محمد كلاش","29172"
"الشرق","الدريوش","تزاغين","1407","22179","RNI","عائشة كلاش","28983"
"الشرق","الدريوش","تزاغين","1407","22176","RNI","محمد بوحبس","56655"
"الشرق","الدريوش","تزاغين","1407","22181","RNI","عبد الواحد موريدي","56424"
"الشرق","الدريوش","تزاغين","1407","22181","RNI","سارة شلوح","56401"
"الشرق","الدريوش","تزاغين","1407","22177","PI","سعيد يعقوب","93988"
"الشرق","الدريوش","تزاغين","1407","22178","PAM","سعيد بخزو","154883"
"الشرق","الدريوش","تزاغين","1407","22175","RNI","ميمونت الجرايي","56702"
"الشرق","الدريوش","تزاغين","1407","22180","RNI","محمد البوجوفي","29870"
"الشرق","الدريوش","تزاغين","1407","22172","PI","محمد رصناب","78012"
"الشرق","الدريوش","تفرسيت","1317","20848","PAM","عمر بوكريع","97352"
"الشرق","الدريوش","تفرسيت","1317","20848","PAM","هجر  بوكريع ","97374"
"الشرق","الدريوش","تفرسيت","1317","20850","RNI","محمد اهراوي","92199"
"الشرق","الدريوش","تفرسيت","1317","20850","RNI","صغيرة القاضي","92280"
"الشرق","الدريوش","تفرسيت","1317","20852","PAM","ابراهيم العبوضي","138035"
"الشرق","الدريوش","تفرسيت","1317","20852","PAM","مسيرة التقدومي","138194"
"الشرق","الدريوش","تفرسيت","1317","20849","PAM","جمال مزيد","27859"
"الشرق","الدريوش","تفرسيت","1317","20854","RNI","محمد الحدوشي","28853"
"الشرق","الدريوش","تفرسيت","1317","20846","PAM","مراد يوب","28649"
"الشرق","الدريوش","تفرسيت","1317","20851","PND","محمد زروالي","138364"
"الشرق","الدريوش","تفرسيت","1317","20851","PND","حنان زروالي","138499"
"الشرق","الدريوش","تفرسيت","1317","20853","PAM","نورالدين  لقطيط","121378"
"الشرق","الدريوش","تفرسيت","1317","20853","PAM","دنيا اشلحي ","121471"
"الشرق","الدريوش","تفرسيت","1317","20855","RNI","عمر  بوعرفة ","29004"
"الشرق","الدريوش","تفرسيت","1317","20845","RNI","حمزة اعبود","97278"
"الشرق","الدريوش","تفرسيت","1317","20847","PAM","رضوان عبكار","39621"
"الشرق","الدريوش","تفرسيت","1317","20856","PAM","مولود القاضي","119102"
"الشرق","الدريوش","تفرسيت","1317","20857","PAM","محمد امجوظ","77781"
"الشرق","الدريوش","تليليت","1348","21272","PAM","الحسن بركروف","33916"
"الشرق","الدريوش","تليليت","1348","21272","PAM","لبنى بركروف","33951"
"الشرق","الدريوش","تليليت","1348","21262","MP","خليد واسبع","89809"
"الشرق","الدريوش","تليليت","1348","21262","MP","ام كلتوم بلعزيز","89900"
"الشرق","الدريوش","تليليت","1348","21263","MP","خالد اليندوزي","19402"
"الشرق","الدريوش","تليليت","1348","21267","MP","زهير الطويل","9270"
"الشرق","الدريوش","تليليت","1348","21267","MP","سكينة بنحدو","9527"
"الشرق","الدريوش","تليليت","1348","21264","PAM","حلوش بوزكري","29483"
"الشرق","الدريوش","تليليت","1348","21265","PAM","احمد  اليندوزي ","94708"
"الشرق","الدريوش","تليليت","1348","21265","PAM","عائشة بوشيحان","94769"
"الشرق","الدريوش","تليليت","1348","21270","MP","محمد بعدي","30043"
"الشرق","الدريوش","تليليت","1348","21269","PPS","صديق رزوقي","19445"
"الشرق","الدريوش","تليليت","1348","21266","PAM","فيصل اليندوزي","94494"
"الشرق","الدريوش","تليليت","1348","21271","PAM","محمد المناني","39417"
"الشرق","الدريوش","تليليت","1348","21271","PAM","فريدة الخلفيوي","39470"
"الشرق","الدريوش","تليليت","1348","21268","PAM","محمد العسري","30226"
"الشرق","الدريوش","تمسمان","1418","22335","PI","يوسف بنحكيم","30428"
"الشرق","الدريوش","تمسمان","1418","22335","PI","يمينة حاروش","30505"
"الشرق","الدريوش","تمسمان","1418","22328","MP","توفيق الزحنوني","40560"
"الشرق","الدريوش","تمسمان","1418","22329","PI","احمد ايمولا","116667"
"الشرق","الدريوش","تمسمان","1418","22342","PI","سعيد سحنون","116870"
"الشرق","الدريوش","تمسمان","1418","22342","PI","ننجة  الفتاحي ","117011"
"الشرق","الدريوش","تمسمان","1418","22340","PI","امحمد طيف","29360"
"الشرق","الدريوش","تمسمان","1418","22330","PI","عبد المنعم الفتاحي","139652"
"الشرق","الدريوش","تمسمان","1418","22338","PPS","محمد لمراجع","92141"
"الشرق","الدريوش","تمسمان","1418","22338","PPS"," شيماء اليوسفي ","92245"
"الشرق","الدريوش","تمسمان","1418","22332","PI","محمد كوهي","43765"
"الشرق","الدريوش","تمسمان","1418","22332","PI","جميلة كوهي","43819"
"الشرق","الدريوش","تمسمان","1418","22331","MP","عبد الله اعروص","33850"
"الشرق","الدريوش","تمسمان","1418","22333","PI","عبيد مزياوي","67458"
"الشرق","الدريوش","تمسمان","1418","22333","PI","شادية بوركازي","67418"
"الشرق","الدريوش","تمسمان","1418","22336","PI","محمد الامين","29092"
"الشرق","الدريوش","تمسمان","1418","22339","PI","عادل ازواغ","67551"
"الشرق","الدريوش","تمسمان","1418","22337","PI","عبد العظيم اينو","140063"
"الشرق","الدريوش","تمسمان","1418","22334","PAM","محمد الطيبي","42070"
"الشرق","الدريوش","تمسمان","1418","22341","PAM","فكري لمعلم","55733"
"الشرق","الدريوش","دار الكبداني","449","6965","RNI","سي محمد اشن","120179"
"الشرق","الدريوش","دار الكبداني","449","6965","RNI","ام كلثوم بوزكو","120406"
"الشرق","الدريوش","دار الكبداني","449","6970","RNI","يونس الشملالي","66125"
"الشرق","الدريوش","دار الكبداني","449","6970","RNI","فاطمة  الشملالي","66166"
"الشرق","الدريوش","دار الكبداني","449","6964","RNI","محمد بورفيس","67125"
"الشرق","الدريوش","دار الكبداني","449","6964","RNI","سعيدة ريفي سعيدي","67159"
"الشرق","الدريوش","دار الكبداني","449","6963","RNI","بلعيد الحجوي","67004"
"الشرق","الدريوش","دار الكبداني","449","6963","RNI","خديجة ريفي سعيدي","67059"
"الشرق","الدريوش","دار الكبداني","449","6966","RNI","عبد الكريم  الفاتحي ","66447"
"الشرق","الدريوش","دار الكبداني","449","6967","RNI","عبدالسلام ازماني","42765"
"الشرق","الدريوش","دار الكبداني","449","6973","PJD","محمد بنجدي","16238"
"الشرق","الدريوش","دار الكبداني","449","6969","RNI","احمد بويلاس","55967"
"الشرق","الدريوش","دار الكبداني","449","6972","RNI","سعيد بولحروز","97733"
"الشرق","الدريوش","دار الكبداني","449","6972","RNI","كريمة  بنعساتي ","97754"
"الشرق","الدريوش","دار الكبداني","449","6971","RNI","فوزي مريد","66882"
"الشرق","الدريوش","دار الكبداني","449","6968","RNI","امحمد تنوتي","42614"
"الشرق","الدريوش","دار الكبداني","449","6975","RNI","مصطفى بوشلغام","66802"
"الشرق","الدريوش","دار الكبداني","449","6974","PI","محمد دحوم","53821"
"الشرق","الدريوش","عين الزهرة","88","1333","PI","عبد اللـه الرازي","54226"
"الشرق","الدريوش","عين الزهرة","88","1333","PI","حليمة الرازي","54303"
"الشرق","الدريوش","عين الزهرة","88","1341","RNI","امحند اعزيل","29059"
"الشرق","الدريوش","عين الزهرة","88","1341","RNI","كريمة زعوم","29128"
"الشرق","الدريوش","عين الزهرة","88","1342","MP","ميمون بزاوي","15737"
"الشرق","الدريوش","عين الزهرة","88","1342","MP","ميمونة لهروشي","15768"
"الشرق","الدريوش","عين الزهرة","88","1332","PI","عبد الحكيم غالب","54002"
"الشرق","الدريوش","عين الزهرة","88","1332","PI","ميلودة لخواردي","54096"
"الشرق","الدريوش","عين الزهرة","88","1337","PI","سعيد حزيون","74713"
"الشرق","الدريوش","عين الزهرة","88","1337","PI","إلهام خشابي","74776"
"الشرق","الدريوش","عين الزهرة","88","1338","RNI","احمد الزعيم","29833"
"الشرق","الدريوش","عين الزهرة","88","1331","PI","رشيد العثماني","56826"
"الشرق","الدريوش","عين الزهرة","88","1335","PI","العربي مسرور","122416"
"الشرق","الدريوش","عين الزهرة","88","1339","RNI","ميمون  تهبريت","39759"
"الشرق","الدريوش","عين الزهرة","88","1340","MP","عبد الرحمان الحموتي","39491"
"الشرق","الدريوش","عين الزهرة","88","1330","MP","عبد اللـه اشن","17526"
"الشرق","الدريوش","عين الزهرة","88","1334","PI","محمد لمغاري","18637"
"الشرق","الدريوش","عين الزهرة","88","1336","MP","عبد السلام يعلاوي","43352"
"الشرق","الدريوش","ميضار","879","27092","PI","ادريس اتركاستي","43887"
"الشرق","الدريوش","ميضار","879","13881","PI","الحسن الحدادي","121155"
"الشرق","الدريوش","ميضار","879","13881","PI","نسمة العمراني","121256"
"الشرق","الدريوش","ميضار","879","13875","PI","ميمون  ايديرات ","122947"
"الشرق","الدريوش","ميضار","879","13875","PI","لبنى الحجياوي","122797"
"الشرق","الدريوش","ميضار","879","13878","PI","عبد السلام الطاوس","96748"
"الشرق","الدريوش","ميضار","879","13878","PI","فاطمة امعزت","96843"
"الشرق","الدريوش","ميضار","879","13872","PI","محمادي الاسروتي","43993"
"الشرق","الدريوش","ميضار","879","13876","PI","جمال الطاوس","92871"
"الشرق","الدريوش","ميضار","879","27097","PI","حميد الوعماري","40559"
"الشرق","الدريوش","ميضار","879","13880","PI","نزيه اقشار","77595"
"الشرق","الدريوش","ميضار","879","13880","PI","حفصة أقشار","77626"
"الشرق","الدريوش","ميضار","879","13869","RNI","محمد الجوهري","67900"
"الشرق","الدريوش","ميضار","879","13873","PI","مجيد الطلحي","77505"
"الشرق","الدريوش","ميضار","879","13873","PI","لبنى اشعيبي","77552"
"الشرق","الدريوش","ميضار","879","27095","PI","فواز لغموشي","40734"
"الشرق","الدريوش","ميضار","879","13883","PAM","فكري المحسيني","92432"
"الشرق","الدريوش","ميضار","879","27093","PI","عبد السلام المساوي","67604"
"الشرق","الدريوش","ميضار","879","13882","PI","ادريس القاسمي","67422"
"الشرق","الدريوش","ميضار","879","27090","PI","محمد الاسروتي","40924"
"الشرق","الدريوش","ميضار","879","27091","RNI","خالد المحوتي","97380"
"الشرق","الدريوش","ميضار","879","13874","PI","اسماعيل الصباني","67477"
"الشرق","الدريوش","ميضار","879","27094","RNI","عمر  شوحو ","68131"
"الشرق","الدريوش","ميضار","879","13879","P.ALAMAL","منير بوعيش","93442"
"الشرق","الدريوش","ميضار","879","13877","PI","الحسن امعزت","93272"
"الشرق","الدريوش","ميضار","879","27096","RNI","نورالدين اتشيتشة","97915"
"الشرق","الدريوش","ميضار","879","13871","PAM","يونس شوحو","121890"
"الشرق","الدريوش","ميضار","879","13870","PAM","علي غاي","121544"
"الشرق","الدريوش","وردانة","945","14929","MP","محمد بلقاسمي","120459"
"الشرق","الدريوش","وردانة","945","14929","MP","صباح الطاهري","120536"
"الشرق","الدريوش","وردانة","945","14923","MP","عبد اشلح","105645"
"الشرق","الدريوش","وردانة","945","14923","MP","نزيهة اشلحي","105695"
"الشرق","الدريوش","وردانة","945","14927","PAM","محمد مكنيف","150080"
"الشرق","الدريوش","وردانة","945","14927","PAM","كريمة  بخشخاش","150206"
"الشرق","الدريوش","وردانة","945","14931","MP","شعيب المراقي","66236"
"الشرق","الدريوش","وردانة","945","14931","MP","غزلان الطلحاوي","66295"
"الشرق","الدريوش","وردانة","945","14924","PAM","سعيد بنطاهر","135775"
"الشرق","الدريوش","وردانة","945","14926","MP","محمد بنسعيد","56635"
"الشرق","الدريوش","وردانة","945","14926","MP","سعيدة الغراف","56663"
"الشرق","الدريوش","وردانة","945","14933","PAM","رشيد حسان","29232"
"الشرق","الدريوش","وردانة","945","14932","MP","اشراف  العوفي","56738"
"الشرق","الدريوش","وردانة","945","14930","MP","النجيم بجعد","43625"
"الشرق","الدريوش","وردانة","945","14928","MP","عبدالرزاق كرومي","43685"
"الشرق","الدريوش","وردانة","945","14925","MP","يوسف امكوم","43752"
"الشرق","الناضور","أركمان","238","3500","RNI","الراضي غازي","12397"
"الشرق","الناضور","أركمان","238","3500","RNI","سهام ضرضور","12422"
"الشرق","الناضور","أركمان","238","3501","RNI","مراد بولحوال","4143"
"الشرق","الناضور","أركمان","238","3501","RNI","مونة شوعة","3982"
"الشرق","الناضور","أركمان","238","3506","RNI","سعيد بوخزر","7149"
"الشرق","الناضور","أركمان","238","3519","RNI","عبدالحميد بوراس","8528"
"الشرق","الناضور","أركمان","238","3519","RNI","لمياء الفطومي","8573"
"الشرق","الناضور","أركمان","238","3502","RNI","نبيل شوقي","12497"
"الشرق","الناضور","أركمان","238","3511","RNI","الحسن خويلي","8340"
"الشرق","الناضور","أركمان","238","3511","RNI","سليمة برزين","8447"
"الشرق","الناضور","أركمان","238","3508","MP","احمد مختاري","16067"
"الشرق","الناضور","أركمان","238","3503","RNI","البكاي بورجل","7072"
"الشرق","الناضور","أركمان","238","3513","RNI","رضوان فنكوش","7835"
"الشرق","الناضور","أركمان","238","3509","RNI","عبدالصمد اقويس","8683"
"الشرق","الناضور","أركمان","238","3515","RNI","خالد بوتخريط","16724"
"الشرق","الناضور","أركمان","238","3518","PAM","فريد بوكراع","112363"
"الشرق","الناضور","أركمان","238","3505","MP","عبد الخالق هوبان","17049"
"الشرق","الناضور","أركمان","238","3505","MP","حسنة فوطة","17007"
"الشرق","الناضور","أركمان","238","3522","RNI","المصطفى  الطويل ","8481"
"الشرق","الناضور","أركمان","238","3512","PAM","نجيم الوسدي","33455"
"الشرق","الناضور","أركمان","238","3521","RNI","عبد الصمد طالبي","8639"
"الشرق","الناضور","أركمان","238","3510","USFP","محمد البالي","39305"
"الشرق","الناضور","أركمان","238","3516","RNI","عبد المالك لمعلم","7937"
"الشرق","الناضور","أركمان","238","3517","RNI","محمد كربيلة","8218"
"الشرق","الناضور","أركمان","238","3520","RNI","محمد الصغير الحسيني","7740"
"الشرق","الناضور","أركمان","238","3507","PAM","سمير سلطانة","41288"
"الشرق","الناضور","أركمان","238","3504","PAM","البشير اعقيل","62887"
"الشرق","الناضور","أركمان","238","3514","RNI","صالح المدغري","8617"
"الشرق","الناضور","أولاد داوود ازخانين","999","15730","PAM","محمد  مسعودي","40883"
"الشرق","الناضور","أولاد داوود ازخانين","999","15730","PAM","لبنى  الداودي ","40976"
"الشرق","الناضور","أولاد داوود ازخانين","999","15723","PAM","عبد الله مهرية","114570"
"الشرق","الناضور","أولاد داوود ازخانين","999","15723","PAM","صبيحة قادة","114665"
"الشرق","الناضور","أولاد داوود ازخانين","999","15725","PAM","معمر يزيدي","40031"
"الشرق","الناضور","أولاد داوود ازخانين","999","15726","PAM","عبدالرزاق الزاوكي","93254"
"الشرق","الناضور","أولاد داوود ازخانين","999","15726","PAM","شيماء الزاوكي","93366"
"الشرق","الناضور","أولاد داوود ازخانين","999","15728","PPS","جمال حمودي","47362"
"الشرق","الناضور","أولاد داوود ازخانين","999","15722","PAM","فؤاد اضريس","42124"
"الشرق","الناضور","أولاد داوود ازخانين","999","15722","PAM","رحيمة الداودي","42252"
"الشرق","الناضور","أولاد داوود ازخانين","999","15721","PAM","البكاي محوت","115551"
"الشرق","الناضور","أولاد داوود ازخانين","999","15731","PAM","عبدالكريم اخيتة","41189"
"الشرق","الناضور","أولاد داوود ازخانين","999","15731","PAM","فاطمة محيوي","41298"
"الشرق","الناضور","أولاد داوود ازخانين","999","15727","PI","محمد كموسي","92810"
"الشرق","الناضور","أولاد داوود ازخانين","999","15729","PI","محمد ابضرحول","92633"
"الشرق","الناضور","أولاد داوود ازخانين","999","15724","PAM","محمد رحوتي","47255"
"الشرق","الناضور","أولاد ستوت","1027","16114","PI","سعيد  التومي ","41846"
"الشرق","الناضور","أولاد ستوت","1027","16114","PI","نسرين التومي","42076"
"الشرق","الناضور","أولاد ستوت","1027","16098","PI","حفيظ  مالكي","11907"
"الشرق","الناضور","أولاد ستوت","1027","16101","PI","المصطفى البدوي","24663"
"الشرق","الناضور","أولاد ستوت","1027","16115","RNI","محمد ايجرين","62774"
"الشرق","الناضور","أولاد ستوت","1027","16115","RNI","سناء املال","63220"
"الشرق","الناضور","أولاد ستوت","1027","16103","USFP","اسحاق علاطي","42561"
"الشرق","الناضور","أولاد ستوت","1027","16103","USFP","فاطمة سباعي","42685"
"الشرق","الناضور","أولاد ستوت","1027","16116","PAM","عبد العزيز مقدمي","42863"
"الشرق","الناضور","أولاد ستوت","1027","16116","PAM","خديجة  فردي","42974"
"الشرق","الناضور","أولاد ستوت","1027","16105","PI","حماد دازداز","88043"
"الشرق","الناضور","أولاد ستوت","1027","16105","PI","اكرام طاهري","88154"
"الشرق","الناضور","أولاد ستوت","1027","16107","PI","مومن  خضراوي ","4490"
"الشرق","الناضور","أولاد ستوت","1027","16113","PI","محمد لبيض","5295"
"الشرق","الناضور","أولاد ستوت","1027","16097","PI","محمد الزوفري","4223"
"الشرق","الناضور","أولاد ستوت","1027","16109","PI","محمد طلحاوي","4886"
"الشرق","الناضور","أولاد ستوت","1027","16112","RNI","جواد ادريسي","39546"
"الشرق","الناضور","أولاد ستوت","1027","16118","PI","رمضان معطلاوي","5525"
"الشرق","الناضور","أولاد ستوت","1027","16119","PI","كمال جعي","5630"
"الشرق","الناضور","أولاد ستوت","1027","16117","PI","ميمون المرابط","5440"
"الشرق","الناضور","أولاد ستوت","1027","16100","PI","ابراهيم  اليزيدي","39709"
"الشرق","الناضور","أولاد ستوت","1027","16099","PI","ميمون النهاري","4375"
"الشرق","الناضور","أولاد ستوت","1027","16106","PI","خليد القدوري","13188"
"الشرق","الناضور","أولاد ستوت","1027","16102","RNI","حماد جرودي ","137200"
"الشرق","الناضور","أولاد ستوت","1027","16108","PI","محمد كريمي","4708"
"الشرق","الناضور","أولاد ستوت","1027","16110","RNI","عبدالمجيد اطويل","39372"
"الشرق","الناضور","أولاد ستوت","1027","16104","PI","محمد مخفي ","107514"
"الشرق","الناضور","أولاد ستوت","1027","16111","PI","عبد الرحيم الجلولي","5019"
"الشرق","الناضور","إيحدادن","629","9900","RNI","اسماعيل بوحامد","28678"
"الشرق","الناضور","إيحدادن","629","9900","RNI","وردة البودوني","28762"
"الشرق","الناضور","إيحدادن","629","9908","RNI","عبد الناصر اوليحي","29757"
"الشرق","الناضور","إيحدادن","629","9908","RNI","شيماء بوصوف","29800"
"الشرق","الناضور","إيحدادن","629","9899","PAM","بنعيسى ابوحمدة","32412"
"الشرق","الناضور","إيحدادن","629","9906","RNI","موراد امحمد","53371"
"الشرق","الناضور","إيحدادن","629","9906","RNI","ايمان الهرادي","53513"
"الشرق","الناضور","إيحدادن","629","9909","RNI","محمد الحمدي","52954"
"الشرق","الناضور","إيحدادن","629","9909","RNI","اسماء الحمدي","53114"
"الشرق","الناضور","إيحدادن","629","9907","RNI","سلام اجمدار","88858"
"الشرق","الناضور","إيحدادن","629","9903","RNI","ابراهيم سعيدي","39012"
"الشرق","الناضور","إيحدادن","629","9903","RNI","سناء الوسدي","39164"
"الشرق","الناضور","إيحدادن","629","9905","RNI","بوعرفة اعبسلاما","13768"
"الشرق","الناضور","إيحدادن","629","27083","PAM","زكرياء اعبسلاما","39720"
"الشرق","الناضور","إيحدادن","629","9910","USFP","فيصل القندوسي","64847"
"الشرق","الناضور","إيحدادن","629","9902","PAM","ميمون بنجلالي","38749"
"الشرق","الناضور","إيحدادن","629","9901","RNI","مجيد بورخا","38594"
"الشرق","الناضور","إيحدادن","629","9911","PAM","محمد بنصديق","88340"
"الشرق","الناضور","إيحدادن","629","27082","RNI","منير الورداني","114720"
"الشرق","الناضور","إيحدادن","629","9904","PJD","محمد سوط","12771"
"الشرق","الناضور","إيعزانن","604","9586","USFP","محمد ازواغ","34207"
"الشرق","الناضور","إيعزانن","604","9586","USFP","سكينة الجهراتي","34403"
"الشرق","الناضور","إيعزانن","604","9579","USFP","محمد ابركان","36753"
"الشرق","الناضور","إيعزانن","604","9579","USFP","نفيسة بوطالب","36856"
"الشرق","الناضور","إيعزانن","604","9581","USFP","حمزة  بركوش","46579"
"الشرق","الناضور","إيعزانن","604","9581","USFP","حليمة كعوش","46598"
"الشرق","الناضور","إيعزانن","604","9580","USFP","محمد الرائس","47132"
"الشرق","الناضور","إيعزانن","604","9580","USFP","رشيدة قلعي","47158"
"الشرق","الناضور","إيعزانن","604","9578","USFP","ميمون العمراني","48488"
"الشرق","الناضور","إيعزانن","604","9578","USFP","عيشة التسغيتي","48536"
"الشرق","الناضور","إيعزانن","604","9585","USFP","البشير بوخزو","46357"
"الشرق","الناضور","إيعزانن","604","9584","USFP","عبد العزيز الشطريوي","80204"
"الشرق","الناضور","إيعزانن","604","9582","USFP","محمد سروتي","46705"
"الشرق","الناضور","إيعزانن","604","9590","USFP","بن يعقوب حجاري","47447"
"الشرق","الناضور","إيعزانن","604","9587","USFP","صالح العادك","33818"
"الشرق","الناضور","إيعزانن","604","9583","USFP","مصطفى عزوز","34956"
"الشرق","الناضور","إيعزانن","604","9588","USFP","محمد التيزي","33453"
"الشرق","الناضور","إيعزانن","604","9589","USFP","شعيب الجلالي","37762"
"الشرق","الناضور","إيكسان","633","9967","RNI","محمد زيتون","11744"
"الشرق","الناضور","إيكسان","633","9967","RNI","الهام صبحي","11791"
"الشرق","الناضور","إيكسان","633","9969","RNI","عبد الالاه بونوار","12481"
"الشرق","الناضور","إيكسان","633","9969","RNI","سهام الخنوسي","12519"
"الشرق","الناضور","إيكسان","633","9971","RNI","محمد ايراد","4175"
"الشرق","الناضور","إيكسان","633","9971","RNI","فاطمة بورعدة","4262"
"الشرق","الناضور","إيكسان","633","9970","RNI","محمد بولغدان","11879"
"الشرق","الناضور","إيكسان","633","9970","RNI","نهاد بولغدان","11928"
"الشرق","الناضور","إيكسان","633","9964","RNI","مصطفى فنيش","4026"
"الشرق","الناضور","إيكسان","633","9966","PAM","عبد الرحمان بوغرضاين","42271"
"الشرق","الناضور","إيكسان","633","9968","USFP","جمال احساني","27303"
"الشرق","الناضور","إيكسان","633","9963","RNI","محمد بوحوت","12057"
"الشرق","الناضور","إيكسان","633","9972","UC","احمد جيعار","138677"
"الشرق","الناضور","إيكسان","633","9972","UC","سهام جيعار","138838"
"الشرق","الناضور","إيكسان","633","9965","RNI","بنعيسى عطوك","4468"
"الشرق","الناضور","إيكسان","633","9974","USFP","سمير بودهام","29042"
"الشرق","الناضور","إيكسان","633","9973","USFP","ياسين موساوي","29130"
"الشرق","الناضور","إيكسان","633","9975","RNI","بنعيسى الكرفوح","3694"
"الشرق","الناضور","ازغنغان","1531","23936","RNI","ادريس الفردوس","33308"
"الشرق","الناضور","ازغنغان","1531","23936","RNI","اكرام عزام","33400"
"الشرق","الناضور","ازغنغان","1531","23945","USFP","عبد الرحمان العامل","40906"
"الشرق","الناضور","ازغنغان","1531","23945","USFP","شميشة الغربي","40988"
"الشرق","الناضور","ازغنغان","1531","23938","MP","محمد المرابط","5400"
"الشرق","الناضور","ازغنغان","1531","23926","RNI","عبد القادر سلامة","108440"
"الشرق","الناضور","ازغنغان","1531","23925","RNI","الحسن عيشي","5122"
"الشرق","الناضور","ازغنغان","1531","23932","RNI","خليفة الادريسي","222"
"الشرق","الناضور","ازغنغان","1531","25718","USFP","حافيظ دوردي","23598"
"الشرق","الناضور","ازغنغان","1531","23937","PI","مصطفى العزوزي","435"
"الشرق","الناضور","ازغنغان","1531","23937","PI","فايزة مرزاق","486"
"الشرق","الناضور","ازغنغان","1531","23947","RNI","الحسن بنطلحة","5219"
"الشرق","الناضور","ازغنغان","1531","23947","RNI","نجيمة بويشويحن","5293"
"الشرق","الناضور","ازغنغان","1531","25719","USFP","سعيد بوعرورو","41403"
"الشرق","الناضور","ازغنغان","1531","23934","P.ALAMAL","جواد حاكم","13629"
"الشرق","الناضور","ازغنغان","1531","23943","P.ALAMAL","عدنان الكولالي","976"
"الشرق","الناضور","ازغنغان","1531","23930","RNI","عمرو همار","2700"
"الشرق","الناضور","ازغنغان","1531","23935","PI","محمد اريزاض","114615"
"الشرق","الناضور","ازغنغان","1531","23942","RNI","عبد القادر بوزوف","891"
"الشرق","الناضور","ازغنغان","1531","23931","UC","محمد امطوشى","15619"
"الشرق","الناضور","ازغنغان","1531","23940","RNI","منير الفنوع","1372"
"الشرق","الناضور","ازغنغان","1531","23940","RNI","اسماء طاعي","1435"
"الشرق","الناضور","ازغنغان","1531","23929","RNI","الحبيب فانا","39865"
"الشرق","الناضور","ازغنغان","1531","23928","PAM","بنعيسى الموساوي","32605"
"الشرق","الناضور","ازغنغان","1531","23939","RNI","صالح عبادة","3400"
"الشرق","الناضور","ازغنغان","1531","23927","RNI","يحيى حموني","1544"
"الشرق","الناضور","ازغنغان","1531","23933","RNI","بغداد الفنوع","304"
"الشرق","الناضور","ازغنغان","1531","23941","MP","يسين بيلال","4454"
"الشرق","الناضور","ازغنغان","1531","23946","RNI","عاطف جعدار","4851"
"الشرق","الناضور","ازغنغان","1531","23944","USFP","علال اجبيلو","40306"
"الشرق","الناضور","افسو","21","271","PPS","عبدالسلام سلوم","108409"
"الشرق","الناضور","افسو","21","271","PPS","عزيزة الطالبي","108725"
"الشرق","الناضور","افسو","21","268","PAM","عبد العزيز  جربوع ","95430"
"الشرق","الناضور","افسو","21","268","PAM","عواطف اولاد محند","95233"
"الشرق","الناضور","افسو","21","266","PAM","علال عثماني","36648"
"الشرق","الناضور","افسو","21","266","PAM","حسنة اسريخ","36846"
"الشرق","الناضور","افسو","21","264","PPS","محمد البوزياني","94244"
"الشرق","الناضور","افسو","21","264","PPS","كوثر بوزياني","94597"
"الشرق","الناضور","افسو","21","267","RNI","علال الناصري","65194"
"الشرق","الناضور","افسو","21","265","RNI","علال الناصري","95005"
"الشرق","الناضور","افسو","21","270","PAM","علي ملالي","93546"
"الشرق","الناضور","افسو","21","270","PAM","كريمة ملالي","93892"
"الشرق","الناضور","افسو","21","272","PAM","محمد الادريسي","90671"
"الشرق","الناضور","افسو","21","269","PAM","الحسين اشن","141211"
"الشرق","الناضور","افسو","21","263","PPS","الطاهر منواش","65368"
"الشرق","الناضور","افسو","21","273","PAM","عبد الكريم الرشاك","91014"
"الشرق","الناضور","البركانيين","180","2590","USFP","ميمون بوربة","47479"
"الشرق","الناضور","البركانيين","180","2590","USFP","وردة  بوربة ","47523"
"الشرق","الناضور","البركانيين","180","2592","USFP","محمد عكروط","109681"
"الشرق","الناضور","البركانيين","180","2592","USFP","نعيمة واضح","109767"
"الشرق","الناضور","البركانيين","180","2593","RNI","عمر  حسناوي","16201"
"الشرق","الناضور","البركانيين","180","2588","PI","عبد الحميد بزطوط","8551"
"الشرق","الناضور","البركانيين","180","2588","PI","سهام رحو","8337"
"الشرق","الناضور","البركانيين","180","2591","USFP","عمرو عرجون","48603"
"الشرق","الناضور","البركانيين","180","2591","USFP","معزوزة بنعودة","48749"
"الشرق","الناضور","البركانيين","180","2594","FFD","عبد الرضي لمقدم","52452"
"الشرق","الناضور","البركانيين","180","2595","PI","عصام زهري","8943"
"الشرق","الناضور","البركانيين","180","2589","PI","احمد كلموع","12540"
"الشرق","الناضور","البركانيين","180","2589","PI","حورية الشاطىء","12574"
"الشرق","الناضور","البركانيين","180","2596","CNI","جمال اسماعيل","42885"
"الشرق","الناضور","البركانيين","180","2597","PI","المكي اسماعيلي","8882"
"الشرق","الناضور","البركانيين","180","2598","PI","مليكة البجاوي","8829"
"الشرق","الناضور","العروي","178","27910","PAM","رشيد بدور","20871"
"الشرق","الناضور","العروي","178","27910","PAM","نجاة غدي","20886"
"الشرق","الناضور","العروي","178","27931","RNI","رشيد اوقسي","84007"
"الشرق","الناضور","العروي","178","27918","PAM","محمد العزاوي","135291"
"الشرق","الناضور","العروي","178","27918","PAM","ميلودة بتاتة","135516"
"الشرق","الناضور","العروي","178","27923","RNI","محمادي المرابطي","15155"
"الشرق","الناضور","العروي","178","27925","RNI","حسن السالمي","34718"
"الشرق","الناضور","العروي","178","27925","RNI","شيماء العنكوري","34781"
"الشرق","الناضور","العروي","178","27929","RNI","رشيد  الحمداوي","84158"
"الشرق","الناضور","العروي","178","27929","RNI","فاطمة مجتهد","84240"
"الشرق","الناضور","العروي","178","27912","PPS","محمد الصغير البوديحي","126"
"الشرق","الناضور","العروي","178","27908","RNI","امحمد بلفقيه","15309"
"الشرق","الناضور","العروي","178","27919","RNI","عبدالصمد بولهمث","141042"
"الشرق","الناضور","العروي","178","27913","RNI","الحسين البوزكري الادريسي","21857"
"الشرق","الناضور","العروي","178","27922","RNI","بنعبد الله المنصوري","132168"
"الشرق","الناضور","العروي","178","27922","RNI","اسماء الشيخي","132290"
"الشرق","الناضور","العروي","178","27921","RNI","عبدالوهاب بوينزار","105455"
"الشرق","الناضور","العروي","178","27930","PPS","محمد المرابط","58026"
"الشرق","الناضور","العروي","178","27915","RNI","كمال لمحمدي","21041"
"الشرق","الناضور","العروي","178","27927","RNI","محمد الفضيلي","3323"
"الشرق","الناضور","العروي","178","27911","RNI","محمد ابو السعود","314"
"الشرق","الناضور","العروي","178","27924","RNI","مصطفى كندول","351"
"الشرق","الناضور","العروي","178","27920","PAM","صالح المرابط","15253"
"الشرق","الناضور","العروي","178","27926","PPS","محمد  الحامدي ","46052"
"الشرق","الناضور","العروي","178","27917","PPS","محمد اليوسفي ","31940"
"الشرق","الناضور","العروي","178","27914","RNI","عبد الصمد ابو السعود","1068"
"الشرق","الناضور","العروي","178","27909","PAM","رشيد العساوي","14846"
"الشرق","الناضور","العروي","178","27916","PPS","عبد القادر قوضاض","26272"
"الشرق","الناضور","العروي","178","27928","PPS","عبدالحميد العناني","139822"
"الشرق","الناضور","العروي","178","27907","RNI","منصور زيدي","83191"
"الشرق","الناضور","الناضور","925","25107","RNI","سعيد الرحموني","74888"
"الشرق","الناضور","الناضور","925","25107","RNI","صونية العلالي","76708"
"الشرق","الناضور","الناضور","925","25107","RNI","عبد الخالق هوشو","74962"
"الشرق","الناضور","الناضور","925","25107","RNI","نسرين الكماخ","76748"
"الشرق","الناضور","الناضور","925","25107","RNI","محمد امين الصوفي","74997"
"الشرق","الناضور","الناضور","925","25107","RNI","فاطمة الدنفور","76775"
"الشرق","الناضور","الناضور","925","25107","RNI","رشيد لموي","75086"
"الشرق","الناضور","الناضور","925","25107","RNI","فريد ازواغ","75160"
"الشرق","الناضور","الناضور","925","25107","USFP","سليمان ازواغ","108170"
"الشرق","الناضور","الناضور","925","25107","USFP","سعيدة بلخير","110039"
"الشرق","الناضور","الناضور","925","25107","USFP","عزيز مكنيف ","108258"
"الشرق","الناضور","الناضور","925","25107","USFP","الزهرة بنشلال","110109"
"الشرق","الناضور","الناضور","925","25107","USFP","ميمون بوشيخ","108333"
"الشرق","الناضور","الناضور","925","25107","USFP","مالك ازواغ","108429"
"الشرق","الناضور","الناضور","925","25107","PPS","ياسر التزيتي","69095"
"الشرق","الناضور","الناضور","925","25107","PPS","خديجة احمادوش","69592"
"الشرق","الناضور","الناضور","925","25107","PPS","محمد  بلكاسم ","69123"
"الشرق","الناضور","الناضور","925","25107","PPS","وئام العمراني","69614"
"الشرق","الناضور","الناضور","925","25107","PPS","هشام الفايدة","69147"
"الشرق","الناضور","الناضور","925","25107","PPS","وليد الفايدة","69161"
"الشرق","الناضور","الناضور","925","25107","PAM","رفيق مجعيط ","154159"
"الشرق","الناضور","الناضور","925","25107","PAM","نجاة العسري","155761"
"الشرق","الناضور","الناضور","925","25107","PAM","فيصل ابرشان","154222"
"الشرق","الناضور","الناضور","925","25107","PAM","فاطمة علالي","155819"
"الشرق","الناضور","الناضور","925","25107","PAM","ميمون الجملي","154290"
"الشرق","الناضور","الناضور","925","25107","SAP","محمد المنتصر","79706"
"الشرق","الناضور","الناضور","925","25107","SAP","علية امختاري","80578"
"الشرق","الناضور","الناضور","925","25107","SAP","محمد جدي","79719"
"الشرق","الناضور","الناضور","925","25107","MP","معنان ابركان","130484"
"الشرق","الناضور","الناضور","925","25107","MP","دين�� احكيم","141968"
"الشرق","الناضور","الناضور","925","25107","PI","البشير كنوف","103934"
"الشرق","الناضور","الناضور","925","25107","PI","حفيظة هركاش","105716"
"الشرق","الناضور","الناضور","925","25107","PJD","محمد الصادقي","119405"
"الشرق","الناضور","الناضور","925","25107","PJD","دنيا الصقلي","121959"
"الشرق","الناضور","الناضور","925","25107","PRV","احمد الازعر","39360"
"الشرق","الناضور","الناضور","925","25107","MDS","عمرو العزوزي","111680"
"الشرق","الناضور","الناضور","925","25107","PVM","محمد بوشيح","158970"
"الشرق","الناضور","الناضور","925","25107","PEDD","شكري الدمغي","159018"
"الشرق","الناضور","الناضور","925","25107","PSU","عبد الحكيم شملال","154091"
"الشرق","الناضور","بني انصار","323","26002","RNI","عبد الحليم فوطاط","127858"
"الشرق","الناضور","بني انصار","323","26002","RNI","أسماء  بيلال ","128436"
"الشرق","الناضور","بني انصار","323","26002","RNI","عمر بركان","127895"
"الشرق","الناضور","بني انصار","323","26002","RNI","نور الهدى فكري","128466"
"الشرق","الناضور","بني انصار","323","26002","RNI","محمادي الرامي","127905"
"الشرق","الناضور","بني انصار","323","26002","RNI","فواز اعراب","127937"
"الشرق","الناضور","بني انصار","323","26002","RNI","الهواري جيمي","127961"
"الشرق","الناضور","بني انصار","323","26002","USFP","جمال بنعلي","68500"
"الشرق","الناضور","بني انصار","323","26002","USFP","مجدلين الحموتي","68682"
"الشرق","الناضور","بني انصار","323","26002","USFP","عبد القادر يشو","68516"
"الشرق","الناضور","بني انصار","323","26002","USFP","كاميليا بنعلي","68686"
"الشرق","الناضور","بني انصار","323","26002","USFP","مصطفى بوروا","68544"
"الشرق","الناضور","بني انصار","323","26002","PI","محمد اهلال","78765"
"الشرق","الناضور","بني انصار","323","26002","PI","الفارسية العاطفة الفارسي","78873"
"الشرق","الناضور","بني انصار","323","26002","PI","عمرو اوعاس","78769"
"الشرق","الناضور","بني انصار","323","26002","MP","ميمون العيساوي","142079"
"الشرق","الناضور","بني انصار","323","26002","MP","سارة  الناصري ","144418"
"الشرق","الناضور","بني انصار","323","26002","MP","هشام الفكري","142297"
"الشرق","الناضور","بني انصار","323","26002","MDS","محمد الصغير","135471"
"الشرق","الناضور","بني انصار","323","26002","MDS","سناء الشاوي","140338"
"الشرق","الناضور","بني انصار","323","26002","MDS","ابراهيم الرايس","136224"
"الشرق","الناضور","بني انصار","323","26002","P. ANNAHDA","محمادي بنعلي","56992"
"الشرق","الناضور","بني انصار","323","26002","P. ANNAHDA","سهيلة طالب","57212"
"الشرق","الناضور","بني انصار","323","26002","PAM","ادريس وعلي","98120"
"الشرق","الناضور","بني انصار","323","26002","PAM","ابتسام الحموتي","98847"
"الشرق","الناضور","بني انصار","323","26002","PJD","فؤاد سقساق","99173"
"الشرق","الناضور","بني انصار","323","26002","PJD","فايزة  اعراب","99362"
"الشرق","الناضور","بني انصار","323","26002","PPS","عبدالحميد عقيد","126473"
"الشرق","الناضور","بني انصار","323","26002","PPS","غزلان بنعلي","127458"
"الشرق","الناضور","بني انصار","323","26002","PUD","محمد الفونتي","78943"
"الشرق","الناضور","بني انصار","323","26002","UC","سفيان ادشيش","145565"
"الشرق","الناضور","بني بويفرور","312","4808","PAM","محمد كعوش","80087"
"الشرق","الناضور","بني بويفرور","312","4808","PAM","ربيعة مريخ","80121"
"الشرق","الناضور","بني بويفرور","312","4809","RNI","عبدالقادر بودو","37823"
"الشرق","الناضور","بني بويفرور","312","4809","RNI","الويزة بنعلي","37908"
"الشرق","الناضور","بني بويفرور","312","4812","PI","المامون فاشرو","48382"
"الشرق","الناضور","بني بويفرور","312","4812","PI","اكرام بوخايدة","48426"
"الشرق","الناضور","بني بويفرور","312","4814","USFP","فيصل فوزي","115018"
"الشرق","الناضور","بني بويفرور","312","4814","USFP","حبيبة ممعي","115212"
"الشرق","الناضور","بني بويفرور","312","4806","USFP","طارق زكور","35450"
"الشرق","الناضور","بني بويفرور","312","4807","USFP","يونس زريوح","111373"
"الشرق","الناضور","بني بويفرور","312","4804","USFP","محمد بوشيخ","110789"
"الشرق","الناضور","بني بويفرور","312","4813","USFP","محمد بوينكوران","111078"
"الشرق","الناضور","بني بويفرور","312","4813","USFP","رشيدة علالي","111163"
"الشرق","الناضور","بني بويفرور","312","4805","SAP","محمد بوجيدة","90342"
"الشرق","الناضور","بني بويفرور","312","4810","RNI","محمد زكريتي","32950"
"الشرق","الناضور","بني بويفرور","312","4811","USFP","محمد صلحيوي","109856"
"الشرق","الناضور","بني سيدال الجبل","314","4850","RNI","احميدة بنعدو","11085"
"الشرق","الناضور","بني سيدال الجبل","314","4850","RNI","كريمة الحراوي","11102"
"الشرق","الناضور","بني سيدال الجبل","314","4852","PAM","حمزة الطاهري","21796"
"الشرق","الناضور","بني سيدال الجبل","314","4852","PAM","فاطمة بهلول","21828"
"الشرق","الناضور","بني سيدال الجبل","314","4848","RNI","محمادي اغلالة","11254"
"الشرق","الناضور","بني سيدال الجبل","314","4848","RNI","ايمان اغلالة","11230"
"الشرق","الناضور","بني سيدال الجبل","314","4842","RNI","كريم  الغام","21716"
"الشرق","الناضور","بني سيدال الجبل","314","4849","RNI","عبد القادر العمراني","12749"
"الشرق","الناضور","بني سيدال الجبل","314","4849","RNI","هناء البوصحباتي","12784"
"الشرق","الناضور","بني سيدال الجبل","314","4843","RNI","مصطفى البختي","1170"
"الشرق","الناضور","بني سيدال الجبل","314","4845","RNI","عمر السقالي","4"
"الشرق","الناضور","بني سيدال الجبل","314","4847","USFP","يوسف اغميري","10963"
"الشرق","الناضور","بني سيدال الجبل","314","4846","RNI","عبد الوهيب  المساوي","11037"
"الشرق","الناضور","بني سيدال الجبل","314","4851","USFP","محمد الجرودي","33221"
"الشرق","الناضور","بني سيدال الجبل","314","4851","USFP","ثواب البجاوي","33282"
"الشرق","الناضور","بني سيدال الجبل","314","4854","PAM","محمد اغميري","11168"
"الشرق","الناضور","بني سيدال الجبل","314","4853","RNI","محمد القراشي","10"
"الشرق","الناضور","بني سيدال الجبل","314","4844","PAM","مصطفى الماموني","10942"
"الشرق","الناضور","بني سيدال لوطا","315","4859","RNI","محمد باجة ","110"
"الشرق","الناضور","بني سيدال لوطا","315","4859","RNI","سهيلة  اخياظ","157"
"الشرق","الناضور","بني سيدال لوطا","315","4855","PI","احمد  العراسي","46940"
"الشرق","الناضور","بني سيدال لوطا","315","4855","PI","تورية العراسي","46991"
"الشرق","الناضور","بني سيدال لوطا","315","4864","RNI","بنعيسى  دراح","54"
"الشرق","الناضور","بني سيدال لوطا","315","4864","RNI","ميلودة  برداني ","76"
"الشرق","الناضور","بني سيدال لوطا","315","4858","RNI","احمد  ازحاف ","3956"
"الشرق","الناضور","بني سيدال لوطا","315","4858","RNI","سميرة بوجراف","4034"
"الشرق","الناضور","بني سيدال لوطا","315","4856","RNI","ميمون حمداوي","1242"
"الشرق","الناضور","بني سيدال لوطا","315","4856","RNI","اكرام الظافر","1313"
"الشرق","الناضور","بني سيدال لوطا","315","4861","RNI","سعيد بيلال","29"
"الشرق","الناضور","بني سيدال لوطا","315","4860","RNI","نجيم  العمراني","369"
"الشرق","الناضور","بني سيدال لوطا","315","4863","PI","الحسن  اسباعي","48545"
"الشرق","الناضور","بني سيدال لوطا","315","4862","PI","الوافي  بوشيح","47036"
"الشرق","الناضور","بني سيدال لوطا","315","4865","PI","محمد اوراغ","48647"
"الشرق","الناضور","بني سيدال لوطا","315","4857","RNI","سعيد الهروني","629"
"الشرق","الناضور","بني شيكر","313","4819","USFP","ملود اليوسفي","44537"
"الشرق","الناضور","بني شيكر","313","4822","USFP","ميمون مالكي","116867"
"الشرق","الناضور","بني شيكر","313","4822","USFP","ميمونت مالكي","116914"
"الشرق","الناضور","بني شيكر","313","4825","PAM","سلام رشدي","18897"
"الشرق","الناضور","بني شيكر","313","4825","PAM","جميلة رشدي","18921"
"الشرق","الناضور","بني شيكر","313","4832","PI","فريد المدني","139385"
"الشرق","الناضور","بني شيكر","313","4821","USFP","محمد لغزاوي","7445"
"الشرق","الناضور","بني شيكر","313","4827","PI","محمد  الزغاوي ","47749"
"الشرق","الناضور","بني شيكر","313","25706","RNI","يوسف قبوش","25007"
"الشرق","الناضور","بني شيكر","313","4831","PAM","علي هلهل","43873"
"الشرق","الناضور","بني شيكر","313","4831","PAM","سهيلة صبار","43992"
"الشرق","الناضور","بني شيكر","313","4826","RNI","ميمون البوطيبي","4342"
"الشرق","الناضور","بني شيكر","313","4840","RNI","شعيب احنين","6742"
"الشرق","الناضور","بني شيكر","313","4830","PAM","جمال بنحمو","19668"
"الشرق","الناضور","بني شيكر","313","4829","PJD","موسى انجار","17708"
"الشرق","الناضور","بني شيكر","313","4829","PJD","شادية بنعمرو","17764"
"الشرق","الناضور","بني شيكر","313","4833","RNI","عبدالمنعم سعو","19438"
"الشرق","الناضور","بني شيكر","313","4833","RNI","دليلة حيلوة","19485"
"الشرق","الناضور","بني شيكر","313","4841","RNI","الهواري  شعبان","4048"
"الشرق","الناضور","بني شيكر","313","4836","PAM","محمد البغدادي","43457"
"الشرق","الناضور","بني شيكر","313","4835","USFP","مصطفى المحجوبي","49905"
"الشرق","الناضور","بني شيكر","313","25707","USFP","محمد اوراغ","44600"
"الشرق","الناضور","بني شيكر","313","4820","USFP","فريد قمبوع","28044"
"الشرق","الناضور","بني شيكر","313","4824","RNI","عبدالصماد يخلف","4545"
"الشرق","الناضور","بني شيكر","313","4839","RNI","الطاهر الريوش","5650"
"الشرق","الناضور","بني شيكر","313","4838","PI","عبدالسلام الليتي","47799"
"الشرق","الناضور","بني شيكر","313","4834","USFP","عبد المنعم امغار","24850"
"الشرق","الناضور","بني شيكر","313","4823","RNI","محمد الفحصي","91204"
"الشرق","الناضور","بني شيكر","313","4837","USFP","الورداني اغربي","43820"
"الشرق","الناضور","بني شيكر","313","4828","USFP","ميمون العلالي","7190"
"الشرق","الناضور","بني وكيل أولاد محاند","358","5510","RNI","علي زروال","16639"
"الشرق","الناضور","بني وكيل أولاد محاند","358","5510","RNI","صوفية العداك","16779"
"الشرق","الناضور","بني وكيل أولاد محاند","358","5520","PAM","عبد الكريم فكراش","121528"
"الشرق","الناضور","بني وكيل أولاد محاند","358","5515","PAM","علال كوجيل","24703"
"الشرق","الناضور","بني وكيل أولاد محاند","358","5515","PAM","حنان اشن","24760"
"الشرق","الناضور","بني وكيل أولاد محاند","358","5519","PAM","نورالدين  الدهري ","88998"
"الشرق","الناضور","بني وكيل أولاد محاند","358","5519","PAM","حبيبة الحمداوي","89196"
"الشرق","الناضور","بني وكيل أولاد محاند","358","5517","PAM","سعيد  اكراش","120845"
"الشرق","الناضور","بني وكيل أولاد محاند","358","5514","PAM","لفضيل لعزيبي","109824"
"الشرق","الناضور","بني وكيل أولاد محاند","358","5514","PAM","رانية ايذير","109950"
"الشرق","الناضور","بني وكيل أولاد محاند","358","5508","PAM","قدور البوعزاتي","40463"
"الشرق","الناضور","بني وكيل أولاد محاند","358","5511","PAM","احمد المحمودي","121078"
"الشرق","الناضور","بني وكيل أولاد محاند","358","5511","PAM","وفاء المحمودي","121210"
"الشرق","الناضور","بني وكيل أولاد محاند","358","5509","RNI","ميمون المنصوري","17183"
"الشرق","الناضور","بني وكيل أولاد محاند","358","5518","PAM","عبد الواحد الطاهري","62781"
"الشرق","الناضور","بني وكيل أولاد محاند","358","5516","PAM","منعم بولهرود","62649"
"الشرق","الناضور","بني وكيل أولاد محاند","358","5512","PPS","مصطفى اليعقوبي","93143"
"الشرق","الناضور","بني وكيل أولاد محاند","358","5513","RNI","حمو لمقدمي","15070"
"الشرق","الناضور","بوعرك","382","28087","USFP","بومدين مسكوض","91884"
"الشرق","الناضور","بوعرك","382","28087","USFP","سميرة عوجة","92171"
"الشرق","الناضور","بوعرك","382","28083","RNI","عبد القادر الحدادي","24849"
"الشرق","الناضور","بوعرك","382","28083","RNI","احلام بوجيدة","23417"
"الشرق","الناضور","بوعرك","382","28084","PI","ميمون بنعمرو","51196"
"الشرق","الناضور","بوعرك","382","28084","PI","نهيلة لكموش","51576"
"الشرق","الناضور","بوعرك","382","28100","RNI","محمادي توحتوح","47855"
"الشرق","الناضور","بوعرك","382","28091","RNI","الحسن غداري","17404"
"الشرق","الناضور","بوعرك","382","28099","PJD","عبد الرحمان بندردر","27691"
"الشرق","الناضور","بوعرك","382","28088","RNI","مراد  اخليفي","42060"
"الشرق","الناضور","بوعرك","382","28088","RNI","لمياء اوراغ","42136"
"الشرق","الناضور","بوعرك","382","28095","PAM","احمد بوعرورو","5514"
"الشرق","الناضور","بوعرك","382","28101","PAM","ايوب بنعلي","107604"
"الشرق","الناضور","بوعرك","382","28094","RNI","محمد اليعقوبي","25345"
"الشرق","الناضور","بوعرك","382","28089","USFP","بوجمعة واسعيد","17832"
"الشرق","الناضور","بوعرك","382","28085","RNI","ادريس بويقوارن","33338"
"الشرق","الناضور","بوعرك","382","28097","RNI","محند شعباني","25717"
"الشرق","الناضور","بوعرك","382","28092","RNI","لخضر المرابط","35512"
"الشرق","الناضور","بوعرك","382","28096","PAM","الطاهر بوعرورو","5997"
"الشرق","الناضور","بوعرك","382","28092","RNI","ليلى  فونونو","35691"
"الشرق","الناضور","بوعرك","382","28104","PAM","عبد الوحد الفشتالي","36868"
"الشرق","الناضور","بوعرك","382","28105","PAM","ميمون بودواسر","6419"
"الشرق","الناضور","بوعرك","382","28102","PAM","نجيب بن طاهر","5102"
"الشرق","الناضور","بوعرك","382","28082","RNI","بنعيسى جاهد","34899"
"الشرق","الناضور","بوعرك","382","28098","PJD","محمد الغازي","38689"
"الشرق","الناضور","بوعرك","382","28106","RNI","محمد وزناي","26114"
"الشرق","الناضور","بوعرك","382","28090","USFP","محمد الحنطاني","84182"
"الشرق","الناضور","بوعرك","382","28093","PAM","ياسين احبيطي","84776"
"الشرق","الناضور","بوعرك","382","28103","RNI","الحسن اللبوع","24613"
"الشرق","الناضور","بوعرك","382","28086","PAM","عزيز المزازي","6320"
"الشرق","الناضور","تزطوطين","1486","23288","PAM","موسى مومني","119216"
"الشرق","الناضور","تزطوطين","1486","23288","PAM","يسرى بطيوي","119430"
"الشرق","الناضور","تزطوطين","1486","23291","PAM","عبد الحفيظ رمداني","144095"
"الشرق","الناضور","تزطوطين","1486","23291","PAM","الهام اسيد","144234"
"الشرق","الناضور","تزطوطين","1486","23285","PAM","محمد مومني","90117"
"الشرق","الناضور","تزطوطين","1486","23287","RNI","محمادي علالي","120338"
"الشرق","الناضور","تزطوطين","1486","23287","RNI","وحيدة  علالي ","120565"
"الشرق","الناضور","تزطوطين","1486","23283","PAM","ملود  بلفضيل ","51682"
"الشرق","الناضور","تزطوطين","1486","23286","RNI","عبد الرحمان احريكة","100678"
"الشرق","الناضور","تزطوطين","1486","23286","RNI","جميلة احريكة","100717"
"الشرق","الناضور","تزطوطين","1486","23289","PAM","يوسف  العرباوي","139732"
"الشرق","الناضور","تزطوطين","1486","23292","PPS","حسن بوحاميد","141902"
"الشرق","الناضور","تزطوطين","1486","23282","RNI","سعيد بندادة","100840"
"الشرق","الناضور","تزطوطين","1486","23290","PAM","محمد اجواو","52624"
"الشرق","الناضور","تزطوطين","1486","23284","PAM","حفيظ خرميش","107361"
"الشرق","الناضور","تزطوطين","1486","23293","PAM","عبد الله راحو","139450"
"الشرق","الناضور","تزطوطين","1486","23294","PAM","امحند امجاهد","138765"
"الشرق","الناضور","تزطوطين","1486","23294","PAM","زينب بوعلالة","138963"
"الشرق","الناضور","حاسي بركان","593","9354","RNI","مصطفى زريوح","25113"
"الشرق","الناضور","حاسي بركان","593","9354","RNI","نادية جبار","25305"
"الشرق","الناضور","حاسي بركان","593","9349","PAM","رفيق مقراني","10934"
"الشرق","الناضور","حاسي بركان","593","9349","PAM","سلوى مقراني","10944"
"الشرق","الناضور","حاسي بركان","593","9353","RNI","عمرو لغزاوي","91575"
"الشرق","الناضور","حاسي بركان","593","9353","RNI","فضيلة عميروش","92829"
"الشرق","الناضور","حاسي بركان","593","9361","PAM","محمادي المصباحي","14876"
"الشرق","الناضور","حاسي بركان","593","9361","PAM","عواطف فكروني","14965"
"الشرق","الناضور","حاسي بركان","593","9360","PAM","سعيد  زروالي","11068"
"الشرق","الناضور","حاسي بركان","593","9359","PAM","الحسن بوستة","33941"
"الشرق","الناضور","حاسي بركان","593","9359","PAM","كريمة العياشي","34219"
"الشرق","الناضور","حاسي بركان","593","9350","PAM","عبد الواحد بدور","26294"
"الشرق","الناضور","حاسي بركان","593","9358","PAM","ميمون بونجوع","11022"
"الشرق","الناضور","حاسي بركان","593","9352","PAM","رشيد بهلول","115636"
"الشرق","الناضور","حاسي بركان","593","9355","PAM","محمد المزياني","11093"
"الشرق","الناضور","حاسي بركان","593","9351","RNI","رشيد القدوري","65053"
"الشرق","الناضور","حاسي بركان","593","9356","PAM","عبدالرحمان دالي","10995"
"الشرق","الناضور","حاسي بركان","593","9357","RNI","عبدالمنعم مخلوفي","23318"
"الشرق","الناضور","رأس الماء","1077","16939","MP","عبد الرحيم السارح","132933"
"الشرق","الناضور","رأس الماء","1077","16939","MP","لبنى يوسفي","133044"
"الشرق","الناضور","رأس الماء","1077","16942","USFP","عبد الصماد طالبي","35953"
"الشرق","الناضور","رأس الماء","1077","16942","USFP","حنان شوراق","35998"
"الشرق","الناضور","رأس الماء","1077","16940","PI","محمد  الحداوي","87868"
"الشرق","الناضور","رأس الماء","1077","16940","PI","نسيمة الناضوري","87970"
"الشرق","الناضور","رأس الماء","1077","16937","PAM","لمنور  كريمي","79816"
"الشرق","الناضور","رأس الماء","1077","16937","PAM","صباح بوقمجة","79870"
"الشرق","الناضور","رأس الماء","1077","16944","RNI","رشيد درقاوي","31965"
"الشرق","الناضور","رأس الماء","1077","16944","RNI","نوال درقاوي","31971"
"الشرق","الناضور","رأس الماء","1077","16943","USFP","محمد  تنوح","36180"
"الشرق","الناضور","رأس الماء","1077","27081","PI","عادل البكاوي","20820"
"الشرق","الناضور","رأس الماء","1077","27080","PI","فؤاد  شاشا ","25506"
"الشرق","الناضور","رأس الماء","1077","16945","RNI","طارق  ايديم ","35609"
"الشرق","الناضور","رأس الماء","1077","16938","PI","حسام البصري","25340"
"الشرق","الناضور","رأس الماء","1077","16947","USFP","هشام  اديب","36105"
"الشرق","الناضور","رأس الماء","1077","16946","PI","احمد الجلالي","20843"
"الشرق","الناضور","رأس الماء","1077","16941","PI","محمد  الهيشر","88067"
"الشرق","الناضور","زايو","1517","28687","PI","احمد بزعين","80410"
"الشرق","الناضور","زايو","1517","28687","PI","ميمونة العامري","80472"
"الشرق","الناضور","زايو","1517","28700","PI","حسن الناصري","34394"
"الشرق","الناضور","زايو","1517","28700","PI","فاطمة مروش","34495"
"الشرق","الناضور","زايو","1517","28689","PI","محمد برحو","23108"
"الشرق","الناضور","زايو","1517","28689","PI","يمنة عمراوي","23601"
"الشرق","الناضور","زايو","1517","28686","RNI","اسماعيل الحسيني","110284"
"الشرق","الناضور","زايو","1517","28686","RNI","وهيبة عزاوي","110435"
"الشرق","الناضور","زايو","1517","28692","USFP","وليد البلعيدي","809"
"الشرق","الناضور","زايو","1517","28692","USFP","فضيلة بلهادي","1294"
"الشرق","الناضور","زايو","1517","28702","PI","محمد النايلي","22433"
"الشرق","الناضور","زايو","1517","28693","PI","محمد شوراق","41027"
"الشرق","الناضور","زايو","1517","28683","PI","عبد الكريم الصلحيوي","6033"
"الشرق","الناضور","زايو","1517","28688","USFP","كمال لمريني","63935"
"الشرق","الناضور","زايو","1517","28697","PI","محمد الطيبي","74340"
"الشرق","الناضور","زايو","1517","28705","PI","محمد حانشي","33079"
"الشرق","الناضور","زايو","1517","28684","PI","سعيد عنوري","11517"
"الشرق","الناضور","زايو","1517","28701","RNI","عبد القادر بوجالفة","86225"
"الشرق","الناضور","زايو","1517","28682","USFP","ابتسام مراس","1765"
"الشرق","الناضور","زايو","1517","28706","PI","عبد الناصر البشيري","21405"
"الشرق","الناضور","زايو","1517","28704","PI","نورالدين بزازي","33436"
"الشرق","الناضور","زايو","1517","28696","PI","ربيع عنوري","11848"
"الشرق","الناضور","زايو","1517","28699","PI","سليمان البكاوي","11600"
"الشرق","الناضور","زايو","1517","28698","USFP","عز الدين ابركان","16720"
"الشرق","الناضور","زايو","1517","28703","PI","ميمون نملي","11429"
"الشرق","الناضور","زايو","1517","28690","PI","عمرو اليبدري","11918"
"الشرق","الناضور","زايو","1517","28685","PI","عبد الكريم معطلة","6518"
"الشرق","الناضور","زايو","1517","28695","PI","محمد عنوري ","6331"
"الشرق","الناضور","زايو","1517","28691","USFP","ادريس اليبدري","1832"
"الشرق","الناضور","زايو","1517","28694","PI","حسام بن المصطفى","5757"
"الشرق","الناضور","سلوان","1135","17955","PAM","عبدالحي الغريسي","137936"
"الشرق","الناضور","سلوان","1135","17955","PAM","خديجة  الكتبي","138147"
"الشرق","الناضور","سلوان","1135","17969","RNI","علي شيخي","26931"
"الشرق","الناضور","سلوان","1135","17969","RNI","سكينة لوكيلي","27050"
"الشرق","الناضور","سلوان","1135","17957","PAM","جليل عباسي","55754"
"الشرق","الناضور","سلوان","1135","17957","PAM","فريال بن درعو","55815"
"الشرق","الناضور","سلوان","1135","17953","PAM","سمير بوسخاف","72539"
"الشرق","الناضور","سلوان","1135","17958","MP","احمد  الكشوتي","72164"
"الشرق","الناضور","سلوان","1135","17958","MP","فاطمة  الكشوتي ","72216"
"الشرق","الناضور","سلوان","1135","17954","PAM","حسن الغريسي","56083"
"الشرق","الناضور","سلوان","1135","17956","USFP","لحبيب سلاخ","18658"
"الشرق","الناضور","سلوان","1135","17965","PAM","محمد بوسبحة","72484"
"الشرق","الناضور","سلوان","1135","17963","PAM","جمال حمزاوي","72630"
"الشرق","الناضور","سلوان","1135","17972","USFP","ميلود عزوز","56153"
"الشرق","الناضور","سلوان","1135","17962","PAM","كريم بنتلا","120670"
"الشرق","الناضور","سلوان","1135","17962","PAM","سامية  بنتلا","120824"
"الشرق","الناضور","سلوان","1135","17966","PAM","احميدة اعواد","56762"
"الشرق","الناضور","سلوان","1135","17973","USFP","محمد عزوز","40603"
"الشرق","الناضور","سلوان","1135","17967","PAM","عبد الرحيم طاهري ","56282"
"الشرق","الناضور","سلوان","1135","17952","RNI","محمد ابركان","15763"
"الشرق","الناضور","سلوان","1135","17971","USFP","محمد  مسعودي ","40396"
"الشرق","الناضور","سلوان","1135","17964","UC","مراد بلعربي","63592"
"الشرق","الناضور","سلوان","1135","17959","RNI","محمد الشيب","40155"
"الشرق","الناضور","سلوان","1135","17961","PI","محمد البوعزاتي","94638"
"الشرق","الناضور","سلوان","1135","17960","RNI","لحبيب لمنوار","26524"
"الشرق","الناضور","سلوان","1135","17951","PAM","محمد بنشلال","26671"
"الشرق","الناضور","سلوان","1135","17970","RNI","توفيق الملكي","39601"
"الشرق","الناضور","سلوان","1135","17968","USFP","عبد الحميد بوكرين","42045"
"الشرق","بركان","أحفير","44","652","UC","محمد زردالي","28973"
"الشرق","بركان","أحفير","44","652","UC","سميرة بنتفريت","29080"
"الشرق","بركان","أحفير","44","656","PAM","عبدالرحيم صالحي","28860"
"الشرق","بركان","أحفير","44","656","PAM","رشيدة اعبوبو","28938"
"الشرق","بركان","أحفير","44","643","RNI","محمداشرف هبري","93325"
"الشرق","بركان","أحفير","44","654","MP","عبد الالاه وهاب","20027"
"الشرق","بركان","أحفير","44","642","PI","يحي زروق","9090"
"الشرق","بركان","أحفير","44","642","PI","يسرى مرزوق","9136"
"الشرق","بركان","أحفير","44","641","RNI","زين العابدين رحماني","122935"
"الشرق","بركان","أحفير","44","649","USFP","هشام برحيلي","8635"
"الشرق","بركان","أحفير","44","651","RNI","عبد الله هبري","45895"
"الشرق","بركان","أحفير","44","653","RNI","عمرو وشاني","45990"
"الشرق","بركان","أحفير","44","646","RNI","الحسن عزاوي","56525"
"الشرق","بركان","أحفير","44","646","RNI","نزيهة بوشتة","56682"
"الشرق","بركان","أحفير","44","648","PAM","بلال فاتح","45959"
"الشرق","بركان","أحفير","44","655","MP","عبدالمجيب عزيزي","148473"
"الشرق","بركان","أحفير","44","655","MP","حنان القرقي","148567"
"الشرق","بركان","أحفير","44","639","PI","محمد بن الهداج","28857"
"الشرق","بركان","أحفير","44","635","PI","ميمون بربوش","8845"
"الشرق","بركان","أحفير","44","637","PI","الحسن مرزوقي","19842"
"الشرق","بركان","أحفير","44","645","RNI","محمد ميمون منصور","45977"
"الشرق","بركان","أحفير","44","640","RNI","عبد الرحيم حساني","67975"
"الشرق","بركان","أحفير","44","638","PAM","عبدالقادر قادة","45952"
"الشرق","بركان","أحفير","44","647","RNI","محمد الدوزي","45968"
"الشرق","بركان","أحفير","44","634","PAM","فؤاد علاوي","45998"
"الشرق","بركان","أحفير","44","644","PAM","محمد أمين حمادي","93247"
"الشرق","بركان","أحفير","44","650","PI","كمال بنمنصور","9093"
"الشرق","بركان","أحفير","44","636","PI","البكاي العساوي","45954"
"الشرق","بركان","أغبال","28","25695","PJD","رفيق اوباشير","20285"
"الشرق","بركان","أغبال","28","418","PAM","محمد سفيان هبور","43638"
"الشرق","بركان","أغبال","28","418","PAM","وهيبة امحمدي","43716"
"الشرق","بركان","أغبال","28","417","USFP","محمد دحماني","9268"
"الشرق","بركان","أغبال","28","417","USFP","رحمة صديقي","9350"
"الشرق","بركان","أغبال","28","419","RNI","مصطفى مزغاب","154350"
"الشرق","بركان","أغبال","28","426","PAM","محمد صادقي","133909"
"الشرق","بركان","أغبال","28","423","PJD","محمد بالي","9502"
"الشرق","بركان","أغبال","28","423","PJD","فاطمة الزهراء اجبارة","9542"
"الشرق","بركان","أغبال","28","416","RNI","مصطفى تزاوي","43868"
"الشرق","بركان","أغبال","28","422","RNI","عبد الله بنعودة","134920"
"الشرق","بركان","أغبال","28","422","RNI","حسنة  بنعودة","135023"
"الشرق","بركان","أغبال","28","424","PAM","بوسيف زاوي","56443"
"الشرق","بركان","أغبال","28","424","PAM","ميمونة بوتشيش","56476"
"الشرق","بركان","أغبال","28","427","RNI","عبدالقادر عياط","96682"
"الشرق","بركان","أغبال","28","420","RNI","احمد بوعلاوي","154437"
"الشرق","بركان","أغبال","28","421","RNI","عصام زينبي","134805"
"الشرق","بركان","أغبال","28","25694","RNI","خليد براهيمي","96667"
"الشرق","بركان","أغبال","28","428","RNI","هشام مختاري","154980"
"الشرق","بركان","أغبال","28","425","RNI","عمرو برقوقي","43886"
"الشرق","بركان","أكليم","175","2505","RNI","عبدالقادر العياشي","18683"
"الشرق","بركان","أكليم","175","2505","RNI","هيام بداوي","18785"
"الشرق","بركان","أكليم","175","2496","RNI","فتحي علاوي","11220"
"الشرق","بركان","أكليم","175","2497","RNI","منير العماري","31034"
"الشرق","بركان","أكليم","175","2499","RNI","عبدالعزيز كرماوي","11306"
"الشرق","بركان","أكليم","175","2502","RNI","فؤاد محجوب","11033"
"الشرق","بركان","أكليم","175","2493","RNI","زكي الحرشة","11083"
"الشرق","بركان","أكليم","175","2493","RNI","مريم مختاري","11107"
"الشرق","بركان","أكليم","175","2502","RNI","لطيفة لشهب","11052"
"الشرق","بركان","أكليم","175","2498","RNI","جواد جيار","9977"
"الشرق","بركان","أكليم","175","2498","RNI","لطيفة حفراوي","10077"
"الشرق","بركان","أكليم","175","2504","RNI","عبد الغني الطاهري","11158"
"الشرق","بركان","أكليم","175","2501","RNI","محمد لحبيب","30955"
"الشرق","بركان","أكليم","175","2501","RNI","زهراء قاضي","31013"
"الشرق","بركان","أكليم","175","2494","RNI","رابح مزروعي","18410"
"الشرق","بركان","أكليم","175","2503","PI","بوطيب قاسمي","77971"
"الشرق","بركان","أكليم","175","2495","RNI","سلام موشيح","11188"
"الشرق","بركان","أكليم","175","2500","RNI","المفضل الذهبي","11346"
"الشرق","بركان","السعيدية","1115","17499","RNI","عومر بن اسماعيل","76606"
"الشرق","بركان","السعيدية","1115","17499","RNI","شيماء هرو","76684"
"الشرق","بركان","السعيدية","1115","17502","RNI","عبد المومن الشريفي","93581"
"الشرق","بركان","السعيدية","1115","17502","RNI","ربيعة فراجي","93746"
"الشرق","بركان","السعيدية","1115","17505","PI","عبد القادر بن مومن","29598"
"الشرق","بركان","السعيدية","1115","17505","PI","هاجر بوحفص","29659"
"الشرق","بركان","السعيدية","1115","17501","PI","حسان بن مومن","41933"
"الشرق","بركان","السعيدية","1115","17501","PI","رحمة مغراوي","42095"
"الشرق","بركان","السعيدية","1115","17504","PI","سفيان حمان","19061"
"الشرق","بركان","السعيدية","1115","27110","RNI","طارق  اجميل","67194"
"الشرق","بركان","السعيدية","1115","17506","PI","أسامة عبد النور","18960"
"الشرق","بركان","السعيدية","1115","17506","PI","ايمان مداح","19041"
"الشرق","بركان","السعيدية","1115","17503","PPS","خليد عزوزي","54242"
"الشرق","بركان","السعيدية","1115","17498","PPS","محمد بيدري","29333"
"الشرق","بركان","السعيدية","1115","17497","PPS","عبد الحفيظ بوشخي","29271"
"الشرق","بركان","السعيدية","1115","17507","PI","المصطفى بوتشيش","18909"
"الشرق","بركان","السعيدية","1115","17500","PPS","فريد الحسيني","29389"
"الشرق","بركان","السعيدية","1115","27111","PI","عبد الناصر الشرابي","18783"
"الشرق","بركان","الشويحية","444","6877","RNI","محمد جيار","76694"
"الشرق","بركان","الشويحية","444","6877","RNI","حنان الحاجي","76735"
"الشرق","بركان","الشويحية","444","6885","RNI","عبد المالك زعراوي","131666"
"الشرق","بركان","الشويحية","444","6885","RNI","حكيمة حيدة","131734"
"الشرق","بركان","الشويحية","444","6884","RNI","عبدالعزيز عزيزي","56726"
"الشرق","بركان","الشويحية","444","6884","RNI","كريمة عبدالدائم","56766"
"الشرق","بركان","الشويحية","444","6882","RNI","اسليمان قندروشي","102622"
"الشرق","بركان","الشويحية","444","6882","RNI","سهام يوسفي","102685"
"الشرق","بركان","الشويحية","444","6879","RNI","بن عيسى وجيط","11060"
"الشرق","بركان","الشويحية","444","6883","RNI","خالد جوهري","157801"
"الشرق","بركان","الشويحية","444","6886","RNI","موسى رابحي","21148"
"الشرق","بركان","الشويحية","444","6874","RNI","نور الدين النكاوي","21068"
"الشرق","بركان","الشويحية","444","6876","RNI","عبدالكريم حرود","10047"
"الشرق","بركان","الشويحية","444","6881","RNI","منصور قندروش","21104"
"الشرق","بركان","الشويحية","444","6875","PI","عبد النبي رابحي","10074"
"الشرق","بركان","الشويحية","444","6878","PI","الحسين مبطول","102942"
"الشرق","بركان","الشويحية","444","6878","PI","سميرة حاجي","103033"
"الشرق","بركان","الشويحية","444","6880","PI","حمادي كروج","102850"
"الشرق","بركان","بركان","296","25104","PAM","محمد ابراهيمي","161726"
"الشرق","بركان","بركان","296","25104","PAM","اسمهان نصيري","161760"
"الشرق","بركان","بركان","296","25104","PAM","محمد جلول","161730"
"الشرق","بركان","بركان","296","25104","PAM","زهرة حنافي","161761"
"الشرق","بركان","بركان","296","25104","PAM","محمد الزاهري","161736"
"الشرق","بركان","بركان","296","25104","PAM","نعيمة شملال","161755"
"الشرق","بركان","بركان","296","25104","PAM","محمد عامري","161740"
"الشرق","بركان","بركان","296","25104","PAM","رشيد الندلوسي","161747"
"الشرق","بركان","بركان","296","25104","RNI","فريد عواد","161018"
"الشرق","بركان","بركان","296","25104","RNI","فاتحة اكراعي","161141"
"الشرق","بركان","بركان","296","25104","RNI","عبدالغاني كيلي","161044"
"الشرق","بركان","بركان","296","25104","RNI","دليلة عامري","161182"
"الشرق","بركان","بركان","296","25104","RNI","البكاي بوفرة","161060"
"الشرق","بركان","بركان","296","25104","RNI","جميلة بوصحابة","161302"
"الشرق","بركان","بركان","296","25104","RNI","مصطفى الصباني","161086"
"الشرق","بركان","بركان","296","25104","RNI","عبد الحق سالمي","161097"
"الشرق","بركان","بركان","296","25104","PI","محمد نصيري","150922"
"الشرق","بركان","بركان","296","25104","PI","مونية فتحي","151716"
"الشرق","بركان","بركان","296","25104","PI","محمد شراك","150965"
"الشرق","بركان","بركان","296","25104","PI","فاطمة الزهراء  جبوري","151948"
"الشرق","بركان","بركان","296","25104","PI","محمد عطاري","150960"
"الشرق","بركان","بركان","296","25104","PI","لمياء براجع","152163"
"الشرق","بركان","بركان","296","25104","PI","مصطفى بنقدور","150927"
"الشرق","بركان","بركان","296","25104","PI","عزيز سماوي","151008"
"الشرق","بركان","بركان","296","25104","FFD","فريد بنته","9950"
"الشرق","بركان","بركان","296","25104","FFD","يمينة بوعيادي","11634"
"الشرق","بركان","بركان","296","25104","FFD","احمد مغيس","10006"
"الشرق","بركان","بركان","296","25104","PPS","محمد بويعلاوي","66624"
"الشرق","بركان","بركان","296","25104","PPS","غزلان بورعدة","67142"
"الشرق","بركان","بركان","296","25104","PJD","عبد الكريم بومعزة","133812"
"الشرق","بركان","بركان","296","25104","PJD","زينب ايت حميدة","134260"
"الشرق","بركان","بركان","296","25104","CNI","عبد اللطيف امباركي","161615"
"الشرق","بركان","بركان","296","25104","USFP","ابراهيم فاتشات","151889"
"الشرق","بركان","بركان","296","25104","PSU","عبدالسلام حبوبي","161397"
"الشرق","بركان","بركان","296","25104","MP","رشيد بنتفريت","160848"
"الشرق","بركان","بوغريبة","392","6071","RNI","البكاي صادقي","132232"
"الشرق","بركان","بوغريبة","392","6069","RNI","محمد مختاري","101931"
"الشرق","بركان","بوغريبة","392","6069","RNI","سارة جرودي","101885"
"الشرق","بركان","بوغريبة","392","6058","PAM","محمد البداوي","46356"
"الشرق","بركان","بوغريبة","392","6074","PI","الحسن علالوش","30847"
"الشرق","بركان","بوغريبة","392","6074","PI","لبنى سعيدي","30729"
"الشرق","بركان","بوغريبة","392","6075","PPS","يحي مشيشي","132216"
"الشرق","بركان","بوغريبة","392","6075","PPS","هناء بركاني","132369"
"الشرق","بركان","بوغريبة","392","6057","RNI","موراد حمودي","131948"
"الشرق","بركان","بوغريبة","392","6054","PAM","بلعيد رابحي","159660"
"الشرق","بركان","بوغريبة","392","6063","PAM","محمد خموس","131888"
"الشرق","بركان","بوغريبة","392","6062","RNI","الراضي مختاري","77442"
"الشرق","بركان","بوغريبة","392","6061","PAM","الخثير الغربي","159545"
"الشرق","بركان","بوغريبة","392","6061","PAM","حبيبة سويدي","160744"
"الشرق","بركان","بوغريبة","392","6065","PAM","احمد هلاوي","55590"
"الشرق","بركان","بوغريبة","392","6056","PAM","الميلود عثماني","68234"
"الشرق","بركان","بوغريبة","392","6073","PI","عبد الغني بوعزاوي","21228"
"الشرق","بركان","بوغريبة","392","6066","PAM","عبد الرحمان قاسمي","132866"
"الشرق","بركان","بوغريبة","392","6076","PI","لحسن حاجي","21172"
"الشرق","بركان","بوغريبة","392","6076","PI","لطيفة العسري","21197"
"الشرق","بركان","بوغريبة","392","6072","MP","محمد اسعيدي","21092"
"الشرق","بركان","بوغريبة","392","6055","RNI","الميلود زوزو","77338"
"الشرق","بركان","بوغريبة","392","6060","RNI","ناصر لمحمدي","77401"
"الشرق","بركان","بوغريبة","392","6064","PPS","محمد الصالحي","21051"
"الشرق","بركان","بوغريبة","392","6070","PAM","ميمون وسعيدي","30638"
"الشرق","بركان","بوغريبة","392","6059","PAM","سعيد داد","132059"
"الشرق","بركان","بوغريبة","392","6068","PI","سعيد جرودي","30808"
"الشرق","بركان","بوغريبة","392","6067","PAM","رحال بوعزاوي","112528"
"الشرق","بركان","تافوغالت","1320","20880","RNI","رضوان ملاكي","100931"
"الشرق","بركان","تافوغالت","1320","20880","RNI","زكية منصور","100900"
"الشرق","بركان","تافوغالت","1320","20881","MP","رمضان  الواسيني","42953"
"الشرق","بركان","تافوغالت","1320","20881","MP","صفاء المزروعي","42848"
"الشرق","بركان","تافوغالت","1320","20885","RNI","عبد الرحمان الهبيل","101013"
"الشرق","بركان","تافوغالت","1320","20885","RNI","جميلة اشرقي","101055"
"الشرق","بركان","تافوغالت","1320","20882","RNI","علي البشراوي","130585"
"الشرق","بركان","تافوغالت","1320","20882","RNI","فايزة العيمى","130523"
"الشرق","بركان","تافوغالت","1320","20884","RNI","خالد يعقوبي","130283"
"الشرق","بركان","تافوغالت","1320","20889","RNI","امجاهد عزماني","100764"
"الشرق","بركان","تافوغالت","1320","20888","MP","العزمان زكي","17015"
"الشرق","بركان","تافوغالت","1320","20888","MP","خديجة عمروش","17082"
"الشرق","بركان","تافوغالت","1320","20883","MP","الحسن وسعيدي","42695"
"الشرق","بركان","تافوغالت","1320","20890","PAM","راضي كريمي","154218"
"الشرق","بركان","تافوغالت","1320","20887","PI","العيد عواد","154314"
"الشرق","بركان","تافوغالت","1320","20886","PAM","طارق بوجيدة","29867"
"الشرق","بركان","رسلان","1098","17242","MP","عزيز لطرش","18220"
"الشرق","بركان","رسلان","1098","17242","MP","نجاة مجاطي","18304"
"الشرق","بركان","رسلان","1098","17250","MP","ابراهيم العياشي","30191"
"الشرق","بركان","رسلان","1098","17250","MP","سعاد جامعي","30263"
"الشرق","بركان","رسلان","1098","17246","MP","سليمان المؤذين","154770"
"الشرق","بركان","رسلان","1098","17246","MP","جميلة حمو","154694"
"الشرق","بركان","رسلان","1098","17240","RNI","محمد  بنشعو","100695"
"الشرق","بركان","رسلان","1098","17240","RNI","يمينة مالكي","100644"
"الشرق","بركان","رسلان","1098","17243","MP","بنيونس طرشوني","42385"
"الشرق","بركان","رسلان","1098","17249","MP","عبدالمالك طابجي","9601"
"الشرق","بركان","رسلان","1098","17249","MP","فاطمة طابجي","9738"
"الشرق","بركان","رسلان","1098","17245","MP","عبد الصمد بوجمعاوي","9882"
"الشرق","بركان","رسلان","1098","17248","RNI","بلقاسم زعزاع","42482"
"الشرق","بركان","رسلان","1098","17244","MP","بنعياد مختاري","154467"
"الشرق","بركان","رسلان","1098","17241","MP","عبد الوحيد عبدالاوي","18021"
"الشرق","بركان","رسلان","1098","17247","MP","جمال زريوحي","18291"
"الشرق","بركان","زكزل","1532","23950","RNI","حسن لومدين","19980"
"الشرق","بركان","زكزل","1532","27116","PAM","رشيدة مسكيني","20250"
"الشرق","بركان","زكزل","1532","27116","PAM","فطيمة غرافي","20267"
"الشرق","بركان","زكزل","1532","23959","PI","زهير بالعيد","58074"
"الشرق","بركان","زكزل","1532","27119","PI","عبد الرحيم زكاغ","58961"
"الشرق","بركان","زكزل","1532","27119","PI","الزهرة محيو","59017"
"الشرق","بركان","زكزل","1532","27120","PAM","جمال تحاجيت","20378"
"الشرق","بركان","زكزل","1532","27120","PAM","نوال احسايني","20397"
"الشرق","بركان","زكزل","1532","23960","RNI","محمد بوعزة","123701"
"الشرق","بركان","زكزل","1532","23960","RNI","أسماء مريمي","123547"
"الشرق","بركان","زكزل","1532","23949","PI","عبدالرزاق عبدالله","123289"
"الشرق","بركان","زكزل","1532","23948","PI","مصطفى مهداوي","122335"
"الشرق","بركان","زكزل","1532","23954","PI","نصرالدين الوادي","123536"
"الشرق","بركان","زكزل","1532","23955","PAM","سمير نجاري","9872"
"الشرق","بركان","زكزل","1532","23956","RNI","عبد الرحيم عرباوي","32030"
"الشرق","بركان","زكزل","1532","27117","PI","البكاي انفناف","123377"
"الشرق","بركان","زكزل","1532","27115","RNI","عبد الحفيظ مسعودي","34857"
"الشرق","بركان","زكزل","1532","23951","RNI","عبد الرحمان بوخرطة","58060"
"الشرق","بركان","زكزل","1532","23957","PAM","عبدالقادر كريمي","20113"
"الشرق","بركان","زكزل","1532","23961","PI","جواد اليشيوي","66528"
"الشرق","بركان","زكزل","1532","23961","PI","وهيبة الدايمي","66584"
"الشرق","بركان","زكزل","1532","27114","RNI","مصطفى  عطية","44712"
"الشرق","بركان","زكزل","1532","23952","PAM","بنيونس  محروك","20055"
"الشرق","بركان","زكزل","1532","23962","RNI","احمد اقريشع","122601"
"الشرق","بركان","زكزل","1532","27118","RNI","عبدالحق بنموسى","20257"
"الشرق","بركان","زكزل","1532","27121","RNI","محمد العراس","97153"
"الشرق","بركان","زكزل","1532","23953","PAM","احمد الهدار","9767"
"الشرق","بركان","زكزل","1532","23958","PI","محمد الاحمادي","32009"
"الشرق","بركان","سيدي بوهرية","1198","18953","RNI","الحسن صالحي","154297"
"الشرق","بركان","سيدي بوهرية","1198","18958","RNI","مصطفى البزازي","154570"
"الشرق","بركان","سيدي بوهرية","1198","18948","PJD","عبد الحميد قدوري","43132"
"الشرق","بركان","سيدي بوهرية","1198","18948","PJD","سارة عمراني","43189"
"الشرق","بركان","سيدي بوهرية","1198","18949","RNI","محمد اسويدي","159126"
"الشرق","بركان","سيدي بوهرية","1198","18949","RNI","نظيرة اسويدي","159165"
"الشرق","بركان","سيدي بوهرية","1198","18951","RNI","محمد بركاني","154552"
"الشرق","بركان","سيدي بوهرية","1198","18951","RNI","وفاء بركاني","154602"
"الشرق","بركان","سيدي بوهرية","1198","18950","RNI","محمد سويدي","154432"
"الشرق","بركان","سيدي بوهرية","1198","18950","RNI","هاجر اسويدي","154471"
"الشرق","بركان","سيدي بوهرية","1198","18952","RNI","خليد عمارة","100597"
"الشرق","بركان","سيدي بوهرية","1198","18956","RNI","المصطفى راشدي","154927"
"الشرق","بركان","سيدي بوهرية","1198","18957","RNI","الحسن البزازي","154696"
"الشرق","بركان","سيدي بوهرية","1198","18954","PI","رشيد بوعقلين","125406"
"الشرق","بركان","سيدي بوهرية","1198","18954","PI","اكرام بوعقلين","125432"
"الشرق","بركان","سيدي بوهرية","1198","18955","RNI","محمد زلوفي","154803"
"الشرق","بركان","سيدي سليمان - الشراعة","1272","20116","RNI","مراد قدوري","11938"
"الشرق","بركان","سيدي سليمان - الشراعة","1272","25696","PAM","المبروك المريني","12342"
"الشرق","بركان","سيدي سليمان - الشراعة","1272","25696","PAM","فريدة النكاوي","12374"
"الشرق","بركان","سيدي سليمان - الشراعة","1272","20122","RNI","جمال السيوري","62788"
"الشرق","بركان","سيدي سليمان - الشراعة","1272","20122","RNI","وهيبة اغزاف","62830"
"الشرق","بركان","سيدي سليمان - الشراعة","1272","20108","PAM","محمد بلقاسمي","11636"
"الشرق","بركان","سيدي سليمان - الشراعة","1272","20108","PAM","خديجة اسباعي","11715"
"الشرق","بركان","سيدي سليمان - الشراعة","1272","20111","RNI","عبد القادر لياوي","11492"
"الشرق","بركان","سيدي سليمان - الشراعة","1272","25697","MP","محمد بلعوشي","27234"
"الشرق","بركان","سيدي سليمان - الشراعة","1272","25697","MP","حنان بوطيب","27375"
"الشرق","بركان","سيدي سليمان - الشراعة","1272","20110","PAM","محمد بوراس","11578"
"الشرق","بركان","سيدي سليمان - الشراعة","1272","20120","RNI","بوعلام ناجي","41086"
"الشرق","بركان","سيدي سليمان - الشراعة","1272","20109","PAM","عبد الرحيم الصحمودي","11609"
"الشرق","بركان","سيدي سليمان - الشراعة","1272","20115","RNI","عبدالواحد بوقو","41642"
"الشرق","بركان","سيدي سليمان - الشراعة","1272","20101","RNI","طارق صدقاوي","26567"
"الشرق","بركان","سيدي سليمان - الشراعة","1272","20107","PAM","لمنور بوشاوش","11549"
"الشرق","بركان","سيدي سليمان - الشراعة","1272","20118","RNI","محسن مغيز","97536"
"الشرق","بركان","سيدي سليمان - الشراعة","1272","20105","RNI","بلال جباري","11433"
"الشرق","بركان","سيدي سليمان - الشراعة","1272","20121","PAM","عبد المالك حبجة","12149"
"الشرق","بركان","سيدي سليمان - الشراعة","1272","20121","PAM","انسة مختاري","12183"
"الشرق","بركان","سيدي سليمان - الشراعة","1272","20102","RNI","سمير بنصديق","100496"
"الشرق","بركان","سيدي سليمان - الشراعة","1272","20100","RNI","عبد الرحيم مشبال","41624"
"الشرق","بركان","سيدي سليمان - الشراعة","1272","20103","RNI","اناس مداغري","40701"
"الشرق","بركان","سيدي سليمان - الشراعة","1272","20119","RNI","سعيد هشور","12504"
"الشرق","بركان","سيدي سليمان - الشراعة","1272","20112","RNI","ادريس زخنيني","19787"
"الشرق","بركان","سيدي سليمان - الشراعة","1272","20114","RNI","البكاي هدراوي","19513"
"الشرق","بركان","سيدي سليمان - الشراعة","1272","20106","RNI","الحسن بن دحمان","41313"
"الشرق","بركان","سيدي سليمان - الشراعة","1272","20104","RNI","جمال جفالي","62908"
"الشرق","بركان","سيدي سليمان - الشراعة","1272","20117","RNI","زعيم العبدلاوي","26867"
"الشرق","بركان","سيدي سليمان - الشراعة","1272","20113","MP","الحسين هيشور","19582"
"الشرق","بركان","عين الركادة","69","1049","PI","ميمون برزال","67760"
"الشرق","بركان","عين الركادة","69","1049","PI","سارة بوشلاغم","68962"
"الشرق","بركان","عين الركادة","69","1053","PI","عماد ينعوري","76833"
"الشرق","بركان","عين الركادة","69","1053","PI","ابتسام عثماني","76831"
"الشرق","بركان","عين الركادة","69","1050","PI","بنيونس زياني","67845"
"الشرق","بركان","عين الركادة","69","1050","PI","لطيفة مغراوي","67868"
"الشرق","بركان","عين الركادة","69","1052","PI","فريد قدوري","67835"
"الشرق","بركان","عين الركادة","69","1052","PI","حسناء عزيز","67783"
"الشرق","بركان","عين الركادة","69","1044","PI","عبد المجيد هراوي","54777"
"الشرق","بركان","عين الركادة","69","1047","PI","عبدالحفيظ   بركاوي","44039"
"الشرق","بركان","عين الركادة","69","1043","PI","عمر ورداني","44000"
"الشرق","بركان","عين الركادة","69","1051","PI","احمد بوعلي","67885"
"الشرق","بركان","عين الركادة","69","1051","PI","سونية الهندوز","67898"
"الشرق","بركان","عين الركادة","69","1045","PI","احمد عزيز","44060"
"الشرق","بركان","عين الركادة","69","1048","PI","محمد الكحودي","54673"
"الشرق","بركان","عين الركادة","69","1046","PI","العيد جفالي","29251"
"الشرق","بركان","فزوان","543","8559","PI","الناجم بونوح","20859"
"الشرق","بركان","فزوان","543","8559","PI","عيدة كروج","20867"
"الشرق","بركان","فزوان","543","8566","PI","حسن هربال","56338"
"الشرق","بركان","فزوان","543","8566","PI","عواطف الهدراوي","56364"
"الشرق","بركان","فزوان","543","8560","PAM","ميمون ينعوري","20986"
"الشرق","بركان","فزوان","543","8560","PAM","فاطمة بن علي","20953"
"الشرق","بركان","فزوان","543","8562","RNI","عبد الحق قادة","77592"
"الشرق","بركان","فزوان","543","8562","RNI","راضية عمراوي","77561"
"الشرق","بركان","فزوان","543","8561","PI","العيد  مركوم","30502"
"الشرق","بركان","فزوان","543","8568","PI","احمد رمضاني","20866"
"الشرق","بركان","فزوان","543","8568","PI","جميلة البناي","20892"
"الشرق","بركان","فزوان","543","8569","RNI","مصطفى جدايني","132503"
"الشرق","بركان","فزوان","543","8565","PI","رمضان بنهوي","9461"
"الشرق","بركان","فزوان","543","8567","RNI","عبدالرحيم حمو علي","67775"
"الشرق","بركان","فزوان","543","8563","RNI","الحبيب ملحي","67804"
"الشرق","بركان","فزوان","543","8564","RNI","محمد حدوي","77565"
"الشرق","بركان","لعثامنة","742","27113","PAM","محمد قزموحي","11130"
"الشرق","بركان","لعثامنة","742","11676","PI","جواد بوبكر","44627"
"الشرق","بركان","لعثامنة","742","11676","PI","عايدة امباركي","44686"
"الشرق","بركان","لعثامنة","742","11673","RNI","محمد بن علي","11164"
"الشرق","بركان","لعثامنة","742","11672","PI","نور الدين برحاب","21320"
"الشرق","بركان","لعثامنة","742","11672","PI","عائشة برحاب","11080"
"الشرق","بركان","لعثامنة","742","27112","PI","جلال منصور","29818"
"الشرق","بركان","لعثامنة","742","11682","PI","عبد القادر بالمدني","20283"
"الشرق","بركان","لعثامنة","742","11671","RNI","رابح الدرويش","67406"
"الشرق","بركان","لعثامنة","742","11674","RNI","رشيد مداني","44492"
"الشرق","بركان","لعثامنة","742","11679","RNI","الحسين القاسمي","20148"
"الشرق","بركان","لعثامنة","742","11679","RNI","بهية عبدالمومن","20114"
"الشرق","بركان","لعثامنة","742","11670","PI","البكاي سيدهم","44391"
"الشرق","بركان","لعثامنة","742","11670","PI","فاطمة سيدهم","44445"
"الشرق","بركان","لعثامنة","742","11675","PI","محمد ابو رشيد ","67340"
"الشرق","بركان","لعثامنة","742","11678","PI","محمد  زروك","11252"
"الشرق","بركان","لعثامنة","742","11680","RNI","احمد بن الاحسن","11293"
"الشرق","بركان","لعثامنة","742","11677","USFP","بومدين بنمريم","67379"
"الشرق","بركان","لعثامنة","742","11681","RNI","الحسن موسى","44500"
"الشرق","بركان","لعثامنة","742","11681","RNI","نوال عبادي","44579"
"الشرق","بركان","مداغ","835","13165","PI","محمد بالقايد","67852"
"الشرق","بركان","مداغ","835","13165","PI","فيروز الكيلي","67873"
"الشرق","بركان","مداغ","835","13162","FFD","الميلود غيلان","56757"
"الشرق","بركان","مداغ","835","13162","FFD","ماجدة بنعلي","56774"
"الشرق","بركان","مداغ","835","13159","RNI","الطيب السعيدي","44904"
"الشرق","بركان","مداغ","835","13160","RNI","مولاي محمد ناصر القادري بودشيش","67800"
"الشرق","بركان","مداغ","835","13160","RNI","دليلة بنقدور","67827"
"الشرق","بركان","مداغ","835","13157","RNI","سليم بختاوي","102913"
"الشرق","بركان","مداغ","835","13156","PI","حسام بشيري","103611"
"الشرق","بركان","مداغ","835","13156","PI","هاجر بنعامر","103692"
"الشرق","بركان","مداغ","835","13158","RNI","ميمون محياوي","44875"
"الشرق","بركان","مداغ","835","13154","RNI","محمد طهراوي","102867"
"الشرق","بركان","مداغ","835","13161","FFD","مصطفى القــضاوي","133277"
"الشرق","بركان","مداغ","835","13161","FFD","هدى  يعكوبي","133380"
"الشرق","بركان","مداغ","835","13151","RNI","بكاي بركاوي","45923"
"الشرق","بركان","مداغ","835","13155","RNI","عبدالصادق زاكي","45001"
"الشرق","بركان","مداغ","835","13152","RNI","يوسف العيدوني","102840"
"الشرق","بركان","مداغ","835","13163","FFD","احمد قباض","131086"
"الشرق","بركان","مداغ","835","13164","RNI","نور الدين بلكناني","44998"
"الشرق","بركان","مداغ","835","13153","RNI","محمد بويحياوي","103165"
"الشرق","تاوريرت","أهل وادزا","47","705","PI","مزيان المحمدي","46967"
"الشرق","تاوريرت","أهل وادزا","47","705","PI","ليلى المحمدي","46985"
"الشرق","تاوريرت","أهل وادزا","47","695","PI","عبد العزيز السبيبي","59139"
"الشرق","تاوريرت","أهل وادزا","47","695","PI","سكينة اليعقوبي","59159"
"الشرق","تاوريرت","أهل وادزا","47","698","PI","محمد التاج","81809"
"الشرق","تاوريرت","أهل وادزا","47","698","PI","ميلودة اوسارن","81881"
"الشرق","تاوريرت","أهل وادزا","47","699","PAM","خليد بن الطالب","4995"
"الشرق","تاوريرت","أهل وادزا","47","699","PAM","دنيا اوراغن","5056"
"الشرق","تاوريرت","أهل وادزا","47","700","PI","عبد العزيز معمر","102022"
"الشرق","تاوريرت","أهل وادزا","47","707","RNI","ميمون عبد السميع","25528"
"الشرق","تاوريرت","أهل وادزا","47","704","PI","عزيز زينوي","69175"
"الشرق","تاوريرت","أهل وادزا","47","696","RNI","عبدالرحمان شنافي","5299"
"الشرق","تاوريرت","أهل وادزا","47","703","RNI","محمد  بوعنونو ","4881"
"الشرق","تاوريرت","أهل وادزا","47","697","PAM","المصطفى حمزاوي","33270"
"الشرق","تاوريرت","أهل وادزا","47","697","PAM","رشيدة مجنيبة","33340"
"الشرق","تاوريرت","أهل وادزا","47","706","PAM","محمد بلعزيز","82696"
"الشرق","تاوريرت","أهل وادزا","47","701","PAM","عبد السلام زمري","5414"
"الشرق","تاوريرت","أهل وادزا","47","702","PI","حميمي بوضة","49298"
"الشرق","تاوريرت","أولاد امحمد","1050","16505","USFP","محمد لتيم","92112"
"الشرق","تاوريرت","أولاد امحمد","1050","16505","USFP","فاطمة ليتيم","92312"
"الشرق","تاوريرت","أولاد امحمد","1050","16506","USFP","محمد بوكابوس","61166"
"الشرق","تاوريرت","أولاد امحمد","1050","16506","USFP","فاطنة بوكابوس","61217"
"الشرق","تاوريرت","أولاد امحمد","1050","16507","PAM","محمد كرطيط","93813"
"الشرق","تاوريرت","أولاد امحمد","1050","16507","PAM","حورية كرطيط","93920"
"الشرق","تاوريرت","أولاد امحمد","1050","16509","MP","عبد القادر عزي","93271"
"الشرق","تاوريرت","أولاد امحمد","1050","16509","MP","حنان عزي","93478"
"الشرق","تاوريرت","أولاد امحمد","1050","16504","PAM","الطيب  ساهل","33169"
"الشرق","تاوريرت","أولاد امحمد","1050","16502","PI","بن الطاهر  بنلمقدم","141857"
"الشرق","تاوريرت","أولاد امحمد","1050","16502","PI","نوال بنلمقدم","143099"
"الشرق","تاوريرت","أولاد امحمد","1050","16508","PI","المامون عزي","32210"
"الشرق","تاوريرت","أولاد امحمد","1050","16503","USFP","احمد  بودربالة ","91808"
"الشرق","تاوريرت","أولاد امحمد","1050","16511","USFP","محمد لبيض","62241"
"الشرق","تاوريرت","أولاد امحمد","1050","16510","PI","عزيز بلمقدم","92982"
"الشرق","تاوريرت","أولاد امحمد","1050","16512","MP","ادريس ليتيم","45316"
"الشرق","تاوريرت","العاطف","484","7570","PI","عبد العزيز الشيكر","137386"
"الشرق","تاوريرت","العاطف","484","7570","PI","عربية  مجنون","137607"
"الشرق","تاوريرت","العاطف","484","7568","RNI","محمد الطيبي","140737"
"الشرق","تاوريرت","العاطف","484","7568","RNI","حليمة طيبي","140867"
"الشرق","تاوريرت","العاطف","484","7569","RNI","الطيب بيضي","139853"
"الشرق","تاوريرت","العاطف","484","7569","RNI","كريمة البيضي","140219"
"الشرق","تاوريرت","العاطف","484","7564","RNI","محمد بوطاهري","138942"
"الشرق","تاوريرت","العاطف","484","7564","RNI","فاطمة بوطاهري","139088"
"الشرق","تاوريرت","العاطف","484","7565","RNI","عبد القادر حميميد","138647"
"الشرق","تاوريرت","العاطف","484","7563","RNI","احمد قدري","135404"
"الشرق","تاوريرت","العاطف","484","7572","PI","العربي  بلمامون","137849"
"الشرق","تاوريرت","العاطف","484","7572","PI","مليكة بلمامون","138089"
"الشرق","تاوريرت","العاطف","484","7566","PI","محمد مبروك","111758"
"الشرق","تاوريرت","العاطف","484","7562","PI","بنعبد الله بنلحبيب","110215"
"الشرق","تاوريرت","العاطف","484","7567","RNI","احمد لقرع","111908"
"الشرق","تاوريرت","العاطف","484","7571","RNI","الحاج بلعسري","135970"
"الشرق","تاوريرت","العيون-سيدي ملوك","482","28270","RNI","محمد بودرجة","116038"
"الشرق","تاوريرت","العيون-سيدي ملوك","482","28270","RNI","سمية ضالع","116138"
"الشرق","تاوريرت","العيون-سيدي ملوك","482","28259","PAM","محمد خطاب","26080"
"الشرق","تاوريرت","العيون-سيدي ملوك","482","28269","PI","عبد الحق مربوح","8140"
"الشرق","تاوريرت","العيون-سيدي ملوك","482","28258","PPS","عماد  الغينوسي ","6566"
"الشرق","تاوريرت","العيون-سيدي ملوك","482","28258","PPS","فرح محدوب","6735"
"الشرق","تاوريرت","العيون-سيدي ملوك","482","28277","PAM","مراد اصرور","17014"
"الشرق","تاوريرت","العيون-سيدي ملوك","482","28275","PJD","محمد نجمي","24815"
"الشرق","تاوريرت","العيون-سيدي ملوك","482","28261","PAM","عبد المجيد غراف","27807"
"الشرق","تاوريرت","العيون-سيدي ملوك","482","28261","PAM","لطيفة ناجي","25927"
"الشرق","تاوريرت","العيون-سيدي ملوك","482","28266","PAM","الحسن احسايني","17078"
"الشرق","تاوريرت","العيون-سيدي ملوك","482","28268","PI","فيصل بنتاج","7871"
"الشرق","تاوريرت","العيون-سيدي ملوك","482","28280","RNI","محمد بدودو","113104"
"الشرق","تاوريرت","العيون-سيدي ملوك","482","28280","RNI","خديجة كرام","113320"
"الشرق","تاوريرت","العيون-سيدي ملوك","482","28260","PI","عبد الحليم النيلي","126447"
"الشرق","تاوريرت","العيون-سيدي ملوك","482","28276","PJD","بلقاسم المحب","25005"
"الشرق","تاوريرت","العيون-سيدي ملوك","482","28262","PAM","رابح يعكوبي","40375"
"الشرق","تاوريرت","العيون-سيدي ملوك","482","28262","PAM","جودية اهنوك ","40438"
"الشرق","تاوريرت","العيون-سيدي ملوك","482","28274","RNI","محمد بولحية","72731"
"الشرق","تاوريرت","العيون-سيدي ملوك","482","28263","PPS","وديع عطاف","7082"
"الشرق","تاوريرت","العيون-سيدي ملوك","482","28257","MP","زهير زغلمان","6054"
"الشرق","تاوريرت","العيون-سيدي ملوك","482","28281","RNI","حسن ارغال","72708"
"الشرق","تاوريرت","العيون-سيدي ملوك","482","28279","PJD","سليمان بلقاسمي","25191"
"الشرق","تاوريرت","العيون-سيدي ملوك","482","28267","PND","حسن لمرابط","93595"
"الشرق","تاوريرت","العيون-سيدي ملوك","482","28278","RNI","محمد الطالب","64267"
"الشرق","تاوريرت","العيون-سيدي ملوك","482","28273","PAM","مراد فاتحي","16682"
"الشرق","تاوريرت","العيون-سيدي ملوك","482","28265","RNI","ميمون مزياني","68155"
"الشرق","تاوريرت","العيون-سيدي ملوك","482","28271","PAM","عبد القادر حماني","15608"
"الشرق","تاوريرت","العيون-سيدي ملوك","482","28264","RNI","حسن غريب","118466"
"الشرق","تاوريرت","العيون-سيدي ملوك","482","28272","PAM","عبد القادر شريطة","47569"
"الشرق","تاوريرت","تاوريرت","1386","25105","MP","البشير بوخريص","139502"
"الشرق","تاوريرت","تاوريرت","1386","25105","MP","خديجة القضاوي","143646"
"الشرق","تاوريرت","تاوريرت","1386","25105","MP","مولاي احفيظ عزي","139681"
"الشرق","تاوريرت","تاوريرت","1386","25105","MP","ابتسام بنحطة","143735"
"الشرق","تاوريرت","تاوريرت","1386","25105","MP","رشيد النكادي","139869"
"الشرق","تاوريرت","تاوريرت","1386","25105","MP","الزهرة طنطاوي","143818"
"الشرق","تاوريرت","تاوريرت","1386","25105","MP","البشير مصباحي","140265"
"الشرق","تاوريرت","تاوريرت","1386","25105","MP","محمد ازيرار","140772"
"الشرق","تاوريرت","تاوريرت","1386","25105","RNI","محمد  ناصر ","101652"
"الشرق","تاوريرت","تاوريرت","1386","25105","RNI","نعيمة علوي","108073"
"الشرق","تاوريرت","تاوريرت","1386","25105","RNI","علال بوكابوس","101737"
"الشرق","تاوريرت","تاوريرت","1386","25105","RNI","نصيرة  بنمنصور ","108374"
"الشرق","تاوريرت","تاوريرت","1386","25105","RNI","محمد صغير ناصري","101798"
"الشرق","تاوريرت","تاوريرت","1386","25105","RNI","فاطنة كروج","108479"
"الشرق","تاوريرت","تاوريرت","1386","25105","RNI","عبد الواحد اليزيدي","101855"
"الشرق","تاوريرت","تاوريرت","1386","25105","RNI","ادريس قليبي","101915"
"الشرق","تاوريرت","تاوريرت","1386","25105","PAM","محمد احمدوش","145790"
"الشرق","تاوريرت","تاوريرت","1386","25105","PAM","نجاة النفاسي","148557"
"الشرق","تاوريرت","تاوريرت","1386","25105","PAM","عبد القادر غزيلي","146004"
"الشرق","تاوريرت","تاوريرت","1386","25105","PAM","محمد زنوتي","146078"
"الشرق","تاوريرت","تاوريرت","1386","25105","PI","الحسن مسعودي","133860"
"الشرق","تاوريرت","تاوريرت","1386","25105","PI","سمية جدي","137172"
"الشرق","تاوريرت","تاوريرت","1386","25105","PI","رشيد جدي","134071"
"الشرق","تاوريرت","تاوريرت","1386","25105","PPS","محمد ميحيت","81875"
"الشرق","تاوريرت","تاوريرت","1386","25105","PPS","حورية الزنوتي","84238"
"الشرق","تاوريرت","تاوريرت","1386","25105","UC","المختار بلا","39428"
"الشرق","تاوريرت","تاوريرت","1386","25105","UC","شيماء بلا","41862"
"الشرق","تاوريرت","تاوريرت","1386","25105","USFP","رشيد تبقيويت","95500"
"الشرق","تاوريرت","تاوريرت","1386","25105","USFP","نادية زهار","97847"
"الشرق","تاوريرت","تاوريرت","1386","25105","PSU","يوسف حاجي","78305"
"الشرق","تاوريرت","تاوريرت","1386","25105","PSU","فاطمة الحنبالي","78700"
"الشرق","تاوريرت","تاوريرت","1386","25105","P.EQUITE","علي اعويسي","24104"
"الشرق","تاوريرت","تاوريرت","1386","25105","P. ANNAHDA","رشيد البوكيلي","11151"
"الشرق","تاوريرت","تاوريرت","1386","25105","PEDD","احمد عزوزوط","115711"
"الشرق","تاوريرت","تاوريرت","1386","25105","PJD","بنيونس دباب","86681"
"الشرق","تاوريرت","تنشرفي","1376","21672","PI","بلقاسم شاكر","85479"
"الشرق","تاوريرت","تنشرفي","1376","21672","PI","كريمة عبدوس","85584"
"الشرق","تاوريرت","تنشرفي","1376","21670","PAM","محمد زغلمان","42659"
"الشرق","تاوريرت","تنشرفي","1376","21670","PAM","سميرة غانيم","42737"
"الشرق","تاوريرت","تنشرفي","1376","21671","PAM","محمد غانيم","40831"
"الشرق","تاوريرت","تنشرفي","1376","21671","PAM","رشيدة  غانيم","40989"
"الشرق","تاوريرت","تنشرفي","1376","21678","RNI","احمد  تيزي ","33587"
"الشرق","تاوريرت","تنشرفي","1376","21673","PI","بلقاسم  عينوس ","4765"
"الشرق","تاوريرت","تنشرفي","1376","21676","PI","مبارك مشيشي","82060"
"الشرق","تاوريرت","تنشرفي","1376","21676","PI","رشيدة لتيم","82352"
"الشرق","تاوريرت","تنشرفي","1376","21679","PI","ميمون سماعلي","5409"
"الشرق","تاوريرت","تنشرفي","1376","21680","RNI","محمد غشوة","32915"
"الشرق","تاوريرت","تنشرفي","1376","21680","RNI","مسعودة تباتيت","32781"
"الشرق","تاوريرت","تنشرفي","1376","21677","RNI","رمضان منخوتة","33710"
"الشرق","تاوريرت","تنشرفي","1376","21674","MP","عبدالله  شاكر ","47682"
"الشرق","تاوريرت","تنشرفي","1376","21675","PI","مصطفى اوفقير","23289"
"الشرق","تاوريرت","دبدو","465","7239","USFP","المهدي بوزيدي","87971"
"الشرق","تاوريرت","دبدو","465","7239","USFP","الزهرة  عبيدي","88232"
"الشرق","تاوريرت","دبدو","465","7230","PI","علي ازبائر","63964"
"الشرق","تاوريرت","دبدو","465","7230","PI","زكية احميمدي","64131"
"الشرق","تاوريرت","دبدو","465","7237","PI","اليماني عبيدي","34893"
"الشرق","تاوريرت","دبدو","465","7237","PI","بهيجة عبيدي","39636"
"الشرق","تاوريرت","دبدو","465","7234","PAM","توفيق قدوري","150018"
"الشرق","تاوريرت","دبدو","465","7234","PAM","جهان قدوري","127630"
"الشرق","تاوريرت","دبدو","465","7236","PAM","عمار النالي","127950"
"الشرق","تاوريرت","دبدو","465","7236","PAM","مليكة اقاس","127991"
"الشرق","تاوريرت","دبدو","465","7235","PI","محمد ازبائر","51200"
"الشرق","تاوريرت","دبدو","465","7238","USFP","جمال بن دحو","63680"
"الشرق","تاوريرت","دبدو","465","7231","PI","رشيد  خلوف","50958"
"الشرق","تاوريرت","دبدو","465","7232","PAM","عبد الكريم بنعلي","127130"
"الشرق","تاوريرت","دبدو","465","7229","PI","عبد القادر مومو","22331"
"الشرق","تاوريرت","دبدو","465","7233","PAM","احمد بلفرمة","127192"
"الشرق","تاوريرت","سيدي علي بلقاسم","1174","18553","MP","حسن بلعرج","35786"
"الشرق","تاوريرت","سيدي علي بلقاسم","1174","18553","MP","نزيهة مديش","35868"
"الشرق","تاوريرت","سيدي علي بلقاسم","1174","18552","RNI","خالد زروالي","36635"
"الشرق","تاوريرت","سيدي علي بلقاسم","1174","18552","RNI","نصيرة بلعيد","36692"
"الشرق","تاوريرت","سيدي علي بلقاسم","1174","18555","USFP","احمد  العجاني","60375"
"الشرق","تاوريرت","سيدي علي بلقاسم","1174","18558","USFP","محمد حمودة","130744"
"الشرق","تاوريرت","سيدي علي بلقاسم","1174","18551","MP","محمود الدراز","110470"
"الشرق","تاوريرت","سيدي علي بلقاسم","1174","18551","MP","حورية بنحدو","110609"
"الشرق","تاوريرت","سيدي علي بلقاسم","1174","18554","MP","عبد الرحمان السعيدي","139782"
"الشرق","تاوريرت","سيدي علي بلقاسم","1174","18554","MP","الهام الشين","139964"
"الشرق","تاوريرت","سيدي علي بلقاسم","1174","18546","USFP","احمد عمر","4215"
"الشرق","تاوريرت","سيدي علي بلقاسم","1174","18556","RNI","عادل المهدي","29185"
"الشرق","تاوريرت","سيدي علي بلقاسم","1174","18556","RNI","وهيبة المهدي","29361"
"الشرق","تاوريرت","سيدي علي بلقاسم","1174","25700","PI","محمد الطالب","24256"
"الشرق","تاوريرت","سيدي علي بلقاسم","1174","25701","RNI","الحسين العسري","39155"
"الشرق","تاوريرت","سيدي علي بلقاسم","1174","18550","USFP","الحاج بنعمرو","4556"
"الشرق","تاوريرت","سيدي علي بلقاسم","1174","18547","USFP","بوبكر بنحماد","22619"
"الشرق","تاوريرت","سيدي علي بلقاسم","1174","18549","RNI","خاليد الكيحل","14498"
"الشرق","تاوريرت","سيدي علي بلقاسم","1174","18557","PAM","مصطفى  الشين","107532"
"الشرق","تاوريرت","سيدي علي بلقاسم","1174","18548","USFP","علال  حمداوي","14435"
"الشرق","تاوريرت","سيدي لحسن","1244","19636","PAM","احمد لوكيلي","45200"
"الشرق","تاوريرت","سيدي لحسن","1244","19636","PAM","خديجة تيكنت","45215"
"الشرق","تاوريرت","سيدي لحسن","1244","19637","PAM","البشير حمداوي","45160"
"الشرق","تاوريرت","سيدي لحسن","1244","19637","PAM","الزهرة لكحل","45182"
"الشرق","تاوريرت","سيدي لحسن","1244","19634","PAM","بنعلي بلحاجي","87885"
"الشرق","تاوريرت","سيدي لحسن","1244","19634","PAM","فاطيمة يوبي","87996"
"الشرق","تاوريرت","سيدي لحسن","1244","19627","PAM","عبد الرحمان سهلي","45094"
"الشرق","تاوريرت","سيدي لحسن","1244","19633","MP","رابح بناصر","110322"
"الشرق","تاوريرت","سيدي لحسن","1244","19638","PAM","البشير اليزيدي","88184"
"الشرق","تاوريرت","سيدي لحسن","1244","19626","PAM","عبد القادر السامحي","21986"
"الشرق","تاوريرت","سيدي لحسن","1244","19626","PAM","جمعة  علو","22010"
"الشرق","تاوريرت","سيدي لحسن","1244","19632","PAM","حسن دريوش","131805"
"الشرق","تاوريرت","سيدي لحسن","1244","19632","PAM","جميلة اوبديل","131925"
"الشرق","تاوريرت","سيدي لحسن","1244","19630","PAM","رابح ايناوو","52181"
"الشرق","تاوريرت","سيدي لحسن","1244","19628","PAM","محمد موغلية","13647"
"الشرق","تاوريرت","سيدي لحسن","1244","19631","PAM","مزيان دغو","44969"
"الشرق","تاوريرت","سيدي لحسن","1244","19629","PAM","محمد ميلاد","32987"
"الشرق","تاوريرت","سيدي لحسن","1244","19635","RNI","محمد شحلال","110488"
"الشرق","تاوريرت","عين الحجر","76","27123","RNI","ابراهيم بوخالفة","52907"
"الشرق","تاوريرت","عين الحجر","76","27123","RNI","وهيبة  زياني","52953"
"الشرق","تاوريرت","عين الحجر","76","1143","MP","محمد الحر","10619"
"الشرق","تاوريرت","عين الحجر","76","1143","MP","شيماء رمضاني","10621"
"الشرق","تاوريرت","عين الحجر","76","27122","RNI","المصطفى حسناوي","116790"
"الشرق","تاوريرت","عين الحجر","76","27122","RNI","صليحة زايد","117028"
"الشرق","تاوريرت","عين الحجر","76","1144","PAM","مصطفى الحاجي","143663"
"الشرق","تاوريرت","عين الحجر","76","1144","PAM","صليحة  حاجي ","143747"
"الشرق","تاوريرت","عين الحجر","76","1142","PI","محمد ماخوخي","8665"
"الشرق","تاوريرت","عين الحجر","76","1152","RNI","عبد الله بوراص","69855"
"الشرق","تاوريرت","عين الحجر","76","1151","MP","ابراهيم المقدم","35434"
"الشرق","تاوريرت","عين الحجر","76","1146","PI","البشير حسي","14437"
"الشرق","تاوريرت","عين الحجر","76","1150","PPS","اعراب  دحو ","28633"
"الشرق","تاوريرت","عين الحجر","76","1149","PAM","محمد هواتي","143368"
"الشرق","تاوريرت","عين الحجر","76","1147","MP","منير فكروش","36160"
"الشرق","تاوريرت","عين الحجر","76","1147","MP","رشيدة امزازة","36215"
"الشرق","تاوريرت","عين الحجر","76","1148","PI","اسماعيل بوجطاط","9184"
"الشرق","تاوريرت","عين الحجر","76","1145","RNI","يوسف العوني","69814"
"الشرق","تاوريرت","كطيطير","571","8993","RNI","حماد لمين","17275"
"الشرق","تاوريرت","كطيطير","571","8993","RNI","الزهرة امين","17317"
"الشرق","تاوريرت","كطيطير","571","8995","MP","مجيد اتلاغي","23870"
"الشرق","تاوريرت","كطيطير","571","8995","MP","سامية تلاغي","24000"
"الشرق","تاوريرت","كطيطير","571","8994","MP","محمد براد","17042"
"الشرق","تاوريرت","كطيطير","571","8994","MP","حورية براد","17106"
"الشرق","تاوريرت","كطيطير","571","8992","RNI","عبد القادر كليبي","8984"
"الشرق","تاوريرت","كطيطير","571","8990","RNI","الحسن  بنجلاول","16466"
"الشرق","تاوريرت","كطيطير","571","8990","RNI","حفيظة بنجلاول","16601"
"الشرق","تاوريرت","كطيطير","571","8996","MP","نورالدين حران","51237"
"الشرق","تاوريرت","كطيطير","571","8996","MP","وديان حران","51383"
"الشرق","تاوريرت","كطيطير","571","8991","PI","قدور ابو القاسم","36646"
"الشرق","تاوريرت","كطيطير","571","8998","PAM","بلعيد ختيري","17186"
"الشرق","تاوريرت","كطيطير","571","8997","RNI","محمد شبيرة","9227"
"الشرق","تاوريرت","كطيطير","571","8999","PI","عبد الرزاق عيساوي","9203"
"الشرق","تاوريرت","كطيطير","571","8989","RNI","محمد بنجلاول","16301"
"الشرق","تاوريرت","مستكمر","871","13766","PI","عبد الرحيم حنتارة","138276"
"الشرق","تاوريرت","مستكمر","871","13766","PI","ميلودة مومن","138645"
"الشرق","تاوريرت","مستكمر","871","13768","PAM","محمد ابركان","17125"
"الشرق","تاوريرت","مستكمر","871","13768","PAM","فوزية بقال","17292"
"الشرق","تاوريرت","مستكمر","871","13761","PI","غريب فارس","81728"
"الشرق","تاوريرت","مستكمر","871","13761","PI","صارة  عيسي","81839"
"الشرق","تاوريرت","مستكمر","871","13767","PAM","نبيل عيادي","34252"
"الشرق","تاوريرت","مستكمر","871","13767","PAM","نجية صديق","34352"
"الشرق","تاوريرت","مستكمر","871","13771","RNI","الميلود السحيمي","90023"
"الشرق","تاوريرت","مستكمر","871","13771","RNI","سعيدة حديدش","90249"
"الشرق","تاوريرت","مستكمر","871","13762","RNI","محمد فحشوش","25765"
"الشرق","تاوريرت","مستكمر","871","13770","RNI","محمد سماحة","32447"
"الشرق","تاوريرت","مستكمر","871","13763","PAM","عبد الله طالب","22878"
"الشرق","تاوريرت","مستكمر","871","13765","RNI","الحسين كروني","21807"
"الشرق","تاوريرت","مستكمر","871","13764","PI","يوسف طالبي","24051"
"الشرق","تاوريرت","مستكمر","871","13769","PAM","عبدالرحمان عباسي","24156"
"الشرق","تاوريرت","مشرع حمادي","858","13567","PSU","عبد العزيز البيسيس","6580"
"الشرق","تاوريرت","مشرع حمادي","858","13567","PSU","كريمة عطاف","6705"
"الشرق","تاوريرت","مشرع حمادي","858","13560","PAM","ميمون الشاوش","90055"
"الشرق","تاوريرت","مشرع حمادي","858","13560","PAM","ياسمينة اشان","90114"
"الشرق","تاوريرت","مشرع حمادي","858","13565","RNI","ميمون  الطويل ","41681"
"الشرق","تاوريرت","مشرع حمادي","858","13565","RNI","صباح الاركو","41727"
"الشرق","تاوريرت","مشرع حمادي","858","13562","PI","سعيد زاهري","16927"
"الشرق","تاوريرت","مشرع حمادي","858","13562","PI","ءامنة  شرعي ","17176"
"الشرق","تاوريرت","مشرع حمادي","858","13566","PI","معمر باهي","28318"
"الشرق","تاوريرت","مشرع حمادي","858","13566","PI","وداد عبد المومني","28367"
"الشرق","تاوريرت","مشرع حمادي","858","13563","RNI","اسعيد مزياني","41287"
"الشرق","تاوريرت","مشرع حمادي","858","13569","PAM","ميمون عبدالمومني","90453"
"الشرق","تاوريرت","مشرع حمادي","858","13570","PAM","محمد شرعي","90309"
"الشرق","تاوريرت","مشرع حمادي","858","13561","PAM","عبدالقادر غريب","27518"
"الشرق","تاوريرت","مشرع حمادي","858","13568","MP","محمد  عايش ","6205"
"الشرق","تاوريرت","مشرع حمادي","858","13564","RNI","عبد القادر فارس ","53228"
"الشرق","تاوريرت","ملك الويدان","863","13625","PI","بنيوساف البداوي","11525"
"الشرق","تاوريرت","ملك الويدان","863","13625","PI","سميرة البداوي","13307"
"الشرق","تاوريرت","ملك الويدان","863","25698","PI","يوسف باليازيد","14509"
"الشرق","تاوريرت","ملك الويدان","863","25698","PI","فضمة الشني","14577"
"الشرق","تاوريرت","ملك الويدان","863","13628","PI","عبدالحفيظ ثلاتي","21718"
"الشرق","تاوريرت","ملك الويدان","863","13626","PI","علال البداوي","11696"
"الشرق","تاوريرت","ملك الويدان","863","13633","PI","جمال  الزيريني ","23444"
"الشرق","تاوريرت","ملك الويدان","863","13631","PI"," المصطفى بالوالي","14324"
"الشرق","تاوريرت","ملك الويدان","863","13631","PI","زهور بالوالي","14409"
"الشرق","تاوريرت","ملك الويدان","863","13623","PJD","محمد قالو","119399"
"الشرق","تاوريرت","ملك الويدان","863","13623","PJD","تورية حوسني","119523"
"الشرق","تاوريرت","ملك الويدان","863","13624","PJD","محمد البوكيلي","120240"
"الشرق","تاوريرت","ملك الويدان","863","13624","PJD","حفيظة عرجي","120504"
"الشرق","تاوريرت","ملك الويدان","863","13630","PI","محمد الطاهري","8445"
"الشرق","تاوريرت","ملك الويدان","863","13627","CNI","محمد حجاجة","81898"
"الشرق","تاوريرت","ملك الويدان","863","13629","PI","عبد الرحمان حطاب","8545"
"الشرق","تاوريرت","ملك الويدان","863","25699","MP","عبد الله الوكيلي","139305"
"الشرق","تاوريرت","ملك الويدان","863","13632","PI","علال زرارة","20938"
"الشرق","جرادة","أولاد سيدي عبد الحاكم","1055","16590","PAM","عبد الله بنيعقاد","83749"
"الشرق","جرادة","أولاد سيدي عبد الحاكم","1055","16590","PAM","زينب نكيزة","83845"
"الشرق","جرادة","أولاد سيدي عبد الحاكم","1055","16589","PAM","عبد القادر خليفي","84909"
"الشرق","جرادة","أولاد سيدي عبد الحاكم","1055","16589","PAM","فاطنة جريري","84965"
"الشرق","جرادة","أولاد سيدي عبد الحاكم","1055","16597","RNI","محمدين بن عطاش","60912"
"الشرق","جرادة","أولاد سيدي عبد الحاكم","1055","16597","RNI","كريمة بنعطاش","60949"
"الشرق","جرادة","أولاد سيدي عبد الحاكم","1055","16594","PAM","عبدالرحمان بنسعاد","109018"
"الشرق","جرادة","أولاد سيدي عبد الحاكم","1055","16594","PAM","كريمة بنسعد","109198"
"الشرق","جرادة","أولاد سيدي عبد الحاكم","1055","16591","RNI","عبد الجليل ابراهيمي","51362"
"الشرق","جرادة","أولاد سيدي عبد الحاكم","1055","16588","RNI","محمد قاظفي","72247"
"الشرق","جرادة","أولاد سيدي عبد الحاكم","1055","16588","RNI","الخامسة قاظفي","72286"
"الشرق","جرادة","أولاد سيدي عبد الحاكم","1055","16587","PAM","امحمد حجي","104033"
"الشرق","جرادة","أولاد سيدي عبد الحاكم","1055","16593","PAM","محمد ابهاليل","84499"
"الشرق","جرادة","أولاد سيدي عبد الحاكم","1055","16595","UC","عبد القادر بوداود","83630"
"الشرق","جرادة","أولاد سيدي عبد الحاكم","1055","16596","RNI","سعيد حاكمي ","88210"
"الشرق","جرادة","أولاد سيدي عبد الحاكم","1055","16592","PAM","عبد الرحمان بن الطيب","104256"
"الشرق","جرادة","أولاد غزييل","1045","16414","PAM","حسن هموري","102202"
"الشرق","جرادة","أولاد غزييل","1045","16414","PAM","رحمة هموري","102350"
"الشرق","جرادة","أولاد غزييل","1045","16409","UC","مبارك بياض","83232"
"الشرق","جرادة","أولاد غزييل","1045","16409","UC","حفيضة بحدي","83427"
"الشرق","جرادة","أولاد غزييل","1045","16407","PI","عبدالقادر جبور","103386"
"الشرق","جرادة","أولاد غزييل","1045","16407","PI","رجاء  بنتومية ","103521"
"الشرق","جرادة","أولاد غزييل","1045","16412","USFP","عبد العزيز اسعادة","69807"
"الشرق","جرادة","أولاد غزييل","1045","16412","USFP","فاطمة رحالي","69884"
"الشرق","جرادة","أولاد غزييل","1045","16415","UC","محمد الكوال","53907"
"الشرق","جرادة","أولاد غزييل","1045","27100","PI","حمزة لمحمدي","111215"
"الشرق","جرادة","أولاد غزييل","1045","16406","PAM","بوجمعة التامي","100372"
"الشرق","جرادة","أولاد غزييل","1045","16408","PI","بوشتة مردود","85783"
"الشرق","جرادة","أولاد غزييل","1045","16410","PAM","امحمد شغنون","73585"
"الشرق","جرادة","أولاد غزييل","1045","27101","PI","احمد اسعادة","69098"
"الشرق","جرادة","أولاد غزييل","1045","16405","PI","حمو يعكوبي","103131"
"الشرق","جرادة","أولاد غزييل","1045","16405","PI","جمعة عباسي","103204"
"الشرق","جرادة","أولاد غزييل","1045","16413","PAM","المداني  بحدي","101032"
"الشرق","جرادة","أولاد غزييل","1045","16411","PAM","ادريس جلولي","73816"
"الشرق","جرادة","بني مطهر","355","5465","RNI","عبدالقادر حمو","117591"
"الشرق","جرادة","بني مطهر","355","5465","RNI","سهام حمو","117928"
"الشرق","جرادة","بني مطهر","355","5463","PAM","بوعمامة زايدي","54478"
"الشرق","جرادة","بني مطهر","355","5463","PAM","الزهرة  الزايدي","54537"
"الشرق","جرادة","بني مطهر","355","5462","PAM","السهلي دحماني","54646"
"الشرق","جرادة","بني مطهر","355","5462","PAM","صليحة علوي","54708"
"الشرق","جرادة","بني مطهر","355","5471","RNI","عبدالنبي سكران","115712"
"الشرق","جرادة","بني مطهر","355","5471","RNI","فوزية بلحبيب","115880"
"الشرق","جرادة","بني مطهر","355","27098","RNI","اقويدر اعمامو","106611"
"الشرق","جرادة","بني مطهر","355","27098","RNI","فاطنة  كاسمي","106874"
"الشرق","جرادة","بني مطهر","355","27099","RNI","رمضان اليماني","79334"
"الشرق","جرادة","بني مطهر","355","5468","PAM","محمد  منصوري","50113"
"الشرق","جرادة","بني مطهر","355","5470","PAM","عبد الرحمان مهايي","54997"
"الشرق","جرادة","بني مطهر","355","5464","PAM","اليماني الداودي","51150"
"الشرق","جرادة","بني مطهر","355","5461","PAM","سفيان عثماني","108580"
"الشرق","جرادة","بني مطهر","355","5467","PAM","عبد الرزاق عابد","81686"
"الشرق","جرادة","بني مطهر","355","5466","PAM","بنسرية لدغامي","51223"
"الشرق","جرادة","بني مطهر","355","5469","PAM","محمد دحماني","55537"
"الشرق","جرادة","تويسيت","1500","23464","RNI","المختار بنشريط","51857"
"الشرق","جرادة","تويسيت","1500","23464","RNI","ابتسام بلا","51911"
"الشرق","جرادة","تويسيت","1500","23463","PI","عزيز بن جانى","108254"
"الشرق","جرادة","تويسيت","1500","23463","PI","اكرام الرافعي","108345"
"الشرق","جرادة","تويسيت","1500","23466","PI","امحمد العابد","21651"
"الشرق","جرادة","تويسيت","1500","23461","RNI","يحي هبوس","4240"
"الشرق","جرادة","تويسيت","1500","23461","RNI","سناء داروي","4294"
"الشرق","جرادة","تويسيت","1500","23467","RNI","حسن بوعزي","3893"
"الشرق","جرادة","تويسيت","1500","23458","RNI","احمد حشباي","3510"
"الشرق","جرادة","تويسيت","1500","23465","PI","الميلود خلوة","52009"
"الشرق","جرادة","تويسيت","1500","23459","RNI","محمد حشباي","4050"
"الشرق","جرادة","تويسيت","1500","23459","RNI","سعاد الفرح","4164"
"الشرق","جرادة","تويسيت","1500","23460","RNI","الميلود اعرج","3602"
"الشرق","جرادة","تويسيت","1500","23462","USFP","لكبير تابيت","51718"
"الشرق","جرادة","تويسيت","1500","23462","USFP","سعاد رحموني","51769"
"الشرق","جرادة","تويسيت","1500","23468","RNI","الشيخ بوعزي","3945"
"الشرق","جرادة","تيولي","1463","23011","PAM","احمد شرابي","36293"
"الشرق","جرادة","تيولي","1463","23011","PAM","تورية بوفي","36368"
"الشرق","جرادة","تيولي","1463","23006","RNI","عبد الرزاق  ميساوي","94050"
"الشرق","جرادة","تيولي","1463","23003","RNI","محمد بالرسون","12739"
"الشرق","جرادة","تيولي","1463","23003","RNI","سليمة فريندي","12951"
"الشرق","جرادة","تيولي","1463","23009","RNI","عبد الله بوعزي","34196"
"الشرق","جرادة","تيولي","1463","23009","RNI","مريم شيخاوي","34312"
"الشرق","جرادة","تيولي","1463","23008","RNI","عبدالواحد القندوسي","29832"
"الشرق","جرادة","تيولي","1463","23002","RNI","عبدالقادر السعيدي","30667"
"الشرق","جرادة","تيولي","1463","23004","RNI","النعيمي مسلمي","30832"
"الشرق","جرادة","تيولي","1463","23004","RNI","صارة مسلمي","30879"
"الشرق","جرادة","تيولي","1463","23010","RNI","بوبكر كادسي","29952"
"الشرق","جرادة","تيولي","1463","23007","RNI","الشيخ بالرافعي","30734"
"الشرق","جرادة","تيولي","1463","23007","RNI","مليكة الجلطي","30784"
"الشرق","جرادة","تيولي","1463","23001","RNI","عبد الرحمان بلحضري","30032"
"الشرق","جرادة","تيولي","1463","23005","MP","محمد عبد الاوي","104118"
"الشرق","جرادة","جرادة","685","28329","PPS","محمد لعبيدي","5207"
"الشرق","جرادة","جرادة","685","28314","PPS","خالد بشيرن","31951"
"الشرق","جرادة","جرادة","685","28326","PPS","عبد القادر اسعادة","51094"
"الشرق","جرادة","جرادة","685","28326","PPS","لبنى والجكلي","51149"
"الشرق","جرادة","جرادة","685","28315","PPS","ياسين  بوجخروط","92680"
"الشرق","جرادة","جرادة","685","28328","PPS","ادريس بلا","6789"
"الشرق","جرادة","جرادة","685","28313","PPS","يوسف شحلال","32094"
"الشرق","جرادة","جرادة","685","28310","PPS","عزالدين عثماني","11155"
"الشرق","جرادة","جرادة","685","28330","PPS","صالح حامدي","4153"
"الشرق","جرادة","جرادة","685","28325","PPS","عبد الله درويش","69601"
"الشرق","جرادة","جرادة","685","28331","PPS","عزالدين اخليفة","59140"
"الشرق","جرادة","جرادة","685","28324","PPS","جمال شيخام","36272"
"الشرق","جرادة","جرادة","685","28327","PPS","رضوان اعبيد","11290"
"الشرق","جرادة","جرادة","685","28319","PPS","حسن اعراب","37607"
"الشرق","جرادة","جرادة","685","28320","PPS","عبد الاله رشيدي","60139"
"الشرق","جرادة","جرادة","685","28320","PPS","فدوى شاحب","60196"
"الشرق","جرادة","جرادة","685","28316","PI","خليد النهاري","53390"
"الشرق","جرادة","جرادة","685","28316","PI","يمينة امغار","53510"
"الشرق","جرادة","جرادة","685","28322","PPS","سمير ايناو","58394"
"الشرق","جرادة","جرادة","685","28322","PPS","اسماء العالي","58444"
"الشرق","جرادة","جرادة","685","28308","PPS","عبد العالي حرشي","46699"
"الشرق","جرادة","جرادة","685","28308","PPS","وفاء المولى","46748"
"الشرق","جرادة","جرادة","685","28318","PPS","عبد الرحيم ابقيش","80867"
"الشرق","جرادة","جرادة","685","28307","PPS","محمد ايناو","32302"
"الشرق","جرادة","جرادة","685","28323","PPS","حفيظ الحسني","38507"
"الشرق","جرادة","جرادة","685","28311","PPS","محمد مكاوي","114427"
"الشرق","جرادة","جرادة","685","28317","PPS","عبد السلام بوطيبي","36562"
"الشرق","جرادة","جرادة","685","28321","PPS","محمد شحلال","58179"
"الشرق","جرادة","جرادة","685","28309","PPS","حسن زناسني","16407"
"الشرق","جرادة","جرادة","685","28312","RNI","سعيد صلحي","86934"
"الشرق","جرادة","راس عصفور","1079","16971","RNI","صالح بوفلجة","61134"
"الشرق","جرادة","راس عصفور","1079","16971","RNI","مريم مقامي","61233"
"الشرق","جرادة","راس عصفور","1079","16966","PAM","بن احمد هاشمي","48569"
"الشرق","جرادة","راس عصفور","1079","16966","PAM","العالية  هاشمي ","48711"
"الشرق","جرادة","راس عصفور","1079","16967","RNI","عبد الحميد المرصلي","59980"
"الشرق","جرادة","راس عصفور","1079","16967","RNI","نزيهة المرسلي","60030"
"الشرق","جرادة","راس عصفور","1079","16965","PAM","محمد بوعشير","51185"
"الشرق","جرادة","راس عصفور","1079","16965","PAM","كريمة  خلوة","51252"
"الشرق","جرادة","راس عصفور","1079","16972","PAM","عبد الكريم سرجي","141388"
"الشرق","جرادة","راس عصفور","1079","16972","PAM","نجاة لحلال","141624"
"الشرق","جرادة","راس عصفور","1079","16964","PAM","رمضان خلوة","51063"
"الشرق","جرادة","راس عصفور","1079","16970","RNI","الحسن خوخي","37672"
"الشرق","جرادة","راس عصفور","1079","16968","RNI","احمد عفاني","59644"
"الشرق","جرادة","راس عصفور","1079","16973","RNI","الحسن سرجي","37947"
"الشرق","جرادة","راس عصفور","1079","16969","PAM","محمد عفاني","60862"
"الشرق","جرادة","راس عصفور","1079","16963","PAM","جابر جبيلو","48179"
"الشرق","جرادة","سيدي بوبكر","1196","18928","PI","الميلود العابد","22752"
"الشرق","جرادة","سيدي بوبكر","1196","18928","PI","سهام العامري","23067"
"الشرق","جرادة","سيدي بوبكر","1196","18925","RNI","زكرياء قطاري","35863"
"الشرق","جرادة","سيدي بوبكر","1196","18925","RNI","حدهم الرحماني","35941"
"الشرق","جرادة","سيدي بوبكر","1196","18923","MP","بوبكر الصادقي","33945"
"الشرق","جرادة","سيدي بوبكر","1196","18923","MP","كريمة دحماني","34056"
"الشرق","جرادة","سيدي بوبكر","1196","18927","RNI","صباح قطاري","26020"
"الشرق","جرادة","سيدي بوبكر","1196","18931","PI","احمد العقباني","26356"
"الشرق","جرادة","سيدي بوبكر","1196","18926","RNI","رمضان خمسي","39874"
"الشرق","جرادة","سيدي بوبكر","1196","18924","USFP","العيد الوس","25632"
"الشرق","جرادة","سيدي بوبكر","1196","18924","USFP","زوليخة حروشي","25754"
"الشرق","جرادة","سيدي بوبكر","1196","18932","PI","الجيلالي زيرار","23262"
"الشرق","جرادة","سيدي بوبكر","1196","18922","PAM","يوسف العقباني","47497"
"الشرق","جرادة","سيدي بوبكر","1196","18922","PAM","سكينة مفتاح","47650"
"الشرق","جرادة","سيدي بوبكر","1196","18930","PAM","عبد الله  اولوس ","140702"
"الشرق","جرادة","سيدي بوبكر","1196","18929","RNI","بلقاسم مزارع","25917"
"الشرق","جرادة","عين بني مطهر","61","27105","PAM","محمد  دحماني","90041"
"الشرق","جرادة","عين بني مطهر","61","25693","RNI","احمد الكنفود","44562"
"الشرق","جرادة","عين بني مطهر","61","25693","RNI","حسناء دحماني","44628"
"الشرق","جرادة","عين بني مطهر","61","27109","PAM","الطاهر انكادي","124956"
"الشرق","جرادة","عين بني مطهر","61","27107","PAM","العيد البركة","90432"
"الشرق","جرادة","عين بني مطهر","61","25692","PAM","عبد الناصر  اسماعيلي","123391"
"الشرق","جرادة","عين بني مطهر","61","25692","PAM","حليمة منصوري","123298"
"الشرق","جرادة","عين بني مطهر","61","27108","PAM","الزين المالكي","126021"
"الشرق","جرادة","عين بني مطهر","61","889","PAM","بوحفص بن الطيب","145273"
"الشرق","جرادة","عين بني مطهر","61","896","PAM","عبد القادر محجوبي","89302"
"الشرق","جرادة","عين بني مطهر","61","896","PAM","فطيمة بوانشوشان","89559"
"الشرق","جرادة","عين بني مطهر","61","897","PAM","بوعلام احتيتي","94685"
"الشرق","جرادة","عين بني مطهر","61","897","PAM","مجيدة ايناو","94804"
"الشرق","جرادة","عين بني مطهر","61","900","PAM","مصطفى بنساعد","125546"
"الشرق","جرادة","عين بني مطهر","61","900","PAM","نعيمة قادفي","125613"
"الشرق","جرادة","عين بني مطهر","61","899","PAM","اليماني قاظفي","90570"
"الشرق","جرادة","عين بني مطهر","61","901","PAM","عبد اللطيف وسلتي","93510"
"الشرق","جرادة","عين بني مطهر","61","898","RNI","محمد قاظفي","56405"
"الشرق","جرادة","عين بني مطهر","61","27106","PAM","الهواري زويني","92030"
"الشرق","جرادة","عين بني مطهر","61","894","UC","عبد الجبار بقالي","55892"
"الشرق","جرادة","عين بني مطهر","61","27102","RNI","عبد الصمد وهابي","44126"
"الشرق","جرادة","عين بني مطهر","61","895","RNI","السهلي الدكالي","42950"
"الشرق","جرادة","عين بني مطهر","61","893","PAM","الجيلالي عياد","89101"
"الشرق","جرادة","عين بني مطهر","61","27104","RNI","محمد ايناو","144914"
"الشرق","جرادة","عين بني مطهر","61","27103","RNI","احمد  الكنفود","43642"
"الشرق","جرادة","عين بني مطهر","61","890","RNI","عبد الله بوكريت","42349"
"الشرق","جرادة","عين بني مطهر","61","892","PAM","رشيد بن الطيب","88049"
"الشرق","جرادة","عين بني مطهر","61","891","PAM","اسماعين ابهاليل","95175"
"الشرق","جرادة","كفايت","558","8787","PAM","عبد الرحمان حمزاوي ","64866"
"الشرق","جرادة","كفايت","558","8787","PAM","فاطنة  حمزاوي","64922"
"الشرق","جرادة","كفايت","558","8791","PAM","عبد المجيد الدرويش","59915"
"الشرق","جرادة","كفايت","558","8791","PAM","رشيدة  نكلافي","59971"
"الشرق","جرادة","كفايت","558","8794","PAM","عمار بالخيري","70993"
"الشرق","جرادة","كفايت","558","8794","PAM","نجاة جفالي","71030"
"الشرق","جرادة","كفايت","558","8788","MP","رشيد  حمزاوي","123924"
"الشرق","جرادة","كفايت","558","8788","MP","الزهرة  دشاني","70353"
"الشرق","جرادة","كفايت","558","8784","RNI","احمد حمزاوي","93090"
"الشرق","جرادة","كفايت","558","8784","RNI","سلوى حمزاوي","93208"
"الشرق","جرادة","كفايت","558","8785","RNI","محمد حمزاوي","69470"
"الشرق","جرادة","كفايت","558","8793","PAM","احمد بنسرية","63782"
"الشرق","جرادة","كفايت","558","8789","PAM","عبد الحق حمزاوي","60297"
"الشرق","جرادة","كفايت","558","8790","PAM","مصطفى حمزاوي","69553"
"الشرق","جرادة","كفايت","558","8786","PI","محمد حمزاوي","116475"
"الشرق","جرادة","كفايت","558","8792","PAM","حكيم الجاعي","60370"
"الشرق","جرادة","كنفودة","574","9042","RNI","مروان ماحي","15637"
"الشرق","جرادة","كنفودة","574","9042","RNI","سميرة الدحماني","79815"
"الشرق","جرادة","كنفودة","574","9043","RNI","الطيب يحياوي","137804"
"الشرق","جرادة","كنفودة","574","9043","RNI","نعيمة الشريف","138026"
"الشرق","جرادة","كنفودة","574","9051","PI","سعيد زياني","41175"
"الشرق","جرادة","كنفودة","574","9051","PI","حنان ابراهمي","41290"
"الشرق","جرادة","كنفودة","574","9049","USFP","حبيب مهدي","2221"
"الشرق","جرادة","كنفودة","574","9044","RNI","محمد ماحي","136358"
"الشرق","جرادة","كنفودة","574","9044","RNI","شهرزاد عبداللاوي","136590"
"الشرق","جرادة","كنفودة","574","9050","RNI","الماحي هنشي","14457"
"الشرق","جرادة","كنفودة","574","9050","RNI","نوال هنشي","14752"
"الشرق","جرادة","كنفودة","574","9048","RNI","الطيب راشدي","134256"
"الشرق","جرادة","كنفودة","574","9052","PI","اسليمان بوعيشات","2079"
"الشرق","جرادة","كنفودة","574","9046","RNI","لخضر قادري","40067"
"الشرق","جرادة","كنفودة","574","9047","PAM","رشيد حامدي","40189"
"الشرق","جرادة","كنفودة","574","9045","MP","زكرياء بنعلي","48395"
"الشرق","جرادة","لبخاتة","795","12550","PAM","سعيد الطيبي","62068"
"الشرق","جرادة","لبخاتة","795","12550","PAM","يمينة الطيبي","62153"
"الشرق","جرادة","لبخاتة","795","12547","PI","حسن كتويي","49809"
"الشرق","جرادة","لبخاتة","795","12547","PI","حفيظة  كتوي","49888"
"الشرق","جرادة","لبخاتة","795","12553","PI","احمد فاتحي","39515"
"الشرق","جرادة","لبخاتة","795","12553","PI","فتيحة حباشي","39784"
"الشرق","جرادة","لبخاتة","795","12549","PAM","عبد الناصر  الطيبي","59308"
"الشرق","جرادة","لبخاتة","795","12549","PAM","سمية  الطيبي ","59342"
"الشرق","جرادة","لبخاتة","795","12544","UC","محمد بالخيري","38292"
"الشرق","جرادة","لبخاتة","795","12552","PI","عبد القادر مرزوكي","39952"
"الشرق","جرادة","لبخاتة","795","12551","PI","محمد  عبادي","55035"
"الشرق","جرادة","لبخاتة","795","12548","PAM","البشير  طيبي","66391"
"الشرق","جرادة","لبخاتة","795","12545","PAM","محمد  دحماني","92574"
"الشرق","جرادة","لبخاتة","795","12545","PAM","منال دحماني","92641"
"الشرق","جرادة","لبخاتة","795","12543","RNI","ابراهيم فاتحي","84492"
"الشرق","جرادة","لبخاتة","795","12546","PI","لحسن مسعودي","72155"
"الشرق","جرادة","لعوينات","739","11632","PI","لحبيب  الراشدي","22249"
"الشرق","جرادة","لعوينات","739","11632","PI","خادة حموية","22302"
"الشرق","جرادة","لعوينات","739","11626","RNI","الحسين عباسي","19424"
"الشرق","جرادة","لعوينات","739","11626","RNI","صليحة انكادي","79753"
"الشرق","جرادة","لعوينات","739","11633","PI","البكاي  زكاغ","49595"
"الشرق","جرادة","لعوينات","739","11633","PI","سميرة  زكاغ ","49663"
"الشرق","جرادة","لعوينات","739","11623","RNI","محمد عماري","133206"
"الشرق","جرادة","لعوينات","739","11623","RNI","سعيدة عماري","133275"
"الشرق","جرادة","لعوينات","739","11629","RNI","محمد ابخيتات","18714"
"الشرق","جرادة","لعوينات","739","11627","PI","لحبيب نوري","89548"
"الشرق","جرادة","لعوينات","739","11625","RNI","البشير هباين","36481"
"الشرق","جرادة","لعوينات","739","11625","RNI","ربيعة مغلفي","36538"
"الشرق","جرادة","لعوينات","739","11630","RNI","الميلود  برخلي","18419"
"الشرق","جرادة","لعوينات","739","11628","PI","عيسى مغلفي","130195"
"الشرق","جرادة","لعوينات","739","11631","RNI","الزين مجدوبي","79415"
"الشرق","جرادة","لعوينات","739","11624","RNI","العيد الحاجي","18618"
"الشرق","جرادة","مريجة","912","14460","PAM","محمد بنيوسف المامون","95804"
"الشرق","جرادة","مريجة","912","14460","PAM","ابتسام المامون","96017"
"الشرق","جرادة","مريجة","912","14462","PI","الحاج ادريسي","161799"
"الشرق","جرادة","مريجة","912","14462","PI","اسية ادريسي","161800"
"الشرق","جرادة","مريجة","912","14456","PAM","عامر معزوزي","111754"
"الشرق","جرادة","مريجة","912","14456","PAM","لطيفة بنسرية","111885"
"الشرق","جرادة","مريجة","912","14461","PI","عبدالكبير بنسرية","104036"
"الشرق","جرادة","مريجة","912","14463","PAM","محمد مزوزي","84723"
"الشرق","جرادة","مريجة","912","14463","PAM","حبيبة مازوزي","84820"
"الشرق","جرادة","مريجة","912","14464","PI","بن عبد الله قاسمي","101688"
"الشرق","جرادة","مريجة","912","14457","MP","محمد اعوشاب","90064"
"الشرق","جرادة","مريجة","912","14457","MP","فاطنة  اعوشاب","90281"
"الشرق","جرادة","مريجة","912","14466","PAM","بنيوسف بلمشيش","106738"
"الشرق","جرادة","مريجة","912","14459","RNI","رضوان درفوفي","80089"
"الشرق","جرادة","مريجة","912","14465","PAM","لخضر الذارحي","106458"
"الشرق","جرادة","مريجة","912","14458","PAM","محمد لكعيوي","79913"
"الشرق","جرسيف","الصباب","254","3795","PI","عبد الحنين عزون","11822"
"الشرق","جرسيف","الصباب","254","3795","PI","هدى العمراوي","12421"
"الشرق","جرسيف","الصباب","254","3791","PI","بلقاسم  يوسفي","14889"
"الشرق","جرسيف","الصباب","254","3791","PI","فريدة العشوري","14940"
"الشرق","جرسيف","الصباب","254","3796","PI","محمد الوناني","3798"
"الشرق","جرسيف","الصباب","254","3796","PI","ربيعة توتاي","4040"
"الشرق","جرسيف","الصباب","254","3789","PI","محمدين كعكوع ","160"
"الشرق","جرسيف","الصباب","254","3788","PAM","ميمون  المنصوري","69611"
"الشرق","جرسيف","الصباب","254","3798","PI","عبد الواحد اخطاب","11153"
"الشرق","جرسيف","الصباب","254","3798","PI","فاطمة الزهراء  ابرشان ","11179"
"الشرق","جرسيف","الصباب","254","3793","PAM","محمد كريمي","49892"
"الشرق","جرسيف","الصباب","254","3797","PI","عبد الحفيظ خيار","22751"
"الشرق","جرسيف","الصباب","254","3797","PI","كريمة ابوتاج","22791"
"الشرق","جرسيف","الصباب","254","3794","USFP","عبدالقادر ادريسي","110200"
"الشرق","جرسيف","الصباب","254","3792","PI","عزيز  بهطاط","13711"
"الشرق","جرسيف","الصباب","254","3790","PI","كريم الكلالي","11458"
"الشرق","جرسيف","اولاد بوريمة","992","15638","PI","مصطفى اطيبات","19864"
"الشرق","جرسيف","اولاد بوريمة","992","15638","PI","نعيمة انكايري","19901"
"الشرق","جرسيف","اولاد بوريمة","992","15641","PAM","الحسين فكراش","30053"
"الشرق","جرسيف","اولاد بوريمة","992","15641","PAM","فوزية البخوش","30222"
"الشرق","جرسيف","اولاد بوريمة","992","15637","PI","لخضر بنعمر","26834"
"الشرق","جرسيف","اولاد بوريمة","992","15637","PI","لطيفة الزرهوني","27027"
"الشرق","جرسيف","اولاد بوريمة","992","15636","RNI","منصور زروالي","41408"
"الشرق","جرسيف","اولاد بوريمة","992","15636","RNI","سكينة زروالي","41588"
"الشرق","جرسيف","اولاد بوريمة","992","15646","RNI","عبد القادر الشابوش","22399"
"الشرق","جرسيف","اولاد بوريمة","992","15645","PAM","حسن الزين","15774"
"الشرق","جرسيف","اولاد بوريمة","992","15640","RNI","قدور بنديدي","40026"
"الشرق","جرسيف","اولاد بوريمة","992","15640","RNI","هند بنديدي","40295"
"الشرق","جرسيف","اولاد بوريمة","992","15643","PAM","محمد زيان","126358"
"الشرق","جرسيف","اولاد بوريمة","992","15639","PI","الحسن ستوتي","24855"
"الشرق","جرسيف","اولاد بوريمة","992","15642","PAM","قدور مخفي","114110"
"الشرق","جرسيف","اولاد بوريمة","992","15644","PAM","جواد زكاغ","12915"
"الشرق","جرسيف","بركين","281","4233","PAM","احمد شاوش","29288"
"الشرق","جرسيف","بركين","281","4233","PAM","خديجة عبوب","29390"
"الشرق","جرسيف","بركين","281","4241","PAM","الخدير قرسيس","62032"
"الشرق","جرسيف","بركين","281","4229","PI","ابراهيم كبور","41594"
"الشرق","جرسيف","بركين","281","4229","PI","فاطمة كبور","41668"
"الشرق","جرسيف","بركين","281","4235","RNI","محمد شبلو","8434"
"الشرق","جرسيف","بركين","281","4232","PI","ابراهيم بوعسيس","28991"
"الشرق","جرسيف","بركين","281","4232","PI","تورية كيريس","29182"
"الشرق","جرسيف","بركين","281","4239","PAM","عبد الحميد الحسني","30109"
"الشرق","جرسيف","بركين","281","4239","PAM","فاطمة الموحدي","30141"
"الشرق","جرسيف","بركين","281","4234","RNI","بوجمعة بالي","8282"
"الشرق","جرسيف","بركين","281","4238","RNI"," محمد خزرون","8067"
"الشرق","جرسيف","بركين","281","4238","RNI","حدهوم  اللوزي","8104"
"الشرق","جرسيف","بركين","281","4237","RNI","محمد خطاب","8742"
"الشرق","جرسيف","بركين","281","4230","RNI","بلقاسم ايجرين","7900"
"الشرق","جرسيف","بركين","281","4236","USFP","عبدالرزاق ملا","15161"
"الشرق","جرسيف","بركين","281","4240","PAM","عمرو ماحو","55664"
"الشرق","جرسيف","بركين","281","4231","RNI","لحسن العياشي","7988"
"الشرق","جرسيف","تادرت","1312","20786","PAM","انوار عقيل","50686"
"الشرق","جرسيف","تادرت","1312","20786","PAM","لعزيزة الحداد","50811"
"الشرق","جرسيف","تادرت","1312","20792","PAM","سمير بوعقلين","7394"
"الشرق","جرسيف","تادرت","1312","20793","PAM","محمد عباد","7667"
"الشرق","جرسيف","تادرت","1312","20793","PAM","تورية علوان","7812"
"الشرق","جرسيف","تادرت","1312","20797","USFP","محمد الصغير بعزيز","18737"
"الشرق","جرسيف","تادرت","1312","20777","RNI","عبد اللـه بشيري","3358"
"الشرق","جرسيف","تادرت","1312","20783","PAM","الجيلالي لوكيلي","23522"
"الشرق","جرسيف","تادرت","1312","20783","PAM","سكينة هدراج","23727"
"الشرق","جرسيف","تادرت","1312","20782","RNI","عزوز صلك","53210"
"الشرق","جرسيف","تادرت","1312","20782","RNI","زينب الزوبع","53305"
"الشرق","جرسيف","تادرت","1312","20788","PI","نورالدين مزردة","6463"
"الشرق","جرسيف","تادرت","1312","20788","PI","الزهرة سغروشني","7077"
"الشرق","جرسيف","تادرت","1312","20790","USFP","حفيظ شعول","136520"
"الشرق","جرسيف","تادرت","1312","20794","PAM","عبد السلام اغمير","12534"
"الشرق","جرسيف","تادرت","1312","20789","PI","ميلود مداح","5055"
"الشرق","جرسيف","تادرت","1312","20785","PAM","عصام صديق","82300"
"الشرق","جرسيف","تادرت","1312","20776","PAM","عبد الحق لعوج","48353"
"الشرق","جرسيف","تادرت","1312","20778","RNI","سعيد شرادي","4066"
"الشرق","جرسيف","تادرت","1312","20796","PAM","طارق معاش","7224"
"الشرق","جرسيف","تادرت","1312","20791","PAM","عمر لهريش","7474"
"الشرق","جرسيف","تادرت","1312","20779","PI","عبد الرحمان  مكروض","29285"
"الشرق","جرسيف","تادرت","1312","20780","PAM","ادريس لمرابط","27150"
"الشرق","جرسيف","تادرت","1312","20781","PAM","امحمد وهاب","38565"
"الشرق","جرسيف","تادرت","1312","20787","RNI","حماد ازروال","28087"
"الشرق","جرسيف","تادرت","1312","20795","RNI","العياشي افراو","101175"
"الشرق","جرسيف","تادرت","1312","20798","PAM","عامر لمبيطل","48136"
"الشرق","جرسيف","تادرت","1312","20784","RNI","ابراهم طايع","4727"
"الشرق","جرسيف","جرسيف","575","25059","PAM","محمد البرنيشي","124449"
"الشرق","جرسيف","جرسيف","575","25059","PAM","نجاة بغدادي","126290"
"الشرق","جرسيف","جرسيف","575","25059","PAM","سعيد الحافة","124614"
"الشرق","جرسيف","جرسيف","575","25059","PAM","فاطمة الزهراء انكادي","126338"
"الشرق","جرسيف","جرسيف","575","25059","PAM","مصطفى عد","124739"
"الشرق","جرسيف","جرسيف","575","25059","PAM","نورة المويسي","126388"
"الشرق","جرسيف","جرسيف","575","25059","PAM","جعفر الضيفي","124870"
"الشرق","جرسيف","جرسيف","575","25059","PAM","احميدة امين","124972"
"الشرق","جرسيف","جرسيف","575","25059","RNI","احمد عزوزي","145379"
"الشرق","جرسيف","جرسيف","575","25059","RNI","صباح السبتي","149068"
"الشرق","جرسيف","جرسيف","575","25059","RNI","حكيم السهلي","146208"
"الشرق","جرسيف","جرسيف","575","25059","RNI","حياة باليل","149159"
"الشرق","جرسيف","جرسيف","575","25059","RNI","محمد زرهوني","146313"
"الشرق","جرسيف","جرسيف","575","25059","RNI","عزيزة السهلي","149227"
"الشرق","جرسيف","جرسيف","575","25059","RNI","محمد خدادة","146457"
"الشرق","جرسيف","جرسيف","575","25059","PI","علي الجغاوي","88228"
"الشرق","جرسيف","جرسيف","575","25059","PI","سميرة يعكوبي","95560"
"الشرق","جرسيف","جرسيف","575","25059","PI","السهلي سكحال","88905"
"الشرق","جرسيف","جرسيف","575","25059","PI","إلهام البوراسي","95841"
"الشرق","جرسيف","جرسيف","575","25059","PI","الطيب البقالي","89723"
"الشرق","جرسيف","جرسيف","575","25059","PI","محمد العمراوي","90269"
"الشرق","جرسيف","جرسيف","575","25059","USFP","سعيد بعزيز","98681"
"الشرق","جرسيف","جرسيف","575","25059","USFP","سومية بدراوي","98845"
"الشرق","جرسيف","جرسيف","575","25059","FFD","عزيز  صادق ","150418"
"الشرق","جرسيف","جرسيف","575","25059","FFD","فاطيمة المحجوب","152384"
"الشرق","جرسيف","جرسيف","575","25059","PJD","جمال بل فرح","99185"
"الشرق","جرسيف","جرسيف","575","25059","PJD","زبيدة الطك","99763"
"الشرق","جرسيف","جرسيف","575","25059","PPS","احمد بودة","98594"
"الشرق","جرسيف","جرسيف","575","25059","CNI","محمد البهيج","151861"
"الشرق","جرسيف","جرسيف","575","25059","PEDD","علي تبوعلالت","70096"
"الشرق","جرسيف","جرسيف","575","25059","MP","محمد العبداللوي","131851"
"الشرق","جرسيف","راس القصر","1084","17057","PAM","عمرو مقران","25577"
"الشرق","جرسيف","راس القصر","1084","17057","PAM","لطيفة شملال","25749"
"الشرق","جرسيف","راس القصر","1084","17058","RNI","عبد السلام سال","132819"
"الشرق","جرسيف","راس القصر","1084","17063","PAM","محمدين ابن سلاو","20902"
"الشرق","جرسيف","راس القصر","1084","17063","PAM","نعيمة حطيطي","20917"
"الشرق","جرسيف","راس القصر","1084","17064","PJD","علي بل فرح","109554"
"الشرق","جرسيف","راس القصر","1084","17064","PJD","فاطمة سالك","109659"
"الشرق","جرسيف","راس القصر","1084","17059","RNI","بناصر شراح","41401"
"الشرق","جرسيف","راس القصر","1084","17059","RNI","اسماء مكروم","41560"
"الشرق","جرسيف","راس القصر","1084","17054","USFP","عبدالرحيم زمزم","47235"
"الشرق","جرسيف","راس القصر","1084","17066","PAM","بوبكر لحسيني","8264"
"الشرق","جرسيف","راس القصر","1084","17065","PI","بنعيسى برشان","25248"
"الشرق","جرسيف","راس القصر","1084","17065","PI","لطيفة بندرو","25285"
"الشرق","جرسيف","راس القصر","1084","17055","PAM","احمد باهدي","85849"
"الشرق","جرسيف","راس القصر","1084","17062","PI","محمد عبو","26874"
"الشرق","جرسيف","راس القصر","1084","17060","PAM","عتيق كجي","82437"
"الشرق","جرسيف","راس القصر","1084","17056","USFP","نور الدين والعيز","25159"
"الشرق","جرسيف","راس القصر","1084","17061","PAM","محمد بربو","21115"
"الشرق","جرسيف","صاكة","1117","17558","RNI","محمادي  شيهب","48833"
"الشرق","جرسيف","صاكة","1117","17558","RNI","دنيا زراد","49061"
"الشرق","جرسيف","صاكة","1117","17557","PAM","زكرياء ايوبي","72583"
"الشرق","جرسيف","صاكة","1117","17557","PAM","حياة يوب","72639"
"الشرق","جرسيف","صاكة","1117","17546","PI","سعيد الحسيني","72115"
"الشرق","جرسيف","صاكة","1117","17546","PI","سهام صابير","72201"
"الشرق","جرسيف","صاكة","1117","17539","RNI","امحمد كوهاتي","8471"
"الشرق","جرسيف","صاكة","1117","17545","RNI","ياسين سعيد","8006"
"الشرق","جرسيف","صاكة","1117","17551","USFP","عبد النبي معينيش","104806"
"الشرق","جرسيف","صاكة","1117","17555","PAM","عبدالكريم زنوتي","13224"
"الشرق","جرسيف","صاكة","1117","17549","PI","المهدي عبد اللوي","12248"
"الشرق","جرسيف","صاكة","1117","17549","PI","كريمة الشيهب","17501"
"الشرق","جرسيف","صاكة","1117","17552","PI","بوجمع حدوتي","8636"
"الشرق","جرسيف","صاكة","1117","17543","RNI","يعكوب  فيسون","41640"
"الشرق","جرسيف","صاكة","1117","17556","PI","بوبكر معروفي","28255"
"الشرق","جرسيف","صاكة","1117","17544","RNI","الحسن قريوح","73094"
"الشرق","جرسيف","صاكة","1117","17541","PI","عبد العزيز  مركعي","54822"
"الشرق","جرسيف","صاكة","1117","17541","PI","كريمة مركعي","54918"
"الشرق","جرسيف","صاكة","1117","17554","PI","حماد غداري","11826"
"الشرق","جرسيف","صاكة","1117","17542","PI","عمر  زكاغي","81870"
"الشرق","جرسيف","صاكة","1117","17547","RNI","عبد النبي بخاخ","8125"
"الشرق","جرسيف","صاكة","1117","17559","PI","عياد الرايسي","8714"
"الشرق","جرسيف","صاكة","1117","17548","RNI","براهيم ازعوم","45374"
"الشرق","جرسيف","صاكة","1117","17553","PAM","عبد الواحد ايكن","34821"
"الشرق","جرسيف","صاكة","1117","17560","RNI","احمد عزوزي","8953"
"الشرق","جرسيف","صاكة","1117","17540","PI","الحسن  نبوتي","8816"
"الشرق","جرسيف","صاكة","1117","17561","RNI","عبدالرحمان زعوم","22312"
"الشرق","جرسيف","صاكة","1117","17550","PAM","مصطفى الحفاري","13355"
"الشرق","جرسيف","لمريجة","785","25292","PI","محمد خلوق","68173"
"الشرق","جرسيف","لمريجة","785","25293","PAM","عبد الواحد الوافي ","44967"
"الشرق","جرسيف","لمريجة","785","25293","PAM","نورة شهيد","45318"
"الشرق","جرسيف","لمريجة","785","12371","RNI","محمد الفاسي","19116"
"الشرق","جرسيف","لمريجة","785","12371","RNI","فاطمة  الغمراسني ","19169"
"الشرق","جرسيف","لمريجة","785","12369","PI","قسو رحو","139965"
"الشرق","جرسيف","لمريجة","785","12373","PI","محمد السراجي","142134"
"الشرق","جرسيف","لمريجة","785","12373","PI","ابتسام سراج","142550"
"الشرق","جرسيف","لمريجة","785","12375","PI","محمد استاتي","45296"
"الشرق","جرسيف","لمريجة","785","12370","PI","رشيد اسليماني","97901"
"الشرق","جرسيف","لمريجة","785","12370","PI","حبيبة الريصي","98111"
"الشرق","جرسيف","لمريجة","785","12377","RNI","محمد بن حادين","106819"
"الشرق","جرسيف","لمريجة","785","12372","PI","عبد العالي الصالحي","27028"
"الشرق","جرسيف","لمريجة","785","12372","PI","نعيمة الادريسي","27154"
"الشرق","جرسيف","لمريجة","785","12378","RNI","عبد الغني بنحمد","28388"
"الشرق","جرسيف","لمريجة","785","12376","PI","منير لزعر","45273"
"الشرق","جرسيف","لمريجة","785","12379","PAM","يونس الغمراسني","19794"
"الشرق","جرسيف","لمريجة","785","12367","PJD","احمد اليتيم","45171"
"الشرق","جرسيف","لمريجة","785","12374","RNI","الطيب السهلي","25170"
"الشرق","جرسيف","لمريجة","785","12368","RNI","علاء بلكبير","109790"
"الشرق","جرسيف","مزكيتام","853","13463","PI","عبدالرحمان هراكي","110315"
"الشرق","جرسيف","مزكيتام","853","13463","PI","حفيظة ازكاغ","110532"
"الشرق","جرسيف","مزكيتام","853","13467","PAM","عمرو احبرش","37461"
"الشرق","جرسيف","مزكيتام","853","13467","PAM","خديجة التاشي","37664"
"الشرق","جرسيف","مزكيتام","853","13468","USFP","مصطفى طبيب ","5517"
"الشرق","جرسيف","مزكيتام","853","13468","USFP","جميلة  القوضاضي","5905"
"الشرق","جرسيف","مزكيتام","853","13469","PI","اعمر فارس","28846"
"الشرق","جرسيف","مزكيتام","853","13471","PAM","عبد الالاه  بزكور","14902"
"الشرق","جرسيف","مزكيتام","853","13474","PI","احمد زكاغ","28301"
"الشرق","جرسيف","مزكيتام","853","13472","PI","عبد السلام سعود","137259"
"الشرق","جرسيف","مزكيتام","853","13472","PI","ابتسام زروال","137914"
"الشرق","جرسيف","مزكيتام","853","13465","RNI","عبد اللـه ازداد","51204"
"الشرق","جرسيف","مزكيتام","853","13475","PI","احمد حيدة","4089"
"الشرق","جرسيف","مزكيتام","853","13473","PAM","عمرو منوش","65616"
"الشرق","جرسيف","مزكيتام","853","13473","PAM","نجية منوش","65734"
"الشرق","جرسيف","مزكيتام","853","13470","PAM","عبدالسلام السعيدي","24469"
"الشرق","جرسيف","مزكيتام","853","13466","CNI","محمد كحكوح ","113433"
"الشرق","جرسيف","مزكيتام","853","13464","PI","الحسن الضعيف","110025"
"الشرق","جرسيف","هوارة أولاد رحو","600","9494","PAM","محمد عادلي","28783"
"الشرق","جرسيف","هوارة أولاد رحو","600","9495","PAM","لكبير الحنافي","19136"
"الشرق","جرسيف","هوارة أولاد رحو","600","9493","PAM","الحسين امغار","7416"
"الشرق","جرسيف","هوارة أولاد رحو","600","9492","PAM","اعلي شهبة","27291"
"الشرق","جرسيف","هوارة أولاد رحو","600","9496","PAM","نورالدين القندسي","19184"
"الشرق","جرسيف","هوارة أولاد رحو","600","9497","RNI","رضوان حكيم","41169"
"الشرق","جرسيف","هوارة أولاد رحو","600","9497","RNI","فاطمة الزهراء النايلي","41377"
"الشرق","جرسيف","هوارة أولاد رحو","600","9507","PAM","مجيد بغدادي","19747"
"الشرق","جرسيف","هوارة أولاد رحو","600","9507","PAM","حادة زريوح","19779"
"الشرق","جرسيف","هوارة أولاد رحو","600","9491","RNI","احمد اليوسفي","2480"
"الشرق","جرسيف","هوارة أولاد رحو","600","9490","PI","محمد طبيب","29469"
"الشرق","جرسيف","هوارة أولاد رحو","600","9490","PI","خديجة ازبير","30922"
"الشرق","جرسيف","هوارة أولاد رحو","600","9498","PAM","محمد شفيق","7085"
"الشرق","جرسيف","هوارة أولاد رحو","600","9508","RNI","كريم  اكرادة","3768"
"الشرق","جرسيف","هوارة أولاد رحو","600","9506","RNI","عبد الكريم علالي","19525"
"الشرق","جرسيف","هوارة أولاد رحو","600","9505","RNI","الميلود حشحاش","3275"
"الشرق","جرسيف","هوارة أولاد رحو","600","9501","PAM","يوسف لعرج","6422"
"الشرق","جرسيف","هوارة أولاد رحو","600","27125","PI","علي لكحل","6644"
"الشرق","جرسيف","هوارة أولاد رحو","600","9511","PI","حورية لحمر","59323"
"الشرق","جرسيف","هوارة أولاد رحو","600","9511","PI","حورية العجاني","59399"
"الشرق","جرسيف","هوارة أولاد رحو","600","9503","PAM","محمد بوطالب","2993"
"الشرق","جرسيف","هوارة أولاد رحو","600","27124","PAM","حسين بالمسيح","89843"
"الشرق","جرسيف","هوارة أولاد رحو","600","27124","PAM","رشيدة العود","90083"
"الشرق","جرسيف","هوارة أولاد رحو","600","9502","PAM","عبد القادر الفلالي","28575"
"الشرق","جرسيف","هوارة أولاد رحو","600","9510","PAM","مصطفى سويحي","6903"
"الشرق","جرسيف","هوارة أولاد رحو","600","9504","RNI","محمد ادراوي","75034"
"الشرق","جرسيف","هوارة أولاد رحو","600","9500","PAM","عمر التومي","19482"
"الشرق","جرسيف","هوارة أولاد رحو","600","9512","RNI","عبد السلام   الكحص","3855"
"الشرق","جرسيف","هوارة أولاد رحو","600","9499","PAM","عبد القادر بهير","51724"
"الشرق","جرسيف","هوارة أولاد رحو","600","9509","PI","سعيد البوراسي","19845"
"الشرق","فجيج","بني تدجيت","316","4873","RNI","زهير  اخريض","48219"
"الشرق","فجيج","بني تدجيت","316","27144","PAM","عبد القادر غامالي","74317"
"الشرق","فجيج","بني تدجيت","316","27144","PAM","السعدية طالحى","73479"
"الشرق","فجيج","بني تدجيت","316","4868","PAM","حمو اخريض","20405"
"الشرق","فجيج","بني تدجيت","316","4868","PAM","زهية بنحماني","20406"
"الشرق","فجيج","بني تدجيت","316","27145","PAM","عبد العالي الهداج","5169"
"الشرق","فجيج","بني تدجيت","316","4880","PAM","حماد امعلي","104717"
"الشرق","فجيج","بني تدجيت","316","27146","PAM","مصطفى ازوكاغ","5008"
"الشرق","فجيج","بني تدجيت","316","27146","PAM","فتيحة باكزا","5177"
"الشرق","فجيج","بني تدجيت","316","4874","PAM","عاشور بريمو","5311"
"الشرق","فجيج","بني تدجيت","316","27143","PPS","عمر ابوتباشرت","120056"
"الشرق","فجيج","بني تدجيت","316","27141","PPS","اعلا عثماني","125424"
"الشرق","فجيج","بني تدجيت","316","4871","PAM","عبد الرحمان موغلي","10341"
"الشرق","فجيج","بني تدجيت","316","27142","PAM","حمو اللوي","5645"
"الشرق","فجيج","بني تدجيت","316","4876","RNI","مصطفى حساني","44285"
"الشرق","فجيج","بني تدجيت","316","4869","PAM","محمد  غامالي ","5339"
"الشرق","فجيج","بني تدجيت","316","27140","USFP"," عبد الله  كسو","27085"
"الشرق","فجيج","بني تدجيت","316","4878","RNI","عمر بوطاهر","135428"
"الشرق","فجيج","بني تدجيت","316","4872","PAM","احمد كوز","91141"
"الشرق","فجيج","بني تدجيت","316","27147","PAM","محمد ازكاغ","18979"
"الشرق","فجيج","بني تدجيت","316","27147","PAM","رابحة سمن","18968"
"الشرق","فجيج","بني تدجيت","316","25702","RNI","علي  موموش","119347"
"الشرق","فجيج","بني تدجيت","316","25703","RNI","مولاي احفيظ الصابة","30630"
"الشرق","فجيج","بني تدجيت","316","4875","PPS","عزيز بزى","43309"
"الشرق","فجيج","بني تدجيت","316","4870","PJD","محمد عثماني","90714"
"الشرق","فجيج","بني تدجيت","316","4870","PJD","حفيظة السعيدي ","90540"
"الشرق","فجيج","بني تدجيت","316","4877","PAM","محمد امنعي","5803"
"الشرق","فجيج","بني تدجيت","316","4879","PAM","سي عبد الكريم بوغود","104598"
"الشرق","فجيج","بني كيل","341","5235","RNI","امحمد بلغالية","93986"
"الشرق","فجيج","بني كيل","341","5235","RNI","مريم لعصيبة","94110"
"الشرق","فجيج","بني كيل","341","5239","RNI","لحسن دحماني","39849"
"الشرق","فجيج","بني كيل","341","5239","RNI","سكينة لبيض","40486"
"الشرق","فجيج","بني كيل","341","5231","RNI","عبدالمجيد بقالي","56088"
"الشرق","فجيج","بني كيل","341","5231","RNI","شرين بوطالب","56140"
"الشرق","فجيج","بني كيل","341","5233","RNI","ابراهيم  اعمير ","30416"
"الشرق","فجيج","بني كيل","341","5234","RNI","الحسين شنو","66161"
"الشرق","فجيج","بني كيل","341","5234","RNI","رشيدة  لعصيب","66194"
"الشرق","فجيج","بني كيل","341","5241","RNI","العربي البياضي","31621"
"الشرق","فجيج","بني كيل","341","5237","PI","صالح ويشن","96251"
"الشرق","فجيج","بني كيل","341","5232","PAM","عبدالجبار الطويل","30441"
"الشرق","فجيج","بني كيل","341","5232","PAM","ليلى  امقدمي ","31553"
"الشرق","فجيج","بني كيل","341","5236","PJD","محمد الماحي","45044"
"الشرق","فجيج","بني كيل","341","5238","RNI","لخضر خفان","19524"
"الشرق","فجيج","بني كيل","341","5240","RNI","النعيمي علال","115221"
"الشرق","فجيج","بوشاون","386","5965","PPS","الحسين اوحليس","90140"
"الشرق","فجيج","بوشاون","386","5965","PPS","جميلة فلواض","89762"
"الشرق","فجيج","بوشاون","386","5961","PAM","مبارك هلالة","31089"
"الشرق","فجيج","بوشاون","386","5961","PAM","لعزيزة  الشليح","31112"
"الشرق","فجيج","بوشاون","386","5964","MP","امبارك واجى","91157"
"الشرق","فجيج","بوشاون","386","5964","MP","الوازنة ازولي","91272"
"الشرق","فجيج","بوشاون","386","5963","PPS","عبد القادر هيو","54608"
"الشرق","فجيج","بوشاون","386","5963","PPS"," فاطمة ايشو","56911"
"الشرق","فجيج","بوشاون","386","5959","PPS","محمد شهبون","42509"
"الشرق","فجيج","بوشاون","386","5959","PPS","الزهراء اهماني","42555"
"الشرق","فجيج","بوشاون","386","5956","PAM","يوسف طيبي","64416"
"الشرق","فجيج","بوشاون","386","5966","PAM","احمد بوبلاد","29060"
"الشرق","فجيج","بوشاون","386","27128","PPS","عبدالقادر برباش","54793"
"الشرق","فجيج","بوشاون","386","5962","PPS","سعيد لخضر","42656"
"الشرق","فجيج","بوشاون","386","5968","PAM","ادريس  اعمر ","29171"
"الشرق","فجيج","بوشاون","386","27129","RNI","محمد بوبغيت","29205"
"الشرق","فجيج","بوشاون","386","5967","PPS","الحسين بوبردوز","42615"
"الشرق","فجيج","بوشاون","386","5960","PPS","عبد القادر  بلاح","54382"
"الشرق","فجيج","بوشاون","386","5957","PAM","عبدالعالي عبدالرسول","64382"
"الشرق","فجيج","بوشاون","386","5958","RNI","الحسين احمال","42576"
"الشرق","فجيج","بوعرفة","381","5856","PSU","صالح زروالي","135549"
"الشرق","فجيج","بوعرفة","381","5856","PSU","فوزية برحيلي","135678"
"الشرق","فجيج","بوعرفة","381","5865","PSU","محمد السباعي","9543"
"الشرق","فجيج","بوعرفة","381","5865","PSU","خديجة قاسو وعلي","9623"
"الشرق","فجيج","بوعرفة","381","5873","RNI","حميد خضري","18448"
"الشرق","فجيج","بوعرفة","381","5873","RNI","كريمة بالمختاري","18475"
"الشرق","فجيج","بوعرفة","381","5871","PI","عبد العزيز بنعبو","8230"
"الشرق","فجيج","بوعرفة","381","5860","PAM","عبد المجيد حسوني","76734"
"الشرق","فجيج","بوعرفة","381","5864","PI","محمد رمضاني","8127"
"الشرق","فجيج","بوعرفة","381","5864","PI","نادية اقبوش","8252"
"الشرق","فجيج","بوعرفة","381","5866","PI","كريم بنسعيد","16567"
"الشرق","فجيج","بوعرفة","381","5866","PI","حفيظة العلوي الاسماعيلي","16632"
"الشرق","فجيج","بوعرفة","381","5852","PAM","عبد الحفيظ الهيلالي","8910"
"الشرق","فجيج","بوعرفة","381","5862","PI","محمد شنو","7819"
"الشرق","فجيج","بوعرفة","381","5868","PAM","محمد بورزمة","8349"
"الشرق","فجيج","بوعرفة","381","5869","PAM","عبد الحميد  لحجاجي ","9730"
"الشرق","فجيج","بوعرفة","381","25705","PSU","قويدر نبكاوي","20466"
"الشرق","فجيج","بوعرفة","381","25704","PI","الميلود بوضبية","5067"
"الشرق","فجيج","بوعرفة","381","5855","RNI","نورالدين قدراوي","120552"
"الشرق","فجيج","بوعرفة","381","5861","PI","هشام عزة","52768"
"الشرق","فجيج","بوعرفة","381","5872","PAM","بوزيان سكور","8559"
"الشرق","فجيج","بوعرفة","381","5853","PAM","محمد حسوني","74188"
"الشرق","فجيج","بوعرفة","381","5854","PSU","نبيل عادل العشوري","10352"
"الشرق","فجيج","بوعرفة","381","5851","PAM","زكرياء امنسو","8473"
"الشرق","فجيج","بوعرفة","381","5863","PI","الحسين امزيان","9579"
"الشرق","فجيج","بوعرفة","381","5867","UC","عبدالقادر  جبوري","40336"
"الشرق","فجيج","بوعرفة","381","5858","PSU","مصطفى كروز","53038"
"الشرق","فجيج","بوعرفة","381","5859","PAM","محسن المالكي","8966"
"الشرق","فجيج","بوعرفة","381","5870","PI","يحي بهادي","8309"
"الشرق","فجيج","بوعرفة","381","5857","RNI","معمر الطويل","16532"
"الشرق","فجيج","بوعنان","380","5848","PAM","مصطفى الصغير","66287"
"الشرق","فجيج","بوعنان","380","5848","PAM","كريمة المحجوبي","66277"
"الشرق","فجيج","بوعنان","380","5846","PAM","العياشي طلحة","8563"
"الشرق","فجيج","بوعنان","380","5846","PAM","حورية عمراوي","9206"
"الشرق","فجيج","بوعنان","380","5847","PAM","عبد الكريم العرج","102704"
"الشرق","فجيج","بوعنان","380","5847","PAM","فاطمة احميدي","102663"
"الشرق","فجيج","بوعنان","380","5838","PAM","نورالدين النوايتي","8852"
"الشرق","فجيج","بوعنان","380","5838","PAM","ريم شفا","10348"
"الشرق","فجيج","بوعنان","380","5840","PAM","الغراس بوطالب","123074"
"الشرق","فجيج","بوعنان","380","5840","PAM","تورية قاسو","123204"
"الشرق","فجيج","بوعنان","380","5843","PAM","امحمد لشهب ","19945"
"الشرق","فجيج","بوعنان","380","5839","PAM","محمد سوقامي","8909"
"الشرق","فجيج","بوعنان","380","5850","PAM","محمد بن الهداج","82676"
"الشرق","فجيج","بوعنان","380","5845","PAM","الحسين السعداوي","8738"
"الشرق","فجيج","بوعنان","380","5849","PAM","الزاوي السعيدي","31004"
"الشرق","فجيج","بوعنان","380","5841","SAP","نورالدين قاسو","77268"
"الشرق","فجيج","بوعنان","380","5842","PAM","البركة البدري","120771"
"الشرق","فجيج","بوعنان","380","5844","PAM","عبدالرحمان لبيض","26410"
"الشرق","فجيج","بومريم","409","6350","PAM","ادريس اوقمني","45185"
"الشرق","فجيج","بومريم","409","6350","PAM","فاطمة هيو","45174"
"الشرق","فجيج","بومريم","409","6352","PAM","سعيد  اعداني ","45159"
"الشرق","فجيج","بومريم","409","6352","PAM","فاطمة الخروي","45176"
"الشرق","فجيج","بومريم","409","27126","PAM","محمد فقراوي","29357"
"الشرق","فجيج","بومريم","409","27126","PAM","فاطمة  ازيزة","29410"
"الشرق","فجيج","بومريم","409","6354","USFP","لحسن اولخشيش","43163"
"الشرق","فجيج","بومريم","409","6354","USFP","حبيبة زوكاغ","43235"
"الشرق","فجيج","بومريم","409","6347","MP","الحسين العبوز","64358"
"الشرق","فجيج","بومريم","409","6347","MP","فتيحة عبوز","64461"
"الشرق","فجيج","بومريم","409","6345","RNI","لحسن اعزاب","45138"
"الشرق","فجيج","بومريم","409","27127","PAM","محمد اوحشي","45143"
"الشرق","فجيج","بومريم","409","6353","PAM","محمد اشعشاع","30157"
"الشرق","فجيج","بومريم","409","6351","PAM","محمد اغرابي","89660"
"الشرق","فجيج","بومريم","409","6348","PAM","عزاز عامر","29429"
"الشرق","فجيج","بومريم","409","6349","USFP","محمد بن علا","117393"
"الشرق","فجيج","بومريم","409","6346","MP","عبدج القادر عقاوي","18947"
"الشرق","فجيج","بومريم","409","6355","PAM","علي لمين","29523"
"الشرق","فجيج","تالسينت","1353","21329","PAM","محمد امرجيج","77289"
"الشرق","فجيج","تالسينت","1353","21331","PAM","عبيد اويدروس","77314"
"الشرق","فجيج","تالسينت","1353","21331","PAM","الزهراء  بوركبة ","77284"
"الشرق","فجيج","تالسينت","1353","21327","PAM","محمد امهرة","56627"
"الشرق","فجيج","تالسينت","1353","21327","PAM","خديجة بن لحبيب","56674"
"الشرق","فجيج","تالسينت","1353","21330","USFP","محمد اجضيض","39836"
"الشرق","فجيج","تالسينت","1353","21330","USFP","فاطمة اجحجاح","40203"
"الشرق","فجيج","تالسينت","1353","27149","PPS","ادريس عريبا","20069"
"الشرق","فجيج","تالسينت","1353","27149","PPS","فضيلة اقلوف","20089"
"الشرق","فجيج","تالسينت","1353","21328","PAM","ادريس مداني","96888"
"الشرق","فجيج","تالسينت","1353","27155","PAM","ادريس اوضلي","20164"
"الشرق","فجيج","تالسينت","1353","21324","PAM","المصطفى امقران","20080"
"الشرق","فجيج","تالسينت","1353","21326","MP","محمد ابجاو","116660"
"الشرق","فجيج","تالسينت","1353","21318","RNI","حسن احدجي","116872"
"الشرق","فجيج","تالسينت","1353","27154","PAM","حمو اوملي","20219"
"الشرق","فجيج","تالسينت","1353","21325","USFP","محمد ابو محمد","118191"
"الشرق","فجيج","تالسينت","1353","21321","PPS","عبدالقادر  حزى","76902"
"الشرق","فجيج","تالسينت","1353","21320","USFP","محمد اغراي","9856"
"الشرق","فجيج","تالسينت","1353","21319","PAM","الراوي اوراغ","20111"
"الشرق","فجيج","تالسينت","1353","27151","USFP","محمد برعى","28992"
"الشرق","فجيج","تالسينت","1353","21323","PAM","الحسن اوتيفى","20241"
"الشرق","فجيج","تالسينت","1353","27150","USFP","عبد السلام عربية","9650"
"الشرق","فجيج","تالسينت","1353","27153","RNI","محمد احموشة","20082"
"الشرق","فجيج","تالسينت","1353","27153","RNI","ميلودة بودروى","20101"
"الشرق","فجيج","تالسينت","1353","21317","PAM","حسن ادى","20086"
"الشرق","فجيج","تالسينت","1353","21322","RNI","حسن موساوي","30462"
"الشرق","فجيج","تالسينت","1353","27152","USFP","لحسن  امزيان ","40765"
"الشرق","فجيج","تالسينت","1353","27148","RNI","رشيد جفجاف ","117461"
"الشرق","فجيج","تندرارة","1420","27136","PAM","وليد بوراس","27798"
"الشرق","فجيج","تندرارة","1420","27136","PAM","نعيمة الربعي","28080"
"الشرق","فجيج","تندرارة","1420","22383","PAM","محمد رونة","74204"
"الشرق","فجيج","تندرارة","1420","27137","RNI","عبدالحميد موساوي","31127"
"الشرق","فجيج","تندرارة","1420","22378","PAM","الشيخ بودشيش","55189"
"الشرق","فجيج","تندرارة","1420","22378","PAM","فوزية الصغيري","54327"
"الشرق","فجيج","تندرارة","1420","22376","PI","الفاضل بوعزة","19808"
"الشرق","فجيج","تندرارة","1420","27138","PADS","عبدالفتاح عزاوي","54748"
"الشرق","فجيج","تندرارة","1420","27135","RNI","محمد جباري","27545"
"الشرق","فجيج","تندرارة","1420","22377","PAM","احمد شكري","39824"
"الشرق","فجيج","تندرارة","1420","22384","PI","ادريس سلماني","16653"
"الشرق","فجيج","تندرارة","1420","22381","PI","محمد المالكي","27621"
"الشرق","فجيج","تندرارة","1420","22381","PI","فاطمة عبيد","27685"
"الشرق","فجيج","تندرارة","1420","22375","RNI","الميلود لصهب","117024"
"الشرق","فجيج","تندرارة","1420","22375","RNI","سميرة  غربال","117188"
"الشرق","فجيج","تندرارة","1420","22379","PAM","سعيد الكريندي","40118"
"الشرق","فجيج","تندرارة","1420","27132","PI","محمد بريش","9991"
"الشرق","فجيج","تندرارة","1420","27131","RNI","سمير حداوي","92608"
"الشرق","فجيج","تندرارة","1420","22374","PAM","محمد بوتخيل","39209"
"الشرق","فجيج","تندرارة","1420","27130","PI","مجدوب حماني","16597"
"الشرق","فجيج","تندرارة","1420","27134","PAM","عبد الكريم اعريف","27907"
"الشرق","فجيج","تندرارة","1420","22385","RNI","محمد حمو","74349"
"الشرق","فجيج","تندرارة","1420","22380","PI","عبد الرحمان حساس","31080"
"الشرق","فجيج","تندرارة","1420","22382","RNI","عبد المجيد فلاكي","74585"
"الشرق","فجيج","تندرارة","1420","22382","RNI","تهاني عصفور","74476"
"الشرق","فجيج","تندرارة","1420","27133","PAM","خالد غربالي","31055"
"الشرق","فجيج","تندرارة","1420","22386","PAM","عبد الحفيظ غازي","39650"
"الشرق","فجيج","تندرارة","1420","27139","PAM","خاليد  احتيت","31147"
"الشرق","فجيج","عبو لكحل","6","80","RNI","محمد سعد","30500"
"الشرق","فجيج","عبو لكحل","6","80","RNI","حنان زكنون","30459"
"الشرق","فجيج","عبو لكحل","6","79","PI","عبد الرحمان مصباح","90109"
"الشرق","فجيج","عبو لكحل","6","79","PI","فاطمة الزهراء مهيدي","90231"
"الشرق","فجيج","عبو لكحل","6","75","PI","محمد صرفقة","89586"
"الشرق","فجيج","عبو لكحل","6","75","PI","يمينة  صرفقة","89829"
"الشرق","فجيج","عبو لكحل","6","77","PI","محمد  العرج سعد","30254"
"الشرق","فجيج","عبو لكحل","6","73","RNI","الحسين الدحاجي ","30483"
"الشرق","فجيج","عبو لكحل","6","73","RNI","سميرة الدحاجي","30541"
"الشرق","فجيج","عبو لكحل","6","78","PAM","محمد العيداوي","30379"
"الشرق","فجيج","عبو لكحل","6","72","PI","الغازي  البعزاوي","41587"
"الشرق","فجيج","عبو لكحل","6","72","PI","وهيبة  سكور","41728"
"الشرق","فجيج","عبو لكحل","6","81","RNI","الشيخ مصباحي","40611"
"الشرق","فجيج","عبو لكحل","6","82","PAM","الميلود سعد","30373"
"الشرق","فجيج","عبو لكحل","6","74","RNI","محمد امغيني","30321"
"الشرق","فجيج","عبو لكحل","6","76","RNI","عبد الجبار بوخلخال","30294"
"الشرق","فجيج","عين الشعير","1591","26743","RNI","محمدين  قاسووعلي","19827"
"الشرق","فجيج","عين الشعير","1591","26743","RNI","تورية زكورة","19891"
"الشرق","فجيج","عين الشعير","1591","26753","RNI","حمو اومو","27793"
"الشرق","فجيج","عين الشعير","1591","26753","RNI","حنان بشيري","27974"
"الشرق","فجيج","عين الشعير","1591","26744","RNI","عبد الرحمان قاسو وعلي","21402"
"الشرق","فجيج","عين الشعير","1591","26744","RNI","فاطمة بنمسعود","19911"
"الشرق","فجيج","عين الشعير","1591","26748","PI","المهدي  بوعبداللوي ","44916"
"الشرق","فجيج","عين الشعير","1591","26748","PI","الزهرة احميني","45043"
"الشرق","فجيج","عين الشعير","1591","26749","PAM","ادريس افقير","27014"
"الشرق","فجيج","عين الشعير","1591","26749","PAM","سعيدة افقير","27080"
"الشرق","فجيج","عين الشعير","1591","26746","PI","مبارك بوعبد اللوي","44901"
"الشرق","فجيج","عين الشعير","1591","26747","PAM","بوجمعة حفار","9815"
"الشرق","فجيج","عين الشعير","1591","26750","RNI","عبد الحافظ عمراني","19826"
"الشرق","فجيج","عين الشعير","1591","26752","PAM","عبد السلام بنوة","9631"
"الشرق","فجيج","عين الشعير","1591","26745","RNI","محمد زكورة","16916"
"الشرق","فجيج","عين الشعير","1591","26751","PI","المصطفى التيفوري","45027"
"الشرق","فجيج","عين الشواطر","53","771","PAM","حميد الشاية","106166"
"الشرق","فجيج","عين الشواطر","53","771","PAM","سعيدة العريبي","106036"
"الشرق","فجيج","عين الشواطر","53","773","PI","محمد بنشغلوف","116708"
"الشرق","فجيج","عين الشواطر","53","773","PI","بهيجة بنمحجوب","116457"
"الشرق","فجيج","عين الشواطر","53","772","PAM","عبد الرحمن عبد المولى","66934"
"الشرق","فجيج","عين الشواطر","53","772","PAM","زوليخة عبد المولى","66932"
"الشرق","فجيج","عين الشواطر","53","778","PAM","نعيم مساوي","66891"
"الشرق","فجيج","عين الشواطر","53","779","PI","العيد مومني","92838"
"الشرق","فجيج","عين الشواطر","53","779","PI","نعيمة العيرجي","92787"
"الشرق","فجيج","عين الشواطر","53","778","PAM","يامينة كريمي","66913"
"الشرق","فجيج","عين الشواطر","53","781","PAM","الجيلالي الكحلاوي","19935"
"الشرق","فجيج","عين الشواطر","53","775","PAM","محمد قدوري","30987"
"الشرق","فجيج","عين الشواطر","53","776","PAM","مبيريك السالمي","56358"
"الشرق","فجيج","عين الشواطر","53","777","PI","يحي بنعبو","82242"
"الشرق","فجيج","عين الشواطر","53","774","PAM","عبد الحليم حكام","19947"
"الشرق","فجيج","عين الشواطر","53","780","PAM","عبد الله الملكي","82135"
"الشرق","فجيج","فجيج","546","8604","RNI","ادريس بخي","118094"
"الشرق","فجيج","فجيج","546","8604","RNI","سعاد سهول","118192"
"الشرق","فجيج","فجيج","546","8602","RNI","الجيلالي سوني","95827"
"الشرق","فجيج","فجيج","546","8602","RNI","فاطمة حلومي","95915"
"الشرق","فجيج","فجيج","546","8601","RNI","عبد النبي عافي","74348"
"الشرق","فجيج","فجيج","546","8601","RNI","نوزهة الداودي","74473"
"الشرق","فجيج","فجيج","546","8599","RNI","فؤاد معروف","95771"
"الشرق","فجيج","فجيج","546","8594","RNI","عبدالوحيد بودي","96269"
"الشرق","فجيج","فجيج","546","8594","RNI","زوبيدة بنعلي","95599"
"الشرق","فجيج","فجيج","546","8606","PPS","علي زيزح","147651"
"الشرق","فجيج","فجيج","546","8606","PPS","سميرة المنصاري","147887"
"الشرق","فجيج","فجيج","546","8596","PAM","عبدالغاني عبو","147884"
"الشرق","فجيج","فجيج","546","8603","PAM","المصطفى كراب","18996"
"الشرق","فجيج","فجيج","546","8597","RNI","سعيد عبد القاوي","74813"
"الشرق","فجيج","فجيج","546","8595","RNI","مصطفى بوراسي","146628"
"الشرق","فجيج","فجيج","546","8598","RNI","عمر بوزيان","74718"
"الشرق","فجيج","فجيج","546","8600","RNI","عمر  الجابيري ","118458"
"الشرق","فجيج","فجيج","546","8605","PAM","المصطفى يحي","74573"
"الشرق","فجيج","معتركة","831","13103","PAM","حسن جنفي","96731"
"الشرق","فجيج","معتركة","831","13103","PAM","سهام جنفي","96790"
"الشرق","فجيج","معتركة","831","13104","PI","بشير  لبيض","54404"
"الشرق","فجيج","معتركة","831","13104","PI","سمية دحماني","54582"
"الشرق","فجيج","معتركة","831","13107","RNI","عكاشة  العادل","39096"
"الشرق","فجيج","معتركة","831","13107","RNI","يامنة الغزايلي","39187"
"الشرق","فجيج","معتركة","831","13106","PAM","ابراهيم  رمضاني","27804"
"الشرق","فجيج","معتركة","831","13106","PAM","بهيجة رمضاني","27865"
"الشرق","فجيج","معتركة","831","13101","RNI","امبارك  الصغيري","117909"
"الشرق","فجيج","معتركة","831","13109","RNI","محمد لحلال","64918"
"الشرق","فجيج","معتركة","831","13105","PAM","الصايم بوعيشة","28813"
"الشرق","فجيج","معتركة","831","13099","PAM","مبارك  شكري ","39542"
"الشرق","فجيج","معتركة","831","13100","RNI","حسن قوطيط","31044"
"الشرق","فجيج","معتركة","831","13102","PAM","عبدالله  بادة","95911"
"الشرق","فجيج","معتركة","831","13102","PAM","حنان لعرج","96069"
"الشرق","فجيج","معتركة","831","13108","PAM","عز الدين  عياط ","53773"
"الشرق","فجيج","معتركة","831","13111","PAM","امعمر العيرج","27730"
"الشرق","فجيج","معتركة","831","13110","RNI","عبد الكريم النوالي","39353"
"الشرق","وجدة أنكاد","إسلي","664","10406","PAM","الميلود احتيت","29759"
"الشرق","وجدة أنكاد","إسلي","664","10406","PAM","ربيحة احتيت","29812"
"الشرق","وجدة أنكاد","إسلي","664","10408","RNI","رشيد الصالحي","93869"
"الشرق","وجدة أنكاد","إسلي","664","10408","RNI","حنان الصالحي","94016"
"الشرق","وجدة أنكاد","إسلي","664","10405","RNI","محمد مزوز","80545"
"الشرق","وجدة أنكاد","إسلي","664","10405","RNI","جميلة نقروز","80597"
"الشرق","وجدة أنكاد","إسلي","664","10411","RNI","محمد  لطرش ","9074"
"الشرق","وجدة أنكاد","إسلي","664","10411","RNI","كريمة لطرش","9120"
"الشرق","وجدة أنكاد","إسلي","664","10410","RNI","ابراهيم التاقي","80319"
"الشرق","وجدة أنكاد","إسلي","664","10407","PAM","ميمون عاقل","8485"
"الشرق","وجدة أنكاد","إسلي","664","10407","PAM","وئام الداودي","8645"
"الشرق","وجدة أنكاد","إسلي","664","10404","PAM","محمد بوترفاس","148891"
"الشرق","وجدة أنكاد","إسلي","664","10412","RNI","موسى بالحاج","80465"
"الشرق","وجدة أنكاد","إسلي","664","10403","PAM","الحسن محمدي","11667"
"الشرق","وجدة أنكاد","إسلي","664","10409","PAM","رمضان حدوش","8774"
"الشرق","وجدة أنكاد","إسلي","664","10402","RNI","مصطفى ساعدي","152572"
"الشرق","وجدة أنكاد","أهل انكاد","45","667","RNI","عبد القادر حظوري","122878"
"الشرق","وجدة أنكاد","أهل انكاد","45","667","RNI","فتيحة سهلاوي","122934"
"الشرق","وجدة أنكاد","أهل انكاد","45","669","RNI","محمد دويدو","80678"
"الشرق","وجدة أنكاد","أهل انكاد","45","669","RNI","كريمة بلهادف","80710"
"الشرق","وجدة أنكاد","أهل انكاد","45","662","RNI","علي الناصر","25514"
"الشرق","وجدة أنكاد","أهل انكاد","45","662","RNI","رابحة فارس","25599"
"الشرق","وجدة أنكاد","أهل انكاد","45","668","RNI","احمد فزازي","91416"
"الشرق","وجدة أنكاد","أهل انكاد","45","661","RNI","مولاي عبد الله السماعلي","23893"
"الشرق","وجدة أنكاد","أهل انكاد","45","661","RNI","مجيدة ناصيري","23957"
"الشرق","وجدة أنكاد","أهل انكاد","45","664","RNI","عبد القادر العادلي","29890"
"الشرق","وجدة أنكاد","أهل انكاد","45","665","RNI","بن اسعيد لكناني","8530"
"الشرق","وجدة أنكاد","أهل انكاد","45","665","RNI","ميمونة الموسط","8466"
"الشرق","وجدة أنكاد","أهل انكاد","45","27078","RNI","عبد القادر بنجعوط","113694"
"الشرق","وجدة أنكاد","أهل انكاد","45","659","RNI","مبارك بوزوايل","25212"
"الشرق","وجدة أنكاد","أهل انكاد","45","660","RNI","عشور بالعمري","23663"
"الشرق","وجدة أنكاد","أهل انكاد","45","658","PI","عمار بوهراوة","63208"
"الشرق","وجدة أنكاد","أهل انكاد","45","657","RNI","الحسن واصطي","18575"
"الشرق","وجدة أنكاد","أهل انكاد","45","666","RNI","محمد محامدي","29981"
"الشرق","وجدة أنكاد","أهل انكاد","45","27079","RNI","احمد فريكين","85903"
"الشرق","وجدة أنكاد","أهل انكاد","45","663","RNI","بالحاج يماني","26949"
"الشرق","وجدة أنكاد","النعيمة","927","14690","PAM","عبد الرحيم ابراهيمي","16480"
"الشرق","وجدة أنكاد","النعيمة","927","14690","PAM","سهام جرظان","16568"
"الشرق","وجدة أنكاد","النعيمة","927","14684","PAM","جمال الدين المعيوشي","16062"
"الشرق","وجدة أنكاد","النعيمة","927","14684","PAM","امال قروشي","16353"
"الشرق","وجدة أنكاد","النعيمة","927","14693","PAM","عبد الغاني مديني","26577"
"الشرق","وجدة أنكاد","النعيمة","927","14693","PAM","حورية الرقيق","26665"
"الشرق","وجدة أنكاد","النعيمة","927","14683","PAM","يحي مزوري","16808"
"الشرق","وجدة أنكاد","النعيمة","927","14683","PAM","وسام ارقييق","16877"
"الشرق","وجدة أنكاد","النعيمة","927","14692","PAM","عبد الاله بوخريسي","16504"
"الشرق","وجدة أنكاد","النعيمة","927","14691","PAM","الحسين كريمي","41993"
"الشرق","وجدة أنكاد","النعيمة","927","14691","PAM","نزهة شبار","42109"
"الشرق","وجدة أنكاد","النعيمة","927","14685","PAM","عبدالحكيم مجدوبي","16345"
"الشرق","وجدة أنكاد","النعيمة","927","14687","PAM","حسن رحموني","3413"
"الشرق","وجدة أنكاد","النعيمة","927","14689","PAM","بنيونس الاكور","41649"
"الشرق","وجدة أنكاد","النعيمة","927","14688","PAM","احمد جعفري","30106"
"الشرق","وجدة أنكاد","النعيمة","927","14686","RNI","لوكيلي بوعزاوي","147499"
"الشرق","وجدة أنكاد","بني خالد","347","5321","RNI","اسماعيل حمداوي","22230"
"الشرق","وجدة أنكاد","بني خالد","347","5321","RNI","فتيحة زاوي","22292"
"الشرق","وجدة أنكاد","بني خالد","347","5322","RNI","عبد الله دخيسي","109992"
"الشرق","وجدة أنكاد","بني خالد","347","5322","RNI","حفيظة صالحي","120973"
"الشرق","وجدة أنكاد","بني خالد","347","5318","RNI","العابد بنعبد القادر","21809"
"الشرق","وجدة أنكاد","بني خالد","347","5318","RNI","حورية بنعبد القادر","22380"
"الشرق","وجدة أنكاد","بني خالد","347","5317","PAM","محمد زروق","21735"
"الشرق","وجدة أنكاد","بني خالد","347","5317","PAM","وداد زروق","21772"
"الشرق","وجدة أنكاد","بني خالد","347","5323","RNI","محمد زياني","15934"
"الشرق","وجدة أنكاد","بني خالد","347","5320","PAM","عبد المجيد صالحي","22056"
"الشرق","وجدة أنكاد","بني خالد","347","5320","PAM","خليدة صالحي","22111"
"الشرق","وجدة أنكاد","بني خالد","347","5316","RNI","الحسين بختي","21396"
"الشرق","وجدة أنكاد","بني خالد","347","5315","RNI","عبد العزيز جعواني","21319"
"الشرق","وجدة أنكاد","بني خالد","347","5319","RNI","قدور غماري","21975"
"الشرق","وجدة أنكاد","بني خالد","347","5325","PAM","منير بنمنصور","22935"
"الشرق","وجدة أنكاد","بني خالد","347","5324","PAM","عبد القادر الدرويش","25682"
"الشرق","وجدة أنكاد","بني درار","334","5124","RNI","رشيد زياني","14294"
"الشرق","وجدة أنكاد","بني درار","334","5124","RNI","سامية زياني","14357"
"الشرق","وجدة أنكاد","بني درار","334","5125","PAM","عمر قيسي","11364"
"الشرق","وجدة أنكاد","بني درار","334","5125","PAM","فاطمة الزهراء صالحي","11626"
"الشرق","وجدة أنكاد","بني درار","334","25690","PAM","اليزيد بنعربية","11521"
"الشرق","وجدة أنكاد","بني درار","334","5123","RNI","عبد المجيد عزيزي","21509"
"الشرق","وجدة أنكاد","بني درار","334","5123","RNI","نادية عزيزي","21540"
"الشرق","وجدة أنكاد","بني درار","334","5127","RNI","محمد حمداوي","67353"
"الشرق","وجدة أنكاد","بني درار","334","5127","RNI","وهيبة حمداوي","67393"
"الشرق","وجدة أنكاد","بني درار","334","5128","PAM","الواسني بنعبد القادر","8075"
"الشرق","وجدة أنكاد","بني درار","334","5128","PAM","فاطمة الزهراء بنعبد القادر","8147"
"الشرق","وجدة أنكاد","بني درار","334","5126","PAM","محمد زروقي","11422"
"الشرق","وجدة أنكاد","بني درار","334","25691","PAM","عبد الرشيد الاصهب","30353"
"الشرق","وجدة أنكاد","بني درار","334","5122","PAM","عمر زروقي","7983"
"الشرق","وجدة أنكاد","بني درار","334","5120","PAM","المصطفى مباركي","16265"
"الشرق","وجدة أنكاد","بني درار","334","5118","PAM","محمد زروقي","2761"
"الشرق","وجدة أنكاد","بني درار","334","5119","RNI","مصطفى قيسي","16393"
"الشرق","وجدة أنكاد","بني درار","334","5121","RNI","احمد اوعلي","94849"
"الشرق","وجدة أنكاد","سيدي بولنوار","1202","19006","PAM","عبد الرحمان سامر","18692"
"الشرق","وجدة أنكاد","سيدي بولنوار","1202","19006","PAM","عائشة مهادة","18738"
"الشرق","وجدة أنكاد","سيدي بولنوار","1202","19014","RNI","الحسين عيادي","71607"
"الشرق","وجدة أنكاد","سيدي بولنوار","1202","19014","RNI","فاطنة عيادي","71651"
"الشرق","وجدة أنكاد","سيدي بولنوار","1202","19010","PAM","رمضان دغوس","18980"
"الشرق","وجدة أنكاد","سيدي بولنوار","1202","19010","PAM","فاطمة الزهراء زحي","18994"
"الشرق","وجدة أنكاد","سيدي بولنوار","1202","19011","PAM","الطيب بوطريكي","19056"
"الشرق","وجدة أنكاد","سيدي بولنوار","1202","19016","PI","عبد الكريم صالحي","26543"
"الشرق","وجدة أنكاد","سيدي بولنوار","1202","19016","PI","حكيمة بن زرهون","26588"
"الشرق","وجدة أنكاد","سيدي بولنوار","1202","19007","PAM","هشام عبوشي","40177"
"الشرق","وجدة أنكاد","سيدي بولنوار","1202","19007","PAM","فطيمة عبوشي","40258"
"الشرق","وجدة أنكاد","سيدي بولنوار","1202","19009","PAM","مصطفى قروعي","6135"
"الشرق","وجدة أنكاد","سيدي بولنوار","1202","19013","PAM","عبد القادر بوطريكي","19154"
"الشرق","وجدة أنكاد","سيدي بولنوار","1202","19015","PAM","ميمون العابدي","6309"
"الشرق","وجدة أنكاد","سيدي بولنوار","1202","19008","PI","ميمون الساسي","18875"
"الشرق","وجدة أنكاد","سيدي بولنوار","1202","19012","PAM","مصطفى  حمداني ","26716"
"الشرق","وجدة أنكاد","سيدي موسى - لمهاية","1262","19924","RNI","عبدالغاني ميساوي","85599"
"الشرق","وجدة أنكاد","سيدي موسى - لمهاية","1262","19924","RNI","رقية  ميساوي","85702"
"الشرق","وجدة أنكاد","سيدي موسى - لمهاية","1262","19920","PAM","يحي لقطب","40751"
"الشرق","وجدة أنكاد","سيدي موسى - لمهاية","1262","19920","PAM","رباب كصير","40968"
"الشرق","وجدة أنكاد","سيدي موسى - لمهاية","1262","19922","PAM","عبد الله مدسني","106131"
"الشرق","وجدة أنكاد","سيدي موسى - لمهاية","1262","19922","PAM","زبيدة الطواهري","111034"
"الشرق","وجدة أنكاد","سيدي موسى - لمهاية","1262","19914","PAM","عبدالعالي رحموني","26353"
"الشرق","وجدة أنكاد","سيدي موسى - لمهاية","1262","19914","PAM","آمنة مزواري","26467"
"الشرق","وجدة أنكاد","سيدي موسى - لمهاية","1262","19918","RNI","حماد ميمون الخير","10014"
"الشرق","وجدة أنكاد","سيدي موسى - لمهاية","1262","19918","RNI","نجاة الخير","10024"
"الشرق","وجدة أنكاد","سيدي موسى - لمهاية","1262","19921","PAM","الميلود صادق","40505"
"الشرق","وجدة أنكاد","سيدي موسى - لمهاية","1262","19923","RNI","عبد الله بدوي","6987"
"الشرق","وجدة أنكاد","سيدي موسى - لمهاية","1262","19919","RNI","امبارك الكومي","6757"
"الشرق","وجدة أنكاد","سيدي موسى - لمهاية","1262","19916","PAM","محمد  صالحي","48619"
"الشرق","وجدة أنكاد","سيدي موسى - لمهاية","1262","19917","PAM","فيصل بوجنان","135073"
"الشرق","وجدة أنكاد","سيدي موسى - لمهاية","1262","19915","PAM","عبد العزيز رابحي","134775"
"الشرق","وجدة أنكاد","عين الصفا","83","1263","PAM","عبدالرحيم بعوي","80800"
"الشرق","وجدة أنكاد","عين الصفا","83","1263","PAM","نصيرة  طب","80853"
"الشرق","وجدة أنكاد","عين الصفا","83","1270","PAM","احمد ادخيسي","94333"
"الشرق","وجدة أنكاد","عين الصفا","83","1270","PAM","أمال دخيسي","94410"
"الشرق","وجدة أنكاد","عين الصفا","83","1268","PAM","العربي مرزوقي","90077"
"الشرق","وجدة أنكاد","عين الصفا","83","1268","PAM","حياة مرزوقي","90190"
"الشرق","وجدة أنكاد","عين الصفا","83","1264","PAM","محمد ميري","77683"
"الشرق","وجدة أنكاد","عين الصفا","83","1272","PAM","محمد شنوف","90547"
"الشرق","وجدة أنكاد","عين الصفا","83","1267","PAM","لخضر  سنوسي","25505"
"الشرق","وجدة أنكاد","عين الصفا","83","1267","PAM","نظيرة منصري","25572"
"الشرق","وجدة أنكاد","عين الصفا","83","1265","PAM","بنيونس حداد","85957"
"الشرق","وجدة أنكاد","عين الصفا","83","1269","PAM","نور الدين حساين","93651"
"الشرق","وجدة أنكاد","عين الصفا","83","1269","PAM","جميلة وعزيز","93786"
"الشرق","وجدة أنكاد","عين الصفا","83","1271","PAM","محمد كعواشي","80177"
"الشرق","وجدة أنكاد","عين الصفا","83","1273","PAM","محمد عيادي","80015"
"الشرق","وجدة أنكاد","عين الصفا","83","1266","PAM","احمد جويط","111324"
"الشرق","وجدة أنكاد","لبصارة","429","6632","RNI","احمد فراجي","146801"
"الشرق","وجدة أنكاد","لبصارة","429","6632","RNI","الزهرة فراجي","149256"
"الشرق","وجدة أنكاد","لبصارة","429","6637","PAM","عبد الحميد بودلال","51402"
"الشرق","وجدة أنكاد","لبصارة","429","6637","PAM","كوثر بودلال","51460"
"الشرق","وجدة أنكاد","لبصارة","429","6631","PAM","عبد الحق  جعالي","26208"
"الشرق","وجدة أنكاد","لبصارة","429","6631","PAM","فتيحة جعالي","26280"
"الشرق","وجدة أنكاد","لبصارة","429","6627","RNI","عبد الغاني  الناصري","119313"
"الشرق","وجدة أنكاد","لبصارة","429","6627","RNI","فتيحة     بنوف","119507"
"الشرق","وجدة أنكاد","لبصارة","429","6636","PAM","عبد القادر حناش","56684"
"الشرق","وجدة أنكاد","لبصارة","429","6634","PAM","محمد يوسفي","7739"
"الشرق","وجدة أنكاد","لبصارة","429","6628","PAM","الشيخ  شتواني","38523"
"الشرق","وجدة أنكاد","لبصارة","429","6628","PAM","ميمونة شتواني","38361"
"الشرق","وجدة أنكاد","لبصارة","429","6635","PAM","محمد علاوي","13585"
"الشرق","وجدة أنكاد","لبصارة","429","6633","RNI","جمال  بصراوي ","118830"
"الشرق","وجدة أنكاد","لبصارة","429","6629","RNI","صالح  وكيلي","113910"
"الشرق","وجدة أنكاد","لبصارة","429","6630","PAM","نور الدين عباوي","13680"
"الشرق","وجدة أنكاد","مستفركي","872","13779","PAM","عكاشة مهوبي","4890"
"الشرق","وجدة أنكاد","مستفركي","872","13774","PAM","عبد القادر الراجي","7779"
"الشرق","وجدة أنكاد","مستفركي","872","13774","PAM","خديجة صالحي","7881"
"الشرق","وجدة أنكاد","مستفركي","872","13773","PAM","رابح حالي","39244"
"الشرق","وجدة أنكاد","مستفركي","872","13773","PAM","فاتحة صالحي","39163"
"الشرق","وجدة أنكاد","مستفركي","872","13772","PAM","عمرو حالي","7314"
"الشرق","وجدة أنكاد","مستفركي","872","13772","PAM","حادة السالمي","7429"
"الشرق","وجدة أنكاد","مستفركي","872","13775","RNI","محمد المحب","105191"
"الشرق","وجدة أنكاد","مستفركي","872","13775","RNI","نضال حالي","105298"
"الشرق","وجدة أنكاد","مستفركي","872","13781","PAM","محمد عيساوي","39686"
"الشرق","وجدة أنكاد","مستفركي","872","13781","PAM","سناء رابحي","39780"
"الشرق","وجدة أنكاد","مستفركي","872","13780","PAM","محمد مسعودي","8359"
"الشرق","وجدة أنكاد","مستفركي","872","13782","PAM","نور الدين خليفي","23565"
"الشرق","وجدة أنكاد","مستفركي","872","13777","PAM","سعيد سالمي","8300"
"الشرق","وجدة أنكاد","مستفركي","872","13778","PAM","لحسن منصوري","14192"
"الشرق","وجدة أنكاد","مستفركي","872","13776","PAM","عبد القادر غروس","39016"
"الشرق","وجدة أنكاد","وجدة","1567","25036","PAM","سليمة فرجي","159885"
"الشرق","وجدة أنكاد","وجدة","1567","25036","PAM","فاطمة الزهراء امغيزو","159938"
"الشرق","وجدة أنكاد","وجدة","1567","25036","PAM","عمر بوكبوس","159905"
"الشرق","وجدة أنكاد","وجدة","1567","25036","PAM","ام العيد البكري","159989"
"الشرق","وجدة أنكاد","وجدة","1567","25036","PAM","نبيل بوعرورو","159922"
"الشرق","وجدة أنكاد","وجدة","1567","25036","PAM","حنان طاهري","160004"
"الشرق","وجدة أنكاد","وجدة","1567","25036","PAM","العربي شتواني","159950"
"الشرق","وجدة أنكاد","وجدة","1567","25036","PAM","حكيمة زياني","160020"
"الشرق","وجدة أنكاد","وجدة","1567","25036","PAM","لخضر حدوش","159978"
"الشرق","وجدة أنكاد","وجدة","1567","25036","PAM","جمعة اليموني","160050"
"الشرق","وجدة أنكاد","وجدة","1567","25036","PAM","نورالدين فاطمي","160001"
"الشرق","وجدة أنكاد","وجدة","1567","25036","PAM","حسان الوردي","160044"
"الشرق","وجدة أنكاد","وجدة","1567","25036","PAM","محمد بنداود","160062"
"الشرق","وجدة أنكاد","وجدة","1567","25036","PAM","محمد زاوي","160089"
"الشرق","وجدة أنكاد","وجدة","1567","25036","RNI","محمد عزاوي","153532"
"الشرق","وجدة أنكاد","وجدة","1567","25036","RNI","حورية عراض","153177"
"الشرق","وجدة أنكاد","وجدة","1567","25036","RNI","محمد قايدي","153614"
"الشرق","وجدة أنكاد","وجدة","1567","25036","RNI","امينة صديق","153365"
"الشرق","وجدة أنكاد","وجدة","1567","25036","RNI","رشيد بوكرون","153782"
"الشرق","وجدة أنكاد","وجدة","1567","25036","RNI","فائزة ابرغوتا","153601"
"الشرق","وجدة أنكاد","وجدة","1567","25036","RNI","مصطفى سالمي","153949"
"الشرق","وجدة أنكاد","وجدة","1567","25036","RNI","الهام المحب","153711"
"الشرق","وجدة أنكاد","وجدة","1567","25036","RNI","محمد بنعيني","154105"
"الشرق","وجدة أنكاد","وجدة","1567","25036","RNI","فوزي القاح","154262"
"الشرق","وجدة أنكاد","وجدة","1567","25036","RNI","جمال المحفوظ احمادة","154351"
"الشرق","وجدة أنكاد","وجدة","1567","25036","RNI","محمد بوبكر","154420"
"الشرق","وجدة أنكاد","وجدة","1567","25036","PI","عبد الرحيم  عاقل","117781"
"الشرق","وجدة أنكاد","وجدة","1567","25036","PI","فاطمة الزهراء بشراوي","121073"
"الشرق","وجدة أنكاد","وجدة","1567","25036","PI","محمد زين","117960"
"الشرق","وجدة أنكاد","وجدة","1567","25036","PI","بشرى الحريف","121156"
"الشرق","وجدة أنكاد","وجدة","1567","25036","PI","محمد مختاري","118013"
"الشرق","وجدة أنكاد","وجدة","1567","25036","PI","عمر البودالي","118255"
"الشرق","وجدة أنكاد","وجدة","1567","25036","PJD","اسماعيل زكار","21533"
"الشرق","وجدة أنكاد","وجدة","1567","25036","PJD","اسماء مسرة","21633"
"الشرق","وجدة أنكاد","وجدة","1567","25036","PJD","عبد الله هامل","21637"
"الشرق","وجدة أنكاد","وجدة","1567","25036","PJD","محمد توفيق","21723"
"الشرق","وجدة أنكاد","وجدة","1567","25036","USFP","عبد الله السعدي","70508"
"الشرق","وجدة أنكاد","وجدة","1567","25036","USFP","نجاة  صباحي ","72079"
"الشرق","وجدة أنكاد","وجدة","1567","25036","USFP","لحبيب السهلي","70593"
"الشرق","وجدة أنكاد","وجدة","1567","25036","USFP","احمد عزيزي","70676"
"الشرق","وجدة أنكاد","وجدة","1567","25036","MDS","ادريس اقديم","101880"
"الشرق","وجدة أنكاد","وجدة","1567","25036","MDS","نجوى عيادي","105007"
"الشرق","وجدة أنكاد","وجدة","1567","25036","MDS","الحسين بلمغار","101963"
"الشرق","وجدة أنكاد","وجدة","1567","25036","UC","حسن شتواني","152750"
"الشرق","وجدة أنكاد","وجدة","1567","25036","UC","مالكة يوسفي","152965"
"الشرق","وجدة أنكاد","وجدة","1567","25036","PSU","شكيب سبايبي","135932"
"الشرق","وجدة أنكاد","وجدة","1567","25036","PSU","غيثا البراد","142900"
"الشرق","وجدة أنكاد","وجدة","1567","25036","PND","محمد قدوري","102504"
"الشرق","وجدة أنكاد","وجدة","1567","25036","PND","رحمة عزماني","105154"
"الشرق","وجدة أنكاد","وجدة","1567","25036","MP","محمد دراز","159925"
"الشرق","وجدة أنكاد","وجدة","1567","25036","MP","انيسا ستوتي","160694"
"الشرق","وجدة أنكاد","وجدة","1567","25036","PADS","نور الدين لزرك","134946"
"الشرق","وجدة أنكاد","وجدة","1567","25036","CNI","هجر طنكول","135698"
"الشرق","وجدة أنكاد","وجدة","1567","25036","PPS","نيهال بركة","103227"
"الشرق","وجدة أنكاد","وجدة","1567","25036","PPS","زكية انصر","103883"
"الشرق","وجدة أنكاد","وجدة","1567","25036","PUD","عبد الرحيم لزعر","161489"
"الشرق","وجدة أنكاد","وجدة","1567","25036","PUD","فاطمة الزهراء لزعر","161456"
"الشرق","وجدة أنكاد","وجدة","1567","25036","PA","سعيد افقير","160045"
"الشرق","وجدة أنكاد","وجدة","1567","25036","PDI","عبد الحق قيسي","152693"
"الشرق","وجدة أنكاد","وجدة","1567","25036","PLJS","رشيد سهلي","159964"