region,province,commune,id_commune,circ,parti,candidat,id_candidat
"الرباط -سلا -القنيطرة","الخميسات","آيت  أوريبل","151","2143","PAM","جمال الصدقي","11015"
"الرباط -سلا -القنيطرة","الخميسات","آيت  أوريبل","151","2143","PAM","فاطمة الزهراء اصديقن","11038"
"الرباط -سلا -القنيطرة","الخميسات","آيت  أوريبل","151","2148","MP","المحجوب المكي","1946"
"الرباط -سلا -القنيطرة","الخميسات","آيت  أوريبل","151","2148","MP","مريم الحرتي","2084"
"الرباط -سلا -القنيطرة","الخميسات","آيت  أوريبل","151","2141","PPS","عمر بنسيتل","62627"
"الرباط -سلا -القنيطرة","الخميسات","آيت  أوريبل","151","2142","PAM","حميد  دي","4309"
"الرباط -سلا -القنيطرة","الخميسات","آيت  أوريبل","151","2145","PAM","محمد قراش","11464"
"الرباط -سلا -القنيطرة","الخميسات","آيت  أوريبل","151","2145","PAM","سليمة عكوط","11505"
"الرباط -سلا -القنيطرة","الخميسات","آيت  أوريبل","151","2139","PAM","لحسن صاديق","11271"
"الرباط -سلا -القنيطرة","الخميسات","آيت  أوريبل","151","2139","PAM","شيماء بن غرداش","11312"
"الرباط -سلا -القنيطرة","الخميسات","آيت  أوريبل","151","2144","PAM","حميد بوعقة","11097"
"الرباط -سلا -القنيطرة","الخميسات","آيت  أوريبل","151","2144","PAM","سعدية الزيازي","11122"
"الرباط -سلا -القنيطرة","الخميسات","آيت  أوريبل","151","2146","PAM","محمد لوبات ","4775"
"الرباط -سلا -القنيطرة","الخميسات","آيت  أوريبل","151","2151","PAM","محمد بن بوبدي","4998"
"الرباط -سلا -القنيطرة","الخميسات","آيت  أوريبل","151","2149","RNI","رشيد الصادقي","22604"
"الرباط -سلا -القنيطرة","الخميسات","آيت  أوريبل","151","2147","PAM","محات لوبات","11215"
"الرباط -سلا -القنيطرة","الخميسات","آيت  أوريبل","151","2140","PAM","عثمان حرش الراس","10947"
"الرباط -سلا -القنيطرة","الخميسات","آيت  أوريبل","151","2150","RNI","الحسن اودير","33041"
"الرباط -سلا -القنيطرة","الخميسات","آيت إيشو","122","1759","PAM","احمد رفيق","17982"
"الرباط -سلا -القنيطرة","الخميسات","آيت إيشو","122","1759","PAM","اصفية الرويف","18056"
"الرباط -سلا -القنيطرة","الخميسات","آيت إيشو","122","1757","PAM","ابراهيم اوباحة","83663"
"الرباط -سلا -القنيطرة","الخميسات","آيت إيشو","122","1757","PAM","رابحة ايكن","83737"
"الرباط -سلا -القنيطرة","الخميسات","آيت إيشو","122","1758","PAM","عبد العزيز رفيق","21999"
"الرباط -سلا -القنيطرة","الخميسات","آيت إيشو","122","1758","PAM","ام كلتوم اوهمو","22030"
"الرباط -سلا -القنيطرة","الخميسات","آيت إيشو","122","1754","MP","جدو الادريسي","28448"
"الرباط -سلا -القنيطرة","الخميسات","آيت إيشو","122","1754","MP","نعيمة ابوحسوس","28537"
"الرباط -سلا -القنيطرة","الخميسات","آيت إيشو","122","1752","PAM","محمد محاسين","83900"
"الرباط -سلا -القنيطرة","الخميسات","آيت إيشو","122","1753","PAM","محمد ايت عقة نعلا","83380"
"الرباط -سلا -القنيطرة","الخميسات","آيت إيشو","122","1750","PAM","علي بوهاد","102298"
"الرباط -سلا -القنيطرة","الخميسات","آيت إيشو","122","1756","PI","عبد القادر  وعزيز","2614"
"الرباط -سلا -القنيطرة","الخميسات","آيت إيشو","122","1760","MP","لحسن حدجي","11040"
"الرباط -سلا -القنيطرة","الخميسات","آيت إيشو","122","1760","MP","حكيمة اوقاسي","2442"
"الرباط -سلا -القنيطرة","الخميسات","آيت إيشو","122","1755","MDS","بن عياد  ينيتان ","131348"
"الرباط -سلا -القنيطرة","الخميسات","آيت إيشو","122","1751","PAM","عبدالرحمان ايت حدو","109887"
"الرباط -سلا -القنيطرة","الخميسات","آيت إيكو","124","1774","MP","محمد لحموش","53978"
"الرباط -سلا -القنيطرة","الخميسات","آيت إيكو","124","1774","MP","خدوج العلواني","34669"
"الرباط -سلا -القنيطرة","الخميسات","آيت إيكو","124","1778","PAM","عزيز بوفراس","23782"
"الرباط -سلا -القنيطرة","الخميسات","آيت إيكو","124","1778","PAM","جميلة الاولى","23879"
"الرباط -سلا -القنيطرة","الخميسات","آيت إيكو","124","1777","PAM","محمد  كليدة","23476"
"الرباط -سلا -القنيطرة","الخميسات","آيت إيكو","124","1777","PAM","الهام العتماني","23669"
"الرباط -سلا -القنيطرة","الخميسات","آيت إيكو","124","1785","PAM","المصطفى بن قاسو","70776"
"الرباط -سلا -القنيطرة","الخميسات","آيت إيكو","124","1785","PAM","مريم منان","26458"
"الرباط -سلا -القنيطرة","الخميسات","آيت إيكو","124","1781","MP","رشيد المحجوبي","136105"
"الرباط -سلا -القنيطرة","الخميسات","آيت إيكو","124","1781","MP","حكيمة موحاشت","136327"
"الرباط -سلا -القنيطرة","الخميسات","آيت إيكو","124","1775","PI","محمد عماري","62386"
"الرباط -سلا -القنيطرة","الخميسات","آيت إيكو","124","1779","MP","رحو بطيح","5822"
"الرباط -سلا -القنيطرة","الخميسات","آيت إيكو","124","1783","PAM","حسن مومني","23949"
"الرباط -سلا -القنيطرة","الخميسات","آيت إيكو","124","1782","RNI","عبد العزيز بوزيان","131865"
"الرباط -سلا -القنيطرة","الخميسات","آيت إيكو","124","1786","PAM","طريق بويسحاق","24460"
"الرباط -سلا -القنيطرة","الخميسات","آيت إيكو","124","1780","RNI","انوار اعريب","34862"
"الرباط -سلا -القنيطرة","الخميسات","آيت إيكو","124","1784","MP","موسى خيي","49379"
"الرباط -سلا -القنيطرة","الخميسات","آيت إيكو","124","1776","PAM","جواد ادريسي","35062"
"الرباط -سلا -القنيطرة","الخميسات","آيت بلقاسم","102","1512","MDS","عزى بابي","7989"
"الرباط -سلا -القنيطرة","الخميسات","آيت بلقاسم","102","1512","MDS","خديجة ابيدة","8114"
"الرباط -سلا -القنيطرة","الخميسات","آيت بلقاسم","102","1519","MDS","سعيد بوطيب","7704"
"الرباط -سلا -القنيطرة","الخميسات","آيت بلقاسم","102","1510","RNI","ملوك عموري","30249"
"الرباط -سلا -القنيطرة","الخميسات","آيت بلقاسم","102","1510","RNI","مريم بلوى","30304"
"الرباط -سلا -القنيطرة","الخميسات","آيت بلقاسم","102","1516","MDS","موسى جاتو","30165"
"الرباط -سلا -القنيطرة","الخميسات","آيت بلقاسم","102","1516","MDS","ماجدة بسام","30210"
"الرباط -سلا -القنيطرة","الخميسات","آيت بلقاسم","102","1515","MDS","لمصدق درقوش","30118"
"الرباط -سلا -القنيطرة","الخميسات","آيت بلقاسم","102","1515","MDS","مها بادة","30140"
"الرباط -سلا -القنيطرة","الخميسات","آيت بلقاسم","102","1517","RNI","عبدالكريم المنصوري","138785"
"الرباط -سلا -القنيطرة","الخميسات","آيت بلقاسم","102","1514","RNI","اعلي بكسات ","7853"
"الرباط -سلا -القنيطرة","الخميسات","آيت بلقاسم","102","1514","RNI","يامنة بكسات","7897"
"الرباط -سلا -القنيطرة","الخميسات","آيت بلقاسم","102","1511","MDS","طارق طيشة","7151"
"الرباط -سلا -القنيطرة","الخميسات","آيت بلقاسم","102","1513","RNI","محمد بودريبات","15938"
"الرباط -سلا -القنيطرة","الخميسات","آيت بلقاسم","102","1518","RNI","شكيب  بوراس ","16092"
"الرباط -سلا -القنيطرة","الخميسات","آيت بلقاسم","102","1520","MDS","بوعزة المغاط","16185"
"الرباط -سلا -القنيطرة","الخميسات","آيت بويحيى الحجامة","110","1607","PI","ادريس الفريتحي","37794"
"الرباط -سلا -القنيطرة","الخميسات","آيت بويحيى الحجامة","110","1607","PI","ليلى لمزالا","37899"
"الرباط -سلا -القنيطرة","الخميسات","آيت بويحيى الحجامة","110","1604","RNI","مصطفى هرموش","82703"
"الرباط -سلا -القنيطرة","الخميسات","آيت بويحيى الحجامة","110","1604","RNI","حسنة عزاوي","82771"
"الرباط -سلا -القنيطرة","الخميسات","آيت بويحيى الحجامة","110","1613","MDS","موسى زكري","9834"
"الرباط -سلا -القنيطرة","الخميسات","آيت بويحيى الحجامة","110","1613","MDS","سناء البنوري","9866"
"الرباط -سلا -القنيطرة","الخميسات","آيت بويحيى الحجامة","110","1614","MDS","ادريس قازة","9774"
"الرباط -سلا -القنيطرة","الخميسات","آيت بويحيى الحجامة","110","1608","RNI","نورالدين الناوي","38051"
"الرباط -سلا -القنيطرة","الخميسات","آيت بويحيى الحجامة","110","1606","RNI","الغازي حرشان","63757"
"الرباط -سلا -القنيطرة","الخميسات","آيت بويحيى الحجامة","110","1612","MDS","حمادي هاشيمي","9392"
"الرباط -سلا -القنيطرة","الخميسات","آيت بويحيى الحجامة","110","1609","MDS","ادريس العقاوي","9354"
"الرباط -سلا -القنيطرة","الخميسات","آيت بويحيى الحجامة","110","1612","MDS","نهيلة الهاشمي","9441"
"الرباط -سلا -القنيطرة","الخميسات","آيت بويحيى الحجامة","110","1611","MDS","الخياطي زكري","27857"
"الرباط -سلا -القنيطرة","الخميسات","آيت بويحيى الحجامة","110","1611","MDS","فتيحة بنزكري","27938"
"الرباط -سلا -القنيطرة","الخميسات","آيت بويحيى الحجامة","110","1605","RNI","مراد هرموش","16442"
"الرباط -سلا -القنيطرة","الخميسات","آيت بويحيى الحجامة","110","1610","MDS","يوسف العلواني","9477"
"الرباط -سلا -القنيطرة","الخميسات","آيت سيبرن","160","2278","MP","عبد العالي القرفادي","31540"
"الرباط -سلا -القنيطرة","الخميسات","آيت سيبرن","160","2278","MP","مينة بوظربة","31546"
"الرباط -سلا -القنيطرة","الخميسات","آيت سيبرن","160","2271","MP","محمد رحيمو","68816"
"الرباط -سلا -القنيطرة","الخميسات","آيت سيبرن","160","2271","MP","حفيضة المشطي","68817"
"الرباط -سلا -القنيطرة","الخميسات","آيت سيبرن","160","2276","RNI","بوزيان بلحرش","45540"
"الرباط -سلا -القنيطرة","الخميسات","آيت سيبرن","160","2272","PAM","ياسين  لهبر ","130613"
"الرباط -سلا -القنيطرة","الخميسات","آيت سيبرن","160","2272","PAM","خديجة بالقيد","141550"
"الرباط -سلا -القنيطرة","الخميسات","آيت سيبرن","160","2275","MP","عبدالرحمان كياص","45598"
"الرباط -سلا -القنيطرة","الخميسات","آيت سيبرن","160","2268","MP","خالد سرغيني","57764"
"الرباط -سلا -القنيطرة","الخميسات","آيت سيبرن","160","2268","MP","جميلة صوينية ","57767"
"الرباط -سلا -القنيطرة","الخميسات","آيت سيبرن","160","2277","MP","زوهير  ادقيش","68819"
"الرباط -سلا -القنيطرة","الخميسات","آيت سيبرن","160","2277","MP","اسماء ادقيش","68821"
"الرباط -سلا -القنيطرة","الخميسات","آيت سيبرن","160","2274","PAM","عبد الله بن الطويل","45716"
"الرباط -سلا -القنيطرة","الخميسات","آيت سيبرن","160","2269","MP","عبد الحفيظ  سرغيني","130366"
"الرباط -سلا -القنيطرة","الخميسات","آيت سيبرن","160","2270","MP","نور الدين عصمى","45468"
"الرباط -سلا -القنيطرة","الخميسات","آيت سيبرن","160","2273","MP","عبد الجواد  علمي عروسي ","68801"
"الرباط -سلا -القنيطرة","الخميسات","آيت علي أولحسن","1585","26648","RNI","يشي خلوقي","37645"
"الرباط -سلا -القنيطرة","الخميسات","آيت علي أولحسن","1585","26648","RNI","نوال الغروش","37737"
"الرباط -سلا -القنيطرة","الخميسات","آيت علي أولحسن","1585","26639","RNI","احمد بوبكر","37531"
"الرباط -سلا -القنيطرة","الخميسات","آيت علي أولحسن","1585","26649","RNI","بوجمعة شليمة","50412"
"الرباط -سلا -القنيطرة","الخميسات","آيت علي أولحسن","1585","26649","RNI","فاطمة الزاير","50453"
"الرباط -سلا -القنيطرة","الخميسات","آيت علي أولحسن","1585","26644","RNI","احمد الحاج","140960"
"الرباط -سلا -القنيطرة","الخميسات","آيت علي أولحسن","1585","26644","RNI","فوزية بوزرواطة","141093"
"الرباط -سلا -القنيطرة","الخميسات","آيت علي أولحسن","1585","26640","PAM","نور الدين بويدية","108611"
"الرباط -سلا -القنيطرة","الخميسات","آيت علي أولحسن","1585","26640","PAM","امال لمقارطة","108715"
"الرباط -سلا -القنيطرة","الخميسات","آيت علي أولحسن","1585","26645","UC","محمد الكايم","84775"
"الرباط -سلا -القنيطرة","الخميسات","آيت علي أولحسن","1585","26645","UC","حفيظة صندود","84843"
"الرباط -سلا -القنيطرة","الخميسات","آيت علي أولحسن","1585","26641","RNI","عبدالعالي الدمناتي","50307"
"الرباط -سلا -القنيطرة","الخميسات","آيت علي أولحسن","1585","26643","RNI","المصطفى عمار","50060"
"الرباط -سلا -القنيطرة","الخميسات","آيت علي أولحسن","1585","26646","RNI","مهدي حجي","50358"
"الرباط -سلا -القنيطرة","الخميسات","آيت علي أولحسن","1585","26647","RNI","عمر النشاط","50217"
"الرباط -سلا -القنيطرة","الخميسات","آيت علي أولحسن","1585","26642","MDS","عبد الاله المقروط","6910"
"الرباط -سلا -القنيطرة","الخميسات","آيت مالك","134","1925","RNI","حميدة مزراكي","1664"
"الرباط -سلا -القنيطرة","الخميسات","آيت مالك","134","1925","RNI","فاطمة مزراكي","1719"
"الرباط -سلا -القنيطرة","الخميسات","آيت مالك","134","1922","MDS","ادريس بوجريح","2043"
"الرباط -سلا -القنيطرة","الخميسات","آيت مالك","134","1922","MDS","فتيحة بوجريح","2081"
"الرباط -سلا -القنيطرة","الخميسات","آيت مالك","134","1921","RNI","مصطفى اشباري","118365"
"الرباط -سلا -القنيطرة","الخميسات","آيت مالك","134","1921","RNI","نادية اشفاري","118463"
"الرباط -سلا -القنيطرة","الخميسات","آيت مالك","134","1926","MDS","محمد  بوحروف ","17925"
"الرباط -سلا -القنيطرة","الخميسات","آيت مالك","134","1919","RNI","احمد قنوش","22902"
"الرباط -سلا -القنيطرة","الخميسات","آيت مالك","134","1919","RNI","حليمة قنوش","22938"
"الرباط -سلا -القنيطرة","الخميسات","آيت مالك","134","1918","MDS","عبدالغني كريم","33275"
"الرباط -سلا -القنيطرة","الخميسات","آيت مالك","134","1918","MDS","فاطمة دوة","33321"
"الرباط -سلا -القنيطرة","الخميسات","آيت مالك","134","1920","RNI","عبدالنبي  زيان ","2139"
"الرباط -سلا -القنيطرة","الخميسات","آيت مالك","134","1927","RNI","احمد الطويل ","21714"
"الرباط -سلا -القنيطرة","الخميسات","آيت مالك","134","1923","MDS","ادريس وباتي","11680"
"الرباط -سلا -القنيطرة","الخميسات","آيت مالك","134","1924","RNI","محمد لحمامصي","39507"
"الرباط -سلا -القنيطرة","الخميسات","آيت مالك","134","1928","RNI","محمد الوقيري","15303"
"الرباط -سلا -القنيطرة","الخميسات","آيت ميمون","138","1992","RNI","احميدو مهدي","13243"
"الرباط -سلا -القنيطرة","الخميسات","آيت ميمون","138","1992","RNI","فاطمة  بن دكالي","13383"
"الرباط -سلا -القنيطرة","الخميسات","آيت ميمون","138","1987","MDS","محمد دقيش","38021"
"الرباط -سلا -القنيطرة","الخميسات","آيت ميمون","138","1987","MDS","حليمة ديدو","38074"
"الرباط -سلا -القنيطرة","الخميسات","آيت ميمون","138","1989","MDS","ميمون شعران","3220"
"الرباط -سلا -القنيطرة","الخميسات","آيت ميمون","138","1989","MDS","زهرة شعران","3310"
"الرباط -سلا -القنيطرة","الخميسات","آيت ميمون","138","1988","RNI","لحسن بنحسي","13466"
"الرباط -سلا -القنيطرة","الخميسات","آيت ميمون","138","1988","RNI","شادية هريتان","20426"
"الرباط -سلا -القنيطرة","الخميسات","آيت ميمون","138","1990","RNI","نورالدين تعبان","14194"
"الرباط -سلا -القنيطرة","الخميسات","آيت ميمون","138","1990","RNI","فاطمة ايت باغانم","14253"
"الرباط -سلا -القنيطرة","الخميسات","آيت ميمون","138","1995","MDS","موحى بايزي","16759"
"الرباط -سلا -القنيطرة","الخميسات","آيت ميمون","138","1994","PAM","محمد املال","41267"
"الرباط -سلا -القنيطرة","الخميسات","آيت ميمون","138","1991","MDS","الحسن بوتهري","3911"
"الرباط -سلا -القنيطرة","الخميسات","آيت ميمون","138","1986","RNI","جمال بولكوش","34302"
"الرباط -سلا -القنيطرة","الخميسات","آيت ميمون","138","1985","RNI","حمزة بولكوش","3026"
"الرباط -سلا -القنيطرة","الخميسات","آيت ميمون","138","1984","MDS","جواد بويمجان","59486"
"الرباط -سلا -القنيطرة","الخميسات","آيت ميمون","138","1993","MP","التجاني اطو حماد","47208"
"الرباط -سلا -القنيطرة","الخميسات","آيت ميمون","138","1996","MDS","عزيز فاتح","2751"
"الرباط -سلا -القنيطرة","الخميسات","آيت يدين","166","2368","MDS","الحبيب اوحمو","9627"
"الرباط -سلا -القنيطرة","الخميسات","آيت يدين","166","2377","RNI","العربي بلوى","16813"
"الرباط -سلا -القنيطرة","الخميسات","آيت يدين","166","2377","RNI","سعاد بلوى","16843"
"الرباط -سلا -القنيطرة","الخميسات","آيت يدين","166","2370","MP","محمد قيدي","16898"
"الرباط -سلا -القنيطرة","الخميسات","آيت يدين","166","2370","MP","سميرة بنطيبي","16940"
"الرباط -سلا -القنيطرة","الخميسات","آيت يدين","166","2364","RNI","مينة عبور","17098"
"الرباط -سلا -القنيطرة","الخميسات","آيت يدين","166","2376","PPS","موحى باباحى","9804"
"الرباط -سلا -القنيطرة","الخميسات","آيت يدين","166","2376","PPS","حنان بنعبدالله","9838"
"الرباط -سلا -القنيطرة","الخميسات","آيت يدين","166","2379","MP","الحسين حسيني","31084"
"الرباط -سلا -القنيطرة","الخميسات","آيت يدين","166","2373","MDS","محمد بلعروصي","71480"
"الرباط -سلا -القنيطرة","الخميسات","آيت يدين","166","2383","MDS","الكتاني شحيمة","9967"
"الرباط -سلا -القنيطرة","الخميسات","آيت يدين","166","2382","MDS","احمد اخبيش","50861"
"الرباط -سلا -القنيطرة","الخميسات","آيت يدين","166","2382","MDS","شيماء بن هلا","50898"
"الرباط -سلا -القنيطرة","الخميسات","آيت يدين","166","2374","MDS","الحبيب الوافي","85295"
"الرباط -سلا -القنيطرة","الخميسات","آيت يدين","166","2367","MDS","الحبيب حسيني","9582"
"الرباط -سلا -القنيطرة","الخميسات","آيت يدين","166","2384","RNI","عبو بنبوسلهام","17163"
"الرباط -سلا -القنيطرة","الخميسات","آيت يدين","166","2375","RNI","احمد مهداش","14140"
"الرباط -سلا -القنيطرة","الخميسات","آيت يدين","166","2375","RNI","حفيظة السروي","14163"
"الرباط -سلا -القنيطرة","الخميسات","آيت يدين","166","2380","RNI","محمد حمو قدور","9953"
"الرباط -سلا -القنيطرة","الخميسات","آيت يدين","166","2369","MP","الحسين السيكة","140902"
"الرباط -سلا -القنيطرة","الخميسات","آيت يدين","166","2385","RNI","جمال بنسعيد","20586"
"الرباط -سلا -القنيطرة","الخميسات","آيت يدين","166","2372","RNI","عبدالسلام بنعسو","15766"
"الرباط -سلا -القنيطرة","الخميسات","آيت يدين","166","2371","PND","احمد حصيدة","35484"
"الرباط -سلا -القنيطرة","الخميسات","آيت يدين","166","2365","RNI","نعيمة بلفرشي","82030"
"الرباط -سلا -القنيطرة","الخميسات","آيت يدين","166","2378","MP","موحى بوتهرويت","9914"
"الرباط -سلا -القنيطرة","الخميسات","آيت يدين","166","2381","MP","موسى طويل","36053"
"الرباط -سلا -القنيطرة","الخميسات","آيت يدين","166","2386","MP","عمر الرايا","42021"
"الرباط -سلا -القنيطرة","الخميسات","آيت يدين","166","2366","MP","محمد بلختير","29854"
"الرباط -سلا -القنيطرة","الخميسات","البراشوة","424","6552","RNI","عبدالله الغالي","92474"
"الرباط -سلا -القنيطرة","الخميسات","البراشوة","424","6552","RNI","خديجة اهل يعيش","92592"
"الرباط -سلا -القنيطرة","الخميسات","البراشوة","424","6551","PAM","ياسين        الشوفاني","46149"
"الرباط -سلا -القنيطرة","الخميسات","البراشوة","424","6548","PAM","الميلودي الموساوي","23498"
"الرباط -سلا -القنيطرة","الخميسات","البراشوة","424","6557","PAM","بوعمرو الشوفاني","12979"
"الرباط -سلا -القنيطرة","الخميسات","البراشوة","424","6560","RNI","خالد  محب","22948"
"الرباط -سلا -القنيطرة","الخميسات","البراشوة","424","6554","RNI","أيوب صلاحي","2395"
"الرباط -سلا -القنيطرة","الخميسات","البراشوة","424","6554","RNI","اسماء محبوبي","2472"
"الرباط -سلا -القنيطرة","الخميسات","البراشوة","424","6549","PAM","رشيد قدراوي","15869"
"الرباط -سلا -القنيطرة","الخميسات","البراشوة","424","6549","PAM","امينة النويري","15996"
"الرباط -سلا -القنيطرة","الخميسات","البراشوة","424","6558","PAM","عبد القادر الزناتي","1188"
"الرباط -سلا -القنيطرة","الخميسات","البراشوة","424","6558","PAM","رجاء لمزعتر","1260"
"الرباط -سلا -القنيطرة","الخميسات","البراشوة","424","6556","PAM","الميلودي فريحة","38779"
"الرباط -سلا -القنيطرة","الخميسات","البراشوة","424","6550","PAM","عمر سرار","17238"
"الرباط -سلا -القنيطرة","الخميسات","البراشوة","424","6559","RNI","سعيد سور الله","32044"
"الرباط -سلا -القنيطرة","الخميسات","البراشوة","424","6553","RNI","يونس بوهنين","22662"
"الرباط -سلا -القنيطرة","الخميسات","البراشوة","424","6555","PAM","ياسين العصادي","110421"
"الرباط -سلا -القنيطرة","الخميسات","البراشوة","424","6555","PAM","نعيمة معد","110553"
"الرباط -سلا -القنيطرة","الخميسات","الخميسات","713","25042","RNI","عبد السلام البويرماني","80058"
"الرباط -سلا -القنيطرة","الخميسات","الخميسات","713","25042","RNI","العزيزة بويسحاق","81790"
"الرباط -سلا -القنيطرة","الخميسات","الخميسات","713","25042","RNI","محمد السباعي","80101"
"الرباط -سلا -القنيطرة","الخميسات","الخميسات","713","25042","MP","حسن ميسور","69954"
"الرباط -سلا -القنيطرة","الخميسات","الخميسات","713","25042","MP","ليلى الاحمادي","70730"
"الرباط -سلا -القنيطرة","الخميسات","الخميسات","713","25042","MP","مصطفى نوحي","69984"
"الرباط -سلا -القنيطرة","الخميسات","الخميسات","713","25042","PI","بوجمعة بولعياظ","60942"
"الرباط -سلا -القنيطرة","الخميسات","الخميسات","713","25042","PI","مريمة حموزين","62145"
"الرباط -سلا -القنيطرة","الخميسات","الخميسات","713","25042","UC","سعيد منصوري","71227"
"الرباط -سلا -القنيطرة","الخميسات","الخميسات","713","25042","UC","حسناء الحاجي","72234"
"الرباط -سلا -القنيطرة","الخميسات","الخميسات","713","25042","MDS","الحسين الجامعي","33192"
"الرباط -سلا -القنيطرة","الخميسات","الخميسات","713","25042","MDS","ليلى كريني","34377"
"الرباط -سلا -القنيطرة","الخميسات","الخميسات","713","25042","PRD","نور الدين خرماز","96859"
"الرباط -سلا -القنيطرة","الخميسات","الخميسات","713","25042","PRD","هدى المسعودي","98462"
"الرباط -سلا -القنيطرة","الخميسات","الخميسات","713","25042","PAM","توفيق بوشعرة","95253"
"الرباط -سلا -القنيطرة","الخميسات","الخميسات","713","25042","PAM","حنان صباح","96925"
"الرباط -سلا -القنيطرة","الخميسات","الخميسات","713","25042","SAP","زهير علوي يزيدي","47162"
"الرباط -سلا -القنيطرة","الخميسات","الخميسات","713","25042","SAP","امينة سعيدي","48642"
"الرباط -سلا -القنيطرة","الخميسات","الخميسات","713","25042","SAP","خالد ارحو","101191"
"الرباط -سلا -القنيطرة","الخميسات","الخميسات","713","25042","SAP","بشرى العكوري","102181"
"الرباط -سلا -القنيطرة","الخميسات","الخميسات","713","25042","PPS","طه بلكوح","89936"
"الرباط -سلا -القنيطرة","الخميسات","الخميسات","713","25042","PPS","امينة زنيبر","93641"
"الرباط -سلا -القنيطرة","الخميسات","الخميسات","713","25042","PEDD","فؤاد لعتريس","100594"
"الرباط -سلا -القنيطرة","الخميسات","الخميسات","713","25042","PEDD","إلهام دهبي","101685"
"الرباط -سلا -القنيطرة","الخميسات","الخميسات","713","25042","PDI","احمد بلغازي","81700"
"الرباط -سلا -القنيطرة","الخميسات","الخميسات","713","25042","PDI","نزهة بلقياس","83123"
"الرباط -سلا -القنيطرة","الخميسات","الخميسات","713","25042","PND","مراد بوعلام","85942"
"الرباط -سلا -القنيطرة","الخميسات","الخميسات","713","25042","SAP","احمد ارشمال","132045"
"الرباط -سلا -القنيطرة","الخميسات","الخميسات","713","25042","PJD","ربيعة بوجة","26217"
"الرباط -سلا -القنيطرة","الخميسات","الخميسات","713","25042","FFD","الطاهر احيزون","74793"
"الرباط -سلا -القنيطرة","الخميسات","الخميسات","713","25042","PDN","احمد بوشيخي","20861"
"الرباط -سلا -القنيطرة","الخميسات","الخميسات","713","25042","USFP","خالد بروزيين","57928"
"الرباط -سلا -القنيطرة","الخميسات","الخميسات","713","25042","P.EQUITE","عبد العزيز صديقي","81564"
"الرباط -سلا -القنيطرة","الخميسات","الخميسات","713","25042","CNI","محمد حدوتي","138518"
"الرباط -سلا -القنيطرة","الخميسات","الخميسات","713","25042","P.ALAMAL","عبدالرزاق مهتدي","58363"
"الرباط -سلا -القنيطرة","الخميسات","الرماني","1102","17303","RNI","محمد ملالي","971"
"الرباط -سلا -القنيطرة","الخميسات","الرماني","1102","17303","RNI","ملكة المحمدي","1027"
"الرباط -سلا -القنيطرة","الخميسات","الرماني","1102","17308","RNI","بوعمرو دين","3797"
"الرباط -سلا -القنيطرة","الخميسات","الرماني","1102","17308","RNI","لمياء ناجح","3851"
"الرباط -سلا -القنيطرة","الخميسات","الرماني","1102","17306","RNI","حسن بريكي","6595"
"الرباط -سلا -القنيطرة","الخميسات","الرماني","1102","17306","RNI","فاطمة لمزيلي","6639"
"الرباط -سلا -القنيطرة","الخميسات","الرماني","1102","17307","RNI","محمد بوحجة","646"
"الرباط -سلا -القنيطرة","الخميسات","الرماني","1102","17296","PAM","محسن اجمايلي","82629"
"الرباط -سلا -القنيطرة","الخميسات","الرماني","1102","17305","PAM","دحو مدني","38150"
"الرباط -سلا -القنيطرة","الخميسات","الرماني","1102","17305","PAM","زينب الخطابي","38181"
"الرباط -سلا -القنيطرة","الخميسات","الرماني","1102","17299","PAM","عبد الله الكويرة","82778"
"الرباط -سلا -القنيطرة","الخميسات","الرماني","1102","17304","PAM","احمد الهيلع","136484"
"الرباط -سلا -القنيطرة","الخميسات","الرماني","1102","17304","PAM","بهيجة الحمزاوي","136563"
"الرباط -سلا -القنيطرة","الخميسات","الرماني","1102","17301","PAM","الحسين الفرخ","104456"
"الرباط -سلا -القنيطرة","الخميسات","الرماني","1102","17298","PAM","بلعيد معطى الله","23931"
"الرباط -سلا -القنيطرة","الخميسات","الرماني","1102","17300","PI","يوسف فريحة","583"
"الرباط -سلا -القنيطرة","الخميسات","الرماني","1102","17297","PAM","عبد الرحيم فائز","3298"
"الرباط -سلا -القنيطرة","الخميسات","الرماني","1102","17302","PAM","نعمان الخلفي","730"
"الرباط -سلا -القنيطرة","الخميسات","الزحيلكة","533","8382","PI","بوشتى وادي","123657"
"الرباط -سلا -القنيطرة","الخميسات","الزحيلكة","533","8382","PI","نوال الجوادي","123856"
"الرباط -سلا -القنيطرة","الخميسات","الزحيلكة","533","8393","PAM","الجيلالي مسهل","3941"
"الرباط -سلا -القنيطرة","الخميسات","الزحيلكة","533","8376","PI","بوعمرو تغوان","121427"
"الرباط -سلا -القنيطرة","الخميسات","الزحيلكة","533","8376","PI","حسناء الشباعي","121655"
"الرباط -سلا -القنيطرة","الخميسات","الزحيلكة","533","8390","PAM","محمد الفايز","4335"
"الرباط -سلا -القنيطرة","الخميسات","الزحيلكة","533","8381","PI","عبد الرحيم شملي","16311"
"الرباط -سلا -القنيطرة","الخميسات","الزحيلكة","533","8389","PAM","عبد الباقي شاكيري","5892"
"الرباط -سلا -القنيطرة","الخميسات","الزحيلكة","533","8387","RNI","هشام عزاوي","55793"
"الرباط -سلا -القنيطرة","الخميسات","الزحيلكة","533","8387","RNI","غزلان ناجمي","55861"
"الرباط -سلا -القنيطرة","الخميسات","الزحيلكة","533","8394","PAM","ابراهيم مسهل","3417"
"الرباط -سلا -القنيطرة","الخميسات","الزحيلكة","533","8396","PI","محمد بكاس","16450"
"الرباط -سلا -القنيطرة","الخميسات","الزحيلكة","533","8375","PAM","رشيد سبابو","92766"
"الرباط -سلا -القنيطرة","الخميسات","الزحيلكة","533","8375","PAM","نعيمة الجوادي","92979"
"الرباط -سلا -القنيطرة","الخميسات","الزحيلكة","533","8395","PI","عبد السلام عشاكي","152157"
"الرباط -سلا -القنيطرة","الخميسات","الزحيلكة","533","8378","PI","محمد المعطاوي","30624"
"الرباط -سلا -القنيطرة","الخميسات","الزحيلكة","533","8379","PI","محمد واضح","92357"
"الرباط -سلا -القنيطرة","الخميسات","الزحيلكة","533","8392","MP","بنمبارك العثماني","42157"
"الرباط -سلا -القنيطرة","الخميسات","الزحيلكة","533","8377","PAM","عزيز السعداوي","8311"
"الرباط -سلا -القنيطرة","الخميسات","الزحيلكة","533","8391","PAM","علي الماموني","31070"
"الرباط -سلا -القنيطرة","الخميسات","الزحيلكة","533","8391","PAM","كوثر الماموني","31106"
"الرباط -سلا -القنيطرة","الخميسات","الزحيلكة","533","8380","PAM","عبد الباقي لمباركي","3629"
"الرباط -سلا -القنيطرة","الخميسات","الزحيلكة","533","8383","PAM","قاسم الجوادي","5031"
"الرباط -سلا -القنيطرة","الخميسات","الزحيلكة","533","8384","PI","اعلي بلعسري","7949"
"الرباط -سلا -القنيطرة","الخميسات","الزحيلكة","533","8386","PI","بوشتى السعداوي","43688"
"الرباط -سلا -القنيطرة","الخميسات","الزحيلكة","533","8385","PAM","عبد الرحيم كاسمي","6798"
"الرباط -سلا -القنيطرة","الخميسات","الزحيلكة","533","8388","PAM","نبيل طلحة","4194"
"الرباط -سلا -القنيطرة","الخميسات","الزحيلكة","533","8397","PAM","محمد بنعسري","4831"
"الرباط -سلا -القنيطرة","الخميسات","الصفاصيف","1141","18070","MP","علي احبشان","57770"
"الرباط -سلا -القنيطرة","الخميسات","الصفاصيف","1141","18075","RNI","محمد  عليمو ","57434"
"الرباط -سلا -القنيطرة","الخميسات","الصفاصيف","1141","18069","MP","خالد بوشيخي","151992"
"الرباط -سلا -القنيطرة","الخميسات","الصفاصيف","1141","18069","MP","الهام العياشي","152164"
"الرباط -سلا -القنيطرة","الخميسات","الصفاصيف","1141","18076","MP","محمد يوسفي","57743"
"الرباط -سلا -القنيطرة","الخميسات","الصفاصيف","1141","18076","MP","حنان بيحو","57749"
"الرباط -سلا -القنيطرة","الخميسات","الصفاصيف","1141","18073","MP","محمد هاشي","57755"
"الرباط -سلا -القنيطرة","الخميسات","الصفاصيف","1141","18073","MP","سناء الشعيبي","57760"
"الرباط -سلا -القنيطرة","الخميسات","الصفاصيف","1141","18077","MP","موسى بامحين","57491"
"الرباط -سلا -القنيطرة","الخميسات","الصفاصيف","1141","18077","MP","فاطمة عاتيق","57503"
"الرباط -سلا -القنيطرة","الخميسات","الصفاصيف","1141","18066","MP","فريد ابراهيمي","68813"
"الرباط -سلا -القنيطرة","الخميسات","الصفاصيف","1141","18066","MP","فاطمة الزاهيري","68814"
"الرباط -سلا -القنيطرة","الخميسات","الصفاصيف","1141","18074","MDS","علي الرئيس","19762"
"الرباط -سلا -القنيطرة","الخميسات","الصفاصيف","1141","18065","MP","حميد بلميلودي","45671"
"الرباط -سلا -القنيطرة","الخميسات","الصفاصيف","1141","18072","MDS","عبد الرحيم رحالي","19589"
"الرباط -سلا -القنيطرة","الخميسات","الصفاصيف","1141","18067","MP","سليمان الطاهري","57607"
"الرباط -سلا -القنيطرة","الخميسات","الصفاصيف","1141","18071","MP","عبد السلام دراز","7536"
"الرباط -سلا -القنيطرة","الخميسات","الصفاصيف","1141","18068","MP","عبد اللطيف الطاهري","68784"
"الرباط -سلا -القنيطرة","الخميسات","الغوالم","758","11949","PAM","عبد القادر  الخلادي","66680"
"الرباط -سلا -القنيطرة","الخميسات","الغوالم","758","11949","PAM","مليكة نعيم","66810"
"الرباط -سلا -القنيطرة","الخميسات","الغوالم","758","11952","PAM","محمد العلمي","10695"
"الرباط -سلا -القنيطرة","الخميسات","الغوالم","758","11952","PAM","مليكة بيض","10702"
"الرباط -سلا -القنيطرة","الخميسات","الغوالم","758","11951","RNI","سعيد الماموني","20618"
"الرباط -سلا -القنيطرة","الخميسات","الغوالم","758","11951","RNI","سهام الراجي","20622"
"الرباط -سلا -القنيطرة","الخميسات","الغوالم","758","11950","PAM","بنمبارك بنسلام","10649"
"الرباط -سلا -القنيطرة","الخميسات","الغوالم","758","11950","PAM","نجاة الكافي","10666"
"الرباط -سلا -القنيطرة","الخميسات","الغوالم","758","11944","PAM","عبد الرؤوف المتوكل","150362"
"الرباط -سلا -القنيطرة","الخميسات","الغوالم","758","11956","PAM","احمد عماري","10764"
"الرباط -سلا -القنيطرة","الخميسات","الغوالم","758","11956","PAM","سومية  عماري ","10765"
"الرباط -سلا -القنيطرة","الخميسات","الغوالم","758","11948","PAM","بنحمو الكرطي","39918"
"الرباط -سلا -القنيطرة","الخميسات","الغوالم","758","11947","RNI","الميلودي كريم","30344"
"الرباط -سلا -القنيطرة","الخميسات","الغوالم","758","11946","RNI","محمد العريفي","30216"
"الرباط -سلا -القنيطرة","الخميسات","الغوالم","758","11953","PAM","المصطفى بوعطية","10707"
"الرباط -سلا -القنيطرة","الخميسات","الغوالم","758","11955","PI","خليد الفنيري","10744"
"الرباط -سلا -القنيطرة","الخميسات","الغوالم","758","11945","RNI","عزيز الموجودي","40084"
"الرباط -سلا -القنيطرة","الخميسات","الغوالم","758","11954","PAM","ادريس غاني","10709"
"الرباط -سلا -القنيطرة","الخميسات","الكنزرة","493","7693","RNI","عبدالالاه الكاموس","31614"
"الرباط -سلا -القنيطرة","الخميسات","الكنزرة","493","7693","RNI","إحسان بنعقة","31626"
"الرباط -سلا -القنيطرة","الخميسات","الكنزرة","493","7685","RNI","عبد العزيز الصادق","91540"
"الرباط -سلا -القنيطرة","الخميسات","الكنزرة","493","7685","RNI","فاطمة الزهراء الصادق","91678"
"الرباط -سلا -القنيطرة","الخميسات","الكنزرة","493","7696","MP","احمد بنعقى","44122"
"الرباط -سلا -القنيطرة","الخميسات","الكنزرة","493","7692","RNI","فاطمة خيراط","89862"
"الرباط -سلا -القنيطرة","الخميسات","الكنزرة","493","7692","RNI","مولودة لحويفي","89983"
"الرباط -سلا -القنيطرة","الخميسات","الكنزرة","493","7698","MP","حمادي خناز","9884"
"الرباط -سلا -القنيطرة","الخميسات","الكنزرة","493","7697","MP","حميد لعتيريس","9087"
"الرباط -سلا -القنيطرة","الخميسات","الكنزرة","493","7688","MP","محمد كحل العين","18522"
"الرباط -سلا -القنيطرة","الخميسات","الكنزرة","493","7688","MP","مليكة رحمون","18584"
"الرباط -سلا -القنيطرة","الخميسات","الكنزرة","493","7691","RNI","خالد بورومين","20606"
"الرباط -سلا -القنيطرة","الخميسات","الكنزرة","493","7694","RNI","ملود بنحتى","20594"
"الرباط -سلا -القنيطرة","الخميسات","الكنزرة","493","7687","PPS","عبد الله  بنيحيا ","52849"
"الرباط -سلا -القنيطرة","الخميسات","الكنزرة","493","7686","MP","مصطفى الفولة","31543"
"الرباط -سلا -القنيطرة","الخميسات","الكنزرة","493","7695","MP","لحسن كرماعي","9829"
"الرباط -سلا -القنيطرة","الخميسات","الكنزرة","493","7695","MP","سهام بنعلا","9855"
"الرباط -سلا -القنيطرة","الخميسات","الكنزرة","493","7689","MP","خشان بلقائد","138862"
"الرباط -سلا -القنيطرة","الخميسات","الكنزرة","493","7699","PPS","العربي قرقوري","120370"
"الرباط -سلا -القنيطرة","الخميسات","الكنزرة","493","7690","RNI","يوسف عزوز","20600"
"الرباط -سلا -القنيطرة","الخميسات","المعازيز","832","13116","MDS","اشرف شهبون","117001"
"الرباط -سلا -القنيطرة","الخميسات","المعازيز","832","13122","MP","حميد بونوار","3073"
"الرباط -سلا -القنيطرة","الخميسات","المعازيز","832","13120","MDS","عثمان بطاش","118096"
"الرباط -سلا -القنيطرة","الخميسات","المعازيز","832","13120","MDS","نزهة والراس","118162"
"الرباط -سلا -القنيطرة","الخميسات","المعازيز","832","13124","MP","محمد امزيل","37136"
"الرباط -سلا -القنيطرة","الخميسات","المعازيز","832","13124","MP","خديجة أمزيل","37202"
"الرباط -سلا -القنيطرة","الخميسات","المعازيز","832","13119","MDS","امبارك بونوارا","119189"
"الرباط -سلا -القنيطرة","الخميسات","المعازيز","832","13119","MDS","عواطف الورديغي","119314"
"الرباط -سلا -القنيطرة","الخميسات","المعازيز","832","13118","MDS","اسعيد حسني","48563"
"الرباط -سلا -القنيطرة","الخميسات","المعازيز","832","13118","MDS","كنزة مساوي","48601"
"الرباط -سلا -القنيطرة","الخميسات","المعازيز","832","13117","PAM","عزيز ناصري","116316"
"الرباط -سلا -القنيطرة","الخميسات","المعازيز","832","13114","PAM","محمد امين نور الشافي","2536"
"الرباط -سلا -القنيطرة","الخميسات","المعازيز","832","13115","RNI","رشيد الوارطيطي","87457"
"الرباط -سلا -القنيطرة","الخميسات","المعازيز","832","13121","RNI","المهدي العلواني","88048"
"الرباط -سلا -القنيطرة","الخميسات","المعازيز","832","13113","PI","محمد احداف","145639"
"الرباط -سلا -القنيطرة","الخميسات","المعازيز","832","13113","PI","امينة احبشان","145737"
"الرباط -سلا -القنيطرة","الخميسات","المعازيز","832","13112","RNI","محمد  عزيز","82904"
"الرباط -سلا -القنيطرة","الخميسات","المعازيز","832","13123","MP","محمد الصبري","91413"
"الرباط -سلا -القنيطرة","الخميسات","اولماس","1061","16687","PAM","محمد اشرورو","101289"
"الرباط -سلا -القنيطرة","الخميسات","اولماس","1061","16687","PAM","مينة وزي","114104"
"الرباط -سلا -القنيطرة","الخميسات","اولماس","1061","16702","PAM","مصطفى عية","2034"
"الرباط -سلا -القنيطرة","الخميسات","اولماس","1061","16704","RNI","منير أومداني","47377"
"الرباط -سلا -القنيطرة","الخميسات","اولماس","1061","16688","PAM","لحسن حاكمي","28"
"الرباط -سلا -القنيطرة","الخميسات","اولماس","1061","16688","PAM","نزهة ايت عيسى","44"
"الرباط -سلا -القنيطرة","الخميسات","اولماس","1061","16698","PAM","مولاي علاوي","341"
"الرباط -سلا -القنيطرة","الخميسات","اولماس","1061","16690","PAM","رشيد اعفير","98"
"الرباط -سلا -القنيطرة","الخميسات","اولماس","1061","16693","PAM","محمد اوفطوج","6484"
"الرباط -سلا -القنيطرة","الخميسات","اولماس","1061","16695","PAM","عبد الله ملال","60"
"الرباط -سلا -القنيطرة","الخميسات","اولماس","1061","16708","PAM","عزيز عسيوي","26331"
"الرباط -سلا -القنيطرة","الخميسات","اولماس","1061","16699","RNI","محمد الحدادي","18309"
"الرباط -سلا -القنيطرة","الخميسات","اولماس","1061","16694","PAM","رشيد ملياني","30733"
"الرباط -سلا -القنيطرة","الخميسات","اولماس","1061","16700","PAM","خالد بلمريكة","135"
"الرباط -سلا -القنيطرة","الخميسات","اولماس","1061","16691","RNI","عدنان اوباحا","17554"
"الرباط -سلا -القنيطرة","الخميسات","اولماس","1061","16709","PAM","احرضان ابن اسعيد","6657"
"الرباط -سلا -القنيطرة","الخميسات","اولماس","1061","16697","PAM","حدو اقبوش","6582"
"الرباط -سلا -القنيطرة","الخميسات","اولماس","1061","16701","PAM","علال احيزون","1291"
"الرباط -سلا -القنيطرة","الخميسات","اولماس","1061","16692","PAM","حسن لمراني","282"
"الرباط -سلا -القنيطرة","الخميسات","اولماس","1061","16703","MDS","جواد حرشاوي","1353"
"الرباط -سلا -القنيطرة","الخميسات","اولماس","1061","16703","MDS","سعيدة احيزون","1380"
"الرباط -سلا -القنيطرة","الخميسات","اولماس","1061","16689","RNI","المصطفى العوني","22268"
"الرباط -سلا -القنيطرة","الخميسات","اولماس","1061","16689","RNI","امينة مفتاح","22300"
"الرباط -سلا -القنيطرة","الخميسات","اولماس","1061","16705","MDS","الحسين ريان","6837"
"الرباط -سلا -القنيطرة","الخميسات","اولماس","1061","16705","MDS","لطيفة وخوية","7004"
"الرباط -سلا -القنيطرة","الخميسات","اولماس","1061","16707","PAM","بادي عكاوي","1815"
"الرباط -سلا -القنيطرة","الخميسات","اولماس","1061","16696","PAM","محمد بوزيد","261"
"الرباط -سلا -القنيطرة","الخميسات","اولماس","1061","16706","UC","ايوب ايكن","46307"
"الرباط -سلا -القنيطرة","الخميسات","بوقشمير","413","6402","PAM","حميد بوطاهر","133815"
"الرباط -سلا -القنيطرة","الخميسات","بوقشمير","413","6399","PAM","موسى اوفطوج","133213"
"الرباط -سلا -القنيطرة","الخميسات","بوقشمير","413","6399","PAM","حليمة اوفطوش","133303"
"الرباط -سلا -القنيطرة","الخميسات","بوقشمير","413","6400","PAM","محمد طاباش","133426"
"الرباط -سلا -القنيطرة","الخميسات","بوقشمير","413","6400","PAM","فاطنة علالي","133499"
"الرباط -سلا -القنيطرة","الخميسات","بوقشمير","413","6398","MP","محمد عثماني","1523"
"الرباط -سلا -القنيطرة","الخميسات","بوقشمير","413","6398","MP","حسناء معرير","1572"
"الرباط -سلا -القنيطرة","الخميسات","بوقشمير","413","6396","MP","عبد الله العريم","1634"
"الرباط -سلا -القنيطرة","الخميسات","بوقشمير","413","6396","MP","بشرى عسيوي","1678"
"الرباط -سلا -القنيطرة","الخميسات","بوقشمير","413","6397","RNI","حسن شرورو","132674"
"الرباط -سلا -القنيطرة","الخميسات","بوقشمير","413","6397","RNI","مليكة الخيال","132761"
"الرباط -سلا -القنيطرة","الخميسات","بوقشمير","413","6401","PAM","موسى بوسلك","132065"
"الرباط -سلا -القنيطرة","الخميسات","بوقشمير","413","6404","PAM","محموا جعجي","133957"
"الرباط -سلا -القنيطرة","الخميسات","بوقشمير","413","6405","PAM","هشام  ايت احبيبي ","132522"
"الرباط -سلا -القنيطرة","الخميسات","بوقشمير","413","6395","PAM","عبد الله ايت حدو","131751"
"الرباط -سلا -القنيطرة","الخميسات","بوقشمير","413","6403","PAM","محمد جواد","134158"
"الرباط -سلا -القنيطرة","الخميسات","تيداس","1427","22516","PAM","ادريس لفقيه","20682"
"الرباط -سلا -القنيطرة","الخميسات","تيداس","1427","22516","PAM","رشيدة اعرور","20690"
"الرباط -سلا -القنيطرة","الخميسات","تيداس","1427","22508","MP","عزيز اعبوش","20607"
"الرباط -سلا -القنيطرة","الخميسات","تيداس","1427","22508","MP","امينة فناني","20609"
"الرباط -سلا -القنيطرة","الخميسات","تيداس","1427","22510","MP","حدو اولحسن","20621"
"الرباط -سلا -القنيطرة","الخميسات","تيداس","1427","22510","MP","انتصار بوملال","20625"
"الرباط -سلا -القنيطرة","الخميسات","تيداس","1427","22514","PAM","لحسن بايا","20556"
"الرباط -سلا -القنيطرة","الخميسات","تيداس","1427","22514","PAM","غنيمة بايا","20559"
"الرباط -سلا -القنيطرة","الخميسات","تيداس","1427","22509","MP","رشيد المرس","100987"
"الرباط -سلا -القنيطرة","الخميسات","تيداس","1427","22512","MP","سعيد الوافي","20520"
"الرباط -سلا -القنيطرة","الخميسات","تيداس","1427","22517","MP","محمد صماما","20587"
"الرباط -سلا -القنيطرة","الخميسات","تيداس","1427","22515","MP","جواد العلواني","129883"
"الرباط -سلا -القنيطرة","الخميسات","تيداس","1427","22515","MP","نادية منصوري","129907"
"الرباط -سلا -القنيطرة","الخميسات","تيداس","1427","22507","PAM","للا امينة  مالكي","20352"
"الرباط -سلا -القنيطرة","الخميسات","تيداس","1427","22506","MP","ابراهيم العماري","20329"
"الرباط -سلا -القنيطرة","الخميسات","تيداس","1427","22505","MDS","محمد القدوسي","100812"
"الرباط -سلا -القنيطرة","الخميسات","تيداس","1427","22513","MP","حمو بولحسن","20543"
"الرباط -سلا -القنيطرة","الخميسات","تيداس","1427","22511","P.EQUITE","علي مغراوي","20635"
"الرباط -سلا -القنيطرة","الخميسات","تيفلت","1436","25043","MDS","عبد الصمد عرشان","212"
"الرباط -سلا -القنيطرة","الخميسات","تيفلت","1436","25043","MDS","لالة عين الشمس بابا علال","1109"
"الرباط -سلا -القنيطرة","الخميسات","تيفلت","1436","25043","MDS","المصطفى بومهدي","280"
"الرباط -سلا -القنيطرة","الخميسات","تيفلت","1436","25043","MDS","مونية الشرقاوي","1179"
"الرباط -سلا -القنيطرة","الخميسات","تيفلت","1436","25043","MDS","محمود عرشان","333"
"الرباط -سلا -القنيطرة","الخميسات","تيفلت","1436","25043","MDS","فاطمة القرمود","1276"
"الرباط -سلا -القنيطرة","الخميسات","تيفلت","1436","25043","MDS","احمد الطوكي","413"
"الرباط -سلا -القنيطرة","الخميسات","تيفلت","1436","25043","MDS","دنيا  لعرج ","1350"
"الرباط -سلا -القنيطرة","الخميسات","تيفلت","1436","25043","MDS","محمد البنوري","440"
"الرباط -سلا -القنيطرة","الخميسات","تيفلت","1436","25043","MDS","امبارك افرح","477"
"الرباط -سلا -القنيطرة","الخميسات","تيفلت","1436","25043","MDS","صلاح الكداري","499"
"الرباط -سلا -القنيطرة","الخميسات","تيفلت","1436","25043","FFD","محمد سعد","33749"
"الرباط -سلا -القنيطرة","الخميسات","تيفلت","1436","25043","FFD","ابتسام هرموش","34363"
"الرباط -سلا -القنيطرة","الخميسات","تيفلت","1436","25043","PADS","عزالعرب حلمي","69566"
"الرباط -سلا -القنيطرة","الخميسات","تيفلت","1436","25043","PADS","زينب  البشناوي","79471"
"الرباط -سلا -القنيطرة","الخميسات","تيفلت","1436","25043","PEDD","حسن البرعي","61087"
"الرباط -سلا -القنيطرة","الخميسات","تيفلت","1436","25043","PEDD","وفاء حاكمي","61050"
"الرباط -سلا -القنيطرة","الخميسات","تيفلت","1436","25043","RNI","عبد العالي بوطاهري","144874"
"الرباط -سلا -القنيطرة","الخميسات","تيفلت","1436","25043","RNI","الهام اهريمش","143606"
"الرباط -سلا -القنيطرة","الخميسات","تيفلت","1436","25043","PAM","نور الدين باشطيط","24691"
"الرباط -سلا -القنيطرة","الخميسات","تيفلت","1436","25043","PAM","بديعة الشوقي","24718"
"الرباط -سلا -القنيطرة","الخميسات","تيفلت","1436","25043","MP","اسعيد الذرقوش","64032"
"الرباط -سلا -القنيطرة","الخميسات","تيفلت","1436","25043","MP","فوزية  سعداوي","63970"
"الرباط -سلا -القنيطرة","الخميسات","تيفلت","1436","25043","UC","سي محمد برقية","16230"
"الرباط -سلا -القنيطرة","الخميسات","تيفلت","1436","25043","UC","ايمان بنالبغدادي","16410"
"الرباط -سلا -القنيطرة","الخميسات","تيفلت","1436","25043","USFP","عبدالمالك عوري","53113"
"الرباط -سلا -القنيطرة","الخميسات","تيفلت","1436","25043","PI","محمد ادريسي ","114598"
"الرباط -سلا -القنيطرة","الخميسات","تيفلت","1436","25043","P.ALAMAL","خليل امريصيطة","91427"
"الرباط -سلا -القنيطرة","الخميسات","تيفلت","1436","25043","PRV","خاليد بالهردة","130846"
"الرباط -سلا -القنيطرة","الخميسات","تيفلت","1436","25043","PPS","كريم تاج","35190"
"الرباط -سلا -القنيطرة","الخميسات","تيفلت","1436","25043","UMD","خطيب برقية","130085"
"الرباط -سلا -القنيطرة","الخميسات","جمعة مول البلاد","684","10682","PI","عبيد المحمدي","23146"
"الرباط -سلا -القنيطرة","الخميسات","جمعة مول البلاد","684","10682","PI","سناء المرزوقي","23582"
"الرباط -سلا -القنيطرة","الخميسات","جمعة مول البلاد","684","10688","PI","هشام بوزيد","38426"
"الرباط -سلا -القنيطرة","الخميسات","جمعة مول البلاد","684","10683","PI","عبد المجيد الحاتمي","3588"
"الرباط -سلا -القنيطرة","الخميسات","جمعة مول البلاد","684","10683","PI","فاطمة الشرنوبي","3742"
"الرباط -سلا -القنيطرة","الخميسات","جمعة مول البلاد","684","10692","PI","احمد سعيد","38273"
"الرباط -سلا -القنيطرة","الخميسات","جمعة مول البلاد","684","10690","RNI","بوعزة حمدان","42424"
"الرباط -سلا -القنيطرة","الخميسات","جمعة مول البلاد","684","10690","RNI","الكبيرة جور","42603"
"الرباط -سلا -القنيطرة","الخميسات","جمعة مول البلاد","684","10685","PI","احمد الفاروقي","70278"
"الرباط -سلا -القنيطرة","الخميسات","جمعة مول البلاد","684","10685","PI","حسناء المجيدي","70351"
"الرباط -سلا -القنيطرة","الخميسات","جمعة مول البلاد","684","10687","RNI","يوسف المرزوقي","42842"
"الرباط -سلا -القنيطرة","الخميسات","جمعة مول البلاد","684","10689","RNI","بوعزة ناجد","40876"
"الرباط -سلا -القنيطرة","الخميسات","جمعة مول البلاد","684","10691","PAM","حسن العومري","12368"
"الرباط -سلا -القنيطرة","الخميسات","جمعة مول البلاد","684","10691","PAM","غزلان قيصر","12423"
"الرباط -سلا -القنيطرة","الخميسات","جمعة مول البلاد","684","10684","PAM","بنمبارك الحسني","11859"
"الرباط -سلا -القنيطرة","الخميسات","جمعة مول البلاد","684","10686","PAM","جليل الداودي","105920"
"الرباط -سلا -القنيطرة","الخميسات","حودران","601","9518","MDS","مصطفى مكول","131691"
"الرباط -سلا -القنيطرة","الخميسات","حودران","601","9518","MDS","مينة مكول","131837"
"الرباط -سلا -القنيطرة","الخميسات","حودران","601","9519","MDS","عزيز حدو بوعزة","137164"
"الرباط -سلا -القنيطرة","الخميسات","حودران","601","9519","MDS","ام كلتوم تيزغة","137367"
"الرباط -سلا -القنيطرة","الخميسات","حودران","601","9523","MDS","ادريس الغريسي","135683"
"الرباط -سلا -القنيطرة","الخميسات","حودران","601","9523","MDS","صفاء العماري","135829"
"الرباط -سلا -القنيطرة","الخميسات","حودران","601","9522","RNI","عمر بنعلال","95522"
"الرباط -سلا -القنيطرة","الخميسات","حودران","601","9522","RNI","منية شكيرا","95671"
"الرباط -سلا -القنيطرة","الخميسات","حودران","601","9515","RNI","امحمد الناجي","133247"
"الرباط -سلا -القنيطرة","الخميسات","حودران","601","9521","MDS","عبدالله كاسمي","133523"
"الرباط -سلا -القنيطرة","الخميسات","حودران","601","9521","MDS","ابتسام المساوي","133671"
"الرباط -سلا -القنيطرة","الخميسات","حودران","601","9520","MDS","شهاب بحاج","135302"
"الرباط -سلا -القنيطرة","الخميسات","حودران","601","9514","RNI","احمد زمري","22259"
"الرباط -سلا -القنيطرة","الخميسات","حودران","601","9516","RNI","جمال بونهير","95150"
"الرباط -سلا -القنيطرة","الخميسات","حودران","601","9517","RNI","حمادي بورواح","94574"
"الرباط -سلا -القنيطرة","الخميسات","حودران","601","9513","RNI","العربي اجميل","134795"
"الرباط -سلا -القنيطرة","الخميسات","خميس سيدي يحيى","712","11159","PPS","عزيز العجوطي","15722"
"الرباط -سلا -القنيطرة","الخميسات","خميس سيدي يحيى","712","11159","PPS","رانيا خلوقي","15798"
"الرباط -سلا -القنيطرة","الخميسات","خميس سيدي يحيى","712","11164","MDS","لحسن شهبون","9068"
"الرباط -سلا -القنيطرة","الخميسات","خميس سيدي يحيى","712","11164","MDS","الهام ازهاني","9100"
"الرباط -سلا -القنيطرة","الخميسات","خميس سيدي يحيى","712","11158","PPS","ادريس السعداوي","15514"
"الرباط -سلا -القنيطرة","الخميسات","خميس سيدي يحيى","712","11156","PPS","محمد بالغازي","42649"
"الرباط -سلا -القنيطرة","الخميسات","خميس سيدي يحيى","712","11156","PPS","سميرة العلوش","42715"
"الرباط -سلا -القنيطرة","الخميسات","خميس سيدي يحيى","712","11157","MDS","الرياحي عكي","8582"
"الرباط -سلا -القنيطرة","الخميسات","خميس سيدي يحيى","712","11157","MDS","تورية عكي","8625"
"الرباط -سلا -القنيطرة","الخميسات","خميس سيدي يحيى","712","11161","PPS","الطيبي بنحميدان","8915"
"الرباط -سلا -القنيطرة","الخميسات","خميس سيدي يحيى","712","11162","PPS","بوعزة ملوكي","15558"
"الرباط -سلا -القنيطرة","الخميسات","خميس سيدي يحيى","712","11160","RNI","منصف لحصيني","36597"
"الرباط -سلا -القنيطرة","الخميسات","خميس سيدي يحيى","712","11160","RNI","امان لحصيني","36653"
"الرباط -سلا -القنيطرة","الخميسات","خميس سيدي يحيى","712","11166","MDS","مولود اوحمان","9194"
"الرباط -سلا -القنيطرة","الخميسات","خميس سيدي يحيى","712","11165","PPS","جواد عودومنو","38462"
"الرباط -سلا -القنيطرة","الخميسات","خميس سيدي يحيى","712","11163","MDS","يوسف اوزبيدة","9023"
"الرباط -سلا -القنيطرة","الخميسات","سيدي الغندور","1223","19304","RNI","الحسين لخويط","34776"
"الرباط -سلا -القنيطرة","الخميسات","سيدي الغندور","1223","19304","RNI","هدى بوطويل","34849"
"الرباط -سلا -القنيطرة","الخميسات","سيدي الغندور","1223","19307","RNI","ادريس شانا","30219"
"الرباط -سلا -القنيطرة","الخميسات","سيدي الغندور","1223","19307","RNI","عائشة شانا","30290"
"الرباط -سلا -القنيطرة","الخميسات","سيدي الغندور","1223","19306","RNI","هشام لشكر","113580"
"الرباط -سلا -القنيطرة","الخميسات","سيدي الغندور","1223","19306","RNI","سكينة زهاني","114236"
"الرباط -سلا -القنيطرة","الخميسات","سيدي الغندور","1223","19305","RNI","الحسين الكرشال","36219"
"الرباط -سلا -القنيطرة","الخميسات","سيدي الغندور","1223","19305","RNI","فاطمة بنايشو","36315"
"الرباط -سلا -القنيطرة","الخميسات","سيدي الغندور","1223","19310","RNI","محمد ودحو","35374"
"الرباط -سلا -القنيطرة","الخميسات","سيدي الغندور","1223","19310","RNI","كوثر ودحو","35408"
"الرباط -سلا -القنيطرة","الخميسات","سيدي الغندور","1223","19303","RNI","عبد الله الهردوز","34646"
"الرباط -سلا -القنيطرة","الخميسات","سيدي الغندور","1223","19311","PAM","عبد العظيم كروم","15270"
"الرباط -سلا -القنيطرة","الخميسات","سيدي الغندور","1223","19309","RNI","الحسن حسوت","30340"
"الرباط -سلا -القنيطرة","الخميسات","سيدي الغندور","1223","19312","RNI","ابراهيم اجبيرة","30492"
"الرباط -سلا -القنيطرة","الخميسات","سيدي الغندور","1223","19308","RNI","الغازي بلخير","40282"
"الرباط -سلا -القنيطرة","الخميسات","سيدي الغندور","1223","19313","RNI","ادريس غازي","30166"
"الرباط -سلا -القنيطرة","الخميسات","سيدي عبد الرزاق","1158","18320","PAM","نور الدين احيزون","10706"
"الرباط -سلا -القنيطرة","الخميسات","سيدي عبد الرزاق","1158","18320","PAM","سناء شنور","10708"
"الرباط -سلا -القنيطرة","الخميسات","سيدي عبد الرزاق","1158","18316","PAM","عمر لعفر","20687"
"الرباط -سلا -القنيطرة","الخميسات","سيدي عبد الرزاق","1158","18316","PAM","اسماء لحلو","20692"
"الرباط -سلا -القنيطرة","الخميسات","سيدي عبد الرزاق","1158","18312","PAM","خالد قطاف","20728"
"الرباط -سلا -القنيطرة","الخميسات","سيدي عبد الرزاق","1158","18312","PAM","سكينة سالم","20729"
"الرباط -سلا -القنيطرة","الخميسات","سيدي عبد الرزاق","1158","18310","PAM","بالعباس بنيحيى","10697"
"الرباط -سلا -القنيطرة","الخميسات","سيدي عبد الرزاق","1158","18310","PAM","فدوى بن يحيى","10698"
"الرباط -سلا -القنيطرة","الخميسات","سيدي عبد الرزاق","1158","18309","PAM","العربي امريصيطة","10693"
"الرباط -سلا -القنيطرة","الخميسات","سيدي عبد الرزاق","1158","18317","PAM","عبد العزيز احيزون","51297"
"الرباط -سلا -القنيطرة","الخميسات","سيدي عبد الرزاق","1158","18307","PAM","احمد عكادي","20650"
"الرباط -سلا -القنيطرة","الخميسات","سيدي عبد الرزاق","1158","18307","PAM","ايمان عكادي","20661"
"الرباط -سلا -القنيطرة","الخميسات","سيدي عبد الرزاق","1158","18308","PAM","حميد شراج","10685"
"الرباط -سلا -القنيطرة","الخميسات","سيدي عبد الرزاق","1158","18314","RNI","قاسم بن ادريس","128533"
"الرباط -سلا -القنيطرة","الخميسات","سيدي عبد الرزاق","1158","18318","PAM","ياسين مومن","31750"
"الرباط -سلا -القنيطرة","الخميسات","سيدي عبد الرزاق","1158","18311","PAM","عمر ملوك","20679"
"الرباط -سلا -القنيطرة","الخميسات","سيدي عبد الرزاق","1158","18319","PAM","محمد خلوق","20700"
"الرباط -سلا -القنيطرة","الخميسات","سيدي عبد الرزاق","1158","18313","PAM","محمد ايت صالح","10700"
"الرباط -سلا -القنيطرة","الخميسات","سيدي عبد الرزاق","1158","18306","PAM","محمد اجعيط","10676"
"الرباط -سلا -القنيطرة","الخميسات","سيدي عبد الرزاق","1158","18315","MDS","الحسين لعشير","10703"
"الرباط -سلا -القنيطرة","الخميسات","سيدي علال البحراوي","1179","27318","RNI","جمال الوردي","2477"
"الرباط -سلا -القنيطرة","الخميسات","سيدي علال البحراوي","1179","27318","RNI","بوشرى الوردي","2281"
"الرباط -سلا -القنيطرة","الخميسات","سيدي علال البحراوي","1179","27314","RNI","العربي خونشت","15096"
"الرباط -سلا -القنيطرة","الخميسات","سيدي علال البحراوي","1179","27314","RNI","نورة الفلالي","15139"
"الرباط -سلا -القنيطرة","الخميسات","سيدي علال البحراوي","1179","18628","RNI","عبد الله اغنج","6673"
"الرباط -سلا -القنيطرة","الخميسات","سيدي علال البحراوي","1179","18628","RNI","سميرة اغنج","6731"
"الرباط -سلا -القنيطرة","الخميسات","سيدي علال البحراوي","1179","18623","RNI","محمد بوزرواطة","3277"
"الرباط -سلا -القنيطرة","الخميسات","سيدي علال البحراوي","1179","18629","RNI","عزيز  قبيبشي ","50112"
"الرباط -سلا -القنيطرة","الخميسات","سيدي علال البحراوي","1179","18629","RNI","نزهة اكريمو","50179"
"الرباط -سلا -القنيطرة","الخميسات","سيدي علال البحراوي","1179","27315","RNI","حسن الفيلالي","336"
"الرباط -سلا -القنيطرة","الخميسات","سيدي علال البحراوي","1179","27315","RNI","مريم بويش","380"
"الرباط -سلا -القنيطرة","الخميسات","سيدي علال البحراوي","1179","18620","MDS","ادريس لصفر","47071"
"الرباط -سلا -القنيطرة","الخميسات","سيدي علال البحراوي","1179","18617","RNI","عبد العالي اغنج","39225"
"الرباط -سلا -القنيطرة","الخميسات","سيدي علال البحراوي","1179","18626","MDS","نبيل بن اشريفة","15289"
"الرباط -سلا -القنيطرة","الخميسات","سيدي علال البحراوي","1179","18625","RNI","الياس ولد عائشة الجيلالي","23588"
"الرباط -سلا -القنيطرة","الخميسات","سيدي علال البحراوي","1179","18621","PI","نبيل بايدريس","15909"
"الرباط -سلا -القنيطرة","الخميسات","سيدي علال البحراوي","1179","18624","RNI","عاديل الرامي","2550"
"الرباط -سلا -القنيطرة","الخميسات","سيدي علال البحراوي","1179","27312","RNI","الحسن شكار","3098"
"الرباط -سلا -القنيطرة","الخميسات","سيدي علال البحراوي","1179","18619","RNI","يوسف بوتفالى","3191"
"الرباط -سلا -القنيطرة","الخميسات","سيدي علال البحراوي","1179","18618","RNI","عبدالله دندوجي","21432"
"الرباط -سلا -القنيطرة","الخميسات","سيدي علال البحراوي","1179","27319","RNI","محمد الوردي","2809"
"الرباط -سلا -القنيطرة","الخميسات","سيدي علال البحراوي","1179","27313","RNI","امين خونشت","3355"
"الرباط -سلا -القنيطرة","الخميسات","سيدي علال البحراوي","1179","27317","RNI","حميد حاضر","2687"
"الرباط -سلا -القنيطرة","الخميسات","سيدي علال البحراوي","1179","18627","MDS","جمال  ابريكيش ","15041"
"الرباط -سلا -القنيطرة","الخميسات","سيدي علال البحراوي","1179","27310","MDS","بوزيان الحمراوي","4523"
"الرباط -سلا -القنيطرة","الخميسات","سيدي علال البحراوي","1179","27311","PI","بوعزة المقروط","6511"
"الرباط -سلا -القنيطرة","الخميسات","سيدي علال البحراوي","1179","18622","RNI","عبدالمولى الصيفي","58923"
"الرباط -سلا -القنيطرة","الخميسات","سيدي علال البحراوي","1179","27316","RNI","اسعيد العروي","3922"
"الرباط -سلا -القنيطرة","الخميسات","سيدي علال المصدر","1180","18633","RNI","احمد ايشي","7210"
"الرباط -سلا -القنيطرة","الخميسات","سيدي علال المصدر","1180","18633","RNI","كريمة اوعلا","7247"
"الرباط -سلا -القنيطرة","الخميسات","سيدي علال المصدر","1180","18635","RNI","عادل  وناصر ","7458"
"الرباط -سلا -القنيطرة","الخميسات","سيدي علال المصدر","1180","18641","MDS","ادريس اويشي","29929"
"الرباط -سلا -القنيطرة","الخميسات","سيدي علال المصدر","1180","18641","MDS","فيروز بولعوافي","29949"
"الرباط -سلا -القنيطرة","الخميسات","سيدي علال المصدر","1180","18639","MDS","محمد امين حموت","7732"
"الرباط -سلا -القنيطرة","الخميسات","سيدي علال المصدر","1180","18638","RNI","بوعزة اعقا","7632"
"الرباط -سلا -القنيطرة","الخميسات","سيدي علال المصدر","1180","18638","RNI","حليمة موهمو","7649"
"الرباط -سلا -القنيطرة","الخميسات","سيدي علال المصدر","1180","18642","MDS","نورالدين حتيتي","7947"
"الرباط -سلا -القنيطرة","الخميسات","سيدي علال المصدر","1180","18637","MDS","الحسن بعلا ","29852"
"الرباط -سلا -القنيطرة","الخميسات","سيدي علال المصدر","1180","18632","MDS","عبد الله بري","7022"
"الرباط -سلا -القنيطرة","الخميسات","سيدي علال المصدر","1180","18632","MDS","سناء بنهبة","7091"
"الرباط -سلا -القنيطرة","الخميسات","سيدي علال المصدر","1180","18636","RNI","التجاني ازهاني","7563"
"الرباط -سلا -القنيطرة","الخميسات","سيدي علال المصدر","1180","18636","RNI","شروق بوصاك","7594"
"الرباط -سلا -القنيطرة","الخميسات","سيدي علال المصدر","1180","18634","RNI","عبدالنبي حميدوش","7365"
"الرباط -سلا -القنيطرة","الخميسات","سيدي علال المصدر","1180","18640","MDS","ياسين خرماز","39904"
"الرباط -سلا -القنيطرة","الخميسات","عين الجوهرة - سيدي بوخلخال","1606","26976","RNI","محمد العريفي","27246"
"الرباط -سلا -القنيطرة","الخميسات","عين الجوهرة - سيدي بوخلخال","1606","26976","RNI","ميلودة حادي","27335"
"الرباط -سلا -القنيطرة","الخميسات","عين الجوهرة - سيدي بوخلخال","1606","26990","RNI","احمد العساسي","3981"
"الرباط -سلا -القنيطرة","الخميسات","عين الجوهرة - سيدي بوخلخال","1606","26986","MDS","ادريس حسوت","760"
"الرباط -سلا -القنيطرة","الخميسات","عين الجوهرة - سيدي بوخلخال","1606","26997","RNI","عبدالسلام الرفاعي","2865"
"الرباط -سلا -القنيطرة","الخميسات","عين الجوهرة - سيدي بوخلخال","1606","26978","MDS","يوسف خيوط","4099"
"الرباط -سلا -القنيطرة","الخميسات","عين الجوهرة - سيدي بوخلخال","1606","26980","RNI","محمد العمراوي","289"
"الرباط -سلا -القنيطرة","الخميسات","عين الجوهرة - سيدي بوخلخال","1606","26980","RNI","الباتول ناصر","361"
"الرباط -سلا -القنيطرة","الخميسات","عين الجوهرة - سيدي بوخلخال","1606","26992","MDS","ادريس العثماني","85080"
"الرباط -سلا -القنيطرة","الخميسات","عين الجوهرة - سيدي بوخلخال","1606","26993","RNI","بنعاشير  خلوقي","6998"
"الرباط -سلا -القنيطرة","الخميسات","عين الجوهرة - سيدي بوخلخال","1606","26987","MDS","محمد لعروبي","414"
"الرباط -سلا -القنيطرة","الخميسات","عين الجوهرة - سيدي بوخلخال","1606","26987","MDS","سليمة الداودي","475"
"الرباط -سلا -القنيطرة","الخميسات","عين الجوهرة - سيدي بوخلخال","1606","26988","MDS","ادريس  بن اشريفة","187"
"الرباط -سلا -القنيطرة","الخميسات","عين الجوهرة - سيدي بوخلخال","1606","26995","RNI","عبد الله الحديوي","26383"
"الرباط -سلا -القنيطرة","الخميسات","عين الجوهرة - سيدي بوخلخال","1606","26995","RNI","نهاد الحديوي","26464"
"الرباط -سلا -القنيطرة","الخميسات","عين الجوهرة - سيدي بوخلخال","1606","26994","RNI","علال جدو","12548"
"الرباط -سلا -القنيطرة","الخميسات","عين الجوهرة - سيدي بوخلخال","1606","26981","MDS","العربي حميش","1187"
"الرباط -سلا -القنيطرة","الخميسات","عين الجوهرة - سيدي بوخلخال","1606","26982","MDS","احمد لبيض","13326"
"الرباط -سلا -القنيطرة","الخميسات","عين الجوهرة - سيدي بوخلخال","1606","26982","MDS","خديجة اشكلات","13482"
"الرباط -سلا -القنيطرة","الخميسات","عين الجوهرة - سيدي بوخلخال","1606","26996","MDS","الحسين الرحالي","51529"
"الرباط -سلا -القنيطرة","الخميسات","عين الجوهرة - سيدي بوخلخال","1606","26983","RNI","العربي صابر","3856"
"الرباط -سلا -القنيطرة","الخميسات","عين الجوهرة - سيدي بوخلخال","1606","26979","RNI","العربي ابهيليل","3173"
"الرباط -سلا -القنيطرة","الخميسات","عين الجوهرة - سيدي بوخلخال","1606","26991","MDS","الغازي حجاج","4116"
"الرباط -سلا -القنيطرة","الخميسات","عين الجوهرة - سيدي بوخلخال","1606","26989","RNI","حسن الروكي","17167"
"الرباط -سلا -القنيطرة","الخميسات","عين الجوهرة - سيدي بوخلخال","1606","26998","PAM","بنعاشير العزعوزي","37312"
"الرباط -سلا -القنيطرة","الخميسات","عين الجوهرة - سيدي بوخلخال","1606","26977","MDS","احمد حجاج","1003"
"الرباط -سلا -القنيطرة","الخميسات","عين الجوهرة - سيدي بوخلخال","1606","26985","MDS","موسى اطليمس","1296"
"الرباط -سلا -القنيطرة","الخميسات","عين الجوهرة - سيدي بوخلخال","1606","26984","PAM","ادريس المديني","25968"
"الرباط -سلا -القنيطرة","الخميسات","عين السبيت","81","1217","PAM","رحو الهيلع","116232"
"الرباط -سلا -القنيطرة","الخميسات","عين السبيت","81","1217","PAM","حسناء الهليع","116302"
"الرباط -سلا -القنيطرة","الخميسات","عين السبيت","81","1219","PAM","بنداوود بلحسين","32868"
"الرباط -سلا -القنيطرة","الخميسات","عين السبيت","81","1219","PAM","الضاوية الحبشاوي","32839"
"الرباط -سلا -القنيطرة","الخميسات","عين السبيت","81","1226","RNI","بوشتة بوعبيدي","117926"
"الرباط -سلا -القنيطرة","الخميسات","عين السبيت","81","1226","RNI","زهور جمال الدين","118031"
"الرباط -سلا -القنيطرة","الخميسات","عين السبيت","81","1225","RNI","منير فاضيل","60849"
"الرباط -سلا -القنيطرة","الخميسات","عين السبيت","81","1225","RNI","فاطمة الزهراء فاضيل","60899"
"الرباط -سلا -القنيطرة","الخميسات","عين السبيت","81","1220","PAM","المصطفى نجيم","116628"
"الرباط -سلا -القنيطرة","الخميسات","عين السبيت","81","1215","PAM","ابراهيم سلمان","106752"
"الرباط -سلا -القنيطرة","الخميسات","عين السبيت","81","1222","PAM","محمد الغوازي","80"
"الرباط -سلا -القنيطرة","الخميسات","عين السبيت","81","1223","PAM","بنعطية سعيدي","21017"
"الرباط -سلا -القنيطرة","الخميسات","عين السبيت","81","1218","RNI","رشيد بنداوي","115074"
"الرباط -سلا -القنيطرة","الخميسات","عين السبيت","81","1218","RNI","حادة الرامي","115191"
"الرباط -سلا -القنيطرة","الخميسات","عين السبيت","81","1221","PAM","بن اعطية الحمداوي","106133"
"الرباط -سلا -القنيطرة","الخميسات","عين السبيت","81","1227","PAM","محمد الهيلع","47"
"الرباط -سلا -القنيطرة","الخميسات","عين السبيت","81","1216","RNI","الحسن البودامي","112086"
"الرباط -سلا -القنيطرة","الخميسات","عين السبيت","81","1224","PAM","محمد اعليوة","103431"
"الرباط -سلا -القنيطرة","الخميسات","مجمع الطلبة","839","13206","RNI","فؤاد كريم","38893"
"الرباط -سلا -القنيطرة","الخميسات","مجمع الطلبة","839","13206","RNI","سارة بوطهري ","39108"
"الرباط -سلا -القنيطرة","الخميسات","مجمع الطلبة","839","13212","MDS","محمد لعرايشي ","114758"
"الرباط -سلا -القنيطرة","الخميسات","مجمع الطلبة","839","13212","MDS","فاطمة اوحمو","114950"
"الرباط -سلا -القنيطرة","الخميسات","مجمع الطلبة","839","13209","RNI","عمر طباش","39813"
"الرباط -سلا -القنيطرة","الخميسات","مجمع الطلبة","839","13205","PPS","بودريس اصرحت","36239"
"الرباط -سلا -القنيطرة","الخميسات","مجمع الطلبة","839","13205","PPS","حكيمة بونوش","36365"
"الرباط -سلا -القنيطرة","الخميسات","مجمع الطلبة","839","13207","RNI","عمر البوش","83681"
"الرباط -سلا -القنيطرة","الخميسات","مجمع الطلبة","839","13210","MP","ابراهيم رحو","3281"
"الرباط -سلا -القنيطرة","الخميسات","مجمع الطلبة","839","13210","MP","سومية ايت دحمان","3514"
"الرباط -سلا -القنيطرة","الخميسات","مجمع الطلبة","839","27320","PPS","محمد بوجات","37608"
"الرباط -سلا -القنيطرة","الخميسات","مجمع الطلبة","839","13213","MDS","نورالدين بلفاسي","114177"
"الرباط -سلا -القنيطرة","الخميسات","مجمع الطلبة","839","13217","RNI","احمد هنان","39416"
"الرباط -سلا -القنيطرة","الخميسات","مجمع الطلبة","839","27321","RNI","مروان بوسدرة","73082"
"الرباط -سلا -القنيطرة","الخميسات","مجمع الطلبة","839","27321","RNI","حبيبة الفقير","73140"
"الرباط -سلا -القنيطرة","الخميسات","مجمع الطلبة","839","13216","MP","محمد بوقشاش","2804"
"الرباط -سلا -القنيطرة","الخميسات","مجمع الطلبة","839","13211","MP","عبد الله بوهية","37067"
"الرباط -سلا -القنيطرة","الخميسات","مجمع الطلبة","839","13214","RNI","محمد لطيفي","38504"
"الرباط -سلا -القنيطرة","الخميسات","مجمع الطلبة","839","13208","RNI","الحسين حجاما","51613"
"الرباط -سلا -القنيطرة","الخميسات","مجمع الطلبة","839","13215","RNI","محمد بوهو","69250"
"الرباط -سلا -القنيطرة","الخميسات","مرشوش","846","13328","RNI","بوعمرو رشيد","83134"
"الرباط -سلا -القنيطرة","الخميسات","مرشوش","846","13328","RNI","نورة لمخنتر","83167"
"الرباط -سلا -القنيطرة","الخميسات","مرشوش","846","13321","PAM","حسن مبروكي","33968"
"الرباط -سلا -القنيطرة","الخميسات","مرشوش","846","13327","PI","محمد حراك","79393"
"الرباط -سلا -القنيطرة","الخميسات","مرشوش","846","13327","PI","فاطمة محفوظ","79412"
"الرباط -سلا -القنيطرة","الخميسات","مرشوش","846","13320","RNI","مصطفى بوديك","14909"
"الرباط -سلا -القنيطرة","الخميسات","مرشوش","846","13317","RNI","بنعاشير محفوضي","3987"
"الرباط -سلا -القنيطرة","الخميسات","مرشوش","846","13317","RNI","نادية جد","4051"
"الرباط -سلا -القنيطرة","الخميسات","مرشوش","846","13322","RNI","محمد بوفرا","101964"
"الرباط -سلا -القنيطرة","الخميسات","مرشوش","846","13325","PAM","بوعمرو نطوس","65"
"الرباط -سلا -القنيطرة","الخميسات","مرشوش","846","13324","RNI","عبدالله البالي","4251"
"الرباط -سلا -القنيطرة","الخميسات","مرشوش","846","13318","PAM","عبد الاله المكاوي","1093"
"الرباط -سلا -القنيطرة","الخميسات","مرشوش","846","13319","RNI","موراد رشيد","3476"
"الرباط -سلا -القنيطرة","الخميسات","مرشوش","846","13319","RNI","حياة  البكراوي","3527"
"الرباط -سلا -القنيطرة","الخميسات","مرشوش","846","13326","PAM","محمد بولحية","31"
"الرباط -سلا -القنيطرة","الخميسات","مرشوش","846","13323","PAM","عبد الله العنور","11105"
"الرباط -سلا -القنيطرة","الخميسات","مرشوش","846","13316","USFP","احمد رحمون","7"
"الرباط -سلا -القنيطرة","الخميسات","مرشوش","846","13316","USFP","زهرة الرازقي","16"
"الرباط -سلا -القنيطرة","الخميسات","مقام الطلبة","819","12936","RNI","امحمد الشهب","31728"
"الرباط -سلا -القنيطرة","الخميسات","مقام الطلبة","819","12936","RNI","نورة الحيمر","31731"
"الرباط -سلا -القنيطرة","الخميسات","مقام الطلبة","819","12924","RNI","العربي حجاج","9945"
"الرباط -سلا -القنيطرة","الخميسات","مقام الطلبة","819","12924","RNI","لمياء البلبال","10039"
"الرباط -سلا -القنيطرة","الخميسات","مقام الطلبة","819","12931","RNI","العربي ازهاني","21303"
"الرباط -سلا -القنيطرة","الخميسات","مقام الطلبة","819","12931","RNI","سناء قداري","21324"
"الرباط -سلا -القنيطرة","الخميسات","مقام الطلبة","819","12932","RNI","جمال قداري","20774"
"الرباط -سلا -القنيطرة","الخميسات","مقام الطلبة","819","12932","RNI","سلوى لحلو","20776"
"الرباط -سلا -القنيطرة","الخميسات","مقام الطلبة","819","12926","RNI","عبدالحكيم بوغنيم","10121"
"الرباط -سلا -القنيطرة","الخميسات","مقام الطلبة","819","12930","RNI","نور الدين بوعياد","126809"
"الرباط -سلا -القنيطرة","الخميسات","مقام الطلبة","819","12923","RNI","عبد الله  اليزالي","10171"
"الرباط -سلا -القنيطرة","الخميسات","مقام الطلبة","819","12925","MDS","الحاج  الهاشمي","20765"
"الرباط -سلا -القنيطرة","الخميسات","مقام الطلبة","819","12934","RNI","عبدالمجيد الاحمر","9720"
"الرباط -سلا -القنيطرة","الخميسات","مقام الطلبة","819","12934","RNI","حليمة الشرادي","9740"
"الرباط -سلا -القنيطرة","الخميسات","مقام الطلبة","819","12933","RNI","عيسى الحجوي","10624"
"الرباط -سلا -القنيطرة","الخميسات","مقام الطلبة","819","12928","RNI","احمد الروداح","45721"
"الرباط -سلا -القنيطرة","الخميسات","مقام الطلبة","819","12935","MDS","حسان البلبال","20749"
"الرباط -سلا -القنيطرة","الخميسات","مقام الطلبة","819","12927","RNI","الحسن عبد الاوي","9598"
"الرباط -سلا -القنيطرة","الخميسات","مقام الطلبة","819","12937","RNI","حسن لمغاري","10613"
"الرباط -سلا -القنيطرة","الخميسات","مقام الطلبة","819","12929","UC","حكيم لحسيني","20761"
"الرباط -سلا -القنيطرة","الخميسات","مولاي ادريس أغبال","918","14544","RNI","احمد سلمان","49270"
"الرباط -سلا -القنيطرة","الخميسات","مولاي ادريس أغبال","918","14544","RNI","الزوهرة العيطاري","49393"
"الرباط -سلا -القنيطرة","الخميسات","مولاي ادريس أغبال","918","14545","RNI","ادريس سلمان","17165"
"الرباط -سلا -القنيطرة","الخميسات","مولاي ادريس أغبال","918","14550","RNI","محمد بلخو","1169"
"الرباط -سلا -القنيطرة","الخميسات","مولاي ادريس أغبال","918","14547","RNI","امحمد موسى","2757"
"الرباط -سلا -القنيطرة","الخميسات","مولاي ادريس أغبال","918","14547","RNI","ايمان موسى","2863"
"الرباط -سلا -القنيطرة","الخميسات","مولاي ادريس أغبال","918","14549","PAM","محمد بن عية","22937"
"الرباط -سلا -القنيطرة","الخميسات","مولاي ادريس أغبال","918","14549","PAM","رشيدة بن عية","23049"
"الرباط -سلا -القنيطرة","الخميسات","مولاي ادريس أغبال","918","14540","PAM","العربي خياطي","5235"
"الرباط -سلا -القنيطرة","الخميسات","مولاي ادريس أغبال","918","14548","RNI","بنعاشير بنبعيز","17713"
"الرباط -سلا -القنيطرة","الخميسات","مولاي ادريس أغبال","918","14548","RNI","امال دحان","17818"
"الرباط -سلا -القنيطرة","الخميسات","مولاي ادريس أغبال","918","14542","PAM","احمد البوشتاوي","5853"
"الرباط -سلا -القنيطرة","الخميسات","مولاي ادريس أغبال","918","14546","RNI","احمد الخوتارى","48802"
"الرباط -سلا -القنيطرة","الخميسات","مولاي ادريس أغبال","918","14546","RNI","نادية النصراوي","48932"
"الرباط -سلا -القنيطرة","الخميسات","مولاي ادريس أغبال","918","14541","PAM","ادريس راضي","5051"
"الرباط -سلا -القنيطرة","الخميسات","مولاي ادريس أغبال","918","14543","PAM","عبد الاله العبدلاوي","6241"
"الرباط -سلا -القنيطرة","الرباط","اكدال-الرياض","2021","25022","RNI","كمال العمراني","81955"
"الرباط -سلا -القنيطرة","الرباط","اكدال-الرياض","2021","25022","RNI","خلود بساق","81984"
"الرباط -سلا -القنيطرة","الرباط","اكدال-الرياض","2021","25022","RNI","محمد امين البوبراهيمي","82038"
"الرباط -سلا -القنيطرة","الرباط","اكدال-الرياض","2021","25022","RNI","للازينب العلوي","82036"
"الرباط -سلا -القنيطرة","الرباط","اكدال-الرياض","2021","25022","RNI","رشيد السروري","82096"
"الرباط -سلا -القنيطرة","الرباط","اكدال-الرياض","2021","25022","RNI","كميلية بشري","82086"
"الرباط -سلا -القنيطرة","الرباط","اكدال-الرياض","2021","25022","RNI","احمد كنسي","82310"
"الرباط -سلا -القنيطرة","الرباط","اكدال-الرياض","2021","25022","RNI","يوسف الكابوس","82463"
"الرباط -سلا -القنيطرة","الرباط","اكدال-الرياض","2021","25022","RNI","صالح الراشد","82567"
"الرباط -سلا -القنيطرة","الرباط","اكدال-الرياض","2021","25022","RNI","عبد المطلب الكداري","82643"
"الرباط -سلا -القنيطرة","الرباط","اكدال-الرياض","2021","25022","PADS","عمر الحياني","38980"
"الرباط -سلا -القنيطرة","الرباط","اكدال-الرياض","2021","25022","PADS","هند بن عمرو","39221"
"الرباط -سلا -القنيطرة","الرباط","اكدال-الرياض","2021","25022","PADS","ادريس  الجوني","39180"
"الرباط -سلا -القنيطرة","الرباط","اكدال-الرياض","2021","25022","CNI","حكيمة ايت السي بلا","39381"
"الرباط -سلا -القنيطرة","الرباط","اكدال-الرياض","2021","25022","CNI","احمد البلقاسمي","61636"
"الرباط -سلا -القنيطرة","الرباط","اكدال-الرياض","2021","25022","PI","عبد الاله الادريسي البوزيدي","64703"
"الرباط -سلا -القنيطرة","الرباط","اكدال-الرياض","2021","25022","PI","سهام ابو عبد الله","64710"
"الرباط -سلا -القنيطرة","الرباط","اكدال-الرياض","2021","25022","PI","سمير الطيبي","64713"
"الرباط -سلا -القنيطرة","الرباط","اكدال-الرياض","2021","25022","PI","امينة حلمي","64843"
"الرباط -سلا -القنيطرة","الرباط","اكدال-الرياض","2021","25022","PI","عبد الكريم الهلالي","64786"
"الرباط -سلا -القنيطرة","الرباط","اكدال-الرياض","2021","25022","PJD","محمد صديقي","82145"
"الرباط -سلا -القنيطرة","الرباط","اكدال-الرياض","2021","25022","PJD","بديعة بناني","82556"
"الرباط -سلا -القنيطرة","الرباط","اكدال-الرياض","2021","25022","PJD","محمد فتوحي","82221"
"الرباط -سلا -القنيطرة","الرباط","اكدال-الرياض","2021","25022","PJD","حياة  كوبري","82754"
"الرباط -سلا -القنيطرة","الرباط","اكدال-الرياض","2021","25022","MP","جلال قدوري","49128"
"الرباط -سلا -القنيطرة","الرباط","اكدال-الرياض","2021","25022","MP","فاطمة اكعيمة","49234"
"الرباط -سلا -القنيطرة","الرباط","اكدال-الرياض","2021","25022","MP","يونس الرغاي","49206"
"الرباط -سلا -القنيطرة","الرباط","اكدال-الرياض","2021","25022","MP","امال دنة","49325"
"الرباط -سلا -القنيطرة","الرباط","اكدال-الرياض","2021","25022","PAM","محمد المهدي بنسعيد","16085"
"الرباط -سلا -القنيطرة","الرباط","اكدال-الرياض","2021","25022","PAM","سلمى بنزبير","16035"
"الرباط -سلا -القنيطرة","الرباط","اكدال-الرياض","2021","25022","PAM","عادل الورديغي","16229"
"الرباط -سلا -القنيطرة","الرباط","اكدال-الرياض","2021","25022","USFP","ابتسام عزاوي","66558"
"الرباط -سلا -القنيطرة","الرباط","اكدال-الرياض","2021","25022","USFP","طارق بوبكري","66364"
"الرباط -سلا -القنيطرة","الرباط","اكدال-الرياض","2021","25022","PPS","عبد اللطيف الشرقاوي","151208"
"الرباط -سلا -القنيطرة","الرباط","التواركة","1494","23388","SAP","عبد القادر احساين","109943"
"الرباط -سلا -القنيطرة","الرباط","التواركة","1494","23388","SAP","رشيدة امان","56983"
"الرباط -سلا -القنيطرة","الرباط","التواركة","1494","23385","SAP","عبد الفتاح العبداوي","56522"
"الرباط -سلا -القنيطرة","الرباط","التواركة","1494","23385","SAP","للاغيثة الادريسي","56595"
"الرباط -سلا -القنيطرة","الرباط","التواركة","1494","23387","SAP","سليم الزاهد","56690"
"الرباط -سلا -القنيطرة","الرباط","التواركة","1494","23387","SAP","سعيدة لقجيني","56728"
"الرباط -سلا -القنيطرة","الرباط","التواركة","1494","23386","SAP","عبد اللطيف شراجة","56649"
"الرباط -سلا -القنيطرة","الرباط","التواركة","1494","23390","SAP","الصديق بنموسى","57021"
"الرباط -سلا -القنيطرة","الرباط","التواركة","1494","23390","SAP","للازينب العلوي","57028"
"الرباط -سلا -القنيطرة","الرباط","التواركة","1494","23389","SAP","محمد الحسن المنصوري","57006"
"الرباط -سلا -القنيطرة","الرباط","التواركة","1494","23384","SAP","خالد الرماحي","56387"
"الرباط -سلا -القنيطرة","الرباط","التواركة","1494","23383","SAP","اسماء ادريسي ازمي","56244"
"الرباط -سلا -القنيطرة","الرباط","التواركة","1494","23383","SAP","نجاة عمروسي","109749"
"الرباط -سلا -القنيطرة","الرباط","التواركة","1494","23382","SAP","ادريس اليحيوي","56102"
"الرباط -سلا -القنيطرة","الرباط","الرباط","1558","25024","RNI","سعيد التونارتي","13807"
"الرباط -سلا -القنيطرة","الرباط","الرباط","1558","25024","RNI","هدى لخشين","13905"
"الرباط -سلا -القنيطرة","الرباط","الرباط","1558","25024","RNI","امين صادق","13900"
"الرباط -سلا -القنيطرة","الرباط","الرباط","1558","25024","RNI","مونية بن حسين","13942"
"الرباط -سلا -القنيطرة","الرباط","الرباط","1558","25024","RNI","يونس واسلم","13939"
"الرباط -سلا -القنيطرة","الرباط","الرباط","1558","25024","RNI","سيدي عمر الشرقاوي","14001"
"الرباط -سلا -القنيطرة","الرباط","الرباط","1558","25140","RNI","سيدي عمر البحراوي","119500"
"الرباط -سلا -القنيطرة","الرباط","الرباط","1558","25140","RNI","حليمة بنلمعلم","119578"
"الرباط -سلا -القنيطرة","الرباط","الرباط","1558","25140","RNI","حسن طاطو","119641"
"الرباط -سلا -القنيطرة","الرباط","الرباط","1558","25140","RNI","الحسنية غايش","119756"
"الرباط -سلا -القنيطرة","الرباط","الرباط","1558","25140","RNI","سعيد الهند","119753"
"الرباط -سلا -القنيطرة","الرباط","الرباط","1558","25023","RNI","ادريس الرازي","30063"
"الرباط -سلا -القنيطرة","الرباط","الرباط","1558","25023","RNI","اسماء غلالو","30099"
"الرباط -سلا -القنيطرة","الرباط","الرباط","1558","25023","RNI","هشام اقمحي","30123"
"الرباط -سلا -القنيطرة","الرباط","الرباط","1558","25023","RNI","نسيمة شوقي","30139"
"الرباط -سلا -القنيطرة","الرباط","الرباط","1558","25023","RNI","محمد ايد بركة","30173"
"الرباط -سلا -القنيطرة","الرباط","الرباط","1558","25140","PAM","سيدي ابراهيم الجماني","90329"
"الرباط -سلا -القنيطرة","الرباط","الرباط","1558","25140","PAM","فاطمة الشوفاني","90354"
"الرباط -سلا -القنيطرة","الرباط","الرباط","1558","25140","PAM","عزيز لميني","90430"
"الرباط -سلا -القنيطرة","الرباط","الرباط","1558","25140","PAM","البشير ثاقي","90527"
"الرباط -سلا -القنيطرة","الرباط","الرباط","1558","25140","USFP","الحسن  لشكر ","96760"
"الرباط -سلا -القنيطرة","الرباط","الرباط","1558","25140","USFP","فاطمة لهبوب","97041"
"الرباط -سلا -القنيطرة","الرباط","الرباط","1558","25140","USFP","امعمر لعروصي","96923"
"الرباط -سلا -القنيطرة","الرباط","الرباط","1558","25024","PAM","عبدالفتاح العوني","23484"
"الرباط -سلا -القنيطرة","الرباط","الرباط","1558","25024","PAM","بسماء الطلحي","23507"
"الرباط -سلا -القنيطرة","الرباط","الرباط","1558","25024","PAM","محمد جاد زهراش","23539"
"الرباط -سلا -القنيطرة","الرباط","الرباط","1558","25022","RNI","كمال العمراني","81955"
"الرباط -سلا -القنيطرة","الرباط","الرباط","1558","25022","RNI","خلود بساق","81984"
"الرباط -سلا -القنيطرة","الرباط","الرباط","1558","25022","RNI","محمد امين البوبراهيمي","82038"
"الرباط -سلا -القنيطرة","الرباط","الرباط","1558","25022","RNI","رشيد السروري","82096"
"الرباط -سلا -القنيطرة","الرباط","الرباط","1558","25140","PI","مصطفى اربيعا","109304"
"الرباط -سلا -القنيطرة","الرباط","الرباط","1558","25140","PI","نجاة الرياحي","109541"
"الرباط -سلا -القنيطرة","الرباط","الرباط","1558","25140","PI","عمر سيبويه","109624"
"الرباط -سلا -القنيطرة","الرباط","الرباط","1558","25023","PAM","عبد الرحيم مساعف","36371"
"الرباط -سلا -القنيطرة","الرباط","الرباط","1558","25023","PAM","مينة حوجي","36359"
"الرباط -سلا -القنيطرة","الرباط","الرباط","1558","25023","PI","خالد مجاور","124052"
"الرباط -سلا -القنيطرة","الرباط","الرباط","1558","25023","PI","للا امينة السباعي","124518"
"الرباط -سلا -القنيطرة","الرباط","الرباط","1558","25024","MP","عبدالحق مجاهد","51554"
"الرباط -سلا -القنيطرة","الرباط","الرباط","1558","25024","MP","نزهة بادرة","51734"
"الرباط -سلا -القنيطرة","الرباط","الرباط","1558","25024","PI","عبد السلام بكاري","107562"
"الرباط -سلا -القنيطرة","الرباط","الرباط","1558","25024","PI","خديجة  الشعيبي","108372"
"الرباط -سلا -القنيطرة","الرباط","الرباط","1558","25141","RNI","عادل الاتراسي","149087"
"الرباط -سلا -القنيطرة","الرباط","الرباط","1558","25141","RNI","فتيحة المودني","150889"
"الرباط -سلا -القنيطرة","الرباط","الرباط","1558","25141","RNI","جلال الاتراسي","149188"
"الرباط -سلا -القنيطرة","الرباط","الرباط","1558","25024","PJD","لحسن العمراني","34800"
"الرباط -سلا -القنيطرة","الرباط","الرباط","1558","25024","PJD","رشيدة هزام","35012"
"الرباط -سلا -القنيطرة","الرباط","الرباط","1558","25140","PJD","عبد الرحيم  لقراع","83315"
"الرباط -سلا -القنيطرة","الرباط","الرباط","1558","25140","PJD","فاطمة البويسفي","83687"
"الرباط -سلا -القنيطرة","الرباط","الرباط","1558","25023","MP","نبيل الدخش","76947"
"الرباط -سلا -القنيطرة","الرباط","الرباط","1558","25023","MP","نجاة عزمي","77756"
"الرباط -سلا -القنيطرة","الرباط","الرباط","1558","25022","PADS","عمر الحياني","38980"
"الرباط -سلا -القنيطرة","الرباط","الرباط","1558","25022","PADS","هند بن عمرو","39221"
"الرباط -سلا -القنيطرة","الرباط","الرباط","1558","25140","MP","عبد الرحمان بولعود","22523"
"الرباط -سلا -القنيطرة","الرباط","الرباط","1558","25140","MP","عائشة ارواضي","22545"
"الرباط -سلا -القنيطرة","الرباط","الرباط","1558","25022","PI","عبد الاله الادريسي البوزيدي","64703"
"الرباط -سلا -القنيطرة","الرباط","الرباط","1558","25022","PI","سهام ابو عبد الله","64710"
"الرباط -سلا -القنيطرة","الرباط","الرباط","1558","25023","PJD","انس  الدحموني","54259"
"الرباط -سلا -القنيطرة","الرباط","الرباط","1558","25023","PJD","سعاد زخنيني","54332"
"الرباط -سلا -القنيطرة","الرباط","الرباط","1558","25024","PPS","مصطفى جياف","81030"
"الرباط -سلا -القنيطرة","الرباط","الرباط","1558","25024","PPS","حسنة عبدالدائم","82592"
"الرباط -سلا -القنيطرة","الرباط","الرباط","1558","25024","USFP","بدر طنشري الوزاني","106253"
"الرباط -سلا -القنيطرة","الرباط","الرباط","1558","25024","USFP","نادية حاجي","106417"
"الرباط -سلا -القنيطرة","الرباط","الرباط","1558","25022","PJD","محمد صديقي","82145"
"الرباط -سلا -القنيطرة","الرباط","الرباط","1558","25022","PJD","بديعة بناني","82556"
"الرباط -سلا -القنيطرة","الرباط","الرباط","1558","25022","MP","جلال قدوري","49128"
"الرباط -سلا -القنيطرة","الرباط","الرباط","1558","25022","MP","فاطمة اكعيمة","49234"
"الرباط -سلا -القنيطرة","الرباط","الرباط","1558","25141","PAM","اديب ابن ابراهيم","65026"
"الرباط -سلا -القنيطرة","الرباط","الرباط","1558","25141","PAM","ليلى بيلغة","65612"
"الرباط -سلا -القنيطرة","الرباط","الرباط","1558","25022","PAM","محمد المهدي بنسعيد","16085"
"الرباط -سلا -القنيطرة","الرباط","الرباط","1558","25023","USFP","يونس جملي","120002"
"الرباط -سلا -القنيطرة","الرباط","الرباط","1558","25023","CNI","عبد الحق المامون","92591"
"الرباط -سلا -القنيطرة","الرباط","الرباط","1558","25022","USFP","ابتسام عزاوي","66558"
"الرباط -سلا -القنيطرة","الرباط","الرباط","1558","25141","PI","عبد العزيز الدرويش","8387"
"الرباط -سلا -القنيطرة","الرباط","الرباط","1558","25141","PI","رحمة وزاني طيبي","8492"
"الرباط -سلا -القنيطرة","الرباط","الرباط","1558","25023","UC","خالد  ارسلان ","97857"
"الرباط -سلا -القنيطرة","الرباط","الرباط","1558","25024","PADS","فاروق مهداوي ","137920"
"الرباط -سلا -القنيطرة","الرباط","الرباط","1558","25024","UC","عبدالقادر تاتو","58209"
"الرباط -سلا -القنيطرة","الرباط","الرباط","1558","25024","UMD","حميد فخار","131605"
"الرباط -سلا -القنيطرة","الرباط","الرباط","1558","25141","USFP","المصطفى عاقل","114781"
"الرباط -سلا -القنيطرة","الرباط","الرباط","1558","25140","UC","فريد الدرعى","156195"
"الرباط -سلا -القنيطرة","الرباط","الرباط","1558","25140","PML","موسى العريف","87692"
"الرباط -سلا -القنيطرة","الرباط","السويسي","2140","25141","RNI","عادل الاتراسي","149087"
"الرباط -سلا -القنيطرة","الرباط","السويسي","2140","25141","RNI","فتيحة المودني","150889"
"الرباط -سلا -القنيطرة","الرباط","السويسي","2140","25141","RNI","جلال الاتراسي","149188"
"الرباط -سلا -القنيطرة","الرباط","السويسي","2140","25141","RNI","عائشة وعا","150981"
"الرباط -سلا -القنيطرة","الرباط","السويسي","2140","25141","RNI","سيدي محمد الاتراسي","149397"
"الرباط -سلا -القنيطرة","الرباط","السويسي","2140","25141","RNI","شعيبية الاتراسي","151092"
"الرباط -سلا -القنيطرة","الرباط","السويسي","2140","25141","RNI","بنيسف عاقل","149544"
"الرباط -سلا -القنيطرة","الرباط","السويسي","2140","25141","RNI","ادريس كراكشو","149676"
"الرباط -سلا -القنيطرة","الرباط","السويسي","2140","25141","PAM","اديب ابن ابراهيم","65026"
"الرباط -سلا -القنيطرة","الرباط","السويسي","2140","25141","PAM","ليلى بيلغة","65612"
"الرباط -سلا -القنيطرة","الرباط","السويسي","2140","25141","PAM","حمزة ملين","65143"
"الرباط -سلا -القنيطرة","الرباط","السويسي","2140","25141","PAM","دنيا ودغيري","65681"
"الرباط -سلا -القنيطرة","الرباط","السويسي","2140","25141","PAM","وديع شهيبة","65178"
"الرباط -سلا -القنيطرة","الرباط","السويسي","2140","25141","PI","عبد العزيز الدرويش","8387"
"الرباط -سلا -القنيطرة","الرباط","السويسي","2140","25141","PI","رحمة وزاني طيبي","8492"
"الرباط -سلا -القنيطرة","الرباط","السويسي","2140","25141","PI","ريم الفاسي","8463"
"الرباط -سلا -القنيطرة","الرباط","السويسي","2140","25141","PI","ابتسام بوخريص","8611"
"الرباط -سلا -القنيطرة","الرباط","السويسي","2140","25141","USFP","المصطفى عاقل","114781"
"الرباط -سلا -القنيطرة","الرباط","السويسي","2140","25141","USFP","وفاء عراقي","114939"
"الرباط -سلا -القنيطرة","الرباط","السويسي","2140","25141","USFP","رشيد الاطراسي","114931"
"الرباط -سلا -القنيطرة","الرباط","السويسي","2140","25141","CNI","عمر محمود بنجلون","149056"
"الرباط -سلا -القنيطرة","الرباط","السويسي","2140","25141","CNI","ليليا بومهدي","149395"
"الرباط -سلا -القنيطرة","الرباط","السويسي","2140","25141","MP","سعاد الزيدي ","13531"
"الرباط -سلا -القنيطرة","الرباط","السويسي","2140","25141","PJD","محمد الطاهري","59074"
"الرباط -سلا -القنيطرة","الرباط","اليوسفية","2139","25140","RNI","سيدي عمر البحراوي","119500"
"الرباط -سلا -القنيطرة","الرباط","اليوسفية","2139","25140","RNI","حليمة بنلمعلم","119578"
"الرباط -سلا -القنيطرة","الرباط","اليوسفية","2139","25140","RNI","حسن طاطو","119641"
"الرباط -سلا -القنيطرة","الرباط","اليوسفية","2139","25140","RNI","الحسنية غايش","119756"
"الرباط -سلا -القنيطرة","الرباط","اليوسفية","2139","25140","RNI","سعيد الهند","119753"
"الرباط -سلا -القنيطرة","الرباط","اليوسفية","2139","25140","RNI","فاطمة الخراب","119908"
"الرباط -سلا -القنيطرة","الرباط","اليوسفية","2139","25140","RNI","كمال اطرسي","119850"
"الرباط -سلا -القنيطرة","الرباط","اليوسفية","2139","25140","RNI","أسماء الرام","119995"
"الرباط -سلا -القنيطرة","الرباط","اليوسفية","2139","25140","RNI","عبد النبي بوافنزي","120021"
"الرباط -سلا -القنيطرة","الرباط","اليوسفية","2139","25140","RNI","يوسف حمانة","120208"
"الرباط -سلا -القنيطرة","الرباط","اليوسفية","2139","25140","PAM","سيدي ابراهيم الجماني","90329"
"الرباط -سلا -القنيطرة","الرباط","اليوسفية","2139","25140","PAM","فاطمة الشوفاني","90354"
"الرباط -سلا -القنيطرة","الرباط","اليوسفية","2139","25140","PAM","عزيز لميني","90430"
"الرباط -سلا -القنيطرة","الرباط","اليوسفية","2139","25140","PAM","صباح لهري","90426"
"الرباط -سلا -القنيطرة","الرباط","اليوسفية","2139","25140","PAM","البشير ثاقي","90527"
"الرباط -سلا -القنيطرة","الرباط","اليوسفية","2139","25140","PAM","حميد بنسيد","90676"
"الرباط -سلا -القنيطرة","الرباط","اليوسفية","2139","25140","PAM","احمد هنون","90755"
"الرباط -سلا -القنيطرة","الرباط","اليوسفية","2139","25140","USFP","الحسن  لشكر ","96760"
"الرباط -سلا -القنيطرة","الرباط","اليوسفية","2139","25140","USFP","فاطمة لهبوب","97041"
"الرباط -سلا -القنيطرة","الرباط","اليوسفية","2139","25140","USFP","امع��ر لعروصي","96923"
"الرباط -سلا -القنيطرة","الرباط","اليوسفية","2139","25140","USFP","رشيدة بوخيرة","97177"
"الرباط -سلا -القنيطرة","الرباط","اليوسفية","2139","25140","USFP","خالد هبشان","97144"
"الرباط -سلا -القنيطرة","الرباط","اليوسفية","2139","25140","USFP","عبد القادر ادبلا","97247"
"الرباط -سلا -القنيطرة","الرباط","اليوسفية","2139","25140","PI","مصطفى اربيعا","109304"
"الرباط -سلا -القنيطرة","الرباط","اليوسفية","2139","25140","PI","نجاة الرياحي","109541"
"الرباط -سلا -القنيطرة","الرباط","اليوسفية","2139","25140","PI","عمر سيبويه","109624"
"الرباط -سلا -القنيطرة","الرباط","اليوسفية","2139","25140","PI","السعدية كيزو","109723"
"الرباط -سلا -القنيطرة","الرباط","اليوسفية","2139","25140","PI","عبد الرحيم بنلقرشي","109712"
"الرباط -سلا -القنيطرة","الرباط","اليوسفية","2139","25140","PI","عبد القادر البريكي","109796"
"الرباط -سلا -القنيطرة","الرباط","اليوسفية","2139","25140","PJD","عبد الرحيم  لقراع","83315"
"الرباط -سلا -القنيطرة","الرباط","اليوسفية","2139","25140","PJD","فاطمة البويسفي","83687"
"الرباط -سلا -القنيطرة","الرباط","اليوسفية","2139","25140","PJD","عبد الله العزاوي","83379"
"الرباط -سلا -القنيطرة","الرباط","اليوسفية","2139","25140","PJD","سامية الشرقاوي","83771"
"الرباط -سلا -القنيطرة","الرباط","اليوسفية","2139","25140","MP","عبد الرحمان بولعود","22523"
"الرباط -سلا -القنيطرة","الرباط","اليوسفية","2139","25140","MP","عائشة ارواضي","22545"
"الرباط -سلا -القنيطرة","الرباط","اليوسفية","2139","25140","MP","محمد اكيماخ","22624"
"الرباط -سلا -القنيطرة","الرباط","اليوسفية","2139","25140","MP","ميلودة حيمر","22587"
"الرباط -سلا -القنيطرة","الرباط","اليوسفية","2139","25140","UC","فريد الدرعى","156195"
"الرباط -سلا -القنيطرة","الرباط","اليوسفية","2139","25140","UC","شرف الدين نبيه","156239"
"الرباط -سلا -القنيطرة","الرباط","اليوسفية","2139","25140","PML","موسى العريف","87692"
"الرباط -سلا -القنيطرة","الرباط","اليوسفية","2139","25140","PML","أيوب الاتراسي","87809"
"الرباط -سلا -القنيطرة","الرباط","حسان","2022","25023","RNI","ادريس الرازي","30063"
"الرباط -سلا -القنيطرة","الرباط","حسان","2022","25023","RNI","اسماء غلالو","30099"
"الرباط -سلا -القنيطرة","الرباط","حسان","2022","25023","RNI","هشام اقمحي","30123"
"الرباط -سلا -القنيطرة","الرباط","حسان","2022","25023","RNI","نسيمة شوقي","30139"
"الرباط -سلا -القنيطرة","الرباط","حسان","2022","25023","RNI","محمد ايد بركة","30173"
"الرباط -سلا -القنيطرة","الرباط","حسان","2022","25023","RNI","قمر الزويتي","30193"
"الرباط -سلا -القنيطرة","الرباط","حسان","2022","25023","RNI","سعيد ايت الشفي","30214"
"الرباط -سلا -القنيطرة","الرباط","حسان","2022","25023","RNI","سهام الذغمي","30229"
"الرباط -سلا -القنيطرة","الرباط","حسان","2022","25023","RNI","علال سمان","30251"
"الرباط -سلا -القنيطرة","الرباط","حسان","2022","25023","RNI","رضوان ابوطالب","30317"
"الرباط -سلا -القنيطرة","الرباط","حسان","2022","25023","PAM","عبد الرحيم مساعف","36371"
"الرباط -سلا -القنيطرة","الرباط","حسان","2022","25023","PAM","مينة حوجي","36359"
"الرباط -سلا -القنيطرة","الرباط","حسان","2022","25023","PAM","محمد مجيد خلوة","36434"
"الرباط -سلا -القنيطرة","الرباط","حسان","2022","25023","PAM","لمياء العلوي المدغري","36421"
"الرباط -سلا -القنيطرة","الرباط","حسان","2022","25023","PAM","محمد جمال الجراري","36487"
"الرباط -سلا -القنيطرة","الرباط","حسان","2022","25023","PI","خالد مجاور","124052"
"الرباط -سلا -القنيطرة","الرباط","حسان","2022","25023","PI","للا امينة السباعي","124518"
"الرباط -سلا -القنيطرة","الرباط","حسان","2022","25023","PI","سمير المنتهي","124323"
"الرباط -سلا -القنيطرة","الرباط","حسان","2022","25023","PI","نوال قاسمي","124626"
"الرباط -سلا -القنيطرة","الرباط","حسان","2022","25023","PI","سعيد مصدق","124448"
"الرباط -سلا -القنيطرة","الرباط","حسان","2022","25023","MP","نبيل الدخش","76947"
"الرباط -سلا -القنيطرة","الرباط","حسان","2022","25023","MP","نجاة عزمي","77756"
"الرباط -سلا -القنيطرة","الرباط","حسان","2022","25023","MP","سعد كعير","77022"
"الرباط -سلا -القنيطرة","الرباط","حسان","2022","25023","MP","اسيا بنعبد القادر","77793"
"الرباط -سلا -القنيطرة","الرباط","حسان","2022","25023","PJD","انس  الدحموني","54259"
"الرباط -سلا -القنيطرة","الرباط","حسان","2022","25023","PJD","سعاد زخنيني","54332"
"الرباط -سلا -القنيطرة","الرباط","حسان","2022","25023","PJD","خالد بنعبود","54369"
"الرباط -سلا -القنيطرة","الرباط","حسان","2022","25023","PJD","فاطمة الصالحي","54507"
"الرباط -سلا -القنيطرة","الرباط","حسان","2022","25023","USFP","يونس جملي","120002"
"الرباط -سلا -القنيطرة","الرباط","حسان","2022","25023","USFP","فاطمة بنعمي","119957"
"الرباط -سلا -القنيطرة","الرباط","حسان","2022","25023","USFP","يحي مقدمي","120245"
"الرباط -سلا -القنيطرة","الرباط","حسان","2022","25023","CNI","عبد الحق المامون","92591"
"الرباط -سلا -القنيطرة","الرباط","حسان","2022","25023","CNI","محمد معروف","92815"
"الرباط -سلا -القنيطرة","الرباط","حسان","2022","25023","UC","خالد  ارسلان ","97857"
"الرباط -سلا -القنيطرة","الرباط","حسان","2022","25023","UC","سعيد موس","97929"
"الرباط -سلا -القنيطرة","الرباط","حسان","2022","25023","PPS","عزالدين شرايبي","77110"
"الرباط -سلا -القنيطرة","الرباط","يعقوب المنصور","2023","25024","RNI","سعيد التونارتي","13807"
"الرباط -سلا -القنيطرة","الرباط","يعقوب المنصور","2023","25024","RNI","هدى لخشين","13905"
"الرباط -سلا -القنيطرة","الرباط","يعقوب المنصور","2023","25024","RNI","امين صادق","13900"
"الرباط -سلا -القنيطرة","الرباط","يعقوب المنصور","2023","25024","RNI","مونية بن حسين","13942"
"الرباط -سلا -القنيطرة","الرباط","يعقوب المنصور","2023","25024","RNI","يونس واسلم","13939"
"الرباط -سلا -القنيطرة","الرباط","يعقوب المنصور","2023","25024","RNI","سناء المستغفر","13999"
"الرباط -سلا -القنيطرة","الرباط","يعقوب المنصور","2023","25024","RNI","سيدي عمر الشرقاوي","14001"
"الرباط -سلا -القنيطرة","الرباط","يعقوب المنصور","2023","25024","RNI","حليمة الجيراري","14038"
"الرباط -سلا -القنيطرة","الرباط","يعقوب المنصور","2023","25024","RNI","رشيد الاشهب","14066"
"الرباط -سلا -القنيطرة","الرباط","يعقوب المنصور","2023","25024","RNI","رشيد الغازي","14111"
"الرباط -سلا -القنيطرة","الرباط","يعقوب المنصور","2023","25024","RNI","احمد الشكاري","14277"
"الرباط -سلا -القنيطرة","الرباط","يعقوب المنصور","2023","25024","RNI","توفيق بوجمال","14337"
"الرباط -سلا -القنيطرة","الرباط","يعقوب المنصور","2023","25024","PAM","عبدالفتاح العوني","23484"
"الرباط -سلا -القنيطرة","الرباط","يعقوب المنصور","2023","25024","PAM","بسماء الطلحي","23507"
"الرباط -سلا -القنيطرة","الرباط","يعقوب المنصور","2023","25024","PAM","محمد جاد زهراش","23539"
"الرباط -سلا -القنيطرة","الرباط","يعقوب المنصور","2023","25024","PAM","مجيدة زري","23559"
"الرباط -سلا -القنيطرة","الرباط","يعقوب المنصور","2023","25024","PAM","ابراهيم ايت سمر","29284"
"الرباط -سلا -القنيطرة","الرباط","يعقوب المنصور","2023","25024","PAM","جواد الكرناوي","23658"
"الرباط -سلا -القنيطرة","الرباط","يعقوب المنصور","2023","25024","MP","عبدالحق مجاهد","51554"
"الرباط -سلا -القنيطرة","الرباط","يعقوب المنصور","2023","25024","MP","نزهة بادرة","51734"
"الرباط -سلا -القنيطرة","الرباط","يعقوب المنصور","2023","25024","MP","خالد البكري","51757"
"الرباط -سلا -القنيطرة","الرباط","يعقوب المنصور","2023","25024","MP","هبة الرجراجي","51775"
"الرباط -سلا -القنيطرة","الرباط","يعقوب المنصور","2023","25024","PI","عبد السلام بكاري","107562"
"الرباط -سلا -القنيطرة","الرباط","يعقوب المنصور","2023","25024","PI","خديجة  الشعيبي","108372"
"الرباط -سلا -القنيطرة","الرباط","يعقوب المنصور","2023","25024","PI","محمد مدهون","107869"
"الرباط -سلا -القنيطرة","الرباط","يعقوب المنصور","2023","25024","PI","ماجدة لعريش","108458"
"الرباط -سلا -القنيطرة","الرباط","يعقوب المنصور","2023","25024","PJD","لحسن العمراني","34800"
"الرباط -سلا -القنيطرة","الرباط","يعقوب المنصور","2023","25024","PJD","رشيدة هزام","35012"
"الرباط -سلا -القنيطرة","الرباط","يعقوب المنصور","2023","25024","PJD","مولاي احفيض مستعين","34963"
"الرباط -سلا -القنيطرة","الرباط","يعقوب المنصور","2023","25024","PJD","فاطمة حاص","35092"
"الرباط -سلا -القنيطرة","الرباط","يعقوب المنصور","2023","25024","PPS","مصطفى جياف","81030"
"الرباط -سلا -القنيطرة","الرباط","يعقوب المنصور","2023","25024","PPS","حسنة عبدالدائم","82592"
"الرباط -سلا -القنيطرة","الرباط","يعقوب المنصور","2023","25024","PPS","الحسين كرومي","81137"
"الرباط -سلا -القنيطرة","الرباط","يعقوب المنصور","2023","25024","PPS","خديجة جياف","82636"
"الرباط -سلا -القنيطرة","الرباط","يعقوب المنصور","2023","25024","USFP","بدر طنشري الوزاني","106253"
"الرباط -سلا -القنيطرة","الرباط","يعقوب المنصور","2023","25024","USFP","نادية حاجي","106417"
"الرباط -سلا -القنيطرة","الرباط","يعقوب المنصور","2023","25024","USFP","محمد بولمان","106380"
"الرباط -سلا -القنيطرة","الرباط","يعقوب المنصور","2023","25024","PADS","فاروق مهداوي ","137920"
"الرباط -سلا -القنيطرة","الرباط","يعقوب المنصور","2023","25024","CNI","محمد مغاري","138030"
"الرباط -سلا -القنيطرة","الرباط","يعقوب المنصور","2023","25024","UC","عبدالقادر تاتو","58209"
"الرباط -سلا -القنيطرة","الرباط","يعقوب المنصور","2023","25024","UC","حاتم عريب","58250"
"الرباط -سلا -القنيطرة","الرباط","يعقوب المنصور","2023","25024","UMD","حميد فخار","131605"
"الرباط -سلا -القنيطرة","الصخيرات تمارة","أم عزة","1062","16714","UC","حسن مني","17903"
"الرباط -سلا -القنيطرة","الصخيرات تمارة","أم عزة","1062","16714","UC","نجاة لكحل","17632"
"الرباط -سلا -القنيطرة","الصخيرات تمارة","أم عزة","1062","16715","UC","حميد مسكتو","73055"
"الرباط -سلا -القنيطرة","الصخيرات تمارة","أم عزة","1062","16715","UC","سناء مني","73092"
"الرباط -سلا -القنيطرة","الصخيرات تمارة","أم عزة","1062","16717","UC","المصطفى السلماني","77720"
"الرباط -سلا -القنيطرة","الصخيرات تمارة","أم عزة","1062","16717","UC","زينب لعلوي","77774"
"الرباط -سلا -القنيطرة","الصخيرات تمارة","أم عزة","1062","16712","UC","معاد بودرهم","110953"
"الرباط -سلا -القنيطرة","الصخيرات تمارة","أم عزة","1062","16712","UC","مريم بومعيط","111028"
"الرباط -سلا -القنيطرة","الصخيرات تمارة","أم عزة","1062","16713","RNI","حميد السعداني","37061"
"الرباط -سلا -القنيطرة","الصخيرات تمارة","أم عزة","1062","16718","PAM","العربي العمراوي","36631"
"الرباط -سلا -القنيطرة","الصخيرات تمارة","أم عزة","1062","16716","PI","رشيد المنصوري","64979"
"الرباط -سلا -القنيطرة","الصخيرات تمارة","أم عزة","1062","16716","PI","صباح المنصوري","65001"
"الرباط -سلا -القنيطرة","الصخيرات تمارة","أم عزة","1062","16711","RNI","الميلودي حرشاوي","37658"
"الرباط -سلا -القنيطرة","الصخيرات تمارة","أم عزة","1062","16710","UC","محمد رشوق","25931"
"الرباط -سلا -القنيطرة","الصخيرات تمارة","أم عزة","1062","16720","RNI","خالد عزيز","73242"
"الرباط -سلا -القنيطرة","الصخيرات تمارة","أم عزة","1062","16719","UC","محمد عزيز","17063"
"الرباط -سلا -القنيطرة","الصخيرات تمارة","الصخيرات","1286","25041","RNI","رشيد الحمري ","11064"
"الرباط -سلا -القنيطرة","الصخيرات تمارة","الصخيرات","1286","25041","RNI","حنان سترالله","14944"
"الرباط -سلا -القنيطرة","الصخيرات تمارة","الصخيرات","1286","25041","RNI","احمد قجقوجة","12346"
"الرباط -سلا -القنيطرة","الصخيرات تمارة","الصخيرات","1286","25041","RNI","اسمهان الزاهدي","15042"
"الرباط -سلا -القنيطرة","الصخيرات تمارة","الصخيرات","1286","25041","RNI","عبدالاله جرعود","12469"
"الرباط -سلا -القنيطرة","الصخيرات تمارة","الصخيرات","1286","25041","RNI","الصديق زمران","12541"
"الرباط -سلا -القنيطرة","الصخيرات تمارة","الصخيرات","1286","25041","PPS","احمد بلا","94517"
"الرباط -سلا -القنيطرة","الصخيرات تمارة","الصخيرات","1286","25041","PPS","وديان بلا","96222"
"الرباط -سلا -القنيطرة","الصخيرات تمارة","الصخيرات","1286","25041","PPS","عبد الله الملياني","94741"
"الرباط -سلا -القنيطرة","الصخيرات تمارة","الصخيرات","1286","25041","PPS","كوثر بنهيمة","96337"
"الرباط -سلا -القنيطرة","الصخيرات تمارة","الصخيرات","1286","25041","PPS","فيصل نقري","94812"
"الرباط -سلا -القنيطرة","الصخيرات تمارة","الصخيرات","1286","25041","PAM","ابراهيم شكيلي","88167"
"الرباط -سلا -القنيطرة","الصخيرات تمارة","الصخيرات","1286","25041","PAM","البوعزوية الحامدي","92695"
"الرباط -سلا -القنيطرة","الصخيرات تمارة","الصخيرات","1286","25041","PAM","محمد البادرة","88316"
"الرباط -سلا -القنيطرة","الصخيرات تمارة","الصخيرات","1286","25041","UC","يونس المخلص","96954"
"الرباط -سلا -القنيطرة","الصخيرات تمارة","الصخيرات","1286","25041","UC","نجاة زروال","97748"
"الرباط -سلا -القنيطرة","الصخيرات تمارة","الصخيرات","1286","25041","UC","سعيد السريعي","97010"
"الرباط -سلا -القنيطرة","الصخيرات تمارة","الصخيرات","1286","25041","PI","عبد الله امهير","55115"
"الرباط -سلا -القنيطرة","الصخيرات تمارة","الصخيرات","1286","25041","PI","صفاء ايت ادمو","51896"
"الرباط -سلا -القنيطرة","الصخيرات تمارة","الصخيرات","1286","25041","PEDD","الحسين نافع","48134"
"الرباط -سلا -القنيطرة","الصخيرات تمارة","الصخيرات","1286","25041","PEDD","عزيزة الشريفي","46696"
"الرباط -سلا -القنيطرة","الصخيرات تمارة","الصخيرات","1286","25041","FFD","عزيز حيداوي","75392"
"الرباط -سلا -القنيطرة","الصخيرات تمارة","الصخيرات","1286","25041","FFD","نجوى المدهوني","76272"
"الرباط -سلا -القنيطرة","الصخيرات تمارة","الصخيرات","1286","25041","MDS","ياسين بهيج","118476"
"الرباط -سلا -القنيطرة","الصخيرات تمارة","الصخيرات","1286","25041","MDS","كوثر رحمون","120703"
"الرباط -سلا -القنيطرة","الصخيرات تمارة","الصخيرات","1286","25041","UMD","لكبير بنلعربي","64281"
"الرباط -سلا -القنيطرة","الصخيرات تمارة","الصخيرات","1286","25041","UMD","نعيمة بورمان","65939"
"الرباط -سلا -القنيطرة","الصخيرات تمارة","الصخيرات","1286","25041","PJD","مولاي احمد فاقيهي","150667"
"الرباط -سلا -القنيطرة","الصخيرات تمارة","الصخيرات","1286","25041","USFP","حسن غوتي","71293"
"الرباط -سلا -القنيطرة","الصخيرات تمارة","الصخيرات","1286","25041","MP","فريد الحلابي","82360"
"الرباط -سلا -القنيطرة","الصخيرات تمارة","الصخيرات","1286","25041","PA","عبد الصمد غانمي","142445"
"الرباط -سلا -القنيطرة","الصخيرات تمارة","المنزه","510","7997","UC","الزيدي المالكي","59031"
"الرباط -سلا -القنيطرة","الصخيرات تمارة","المنزه","510","8000","PI","خالد العبدلاوي","8735"
"الرباط -سلا -القنيطرة","الصخيرات تمارة","المنزه","510","7996","PI","لحسن وحمان","6495"
"الرباط -سلا -القنيطرة","الصخيرات تمارة","المنزه","510","7996","PI","غزلان ابوالفتاح","9170"
"الرباط -سلا -القنيطرة","الصخيرات تمارة","المنزه","510","27001","UC","بوعزة مسعاد","15089"
"الرباط -سلا -القنيطرة","الصخيرات تمارة","المنزه","510","27001","UC","حنان البقال","15130"
"الرباط -سلا -القنيطرة","الصخيرات تمارة","المنزه","510","8003","UC","علي حدوي","35877"
"الرباط -سلا -القنيطرة","الصخيرات تمارة","المنزه","510","8006","RNI","محمد دردار","62581"
"الرباط -سلا -القنيطرة","الصخيرات تمارة","المنزه","510","8006","RNI","رجاء بزيز","62605"
"الرباط -سلا -القنيطرة","الصخيرات تمارة","المنزه","510","7998","PI","القادري الحالي","59288"
"الرباط -سلا -القنيطرة","الصخيرات تمارة","المنزه","510","7998","PI","فاطمة النوني","59317"
"الرباط -سلا -القنيطرة","الصخيرات تمارة","المنزه","510","8004","PAM","موحى ناجم","62471"
"الرباط -سلا -القنيطرة","الصخيرات تمارة","المنزه","510","27000","PI","بوشعيب الفكاك","9003"
"الرباط -سلا -القنيطرة","الصخيرات تمارة","المنزه","510","8002","UC","بناصر الدحاني","27760"
"الرباط -سلا -القنيطرة","الصخيرات تمارة","المنزه","510","8001","UC","سعيد بلالة","27829"
"الرباط -سلا -القنيطرة","الصخيرات تمارة","المنزه","510","8001","UC","مليكة عاريف","27872"
"الرباط -سلا -القنيطرة","الصخيرات تمارة","المنزه","510","7999","PAM","الحسين لعميري","51889"
"الرباط -سلا -القنيطرة","الصخيرات تمارة","المنزه","510","8005","PI","محمد بنيوسف","8933"
"الرباط -سلا -القنيطرة","الصخيرات تمارة","الهرهورة","592","9343","PI","محمد لخريف","55226"
"الرباط -سلا -القنيطرة","الصخيرات تمارة","الهرهورة","592","9345","RNI","محمد افروخ","15037"
"الرباط -سلا -القنيطرة","الصخيرات تمارة","الهرهورة","592","9345","RNI","ثورية  فروخ","15077"
"الرباط -سلا -القنيطرة","الصخيرات تمارة","الهرهورة","592","27266","PI","احمد موح","32917"
"الرباط -سلا -القنيطرة","الصخيرات تمارة","الهرهورة","592","27259","RNI","حسان الروييم","13899"
"الرباط -سلا -القنيطرة","الصخيرات تمارة","الهرهورة","592","27259","RNI","نزهة الروييم","13968"
"الرباط -سلا -القنيطرة","الصخيرات تمارة","الهرهورة","592","9346","MP","عبد الرحيم بنلعدول","53700"
"الرباط -سلا -القنيطرة","الصخيرات تمارة","الهرهورة","592","9346","MP","الزهرة المالح","53853"
"الرباط -سلا -القنيطرة","الصخيرات تمارة","الهرهورة","592","9348","PI","محمد يوسفي","35964"
"الرباط -سلا -القنيطرة","الصخيرات تمارة","الهرهورة","592","27258","PI","المصطفى طفا","36241"
"الرباط -سلا -القنيطرة","الصخيرات تمارة","الهرهورة","592","9339","RNI","المصطفى مسترزق","12624"
"الرباط -سلا -القنيطرة","الصخيرات تمارة","الهرهورة","592","9347","PI","عمر  برطال","70445"
"الرباط -سلا -القنيطرة","الصخيرات تمارة","الهرهورة","592","9347","PI","خديجة البخاري","70713"
"الرباط -سلا -القنيطرة","الصخيرات تمارة","الهرهورة","592","25156","RNI","احمد عباد","112225"
"الرباط -سلا -القنيطرة","الصخيرات تمارة","الهرهورة","592","9342","PI","عاقل عدناني","33825"
"الرباط -سلا -القنيطرة","الصخيرات تمارة","الهرهورة","592","27265","RNI","المهدي باليس","13635"
"الرباط -سلا -القنيطرة","الصخيرات تمارة","الهرهورة","592","27261","PI","ياسين  ليساوي ","33256"
"الرباط -سلا -القنيطرة","الصخيرات تمارة","الهرهورة","592","27264","PI","التهامي بلغوات","36758"
"الرباط -سلا -القنيطرة","الصخيرات تمارة","الهرهورة","592","25157","PI","عمر سكاح","88734"
"الرباط -سلا -القنيطرة","الصخيرات تمارة","الهرهورة","592","25157","PI","فتيحة البقالي","89117"
"الرباط -سلا -القنيطرة","الصخيرات تمارة","الهرهورة","592","27260","RNI","احمد بنعمارة","14414"
"الرباط -سلا -القنيطرة","الصخيرات تمارة","الهرهورة","592","27267","RNI","لطفي الدربكي","13281"
"الرباط -سلا -القنيطرة","الصخيرات تمارة","الهرهورة","592","9340","RNI","طارق الكيحل","16066"
"الرباط -سلا -القنيطرة","الصخيرات تمارة","الهرهورة","592","9344","MP","هشام رحيل","85009"
"الرباط -سلا -القنيطرة","الصخيرات تمارة","الهرهورة","592","27262","PPS","موراد  بلغوات","90692"
"الرباط -سلا -القنيطرة","الصخيرات تمارة","الهرهورة","592","9338","PI","زهير بنعلال","34285"
"الرباط -سلا -القنيطرة","الصخيرات تمارة","الهرهورة","592","27263","MP","عبد العالي البقالي","41593"
"الرباط -سلا -القنيطرة","الصخيرات تمارة","الهرهورة","592","9341","RNI","سعيد بناني زياتني","11872"
"الرباط -سلا -القنيطرة","الصخيرات تمارة","تمارة","1417","25040","RNI","زهير الزمزامي","52515"
"الرباط -سلا -القنيطرة","الصخيرات تمارة","تمارة","1417","25040","RNI","اعتماد الزهيدي","53946"
"الرباط -سلا -القنيطرة","الصخيرات تمارة","تمارة","1417","25040","RNI","حميد الرامي","52573"
"الرباط -سلا -القنيطرة","الصخيرات تمارة","تمارة","1417","25040","RNI","مريم  بحار","54001"
"الرباط -سلا -القنيطرة","الصخيرات تمارة","تمارة","1417","25040","RNI","عبدالواحد  النقاز","52630"
"الرباط -سلا -القنيطرة","الصخيرات تمارة","تمارة","1417","25040","RNI","حورية الغرباوي","54067"
"الرباط -سلا -القنيطرة","الصخيرات تمارة","تمارة","1417","25040","RNI","عبد اللطيف لمساوري","52708"
"الرباط -سلا -القنيطرة","الصخيرات تمارة","تمارة","1417","25040","RNI","محمد  حداق","52754"
"الرباط -سلا -القنيطرة","الصخيرات تمارة","تمارة","1417","25040","RNI","محمد أمين  عباد","52806"
"الرباط -سلا -القنيطرة","الصخيرات تمارة","تمارة","1417","25040","RNI","لحسن عاشور","52873"
"الرباط -سلا -القنيطرة","الصخيرات تمارة","تمارة","1417","25040","PJD","موح رجدالي","42305"
"الرباط -سلا -القنيطرة","الصخيرات تمارة","تمارة","1417","25040","PJD","سميرة الهاشمي","43699"
"الرباط -سلا -القنيطرة","الصخيرات تمارة","تمارة","1417","25040","PJD","محمد منصوري","42460"
"الرباط -سلا -القنيطرة","الصخيرات تمارة","تمارة","1417","25040","PJD","نعيمة بنعبد الصادق","43803"
"الرباط -سلا -القنيطرة","الصخيرات تمارة","تمارة","1417","25040","PJD","عبد العالي محمودي","42538"
"الرباط -سلا -القنيطرة","الصخيرات تمارة","تمارة","1417","25040","UC","لحسن صافي","61964"
"الرباط -سلا -القنيطرة","الصخيرات تمارة","تمارة","1417","25040","UC","فاطمة الزهراء ماحي","62039"
"الرباط -سلا -القنيطرة","الصخيرات تمارة","تمارة","1417","25040","UC","محمد بن اعكيدة","62110"
"الرباط -سلا -القنيطرة","الصخيرات تمارة","تمارة","1417","25040","UC","جمال العضام","62159"
"الرباط -سلا -القنيطرة","الصخيرات تمارة","تمارة","1417","25040","PI","العربي تابت","130937"
"الرباط -سلا -القنيطرة","الصخيرات تمارة","تمارة","1417","25040","PI","رحمة وقاري","133183"
"الرباط -سلا -القنيطرة","الصخيرات تمارة","تمارة","1417","25040","PI","لحسن زهاري","130974"
"الرباط -سلا -القنيطرة","الصخيرات تمارة","تمارة","1417","25040","PAM","المحجوب  زروال","76933"
"الرباط -سلا -القنيطرة","الصخيرات تمارة","تمارة","1417","25040","PAM","حكيمة  بن مشيش","77472"
"الرباط -سلا -القنيطرة","الصخيرات تمارة","تمارة","1417","25040","PAM","بوشعيب المامون","76978"
"الرباط -سلا -القنيطرة","الصخيرات تمارة","تمارة","1417","25040","MDS","كريم السودي","60609"
"الرباط -سلا -القنيطرة","الصخيرات تمارة","تمارة","1417","25040","MDS","عزيزة الفلاح","60643"
"الرباط -سلا -القنيطرة","الصخيرات تمارة","تمارة","1417","25040","MDS","رشيد صاين","60630"
"الرباط -سلا -القنيطرة","الصخيرات تمارة","تمارة","1417","25040","CNI","حسن  معزوز","106267"
"الرباط -سلا -القنيطرة","الصخيرات تمارة","تمارة","1417","25040","CNI","فاطنة افيد","107173"
"الرباط -سلا -القنيطرة","الصخيرات تمارة","تمارة","1417","25040","PADS","مولاي يوسف  بوستة ","106434"
"الرباط -سلا -القنيطرة","الصخيرات تمارة","تمارة","1417","25040","MP","سمير المقدم","82702"
"الرباط -سلا -القنيطرة","الصخيرات تمارة","تمارة","1417","25040","MP","فاتحة  غرابي ","84168"
"الرباط -سلا -القنيطرة","الصخيرات تمارة","تمارة","1417","25040","MP","عبد الرحمان الصناغي","82736"
"الرباط -سلا -القنيطرة","الصخيرات تمارة","تمارة","1417","25040","P.EQUITE","مصطفى ولدزازية","113576"
"الرباط -سلا -القنيطرة","الصخيرات تمارة","تمارة","1417","25040","P.EQUITE","مونية نعايمة","114272"
"الرباط -سلا -القنيطرة","الصخيرات تمارة","تمارة","1417","25040","P.EQUITE","الحسن الدوباجي","113639"
"الرباط -سلا -القنيطرة","الصخيرات تمارة","تمارة","1417","25040","PPS","حسن زكطة","102755"
"الرباط -سلا -القنيطرة","الصخيرات تمارة","تمارة","1417","25040","PPS","عائشة  رامي","102819"
"الرباط -سلا -القنيطرة","الصخيرات تمارة","تمارة","1417","25040","USFP","محمد بولحسن ","109135"
"الرباط -سلا -القنيطرة","الصخيرات تمارة","تمارة","1417","25040","USFP","فاطمة بنلمين","112780"
"الرباط -سلا -القنيطرة","الصخيرات تمارة","تمارة","1417","25040","PUD","المصطفى النور","62720"
"الرباط -سلا -القنيطرة","الصخيرات تمارة","تمارة","1417","25040","PUD","ليلى لكطيبي","63432"
"الرباط -سلا -القنيطرة","الصخيرات تمارة","تمارة","1417","25040","PDI","خالد رجويع","130666"
"الرباط -سلا -القنيطرة","الصخيرات تمارة","تمارة","1417","25040","PDI","السعدية الشراط","134987"
"الرباط -سلا -القنيطرة","الصخيرات تمارة","تمارة","1417","25040","PRD","بوشعيب بنعودة","73255"
"الرباط -سلا -القنيطرة","الصخيرات تمارة","تمارة","1417","25040","PRD","مينة رشدي","74433"
"الرباط -سلا -القنيطرة","الصخيرات تمارة","تمارة","1417","25040","P.ALAMAL","المصطفى التابتي","136797"
"الرباط -سلا -القنيطرة","الصخيرات تمارة","تمارة","1417","25040","PEDD","محمد زرورة","108669"
"الرباط -سلا -القنيطرة","الصخيرات تمارة","تمارة","1417","25040","PND","سعيد سعود","57902"
"الرباط -سلا -القنيطرة","الصخيرات تمارة","تمارة","1417","25040","FFD","حفيظ برحال","135107"
"الرباط -سلا -القنيطرة","الصخيرات تمارة","سيدي يحيى زعير","1282","20270","PI","رشيد الساجد","140546"
"الرباط -سلا -القنيطرة","الصخيرات تمارة","سيدي يحيى زعير","1282","20270","PI","سليمة خربوش","150379"
"الرباط -سلا -القنيطرة","الصخيرات تمارة","سيدي يحيى زعير","1282","20270","PI","عبدالرحمان شباكي","140685"
"الرباط -سلا -القنيطرة","الصخيرات تمارة","سيدي يحيى زعير","1282","20270","PI","مديحة الربح","150464"
"الرباط -سلا -القنيطرة","الصخيرات تمارة","سيدي يحيى زعير","1282","20270","PI","علال مرشيش","140792"
"الرباط -سلا -القنيطرة","الصخيرات تمارة","سيدي يحيى زعير","1282","20270","PI","عبد القادر لعبيدي","140887"
"الرباط -سلا -القنيطرة","الصخيرات تمارة","سيدي يحيى زعير","1282","20270","RNI","عبدالله الحماري","68406"
"الرباط -سلا -القنيطرة","الصخيرات تمارة","سيدي يحيى زعير","1282","20270","RNI","فتيحة بوهوش","68369"
"الرباط -سلا -القنيطرة","الصخيرات تمارة","سيدي يحيى زعير","1282","20270","RNI","عبد المولى الحمري","68441"
"الرباط -سلا -القنيطرة","الصخيرات تمارة","سيدي يحيى زعير","1282","20270","RNI","ابتسام شباكي","68635"
"الرباط -سلا -القنيطرة","الصخيرات تمارة","سيدي يحيى زعير","1282","20270","RNI","الكبير اليويسي","68468"
"الرباط -سلا -القنيطرة","الصخيرات تمارة","سيدي يحيى زعير","1282","20270","RNI","لحسن بلعدي","68487"
"الرباط -سلا -القنيطرة","الصخيرات تمارة","سيدي يحيى زعير","1282","20270","PAM","التيس القطيبي","99201"
"الرباط -سلا -القنيطرة","الصخيرات تمارة","سيدي يحيى زعير","1282","20270","PAM","مينة ايت افقير","99328"
"الرباط -سلا -القنيطرة","الصخيرات تمارة","سيدي يحيى زعير","1282","20270","UC","حسن احراكة","44040"
"الرباط -سلا -القنيطرة","الصخيرات تمارة","سيدي يحيى زعير","1282","20270","UC","خديجة مرشيش","44243"
"الرباط -سلا -القنيطرة","الصخيرات تمارة","سيدي يحيى زعير","1282","20270","PPS","العربي الحماري","161971"
"الرباط -سلا -القنيطرة","الصخيرات تمارة","سيدي يحيى زعير","1282","20270","PPS","حفيظة بن احميدة","161991"
"الرباط -سلا -القنيطرة","الصخيرات تمارة","سيدي يحيى زعير","1282","20270","PJD","نبيل صدقي","78023"
"الرباط -سلا -القنيطرة","الصخيرات تمارة","سيدي يحيى زعير","1282","20270","PJD","فاطمة الزهراء  العبودي ","78208"
"الرباط -سلا -القنيطرة","الصخيرات تمارة","سيدي يحيى زعير","1282","20270","MDS","بوشعيب مرشيش","128936"
"الرباط -سلا -القنيطرة","الصخيرات تمارة","سيدي يحيى زعير","1282","20270","MDS","ربيعة  الزناكي ","128650"
"الرباط -سلا -القنيطرة","الصخيرات تمارة","سيدي يحيى زعير","1282","20270","CNI","يوسف صنبي","98150"
"الرباط -سلا -القنيطرة","الصخيرات تمارة","سيدي يحيى زعير","1282","20270","CNI","جميلة  سرحان ","98728"
"الرباط -سلا -القنيطرة","الصخيرات تمارة","سيدي يحيى زعير","1282","20270","P.EQUITE","الحسن بوجمعي","129140"
"الرباط -سلا -القنيطرة","الصخيرات تمارة","سيدي يحيى زعير","1282","20270","P.EQUITE","سلامة اسلن","129191"
"الرباط -سلا -القنيطرة","الصخيرات تمارة","سيدي يحيى زعير","1282","20270","PEDD","محمد الغندوري","122950"
"الرباط -سلا -القنيطرة","الصخيرات تمارة","سيدي يحيى زعير","1282","20270","PUD","عبد الكريم  الكفاشي ","78249"
"الرباط -سلا -القنيطرة","الصخيرات تمارة","سيدي يحيى زعير","1282","20270","PCS","سفيان  الدهبي ","67362"
"الرباط -سلا -القنيطرة","الصخيرات تمارة","سيدي يحيى زعير","1282","20270","PML","محمد التوركزي","99772"
"الرباط -سلا -القنيطرة","الصخيرات تمارة","سيدي يحيى زعير","1282","20270","P.ALAMAL","احمد العطاوي","100060"
"الرباط -سلا -القنيطرة","الصخيرات تمارة","صباح","1108","27278","PAM","بلكبير الحفيان","5425"
"الرباط -سلا -القنيطرة","الصخيرات تمارة","صباح","1108","17398","PAM","المصطفى ختة","76389"
"الرباط -سلا -القنيطرة","الصخيرات تمارة","صباح","1108","17398","PAM","سهام بلا","76492"
"الرباط -سلا -القنيطرة","الصخيرات تمارة","صباح","1108","17403","PAM","محمد الهلالي","120587"
"الرباط -سلا -القنيطرة","الصخيرات تمارة","صباح","1108","17401","PAM","احمد لعميري","120813"
"الرباط -سلا -القنيطرة","الصخيرات تمارة","صباح","1108","17401","PAM","فاطنة المسيوي","121026"
"الرباط -سلا -القنيطرة","الصخيرات تمارة","صباح","1108","17405","RNI","محمد لقوير","123964"
"الرباط -سلا -القنيطرة","الصخيرات تمارة","صباح","1108","27284","RNI","الحاج لخضر","40645"
"الرباط -سلا -القنيطرة","الصخيرات تمارة","صباح","1108","27284","RNI","صباح دارن","40890"
"الرباط -سلا -القنيطرة","الصخيرات تمارة","صباح","1108","17404","PAM","سعيد الهلالي","144684"
"الرباط -سلا -القنيطرة","الصخيرات تمارة","صباح","1108","27282","RNI","عبدالغني ربوح","124093"
"الرباط -سلا -القنيطرة","الصخيرات تمارة","صباح","1108","17399","PAM","عبد الحق شاكير","131227"
"الرباط -سلا -القنيطرة","الصخيرات تمارة","صباح","1108","27285","RNI","يوسف النفيلي","42626"
"الرباط -سلا -القنيطرة","الصخيرات تمارة","صباح","1108","27285","RNI","فاطمة الراحلي","42725"
"الرباط -سلا -القنيطرة","الصخيرات تمارة","صباح","1108","27279","PAM","الحاج السدراوي","146087"
"الرباط -سلا -القنيطرة","الصخيرات تمارة","صباح","1108","17406","RNI","فيصل شاكير","96398"
"الرباط -سلا -القنيطرة","الصخيرات تمارة","صباح","1108","27281","PAM","هشام الهلالي","143322"
"الرباط -سلا -القنيطرة","الصخيرات تمارة","صباح","1108","27281","PAM","كوثر لمليح","145510"
"الرباط -سلا -القنيطرة","الصخيرات تمارة","صباح","1108","27286","PAM","بوشعيب البركاوي","4403"
"الرباط -سلا -القنيطرة","الصخيرات تمارة","صباح","1108","27287","RNI","حميد افلاح","93374"
"الرباط -سلا -القنيطرة","الصخيرات تمارة","صباح","1108","17394","PAM","محمد اشريبط","3998"
"الرباط -سلا -القنيطرة","الصخيرات تمارة","صباح","1108","27280","PAM","عبد القادر المصباحي","2988"
"الرباط -سلا -القنيطرة","الصخيرات تمارة","صباح","1108","17402","RNI","عبد المنعم جوهري","22465"
"الرباط -سلا -القنيطرة","الصخيرات تمارة","صباح","1108","17400","PAM","التهامي ختة","95473"
"الرباط -سلا -القنيطرة","الصخيرات تمارة","صباح","1108","17396","RNI","لحبيب لخويطي","19250"
"الرباط -سلا -القنيطرة","الصخيرات تمارة","صباح","1108","27283","PAM","عادل الذهبي","5152"
"الرباط -سلا -القنيطرة","الصخيرات تمارة","صباح","1108","17397","PAM","التهامي بلا","76652"
"الرباط -سلا -القنيطرة","الصخيرات تمارة","صباح","1108","17395","RNI","بوشتى تغيذة","23103"
"الرباط -سلا -القنيطرة","الصخيرات تمارة","عين العودة","68","27881","PAM","خضير كشلاط","7670"
"الرباط -سلا -القنيطرة","الصخيرات تمارة","عين العودة","68","27871","UC","ياسين طواف","19731"
"الرباط -سلا -القنيطرة","الصخيرات تمارة","عين العودة","68","27874","UC","المصطفى خضيرة","7373"
"الرباط -سلا -القنيطرة","الصخيرات تمارة","عين العودة","68","27874","UC","مينة ابودرار","7509"
"الرباط -سلا -القنيطرة","الصخيرات تمارة","عين العودة","68","27858","PAM","رشيد اللك","93864"
"الرباط -سلا -القنيطرة","الصخيرات تمارة","عين العودة","68","27858","PAM","رقية الشوفاني","93952"
"الرباط -سلا -القنيطرة","الصخيرات تمارة","عين العودة","68","27872","UC","رضوان حومادي","28965"
"الرباط -سلا -القنيطرة","الصخيرات تمارة","عين العودة","68","27872","UC","فاطمة  الدخيلي ","29035"
"الرباط -سلا -القنيطرة","الصخيرات تمارة","عين العودة","68","27877","UC","احمد العثماني","19707"
"الرباط -سلا -القنيطرة","الصخيرات تمارة","عين العودة","68","27864","UC","ابراهيم عيسات","5489"
"الرباط -سلا -القنيطرة","الصخيرات تمارة","عين العودة","68","27866","PAM","محمد كشلاط","6488"
"الرباط -سلا -القنيطرة","الصخيرات تمارة","عين العودة","68","27861","UC","الصديقي مسعودي","41442"
"الرباط -سلا -القنيطرة","الصخيرات تمارة","عين العودة","68","27865","UC","هشام العمراوي","28859"
"الرباط -سلا -القنيطرة","الصخيرات تمارة","عين العودة","68","27876","UC","حسن عاريف","6744"
"الرباط -سلا -القنيطرة","الصخيرات تمارة","عين العودة","68","27870","UC","لعروصي الصناغي","74117"
"الرباط -سلا -القنيطرة","الصخيرات تمارة","عين العودة","68","27870","UC","مريم الراقي","74162"
"الرباط -سلا -القنيطرة","الصخيرات تمارة","عين العودة","68","27857","UC","سعيد عيسات ","29591"
"الرباط -سلا -القنيطرة","الصخيرات تمارة","عين العودة","68","27859","UC","عزيز عاريف","28404"
"الرباط -سلا -القنيطرة","الصخيرات تمارة","عين العودة","68","27869","UC","محمد فتحي","19497"
"الرباط -سلا -القنيطرة","الصخيرات تمارة","عين العودة","68","27860","PI","محمد الجوالة","42029"
"الرباط -سلا -القنيطرة","الصخيرات تمارة","عين العودة","68","27875","PI","مصطفى الوهابي","19773"
"الرباط -سلا -القنيطرة","الصخيرات تمارة","عين العودة","68","27879","UC","اعزيز القرافي","5745"
"الرباط -سلا -القنيطرة","الصخيرات تمارة","عين العودة","68","27879","UC","خديجة كوليل","6025"
"الرباط -سلا -القنيطرة","الصخيرات تمارة","عين العودة","68","27863","MP","عبدالصمد بونعيم","5329"
"الرباط -سلا -القنيطرة","الصخيرات تمارة","عين العودة","68","27880","PAM","عبد القادر العلام","42260"
"الرباط -سلا -القنيطرة","الصخيرات تمارة","عين العودة","68","27873","PAM","مصطفى  الغول","5615"
"الرباط -سلا -القنيطرة","الصخيرات تمارة","عين العودة","68","27862","PAM","ميلود نونة","145245"
"الرباط -سلا -القنيطرة","الصخيرات تمارة","عين العودة","68","27878","MP","بودريس حركات","29671"
"الرباط -سلا -القنيطرة","الصخيرات تمارة","عين العودة","68","27868","MP","امين الشفعاوي","148603"
"الرباط -سلا -القنيطرة","الصخيرات تمارة","عين العودة","68","27867","UC","بن يوسف  فتحي ","145978"
"الرباط -سلا -القنيطرة","الصخيرات تمارة","عين عتيق","57","27288","UC","عبد الحق بوحجرة","16119"
"الرباط -سلا -القنيطرة","الصخيرات تمارة","عين عتيق","57","850","UC","عزيز معدور","9756"
"الرباط -سلا -القنيطرة","الصخيرات تمارة","عين عتيق","57","839","UC","الشركي دحي","6506"
"الرباط -سلا -القنيطرة","الصخيرات تمارة","عين عتيق","57","844","UC","هشام حماموش","7148"
"الرباط -سلا -القنيطرة","الصخيرات تمارة","عين عتيق","57","841","RNI","المهدي بوزيدي","14806"
"الرباط -سلا -القنيطرة","الصخيرات تمارة","عين عتيق","57","845","UC","محمد المودن","38048"
"الرباط -سلا -القنيطرة","الصخيرات تمارة","عين عتيق","57","847","UC","عبد السلام الداغري","11358"
"الرباط -سلا -القنيطرة","الصخيرات تمارة","عين عتيق","57","847","UC","زهرة عاكيدي","11446"
"الرباط -سلا -القنيطرة","الصخيرات تمارة","عين عتيق","57","851","RNI","جواد بوزيدي","3731"
"الرباط -سلا -القنيطرة","الصخيرات تمارة","عين عتيق","57","833","PAM","العربي حنيني","5123"
"الرباط -سلا -القنيطرة","الصخيرات تمارة","عين عتيق","57","853","PAM","امحمد بوهنين حنيني","9894"
"الرباط -سلا -القنيطرة","الصخيرات تمارة","عين عتيق","57","832","PAM","حكيم حنيني","5568"
"الرباط -سلا -القنيطرة","الصخيرات تمارة","عين عتيق","57","836","UC","عزيز المكدادي","10092"
"الرباط -سلا -القنيطرة","الصخيرات تمارة","عين عتيق","57","836","UC","مينة الشريف","10114"
"الرباط -سلا -القنيطرة","الصخيرات تمارة","عين عتيق","57","835","UC","احمد غجبال","21218"
"الرباط -سلا -القنيطرة","الصخيرات تمارة","عين عتيق","57","846","PJD","ابراهيم ابيطي","46780"
"الرباط -سلا -القنيطرة","الصخيرات تمارة","عين عتيق","57","848","RNI","محمد الفكاكي","16899"
"الرباط -سلا -القنيطرة","الصخيرات تمارة","عين عتيق","57","848","RNI","حياة بنهيبة","16948"
"الرباط -سلا -القنيطرة","الصخيرات تمارة","عين عتيق","57","27289","UC","عبد الفتاح نشيد","9955"
"الرباط -سلا -القنيطرة","الصخيرات تمارة","عين عتيق","57","849","UC","نورالدين بلخراشي","9675"
"الرباط -سلا -القنيطرة","الصخيرات تمارة","عين عتيق","57","852","PJD","عزيز حراكة","17873"
"الرباط -سلا -القنيطرة","الصخيرات تمارة","عين عتيق","57","838","UC","محمد الشافعي","29661"
"الرباط -سلا -القنيطرة","الصخيرات تمارة","عين عتيق","57","838","UC","هند عادل","29699"
"الرباط -سلا -القنيطرة","الصخيرات تمارة","عين عتيق","57","843","UC","هشام السعيد","6935"
"الرباط -سلا -القنيطرة","الصخيرات تمارة","عين عتيق","57","834","RNI","عبدالحق  صافي ","11069"
"الرباط -سلا -القنيطرة","الصخيرات تمارة","عين عتيق","57","842","RNI","عبدالحفيظ شهيبي","15841"
"الرباط -سلا -القنيطرة","الصخيرات تمارة","عين عتيق","57","842","RNI","فتيحة اماية","15897"
"الرباط -سلا -القنيطرة","الصخيرات تمارة","عين عتيق","57","840","PAM","عبدالحفيظ العمراني","131723"
"الرباط -سلا -القنيطرة","الصخيرات تمارة","عين عتيق","57","837","RNI","محسن الشتوكي","17034"
"الرباط -سلا -القنيطرة","الصخيرات تمارة","عين عتيق","57","831","PAM","رشيد البوعبيدي","10368"
"الرباط -سلا -القنيطرة","الصخيرات تمارة","مرس الخير","866","27271","RNI","بدر شعيب حنفي","80094"
"الرباط -سلا -القنيطرة","الصخيرات تمارة","مرس الخير","866","27271","RNI","سعاد  بوراس","80168"
"الرباط -سلا -القنيطرة","الصخيرات تمارة","مرس الخير","866","27276","RNI","محمد امين القدوري","72248"
"الرباط -سلا -القنيطرة","الصخيرات تمارة","مرس الخير","866","27276","RNI","حسنية الادريسي","72285"
"الرباط -سلا -القنيطرة","الصخيرات تمارة","مرس الخير","866","25158","PI","لحسن الخياطي","40838"
"الرباط -سلا -القنيطرة","الصخيرات تمارة","مرس الخير","866","13698","UC","عادل افقير","24820"
"الرباط -سلا -القنيطرة","الصخيرات تمارة","مرس الخير","866","13696","PI","قاسم بالماضي","40750"
"الرباط -سلا -القنيطرة","الصخيرات تمارة","مرس الخير","866","27270","RNI","محمد بلحاج","50477"
"الرباط -سلا -القنيطرة","الصخيرات تمارة","مرس الخير","866","27270","RNI","فاطمة نايت بسلام","50525"
"الرباط -سلا -القنيطرة","الصخيرات تمارة","مرس الخير","866","13693","PI","سعيد فهمي","50843"
"الرباط -سلا -القنيطرة","الصخيرات تمارة","مرس الخير","866","27277","RNI","بوشعيب الحيباري","71543"
"الرباط -سلا -القنيطرة","الصخيرات تمارة","مرس الخير","866","27277","RNI","نهيلة زاوي","71623"
"الرباط -سلا -القنيطرة","الصخيرات تمارة","مرس الخير","866","13692","PI","بوشعيب الحجاجي","41074"
"الرباط -سلا -القنيطرة","الصخيرات تمارة","مرس الخير","866","25159","PI","بوعزة الخياطي","37684"
"الرباط -سلا -القنيطرة","الصخيرات تمارة","مرس الخير","866","27273","RNI","بوشعيب بنبوية","50646"
"الرباط -سلا -القنيطرة","الصخيرات تمارة","مرس الخير","866","27269","RNI","عبد العزيز بنيس","91281"
"الرباط -سلا -القنيطرة","الصخيرات تمارة","مرس الخير","866","13694","PAM","حميد ايتحركيت","85999"
"الرباط -سلا -القنيطرة","الصخيرات تمارة","مرس الخير","866","27274","RNI","بوشعيب محراش","50744"
"الرباط -سلا -القنيطرة","الصخيرات تمارة","مرس الخير","866","27272","PAM","زكرياء القدوري","89095"
"الرباط -سلا -القنيطرة","الصخيرات تمارة","مرس الخير","866","13690","RNI","عبدالكريم مصلاح","131165"
"الرباط -سلا -القنيطرة","الصخيرات تمارة","مرس الخير","866","13690","RNI","خولة جعبوب","131597"
"الرباط -سلا -القنيطرة","الصخيرات تمارة","مرس الخير","866","27268","PI","عبدالكريم  مازي","41373"
"الرباط -سلا -القنيطرة","الصخيرات تمارة","مرس الخير","866","13691","PAM","الحسين  جابري ","86346"
"الرباط -سلا -القنيطرة","الصخيرات تمارة","مرس الخير","866","13689","PAM","محمد ابولنوار","85254"
"الرباط -سلا -القنيطرة","الصخيرات تمارة","مرس الخير","866","13697","UC","بدر قرتلو","75129"
"الرباط -سلا -القنيطرة","الصخيرات تمارة","مرس الخير","866","27275","PAM","احمد لهنيتي","80447"
"الرباط -سلا -القنيطرة","الصخيرات تمارة","مرس الخير","866","13695","RNI","ياسين العباس","87947"
"الرباط -سلا -القنيطرة","الصخيرات تمارة","مرس الخير","866","13688","PAM","محمد الكاملي","85378"
"الرباط -سلا -القنيطرة","القنيطرة","أولاد سلامة","1056","16600","UC","ادريس العمري","28663"
"الرباط -سلا -القنيطرة","القنيطرة","أولاد سلامة","1056","16600","UC","ازهور العمري","28755"
"الرباط -سلا -القنيطرة","القنيطرة","أولاد سلامة","1056","25457","RNI","محمد عبوب","7304"
"الرباط -سلا -القنيطرة","القنيطرة","أولاد سلامة","1056","25457","RNI","سناء ميمي","7359"
"الرباط -سلا -القنيطرة","القنيطرة","أولاد سلامة","1056","16611","UC","محمد  لعزيب","20513"
"الرباط -سلا -القنيطرة","القنيطرة","أولاد سلامة","1056","16609","RNI","الحسان  عزة","1957"
"الرباط -سلا -القنيطرة","القنيطرة","أولاد سلامة","1056","25454","PI","عمر زريوي","8046"
"الرباط -سلا -القنيطرة","القنيطرة","أولاد سلامة","1056","16606","RNI","احمد الغوات","6541"
"الرباط -سلا -القنيطرة","القنيطرة","أولاد سلامة","1056","16608","RNI","نور الدين  بويعيسات","28594"
"الرباط -سلا -القنيطرة","القنيطرة","أولاد سلامة","1056","25453","UC","محمد الميراوي","20499"
"الرباط -سلا -القنيطرة","القنيطرة","أولاد سلامة","1056","25453","UC","سلوى ارميميش","20508"
"الرباط -سلا -القنيطرة","القنيطرة","أولاد سلامة","1056","25450","PI","عبد السلام كعوة","6768"
"الرباط -سلا -القنيطرة","القنيطرة","أولاد سلامة","1056","16610","RNI","حسن السايح","9996"
"الرباط -سلا -القنيطرة","القنيطرة","أولاد سلامة","1056","16602","RNI","احمد الزايدي","3165"
"الرباط -سلا -القنيطرة","القنيطرة","أولاد سلامة","1056","16602","RNI","وداد الهيص","3345"
"الرباط -سلا -القنيطرة","القنيطرة","أولاد سلامة","1056","25455","RNI","محمد الحفيان","3643"
"الرباط -سلا -القنيطرة","القنيطرة","أولاد سلامة","1056","16607","RNI","محمد زغلول","2533"
"الرباط -سلا -القنيطرة","القنيطرة","أولاد سلامة","1056","25451","RNI","الخطاب الطيبوش","8538"
"الرباط -سلا -القنيطرة","القنيطرة","أولاد سلامة","1056","16599","UC","احمد دحان","28842"
"الرباط -سلا -القنيطرة","القنيطرة","أولاد سلامة","1056","16612","USFP","رشيد الواصف","20484"
"الرباط -سلا -القنيطرة","القنيطرة","أولاد سلامة","1056","25456","RNI","علال الدقاق","5314"
"الرباط -سلا -القنيطرة","القنيطرة","أولاد سلامة","1056","16603","RNI","محمد اودينة","8298"
"الرباط -سلا -القنيطرة","القنيطرة","أولاد سلامة","1056","16603","RNI","سعاد قنيزيعة","8373"
"الرباط -سلا -القنيطرة","القنيطرة","أولاد سلامة","1056","25452","UC","محمد بالعيادية","16068"
"الرباط -سلا -القنيطرة","القنيطرة","أولاد سلامة","1056","16601","RNI","احمد فنان","3796"
"الرباط -سلا -القنيطرة","القنيطرة","أولاد سلامة","1056","16605","RNI","مصطفى غريبات","44577"
"الرباط -سلا -القنيطرة","القنيطرة","أولاد سلامة","1056","16598","UC","محمد الشجار","30643"
"الرباط -سلا -القنيطرة","القنيطرة","أولاد سلامة","1056","16604","RNI","ادريس سربات","1479"
"الرباط -سلا -القنيطرة","القنيطرة","الحدادة","587","9241","USFP","بوغابة العتاك","31134"
"الرباط -سلا -القنيطرة","القنيطرة","الحدادة","587","9241","USFP","حيات ايت التاجر","31155"
"الرباط -سلا -القنيطرة","القنيطرة","الحدادة","587","9253","PPS","العروسي طويل","20568"
"الرباط -سلا -القنيطرة","القنيطرة","الحدادة","587","9253","PPS","زهور كويزي","20759"
"الرباط -سلا -القنيطرة","القنيطرة","الحدادة","587","27296","PI","مصطفى الحيرش","28443"
"الرباط -سلا -القنيطرة","القنيطرة","الحدادة","587","27296","PI","خديجة خريبش","28332"
"الرباط -سلا -القنيطرة","القنيطرة","الحدادة","587","27298","RNI","الميلودي فريحات","5552"
"الرباط -سلا -القنيطرة","القنيطرة","الحدادة","587","27290","UC","نوفل المسعودي","55492"
"الرباط -سلا -القنيطرة","القنيطرة","الحدادة","587","27290","UC","سهام ملوك","124428"
"الرباط -سلا -القنيطرة","القنيطرة","الحدادة","587","9244","UC","عبد الحميد السعداوي ","55845"
"الرباط -سلا -القنيطرة","القنيطرة","الحدادة","587","9251","RNI","عمر شليمة","40885"
"الرباط -سلا -القنيطرة","القنيطرة","الحدادة","587","9248","USFP","ادريس السعداوي","20804"
"الرباط -سلا -القنيطرة","القنيطرة","الحدادة","587","9246","PJD","علي سليكي","20572"
"الرباط -سلا -القنيطرة","القنيطرة","الحدادة","587","27293","RNI","ادريس الهميطي ","30555"
"الرباط -سلا -القنيطرة","القنيطرة","الحدادة","587","9249","RNI","عبدالرزاق الزعري","40956"
"الرباط -سلا -القنيطرة","القنيطرة","الحدادة","587","9247","UC","المصطفى بناصرات","44926"
"الرباط -سلا -القنيطرة","القنيطرة","الحدادة","587","9243","UC","بنعاشر البعوي","40746"
"الرباط -سلا -القنيطرة","القنيطرة","الحدادة","587","27294","USFP","محمد عسيلة","30674"
"الرباط -سلا -القنيطرة","القنيطرة","الحدادة","587","27294","USFP","زينب اكحيل","30714"
"الرباط -سلا -القنيطرة","القنيطرة","الحدادة","587","9242","PI","الراضي بيوض","16178"
"الرباط -سلا -القنيطرة","القنيطرة","الحدادة","587","9250","PPS","توفيق قصاقصة","30655"
"الرباط -سلا -القنيطرة","القنيطرة","الحدادة","587","9252","RNI","علال لغراربة","28535"
"الرباط -سلا -القنيطرة","القنيطرة","الحدادة","587","27299","USFP","منصور قبادي","30556"
"الرباط -سلا -القنيطرة","القنيطرة","الحدادة","587","27297","RNI","عبدالقادر الشكداني","44418"
"الرباط -سلا -القنيطرة","القنيطرة","الحدادة","587","27292","USFP","الحراتي عدنان","44648"
"الرباط -سلا -القنيطرة","القنيطرة","الحدادة","587","27291","RNI","ادريس نقبي","64245"
"الرباط -سلا -القنيطرة","القنيطرة","الحدادة","587","9245","PI","محمد عسيلة","20797"
"الرباط -سلا -القنيطرة","القنيطرة","الحدادة","587","27295","USFP","حفيظ العوادي","20579"
"الرباط -سلا -القنيطرة","القنيطرة","الشوافع","442","6846","MDS","بوسلهام الشكاوي","5113"
"الرباط -سلا -القنيطرة","القنيطرة","الشوافع","442","6846","MDS","يامنة العاقل","5228"
"الرباط -سلا -القنيطرة","القنيطرة","الشوافع","442","6847","MDS","ادريس كحيل","4638"
"الرباط -سلا -القنيطرة","القنيطرة","الشوافع","442","6847","MDS","فتيحة بنغانم","4913"
"الرباط -سلا -القنيطرة","القنيطرة","الشوافع","442","6858","MDS","لحمر ويناس","29434"
"الرباط -سلا -القنيطرة","القنيطرة","الشوافع","442","6853","UC","نعيمة حبيشي","137190"
"الرباط -سلا -القنيطرة","القنيطرة","الشوافع","442","6853","UC","السعدية الرابحي","137288"
"الرباط -سلا -القنيطرة","القنيطرة","الشوافع","442","6850","UC","محمد الكرجي","136723"
"الرباط -سلا -القنيطرة","القنيطرة","الشوافع","442","6850","UC","رقية العيطور","136849"
"الرباط -سلا -القنيطرة","القنيطرة","الشوافع","442","6844","UC","خالد الناصري","42033"
"الرباط -سلا -القنيطرة","القنيطرة","الشوافع","442","6844","UC","عائشة الناصري","42145"
"الرباط -سلا -القنيطرة","القنيطرة","الشوافع","442","6857","PAM","السعيد بلحبيب","6958"
"الرباط -سلا -القنيطرة","القنيطرة","الشوافع","442","6848","UC","حسن البوزياني","17535"
"الرباط -سلا -القنيطرة","القنيطرة","الشوافع","442","6859","MDS","محمد الريعي","92875"
"الرباط -سلا -القنيطرة","القنيطرة","الشوافع","442","6843","UC","عبد الفتاح واصيف","51165"
"الرباط -سلا -القنيطرة","القنيطرة","الشوافع","442","6852","UC","عبد الله اكعاري","92690"
"الرباط -سلا -القنيطرة","القنيطرة","الشوافع","442","6842","UC","محمد عياد ","50892"
"الرباط -سلا -القنيطرة","القنيطرة","الشوافع","442","6851","UC","احمد سمان","51067"
"الرباط -سلا -القنيطرة","القنيطرة","الشوافع","442","6860","MDS","بوسلهام مشكيطو","30588"
"الرباط -سلا -القنيطرة","القنيطرة","الشوافع","442","6841","MDS","امحمد مرواش","27490"
"الرباط -سلا -القنيطرة","القنيطرة","الشوافع","442","6840","MDS","محمد عريب","29114"
"الرباط -سلا -القنيطرة","القنيطرة","الشوافع","442","6849","MDS","محمد بنغانم","28033"
"الرباط -سلا -القنيطرة","القنيطرة","الشوافع","442","6838","MDS","الحفيان فنيك","27603"
"الرباط -سلا -القنيطرة","القنيطرة","الشوافع","442","6855","UC","جعفر الرحيم ","57358"
"الرباط -سلا -القنيطرة","القنيطرة","الشوافع","442","6856","MDS","الميلودي الصخراوي","56744"
"الرباط -سلا -القنيطرة","القنيطرة","الشوافع","442","6854","UC","بوسلهام بورارة","57344"
"الرباط -سلا -القنيطرة","القنيطرة","الشوافع","442","6845","PAM","يوسف المجدوبي","17330"
"الرباط -سلا -القنيطرة","القنيطرة","الشوافع","442","6839","UC","الزهوني الحمري","41521"
"الرباط -سلا -القنيطرة","القنيطرة","القنيطرة","1565","25034","RNI","اناس البوعناني","50299"
"الرباط -سلا -القنيطرة","القنيطرة","القنيطرة","1565","25034","RNI","مينة حروزى","50865"
"الرباط -سلا -القنيطرة","القنيطرة","القنيطرة","1565","25034","RNI","عبد الله الورثي","50351"
"الرباط -سلا -القنيطرة","القنيطرة","القنيطرة","1565","25034","RNI","بشرى البوحديوي","51401"
"الرباط -سلا -القنيطرة","القنيطرة","القنيطرة","1565","25034","RNI","محمد تاجي","50379"
"الرباط -سلا -القنيطرة","القنيطرة","القنيطرة","1565","25034","RNI","زينب حساني","51434"
"الرباط -سلا -القنيطرة","القنيطرة","القنيطرة","1565","25034","RNI","بدر الدين بلخيري","50448"
"الرباط -سلا -القنيطرة","القنيطرة","القنيطرة","1565","25034","RNI","كوثر الحريف","51475"
"الرباط -سلا -القنيطرة","القنيطرة","القنيطرة","1565","25034","RNI","السباعي طويل","50536"
"الرباط -سلا -القنيطرة","القنيطرة","القنيطرة","1565","25034","RNI","نجلاء الدهاجي","51510"
"الرباط -سلا -القنيطرة","القنيطرة","القنيطرة","1565","25034","RNI","هشام ارباب","50577"
"الرباط -سلا -القنيطرة","القنيطرة","القنيطرة","1565","25034","RNI","ابراهيم بوريش","50605"
"الرباط -سلا -القنيطرة","القنيطرة","القنيطرة","1565","25034","RNI","محمد الرويشق","50629"
"الرباط -سلا -القنيطرة","القنيطرة","القنيطرة","1565","25034","RNI","محمد الفيطح ","50651"
"الرباط -سلا -القنيطرة","القنيطرة","القنيطرة","1565","25034","PJD","عزيز رباح","26315"
"الرباط -سلا -القنيطرة","القنيطرة","القنيطرة","1565","25034","PJD","رقية الرميد","26219"
"الرباط -سلا -القنيطرة","القنيطرة","القنيطرة","1565","25034","PJD","رشيد بلمقيصية","26432"
"الرباط -سلا -القنيطرة","القنيطرة","القنيطرة","1565","25034","PJD","خديجة  هدي","26298"
"الرباط -سلا -القنيطرة","القنيطرة","القنيطرة","1565","25034","PJD","عبد الحق بشري","26511"
"الرباط -سلا -القنيطرة","القنيطرة","القنيطرة","1565","25034","PJD","عبد الحق عبروق","26616"
"الرباط -سلا -القنيطرة","القنيطرة","القنيطرة","1565","25034","PJD","محمد الحرفاوي","26698"
"الرباط -سلا -القنيطرة","القنيطرة","القنيطرة","1565","25034","PAM","فوزي الشعبي","96458"
"الرباط -سلا -القنيطرة","القنيطرة","القنيطرة","1565","25034","PAM","نادية تقار","96568"
"الرباط -سلا -القنيطرة","القنيطرة","القنيطرة","1565","25034","PAM","سناء بوشكوة","96513"
"الرباط -سلا -القنيطرة","القنيطرة","القنيطرة","1565","25034","PAM","مليكة بوشرقي","96655"
"الرباط -سلا -القنيطرة","القنيطرة","القنيطرة","1565","25034","PAM","عبد الكريم علاوي","96579"
"الرباط -سلا -القنيطرة","القنيطرة","القنيطرة","1565","25034","PAM","عبدالكريم اوزروال","96660"
"الرباط -سلا -القنيطرة","القنيطرة","القنيطرة","1565","25034","MDS","محمد تلموست","34558"
"الرباط -سلا -القنيطرة","القنيطرة","القنيطرة","1565","25034","MDS","رشيدة صادقي","35202"
"الرباط -سلا -القنيطرة","القنيطرة","القنيطرة","1565","25034","MDS","كمال الرعيدي","34766"
"الرباط -سلا -القنيطرة","القنيطرة","القنيطرة","1565","25034","MDS","نزهة بطشي","35301"
"الرباط -سلا -القنيطرة","القنيطرة","القنيطرة","1565","25034","MDS","حسن غويلة","34606"
"الرباط -سلا -القنيطرة","القنيطرة","القنيطرة","1565","25034","MDS","خمار  المرابطي","34618"
"الرباط -سلا -القنيطرة","القنيطرة","القنيطرة","1565","25034","PI","محمد العزري","77868"
"الرباط -سلا -القنيطرة","القنيطرة","القنيطرة","1565","25034","PI","فاطمة العزري","78102"
"الرباط -سلا -القنيطرة","القنيطرة","القنيطرة","1565","25034","PI","ادريس شنتوف","77893"
"الرباط -سلا -القنيطرة","القنيطرة","القنيطرة","1565","25034","PI","خديجة هيسوفا","78126"
"الرباط -سلا -القنيطرة","القنيطرة","القنيطرة","1565","25034","PI","محمد خلاخيل ","77916"
"الرباط -سلا -القنيطرة","القنيطرة","القنيطرة","1565","25034","UC","اعلي زبط","140422"
"الرباط -سلا -القنيطرة","القنيطرة","القنيطرة","1565","25034","UC","نسرين دارو","140347"
"الرباط -سلا -القنيطرة","القنيطرة","القنيطرة","1565","25034","UC","عبدالكريم شهيد","140490"
"الرباط -سلا -القنيطرة","القنيطرة","القنيطرة","1565","25034","CNI","المصطفى نعينيع","120365"
"الرباط -سلا -القنيطرة","القنيطرة","القنيطرة","1565","25034","CNI","زينب الشراط","121414"
"الرباط -سلا -القنيطرة","القنيطرة","القنيطرة","1565","25034","CNI","احمد الصياد","120502"
"الرباط -سلا -القنيطرة","القنيطرة","القنيطرة","1565","25034","MP","حاتم بكار","132800"
"الرباط -سلا -القنيطرة","القنيطرة","القنيطرة","1565","25034","MP","جرية حاجي","131440"
"الرباط -سلا -القنيطرة","القنيطرة","القنيطرة","1565","25034","MP","لحسن ايت كازو","132883"
"الرباط -سلا -القنيطرة","القنيطرة","القنيطرة","1565","25034","USFP","الحسين مفتي","144745"
"الرباط -سلا -القنيطرة","القنيطرة","القنيطرة","1565","25034","USFP","نعيمة هدي","140425"
"الرباط -سلا -القنيطرة","القنيطرة","القنيطرة","1565","25034","SAP","عزيز الكرماط","125888"
"الرباط -سلا -القنيطرة","القنيطرة","القنيطرة","1565","25034","SAP","فاطمة الزهراء الدكالي","126638"
"الرباط -سلا -القنيطرة","القنيطرة","القنيطرة","1565","25034","PPS","مصطفى الكامح","49487"
"الرباط -سلا -القنيطرة","القنيطرة","القنيطرة","1565","25034","PPS","خيرة نهاري","53064"
"الرباط -سلا -القنيطرة","القنيطرة","القنيطرة","1565","25034","PSU","عامر النميش","53550"
"الرباط -سلا -القنيطرة","القنيطرة","القنيطرة","1565","25034","PSU","نظيرة رفيق الدين","53546"
"الرباط -سلا -القنيطرة","القنيطرة","القنيطرة","1565","25034","FFD","احمد ادحيم","131244"
"الرباط -سلا -القنيطرة","القنيطرة","القنيطرة","1565","25034","FFD","فاطمة بعبوس","132028"
"الرباط -سلا -القنيطرة","القنيطرة","القنيطرة","1565","25034","P.EQUITE","احمد باحنايك","64308"
"الرباط -سلا -القنيطرة","القنيطرة","القنيطرة","1565","25034","PEDD","سمير الأعرج","62690"
"الرباط -سلا -القنيطرة","القنيطرة","القنيطرة","1565","25034","PCS","عماد جليل","108430"
"الرباط -سلا -القنيطرة","القنيطرة","القنيطرة","1565","25034","UMD","عبد الله مبيريك","126879"
"الرباط -سلا -القنيطرة","القنيطرة","المكرن","888","14037","RNI","منصور  اقريطة","6255"
"الرباط -سلا -القنيطرة","القنيطرة","المكرن","888","14037","RNI","سكينة قيقي","6312"
"الرباط -سلا -القنيطرة","القنيطرة","المكرن","888","14043","UC","عبدالله ازدح","30751"
"الرباط -سلا -القنيطرة","القنيطرة","المكرن","888","14043","UC","كريمة الدكالية","30818"
"الرباط -سلا -القنيطرة","القنيطرة","المكرن","888","14033","RNI","كمال العمراني","1514"
"الرباط -سلا -القنيطرة","القنيطرة","المكرن","888","14039","UC","بنعاشر بعية","70133"
"الرباط -سلا -القنيطرة","القنيطرة","المكرن","888","14039","UC","امينة منقوب","70180"
"الرباط -سلا -القنيطرة","القنيطرة","المكرن","888","25449","UC","عبدالصمد لخضر","108528"
"الرباط -سلا -القنيطرة","القنيطرة","المكرن","888","14024","UC","مصطفى بلخيري","27007"
"الرباط -سلا -القنيطرة","القنيطرة","المكرن","888","14045","RNI","بوسلهام المسيح","5030"
"الرباط -سلا -القنيطرة","القنيطرة","المكرن","888","14030","RNI","عبدالفتاح الصباري","1797"
"الرباط -سلا -القنيطرة","القنيطرة","المكرن","888","14035","RNI","رشيد الزعايم","23481"
"الرباط -سلا -القنيطرة","القنيطرة","المكرن","888","14028","RNI","محمد بومهدي","4883"
"الرباط -سلا -القنيطرة","القنيطرة","المكرن","888","14040","PJD","جمال برقية","48183"
"الرباط -سلا -القنيطرة","القنيطرة","المكرن","888","14032","RNI","عبد الرحمان الذهبي","2551"
"الرباط -سلا -القنيطرة","القنيطرة","المكرن","888","14029","RNI","بنعيسى اكريش","3607"
"الرباط -سلا -القنيطرة","القنيطرة","المكرن","888","14025","RNI","محمد البعولي","3061"
"الرباط -سلا -القنيطرة","القنيطرة","المكرن","888","14027","MP","المهدي الرميلي","33046"
"الرباط -سلا -القنيطرة","القنيطرة","المكرن","888","14026","RNI","لحمر خيي","4769"
"الرباط -سلا -القنيطرة","القنيطرة","المكرن","888","14031","RNI","محمد جعوط","2775"
"الرباط -سلا -القنيطرة","القنيطرة","المكرن","888","14031","RNI","حياة اشميش","2954"
"الرباط -سلا -القنيطرة","القنيطرة","المكرن","888","14044","UC","عبد الرحيم كرنون","33181"
"الرباط -سلا -القنيطرة","القنيطرة","المكرن","888","14036","RNI","منصور الحيمر","13147"
"الرباط -سلا -القنيطرة","القنيطرة","المكرن","888","14038","PPS","عبد الغني اشطاطة","104595"
"الرباط -سلا -القنيطرة","القنيطرة","المكرن","888","14038","PPS","عزيزة الدقاقي","104762"
"الرباط -سلا -القنيطرة","القنيطرة","المكرن","888","14046","UC","عزوز البيدة","26899"
"الرباط -سلا -القنيطرة","القنيطرة","المكرن","888","14041","UC","منصور الشكراوي","34689"
"الرباط -سلا -القنيطرة","القنيطرة","المكرن","888","14042","UC","العايدي اعبيدة","33135"
"الرباط -سلا -القنيطرة","القنيطرة","المكرن","888","14034","RNI","الكامل الرملي","23939"
"الرباط -سلا -القنيطرة","القنيطرة","المكرن","888","25448","UC","حميد الزوينات","36671"
"الرباط -سلا -القنيطرة","القنيطرة","المناصرة","886","14002","PI","بوسلهام الديش","19395"
"الرباط -سلا -القنيطرة","القنيطرة","المناصرة","886","14002","PI","مريم مغايتي","19218"
"الرباط -سلا -القنيطرة","القنيطرة","المناصرة","886","13992","RNI","محمد الخطابي","67823"
"الرباط -سلا -القنيطرة","القنيطرة","المناصرة","886","13992","RNI","فتيحة بنبا","67861"
"الرباط -سلا -القنيطرة","القنيطرة","المناصرة","886","13996","RNI","وديع حلاب","56368"
"الرباط -سلا -القنيطرة","القنيطرة","المناصرة","886","13996","RNI","خديجة استتوى","56283"
"الرباط -سلا -القنيطرة","القنيطرة","المناصرة","886","13994","PI","عبد الرحمان بنزينة","8863"
"الرباط -سلا -القنيطرة","القنيطرة","المناصرة","886","13994","PI","فاطنة بوداود","8884"
"الرباط -سلا -القنيطرة","القنيطرة","المناصرة","886","13999","RNI","مصطفى كعبوش","56671"
"الرباط -سلا -القنيطرة","القنيطرة","المناصرة","886","14009","RNI","علال خبيبي","56710"
"الرباط -سلا -القنيطرة","القنيطرة","المناصرة","886","14009","RNI","رشيدة جبيد","56742"
"الرباط -سلا -القنيطرة","القنيطرة","المناصرة","886","14004","RNI","منصور البزطيوي","56615"
"الرباط -سلا -القنيطرة","القنيطرة","المناصرة","886","13988","PI","عبد الرحيم شنكور","8992"
"الرباط -سلا -القنيطرة","القنيطرة","المناصرة","886","14005","RNI","عبدالغني بليل","56695"
"الرباط -سلا -القنيطرة","القنيطرة","المناصرة","886","14001","RNI","يحيى عباز","56709"
"الرباط -سلا -القنيطرة","القنيطرة","المناصرة","886","13993","PI","محمد العنبر","8940"
"الرباط -سلا -القنيطرة","القنيطرة","المناصرة","886","14000","PI","بلغيت السيفر","9018"
"الرباط -سلا -القنيطرة","القنيطرة","المناصرة","886","13989","PI","عبدالسلام فيزو","8920"
"الرباط -سلا -القنيطرة","القنيطرة","المناصرة","886","25447","PI","عبدالكريم الغوات","30096"
"الرباط -سلا -القنيطرة","القنيطرة","المناصرة","886","13995","PI","ميلودي المعيزي","9125"
"الرباط -سلا -القنيطرة","القنيطرة","المناصرة","886","14008","RNI","عبد القادر عويريكة","56712"
"الرباط -سلا -القنيطرة","القنيطرة","المناصرة","886","13990","RNI","الجيلالي هيتوف","67837"
"الرباط -سلا -القنيطرة","القنيطرة","المناصرة","886","14003","PI","سعيد بنسوسي","8828"
"الرباط -سلا -القنيطرة","القنيطرة","المناصرة","886","25446","RNI","عبد المجيد غزالي","56719"
"الرباط -سلا -القنيطرة","القنيطرة","المناصرة","886","14007","PI","الهاشمي بهلول","8830"
"الرباط -سلا -القنيطرة","القنيطرة","المناصرة","886","14010","RNI","عبد السلام القدسي","9128"
"الرباط -سلا -القنيطرة","القنيطرة","المناصرة","886","13997","RNI","منصور الكعبوشي","56771"
"الرباط -سلا -القنيطرة","القنيطرة","المناصرة","886","13991","PI","خالد بوطليحة","8847"
"الرباط -سلا -القنيطرة","القنيطرة","المناصرة","886","13998","RNI","الكبير كوينة","56669"
"الرباط -سلا -القنيطرة","القنيطرة","المناصرة","886","14006","PI","جمال عقات","19257"
"الرباط -سلا -القنيطرة","القنيطرة","بحارة أولاد عياد","280","4212","UC","سلام بلكبير","10122"
"الرباط -سلا -القنيطرة","القنيطرة","بحارة أولاد عياد","280","4212","UC","جميلة  ابن الغالي ","10135"
"الرباط -سلا -القنيطرة","القنيطرة","بحارة أولاد عياد","280","4213","UC","سلام الزهواني","31491"
"الرباط -سلا -القنيطرة","القنيطرة","بحارة أولاد عياد","280","4225","UC","عبد السلام  الباز","56859"
"الرباط -سلا -القنيطرة","القنيطرة","بحارة أولاد عياد","280","4225","UC","لبنى فرعي","56899"
"الرباط -سلا -القنيطرة","القنيطرة","بحارة أولاد عياد","280","4221","PAM","بوسلهام الازعر","20347"
"الرباط -سلا -القنيطرة","القنيطرة","بحارة أولاد عياد","280","4221","PAM","يسرى الخو","37810"
"الرباط -سلا -القنيطرة","القنيطرة","بحارة أولاد عياد","280","4222","PI","احمد اليمني","31498"
"الرباط -سلا -القنيطرة","القنيطرة","بحارة أولاد عياد","280","4219","UC","حميد عنيبي","31374"
"الرباط -سلا -القنيطرة","القنيطرة","بحارة أولاد عياد","280","4220","RNI","السعيد حجي","9982"
"الرباط -سلا -القنيطرة","القنيطرة","بحارة أولاد عياد","280","4214","UC","عبد القادر بن العربي","20359"
"الرباط -سلا -القنيطرة","القنيطرة","بحارة أولاد عياد","280","4208","UC","عبد الله بورواين","20374"
"الرباط -سلا -القنيطرة","القنيطرة","بحارة أولاد عياد","280","4215","UC","احمد خرباش ","20340"
"الرباط -سلا -القنيطرة","القنيطرة","بحارة أولاد عياد","280","4218","UC","محمد الغزواني","125319"
"الرباط -سلا -القنيطرة","القنيطرة","بحارة أولاد عياد","280","25432","UC","الشاهد الشرقي","10098"
"الرباط -سلا -القنيطرة","القنيطرة","بحارة أولاد عياد","280","4210","PAM","عبد الرحيم بيضة","56872"
"الرباط -سلا -القنيطرة","القنيطرة","بحارة أولاد عياد","280","4210","PAM","ايمان محيمدات","56908"
"الرباط -سلا -القنيطرة","القنيطرة","بحارة أولاد عياد","280","4206","UC","نورالدين بنقاسم","31503"
"الرباط -سلا -القنيطرة","القنيطرة","بحارة أولاد عياد","280","4207","RNI","محمد الزراد","10007"
"الرباط -سلا -القنيطرة","القنيطرة","بحارة أولاد عياد","280","4228","RNI","احمد نوار","10096"
"الرباط -سلا -القنيطرة","القنيطرة","بحارة أولاد عياد","280","4228","RNI","رفيقة الجعد","10085"
"الرباط -سلا -القنيطرة","القنيطرة","بحارة أولاد عياد","280","4227","PAM","نجيب الخليفي","31516"
"الرباط -سلا -القنيطرة","القنيطرة","بحارة أولاد عياد","280","4223","RNI","محمد زهير","20379"
"الرباط -سلا -القنيطرة","القنيطرة","بحارة أولاد عياد","280","4211","UC","حميد بلغالي","10035"
"الرباط -سلا -القنيطرة","القنيطرة","بحارة أولاد عياد","280","4226","RNI","جواد الشتيوي","20368"
"الرباط -سلا -القنيطرة","القنيطرة","بحارة أولاد عياد","280","4224","RNI","بوسلهام العروسي","10116"
"الرباط -سلا -القنيطرة","القنيطرة","بحارة أولاد عياد","280","25433","UC","محمد علوي","45079"
"الرباط -سلا -القنيطرة","القنيطرة","بحارة أولاد عياد","280","4217","UC","احماد زنور","20360"
"الرباط -سلا -القنيطرة","القنيطرة","بحارة أولاد عياد","280","4209","PAM","ادريس حجوب","56940"
"الرباط -سلا -القنيطرة","القنيطرة","بحارة أولاد عياد","280","4216","PI","بوسلهام برارة","31515"
"الرباط -سلا -القنيطرة","القنيطرة","بنمنصور","293","28056","RNI","ميلود شليخ","6059"
"الرباط -سلا -القنيطرة","القنيطرة","بنمنصور","293","28056","RNI","فاطنة دعماشي","6171"
"الرباط -سلا -القنيطرة","القنيطرة","بنمنصور","293","28035","RNI","ادريس بوشاشيات","6711"
"الرباط -سلا -القنيطرة","القنيطرة","بنمنصور","293","28047","RNI","بوسلهام  حمو علال","6383"
"الرباط -سلا -القنيطرة","القنيطرة","بنمنصور","293","28032","RNI","محمد لخريف","7272"
"الرباط -سلا -القنيطرة","القنيطرة","بنمنصور","293","28032","RNI","مليكة  الشطيبي","7330"
"الرباط -سلا -القنيطرة","القنيطرة","بنمنصور","293","28037","RNI","عبدالرحمن  تفونة","7083"
"الرباط -سلا -القنيطرة","القنيطرة","بنمنصور","293","28040","RNI","سمير مويسات","11199"
"الرباط -سلا -القنيطرة","القنيطرة","بنمنصور","293","28048","RNI","منصور عراك","7631"
"الرباط -سلا -القنيطرة","القنيطرة","بنمنصور","293","28043","RNI","نورالدين زريويلة","6669"
"الرباط -سلا -القنيطرة","القنيطرة","بنمنصور","293","28043","RNI","نادية لبييض","6860"
"الرباط -سلا -القنيطرة","القنيطرة","بنمنصور","293","28042","RNI","سعيد اليعقوبي","6875"
"الرباط -سلا -القنيطرة","القنيطرة","بنمنصور","293","28046","RNI","عبد العالي بعجة","11166"
"الرباط -سلا -القنيطرة","القنيطرة","بنمنصور","293","28053","RNI","علال بريقلو ","7644"
"الرباط -سلا -القنيطرة","القنيطرة","بنمنصور","293","28053","RNI","الزوهرة  البرش","7776"
"الرباط -سلا -القنيطرة","القنيطرة","بنمنصور","293","28054","PI","الهاشمي الهرش","25892"
"الرباط -سلا -القنيطرة","القنيطرة","بنمنصور","293","28044","RNI","سعيد  الرويضي","7550"
"الرباط -سلا -القنيطرة","القنيطرة","بنمنصور","293","28051","MP","احمد  نجارية","51239"
"الرباط -سلا -القنيطرة","القنيطرة","بنمنصور","293","28051","MP","نورى نقروش","51287"
"الرباط -سلا -القنيطرة","القنيطرة","بنمنصور","293","28041","RNI","عبدالحق قليها","7009"
"الرباط -سلا -القنيطرة","القنيطرة","بنمنصور","293","28039","RNI","عبد الرحيم السبعي","7874"
"الرباط -سلا -القنيطرة","القنيطرة","بنمنصور","293","28034","PI","عبدالله العايدي","25004"
"الرباط -سلا -القنيطرة","القنيطرة","بنمنصور","293","28033","RNI","محمد الحمدوشي","7855"
"الرباط -سلا -القنيطرة","القنيطرة","بنمنصور","293","28052","RNI","ادريس بوبركات","7026"
"الرباط -سلا -القنيطرة","القنيطرة","بنمنصور","293","28049","RNI","مصطفى طاهر","7527"
"الرباط -سلا -القنيطرة","القنيطرة","بنمنصور","293","28036","MP","أسامة الكرديع","26825"
"الرباط -سلا -القنيطرة","القنيطرة","بنمنصور","293","28038","RNI","المصطفى كعيبر","7659"
"الرباط -سلا -القنيطرة","القنيطرة","بنمنصور","293","28055","RNI","ميلود بنشامة","7434"
"الرباط -سلا -القنيطرة","القنيطرة","بنمنصور","293","28050","MP","نور الدين بورجال","42550"
"الرباط -سلا -القنيطرة","القنيطرة","بنمنصور","293","28045","RNI","محمد زبيرات","7411"
"الرباط -سلا -القنيطرة","القنيطرة","بني مالك","291","26293","UC","مصطفى بن الشاوي","27881"
"الرباط -سلا -القنيطرة","القنيطرة","بني مالك","291","26293","UC","مليكة كباش","27954"
"الرباط -سلا -القنيطرة","القنيطرة","بني مالك","291","26280","RNI","انوار الفلاحي","4725"
"الرباط -سلا -القنيطرة","القنيطرة","بني مالك","291","27305","PAM","عبدالالاه الوانزي","31825"
"الرباط -سلا -القنيطرة","القنيطرة","بني مالك","291","26299","UC","احميدو الزويتة","28361"
"الرباط -سلا -القنيطرة","القنيطرة","بني مالك","291","26299","UC","بخيتة خبزات","28451"
"الرباط -سلا -القنيطرة","القنيطرة","بني مالك","291","26300","PI","عيسى الصويني ","29401"
"الرباط -سلا -القنيطرة","القنيطرة","بني مالك","291","26300","PI","فاطمة الصويني","29439"
"الرباط -سلا -القنيطرة","القنيطرة","بني مالك","291","26302","USFP","زهير الكنفاوي","28905"
"الرباط -سلا -القنيطرة","القنيطرة","بني مالك","291","26284","UC","بنعيسى البرازي","16978"
"الرباط -سلا -القنيطرة","القنيطرة","بني مالك","291","26284","UC","فاطنة المغراوي","17021"
"الرباط -سلا -القنيطرة","القنيطرة","بني مالك","291","26282","UC","المصطفى الحيرش","22926"
"الرباط -سلا -القنيطرة","القنيطرة","بني مالك","291","26294","RNI","المصطفى عوادة","450"
"الرباط -سلا -القنيطرة","القنيطرة","بني مالك","291","26294","RNI","نزهة السباعي","484"
"الرباط -سلا -القنيطرة","القنيطرة","بني مالك","291","26286","UC","عبد الله  مساري ","27214"
"الرباط -سلا -القنيطرة","القنيطرة","بني مالك","291","26283","UC","مراد لحليوي","21534"
"الرباط -سلا -القنيطرة","القنيطرة","بني مالك","291","26296","RNI","مالك زعباط","99756"
"الرباط -سلا -القنيطرة","القنيطرة","بني مالك","291","26291","USFP","حسن بالمسعي","18507"
"الرباط -سلا -القنيطرة","القنيطرة","بني مالك","291","26289","USFP","المصطفى بليماني","18731"
"الرباط -سلا -القنيطرة","القنيطرة","بني مالك","291","26287","RNI","عيسى بنعزوز","29816"
"الرباط -سلا -القنيطرة","القنيطرة","بني مالك","291","26298","UC","نور الدين عويرة ","25540"
"الرباط -سلا -القنيطرة","القنيطرة","بني مالك","291","26295","RNI","احمد الطبيب","2912"
"الرباط -سلا -القنيطرة","القنيطرة","بني مالك","291","26281","RNI","عزيز الجعافرة","1354"
"الرباط -سلا -القنيطرة","القنيطرة","بني مالك","291","27304","RNI","محمد اسمينة","1911"
"الرباط -سلا -القنيطرة","القنيطرة","بني مالك","291","26290","RNI","عبد الكبير  اخرامز ","12455"
"الرباط -سلا -القنيطرة","القنيطرة","بني مالك","291","26285","UC","محمد  البحي","24407"
"الرباط -سلا -القنيطرة","القنيطرة","بني مالك","291","26288","UC","نعيم لوديني","23164"
"الرباط -سلا -القنيطرة","القنيطرة","بني مالك","291","26297","UC","احسين الركراكي","22541"
"الرباط -سلا -القنيطرة","القنيطرة","بني مالك","291","26301","UC","عبد السلام عيفوط","25769"
"الرباط -سلا -القنيطرة","القنيطرة","بني مالك","291","26292","UC","احمد كرواج","31822"
"الرباط -سلا -القنيطرة","القنيطرة","سوق  ثلاثاء الغرب","1301","20626","RNI","احمد بحرارة","10727"
"الرباط -سلا -القنيطرة","القنيطرة","سوق  ثلاثاء الغرب","1301","20626","RNI","ليلة قيسي","10737"
"الرباط -سلا -القنيطرة","القنيطرة","سوق  ثلاثاء الغرب","1301","20620","RNI","نور الدين الطويهر","10715"
"الرباط -سلا -القنيطرة","القنيطرة","سوق  ثلاثاء الغرب","1301","20634","RNI","المصطفى الزهيري","92850"
"الرباط -سلا -القنيطرة","القنيطرة","سوق  ثلاثاء الغرب","1301","20634","RNI","اسماء بوطواحن","93132"
"الرباط -سلا -القنيطرة","القنيطرة","سوق  ثلاثاء الغرب","1301","20618","RNI","ياسين خشاني","10716"
"الرباط -سلا -القنيطرة","القنيطرة","سوق  ثلاثاء الغرب","1301","20618","RNI","لطيفة جرناني","10722"
"الرباط -سلا -القنيطرة","القنيطرة","سوق  ثلاثاء الغرب","1301","20630","PAM","عبدالرزاق بلحامدية","37518"
"الرباط -سلا -القنيطرة","القنيطرة","سوق  ثلاثاء الغرب","1301","20630","PAM","رقية بلحمادية","37589"
"الرباط -سلا -القنيطرة","القنيطرة","سوق  ثلاثاء الغرب","1301","20628","UC","أحمد الرويش","10734"
"الرباط -سلا -القنيطرة","القنيطرة","سوق  ثلاثاء الغرب","1301","20629","RNI","منصور شهيد","10758"
"الرباط -سلا -القنيطرة","القنيطرة","سوق  ثلاثاء الغرب","1301","20623","PI","محمد بن السوسي","32796"
"الرباط -سلا -القنيطرة","القنيطرة","سوق  ثلاثاء الغرب","1301","20625","RNI","محمد هدي","10725"
"الرباط -سلا -القنيطرة","القنيطرة","سوق  ثلاثاء الغرب","1301","20625","RNI","سعيدة الخطابي","10729"
"الرباط -سلا -القنيطرة","القنيطرة","سوق  ثلاثاء الغرب","1301","20619","RNI","علال الشراج","10735"
"الرباط -سلا -القنيطرة","القنيطرة","سوق  ثلاثاء الغرب","1301","20624","PI","حميد لعبيشي","37889"
"الرباط -سلا -القنيطرة","القنيطرة","سوق  ثلاثاء الغرب","1301","20638","RNI","احمد كريري","10713"
"الرباط -سلا -القنيطرة","القنيطرة","سوق  ثلاثاء الغرب","1301","20627","PI","عبدالعزيز دريوش","26930"
"الرباط -سلا -القنيطرة","القنيطرة","سوق  ثلاثاء الغرب","1301","20633","PAM","الكبير لودييني","10761"
"الرباط -سلا -القنيطرة","القنيطرة","سوق  ثلاثاء الغرب","1301","20631","RNI","علال عميش","10746"
"الرباط -سلا -القنيطرة","القنيطرة","سوق  ثلاثاء الغرب","1301","20637","RNI","عمر النقيرة","10739"
"الرباط -سلا -القنيطرة","القنيطرة","سوق  ثلاثاء الغرب","1301","20639","PI","محمد عباد","10753"
"الرباط -سلا -القنيطرة","القنيطرة","سوق  ثلاثاء الغرب","1301","20617","RNI","عبد اللطيف الكوال","10720"
"الرباط -سلا -القنيطرة","القنيطرة","سوق  ثلاثاء الغرب","1301","20636","UC","عبد الرحمان هبولة","10721"
"الرباط -سلا -القنيطرة","القنيطرة","سوق  ثلاثاء الغرب","1301","20635","RNI","التهامي فريخ","10714"
"الرباط -سلا -القنيطرة","القنيطرة","سوق  ثلاثاء الغرب","1301","20621","RNI","محمد بوعبيد","10717"
"الرباط -سلا -القنيطرة","القنيطرة","سوق  ثلاثاء الغرب","1301","20632","MP","محمد الاكحل","26781"
"الرباط -سلا -القنيطرة","القنيطرة","سوق  ثلاثاء الغرب","1301","20622","RNI","الحاج قاسم الهالي","10740"
"الرباط -سلا -القنيطرة","القنيطرة","سوق الاربعاء","1296","25077","RNI","جواد غريب","45839"
"الرباط -سلا -القنيطرة","القنيطرة","سوق الاربعاء","1296","25077","RNI","سمية الضيف","46172"
"الرباط -سلا -القنيطرة","القنيطرة","سوق الاربعاء","1296","25077","RNI","عبد الغفور الرحالي","45852"
"الرباط -سلا -القنيطرة","القنيطرة","سوق الاربعاء","1296","25077","RNI","بوشرى الطاهري","46212"
"الرباط -سلا -القنيطرة","القنيطرة","سوق الاربعاء","1296","25077","RNI","عبد الكامل هبطي","45864"
"الرباط -سلا -القنيطرة","القنيطرة","سوق الاربعاء","1296","25077","RNI","سومية اولاد الجيلالي","46235"
"الرباط -سلا -القنيطرة","القنيطرة","سوق الاربعاء","1296","25077","RNI","نور الدين بوضاوي","45872"
"الرباط -سلا -القنيطرة","القنيطرة","سوق الاربعاء","1296","25077","RNI","فوزية بغداد","46247"
"الرباط -سلا -القنيطرة","القنيطرة","سوق الاربعاء","1296","25077","RNI","احمد بن اسعيد","45893"
"الرباط -سلا -القنيطرة","القنيطرة","سوق الاربعاء","1296","25077","RNI","رضوان حادك","45900"
"الرباط -سلا -القنيطرة","القنيطرة","سوق الاربعاء","1296","25077","RNI","بنعيسى بلهوات","45914"
"الرباط -سلا -القنيطرة","القنيطرة","سوق الاربعاء","1296","25077","MP","طارق الزكاري","19340"
"الرباط -سلا -القنيطرة","القنيطرة","سوق الاربعاء","1296","25077","MP","سعاد الفحل","20149"
"الرباط -سلا -القنيطرة","القنيطرة","سوق الاربعاء","1296","25077","PAM","السعيد البكري","32093"
"الرباط -سلا -القنيطرة","القنيطرة","سوق الاربعاء","1296","25077","PAM","امينة سرفوح","32602"
"الرباط -سلا -القنيطرة","القنيطرة","سوق الاربعاء","1296","25077","PJD","عبد اللطيف الفنون","65592"
"الرباط -سلا -القنيطرة","القنيطرة","سوق الاربعاء","1296","25077","PJD","اسية تشكيطو","67200"
"الرباط -سلا -القنيطرة","القنيطرة","سوق الاربعاء","1296","25077","PPS","عبدالفتاح منار","57866"
"الرباط -سلا -القنيطرة","القنيطرة","سوق الاربعاء","1296","25077","PPS","عائشة الناجي","58031"
"الرباط -سلا -القنيطرة","القنيطرة","سوق الاربعاء","1296","25077","UC","محمد عبد الصماد","46735"
"الرباط -سلا -القنيطرة","القنيطرة","سوق الاربعاء","1296","25077","UC","عائشة الصابر","47918"
"الرباط -سلا -القنيطرة","القنيطرة","سوق الاربعاء","1296","25077","PAlAhdAddimocrati","عبدالسلام خبور","49368"
"الرباط -سلا -القنيطرة","القنيطرة","سوق الاربعاء","1296","25077","PAlAhdAddimocrati","غيتة ميسرة","50511"
"الرباط -سلا -القنيطرة","القنيطرة","سوق الاربعاء","1296","25077","PUD","الحسين اليوسفي","68973"
"الرباط -سلا -القنيطرة","القنيطرة","سوق الاربعاء","1296","25077","PUD","نورا كورجي","69531"
"الرباط -سلا -القنيطرة","القنيطرة","سوق الاربعاء","1296","25077","PA","عبد الرحيم العيوج","53932"
"الرباط -سلا -القنيطرة","القنيطرة","سوق الاربعاء","1296","25077","PSU","كريم قرداس","80632"
"الرباط -سلا -القنيطرة","القنيطرة","سوق الاربعاء","1296","25077","USFP","عبد الرحيم عميد","90636"
"الرباط -سلا -القنيطرة","القنيطرة","سوق الاربعاء","1296","25077","PRV","زكرياء الزاهية","83508"
"الرباط -سلا -القنيطرة","القنيطرة","سوق الاربعاء","1296","25077","PRD","سمية بوت","95932"
"الرباط -سلا -القنيطرة","القنيطرة","سوق الاربعاء","1296","25077","MDS","علال الخوخ","35637"
"الرباط -سلا -القنيطرة","القنيطرة","سيدي الطيبي","1275","20159","UMD","محمد كني","151379"
"الرباط -سلا -القنيطرة","القنيطرة","سيدي الطيبي","1275","20159","UMD","جمعة اجرابو","153266"
"الرباط -سلا -القنيطرة","القنيطرة","سيدي الطيبي","1275","20159","UMD","علال الصوافة","151539"
"الرباط -سلا -القنيطرة","القنيطرة","سيدي الطيبي","1275","20159","UMD","خديجة جاوا","153335"
"الرباط -سلا -القنيطرة","القنيطرة","سيدي الطيبي","1275","20159","UMD","سعيد القادري","151651"
"الرباط -سلا -القنيطرة","القنيطرة","سيدي الطيبي","1275","20159","UMD","خاليد غريب","151768"
"الرباط -سلا -القنيطرة","القنيطرة","سيدي الطيبي","1275","20159","RNI","سعيد حروزى","37654"
"الرباط -سلا -القنيطرة","القنيطرة","سيدي الطيبي","1275","20159","RNI","فاطمة الغراربة","42929"
"الرباط -سلا -القنيطرة","القنيطرة","سيدي الطيبي","1275","20159","RNI","الكبير كومارة","71131"
"الرباط -سلا -القنيطرة","القنيطرة","سيدي الطيبي","1275","20159","RNI","ماجدة العكز","43000"
"الرباط -سلا -القنيطرة","القنيطرة","سيدي الطيبي","1275","20159","RNI","محمد عويشات","37949"
"الرباط -سلا -القنيطرة","القنيطرة","سيدي الطيبي","1275","20159","PJD","محمد المومني","19540"
"الرباط -سلا -القنيطرة","القنيطرة","سيدي الطيبي","1275","20159","PJD","يامنة بوعسرية","20475"
"الرباط -سلا -القنيطرة","القنيطرة","سيدي الطيبي","1275","20159","PJD","مصطفى لبسورة","19617"
"الرباط -سلا -القنيطرة","القنيطرة","سيدي الطيبي","1275","20159","PI","عبد السلام الصاكر","44116"
"الرباط -سلا -القنيطرة","القنيطرة","سيدي الطيبي","1275","20159","PI","العزيزة بايجو","45302"
"الرباط -سلا -القنيطرة","القنيطرة","سيدي الطيبي","1275","20159","PI","مصطفى المالكي","44258"
"الرباط -سلا -القنيطرة","القنيطرة","سيدي الطيبي","1275","20159","UC","عبد العالي الباب","55697"
"الرباط -سلا -القنيطرة","القنيطرة","سيدي الطيبي","1275","20159","UC","كريمة كويزي","57301"
"الرباط -سلا -القنيطرة","القنيطرة","سيدي الطيبي","1275","20159","UC","ياسين غريب","56921"
"الرباط -سلا -القنيطرة","القنيطرة","سيدي الطيبي","1275","20159","MP","نور الدين  الماموني","32851"
"الرباط -سلا -القنيطرة","القنيطرة","سيدي الطيبي","1275","20159","MP","جمعة حوباري","34734"
"الرباط -سلا -القنيطرة","القنيطرة","سيدي الطيبي","1275","20159","MP","الخياطي فقيهي","32957"
"الرباط -سلا -القنيطرة","القنيطرة","سيدي الطيبي","1275","20159","PAM","لحسن العسقلاني","23906"
"الرباط -سلا -القنيطرة","القنيطرة","سيدي الطيبي","1275","20159","PAM","مليكة بلحاج","26980"
"الرباط -سلا -القنيطرة","القنيطرة","سيدي الطيبي","1275","20159","PPS","بوسلهام الركاني","86111"
"الرباط -سلا -القنيطرة","القنيطرة","سيدي الطيبي","1275","20159","PPS","خولة النويري","88374"
"الرباط -سلا -القنيطرة","القنيطرة","سيدي الطيبي","1275","20159","USFP","عزيز اعيوني","92975"
"الرباط -سلا -القنيطرة","القنيطرة","سيدي الطيبي","1275","20159","USFP","حبيبة الفكاكي","95730"
"الرباط -سلا -القنيطرة","القنيطرة","سيدي الطيبي","1275","20159","P.EQUITE","عبدالرحيم امعيزي","111305"
"الرباط -سلا -القنيطرة","القنيطرة","سيدي الطيبي","1275","20159","MDS","عبدالرحيم بوحاش","48895"
"الرباط -سلا -القنيطرة","القنيطرة","سيدي بوبكر الحاج","1197","25466","RNI","السعيد الكوردي","118705"
"الرباط -سلا -القنيطرة","القنيطرة","سيدي بوبكر الحاج","1197","18934","UC","حفيظ الفحصي","31842"
"الرباط -سلا -القنيطرة","القنيطرة","سيدي بوبكر الحاج","1197","18934","UC","فوزية بنعزالدين","31848"
"الرباط -سلا -القنيطرة","القنيطرة","سيدي بوبكر الحاج","1197","18937","PAM","عبدالالاه الشاهد","155571"
"الرباط -سلا -القنيطرة","القنيطرة","سيدي بوبكر الحاج","1197","18937","PAM","حجيبة الكحيل","31841"
"الرباط -سلا -القنيطرة","القنيطرة","سيدي بوبكر الحاج","1197","18935","PAM","المهدي الشحيمي","45703"
"الرباط -سلا -القنيطرة","القنيطرة","سيدي بوبكر الحاج","1197","18938","UC","عبد القادر البغيل","20808"
"الرباط -سلا -القنيطرة","القنيطرة","سيدي بوبكر الحاج","1197","18938","UC","منانة الشاهد","20809"
"الرباط -سلا -القنيطرة","القنيطرة","سيدي بوبكر الحاج","1197","18942","PAM","عبدالسلام كرنون","31847"
"الرباط -سلا -القنيطرة","القنيطرة","سيدي بوبكر الحاج","1197","18942","PAM","رشيدة  غزوف","31840"
"الرباط -سلا -القنيطرة","القنيطرة","سيدي بوبكر الحاج","1197","25470","RNI","حسن الحسني","31837"
"الرباط -سلا -القنيطرة","القنيطرة","سيدي بوبكر الحاج","1197","25470","RNI","نادية اباي","31844"
"الرباط -سلا -القنيطرة","القنيطرة","سيدي بوبكر الحاج","1197","25467","PAM","محمد بوخر","5454"
"الرباط -سلا -القنيطرة","القنيطرة","سيدي بوبكر الحاج","1197","18939","RNI","عادل كربوبي","13189"
"الرباط -سلا -القنيطرة","القنيطرة","سيدي بوبكر الحاج","1197","18947","PAM","بوسلهام العطار","3776"
"الرباط -سلا -القنيطرة","القنيطرة","سيدي بوبكر الحاج","1197","18940","PAM","الفظيل الاشهب","10788"
"الرباط -سلا -القنيطرة","القنيطرة","سيدي بوبكر الحاج","1197","18941","PAM","حسن صيموك","6767"
"الرباط -سلا -القنيطرة","القنيطرة","سيدي بوبكر الحاج","1197","25473","UC","مراد لبديوي","31845"
"الرباط -سلا -القنيطرة","القنيطرة","سيدي بوبكر الحاج","1197","18936","PAM","محمد الازعر","17630"
"الرباط -سلا -القنيطرة","القنيطرة","سيدي بوبكر الحاج","1197","18946","PAM","الفاضل لغرودي","6529"
"الرباط -سلا -القنيطرة","القنيطرة","سيدي بوبكر الحاج","1197","25468","PAM","سعيد البغيل","12293"
"الرباط -سلا -القنيطرة","القنيطرة","سيدي بوبكر الحاج","1197","18943","UC","محمد المشوك","98727"
"الرباط -سلا -القنيطرة","القنيطرة","سيدي بوبكر الحاج","1197","25469","PAM","عبد الغاني القيسي","5065"
"الرباط -سلا -القنيطرة","القنيطرة","سيدي بوبكر الحاج","1197","18945","PAM","عبد العزيز القيسومى","45715"
"الرباط -سلا -القنيطرة","القنيطرة","سيدي بوبكر الحاج","1197","18944","PAM","محمد بنزينة","82391"
"الرباط -سلا -القنيطرة","القنيطرة","سيدي بوبكر الحاج","1197","25471","RNI","احمد بن حادة","16233"
"الرباط -سلا -القنيطرة","القنيطرة","سيدي بوبكر الحاج","1197","25472","PAM","علال كرنون","6978"
"الرباط -سلا -القنيطرة","القنيطرة","سيدي بوبكر الحاج","1197","18933","PAM","عبدالقادر بوملحة","5831"
"الرباط -سلا -القنيطرة","القنيطرة","سيدي علال التازي","1181","18648","RNI","يحي حيبوري","31368"
"الرباط -سلا -القنيطرة","القنيطرة","سيدي علال التازي","1181","18648","RNI","عزيزة دليل","31425"
"الرباط -سلا -القنيطرة","القنيطرة","سيدي علال التازي","1181","18646","RNI","بوسلهام فراع","20653"
"الرباط -سلا -القنيطرة","القنيطرة","سيدي علال التازي","1181","18646","RNI","فتيحة بورزامة","20663"
"الرباط -سلا -القنيطرة","القنيطرة","سيدي علال التازي","1181","18656","RNI","حسان الكرط","20684"
"الرباط -سلا -القنيطرة","القنيطرة","سيدي علال التازي","1181","18654","RNI","منصور القلي","20665"
"الرباط -سلا -القنيطرة","القنيطرة","سيدي علال التازي","1181","18659","RNI","حاتم بن رقية","20667"
"الرباط -سلا -القنيطرة","القنيطرة","سيدي علال التازي","1181","18652","RNI","اليماني معميعة","57080"
"الرباط -سلا -القنيطرة","القنيطرة","سيدي علال التازي","1181","18652","RNI","فاطمة العاديلي","57088"
"الرباط -سلا -القنيطرة","القنيطرة","سيدي علال التازي","1181","25460","RNI","منير زنفوري","20678"
"الرباط -سلا -القنيطرة","القنيطرة","سيدي علال التازي","1181","18645","RNI","ابراهيم الدمون","20670"
"الرباط -سلا -القنيطرة","القنيطرة","سيدي علال التازي","1181","18645","RNI","حنان بنصحراوي","20677"
"الرباط -سلا -القنيطرة","القنيطرة","سيدي علال التازي","1181","25458","RNI","محمد  الصحراوي","20654"
"الرباط -سلا -القنيطرة","القنيطرة","سيدي علال التازي","1181","18658","RNI","رضوان الدحيلي","20683"
"الرباط -سلا -القنيطرة","القنيطرة","سيدي علال التازي","1181","25463","RNI","الخليفي مكوكة","20666"
"الرباط -سلا -القنيطرة","القنيطرة","سيدي علال التازي","1181","25464","RNI","ادريس ولد جدة","20659"
"الرباط -سلا -القنيطرة","القنيطرة","سيدي علال التازي","1181","25465","RNI","الحسين بلكبير ","20689"
"الرباط -سلا -القنيطرة","القنيطرة","سيدي علال التازي","1181","18653","PJD","اليماني الحاتمي","20693"
"الرباط -سلا -القنيطرة","القنيطرة","سيدي علال التازي","1181","18653","PJD","حكيمة الهماز","20676"
"الرباط -سلا -القنيطرة","القنيطرة","سيدي علال التازي","1181","18647","RNI","محمد نام","20652"
"الرباط -سلا -القنيطرة","القنيطرة","سيدي علال التازي","1181","25461","RNI","حميد بلال","20658"
"الرباط -سلا -القنيطرة","القنيطرة","سيدي علال التازي","1181","18657","RNI","محمد الخوتاري","20656"
"الرباط -سلا -القنيطرة","القنيطرة","سيدي علال التازي","1181","18655","RNI","عزيز صغير","20673"
"الرباط -سلا -القنيطرة","القنيطرة","سيدي علال التازي","1181","18649","RNI","زهرة الزراد","45096"
"الرباط -سلا -القنيطرة","القنيطرة","سيدي علال التازي","1181","18651","RNI","الطيب اسعيدات","20660"
"الرباط -سلا -القنيطرة","القنيطرة","سيدي علال التازي","1181","18650","RNI","يوسف صغيري","20669"
"الرباط -سلا -القنيطرة","القنيطرة","سيدي علال التازي","1181","25459","RNI","السعيد العيرج","20672"
"الرباط -سلا -القنيطرة","القنيطرة","سيدي علال التازي","1181","25462","RNI","عبد النور قيقي","57086"
"الرباط -سلا -القنيطرة","القنيطرة","سيدي محمد بنمنصور","1588","26702","RNI","عبد الله الشادلي","10640"
"الرباط -سلا -القنيطرة","القنيطرة","سيدي محمد بنمنصور","1588","26702","RNI","رقية الدية","10653"
"الرباط -سلا -القنيطرة","القنيطرة","سيدي محمد بنمنصور","1588","26691","RNI","خليد فنتوس","10632"
"الرباط -سلا -القنيطرة","القنيطرة","سيدي محمد بنمنصور","1588","26691","RNI","فاطمة حماميد","10626"
"الرباط -سلا -القنيطرة","القنيطرة","سيدي محمد بنمنصور","1588","26685","RNI","منصور الشعير","10638"
"الرباط -سلا -القنيطرة","القنيطرة","سيدي محمد بنمنصور","1588","26695","RNI","احمد كيطة","31659"
"الرباط -سلا -القنيطرة","القنيطرة","سيدي محمد بنمنصور","1588","26694","USFP","عبد الفتاح دبينيج","20074"
"الرباط -سلا -القنيطرة","القنيطرة","سيدي محمد بنمنصور","1588","26706","PPS","عبد المجيد حرودة","20107"
"الرباط -سلا -القنيطرة","القنيطرة","سيدي محمد بنمنصور","1588","26687","RNI","الكبير علو","10634"
"الرباط -سلا -القنيطرة","القنيطرة","سيدي محمد بنمنصور","1588","26697","PJD","أيوب العيراقي","10656"
"الرباط -سلا -القنيطرة","القنيطرة","سيدي محمد بنمنصور","1588","26693","RNI","خليد عباق","10627"
"الرباط -سلا -القنيطرة","القنيطرة","سيدي محمد بنمنصور","1588","26700","MP","يحي حيرور","10663"
"الرباط -سلا -القنيطرة","القنيطرة","سيدي محمد بنمنصور","1588","26690","RNI","جلول دنان","57087"
"الرباط -سلا -القنيطرة","القنيطرة","سيدي محمد بنمنصور","1588","26690","RNI","لبنى حماميد","57094"
"الرباط -سلا -القنيطرة","القنيطرة","سيدي محمد بنمنصور","1588","26684","RNI","محمد الشعير","10630"
"الرباط -سلا -القنيطرة","القنيطرة","سيدي محمد بنمنصور","1588","26703","MP","يوسف بورارة","20117"
"الرباط -سلا -القنيطرة","القنيطرة","سيدي محمد بنمنصور","1588","26703","MP","كنزة انخيلة","20043"
"الرباط -سلا -القنيطرة","القنيطرة","سيدي محمد بنمنصور","1588","26699","MP","الهاشمي بريكي","19953"
"الرباط -سلا -القنيطرة","القنيطرة","سيدي محمد بنمنصور","1588","26689","MP","الحسين بوغلال","20688"
"الرباط -سلا -القنيطرة","القنيطرة","سيدي محمد بنمنصور","1588","26705","RNI","الميلودي الحاضي","10648"
"الرباط -سلا -القنيطرة","القنيطرة","سيدي محمد بنمنصور","1588","26696","PJD","رشيد حمشاشي","10652"
"الرباط -سلا -القنيطرة","القنيطرة","سيدي محمد بنمنصور","1588","26704","RNI","منير العربوشي","10642"
"الرباط -سلا -القنيطرة","القنيطرة","سيدي محمد بنمنصور","1588","26698","PJD","طارق العيراقي","31594"
"الرباط -سلا -القنيطرة","القنيطرة","سيدي محمد بنمنصور","1588","26692","RNI","احمد كروعة","77408"
"الرباط -سلا -القنيطرة","القنيطرة","سيدي محمد بنمنصور","1588","26701","PJD","الخطاب بحوق","10659"
"الرباط -سلا -القنيطرة","القنيطرة","سيدي محمد بنمنصور","1588","26701","PJD","الزوهرة بومنينات","20138"
"الرباط -سلا -القنيطرة","القنيطرة","سيدي محمد بنمنصور","1588","26686","RNI","عبد الحليم الباز","10643"
"الرباط -سلا -القنيطرة","القنيطرة","سيدي محمد بنمنصور","1588","26688","MP","بوسلهام خليد","20719"
"الرباط -سلا -القنيطرة","القنيطرة","سيدي محمد لحمر","1255","28518","RNI","محمد غريب","6803"
"الرباط -سلا -القنيطرة","القنيطرة","سيدي محمد لحمر","1255","28518","RNI","شيماء غريب","6878"
"الرباط -سلا -القنيطرة","القنيطرة","سيدي محمد لحمر","1255","28519","RNI","الطيب حميرة","5484"
"الرباط -سلا -القنيطرة","القنيطرة","سيدي محمد لحمر","1255","28519","RNI","خديجة غريب","5571"
"الرباط -سلا -القنيطرة","القنيطرة","سيدي محمد لحمر","1255","28527","RNI","عبدالكبير كراد","5179"
"الرباط -سلا -القنيطرة","القنيطرة","سيدي محمد لحمر","1255","28527","RNI","نجاة المعروفي","5205"
"الرباط -سلا -القنيطرة","القنيطرة","سيدي محمد لحمر","1255","28521","RNI","عمر الشواي","97942"
"الرباط -سلا -القنيطرة","القنيطرة","سيدي محمد لحمر","1255","28521","RNI","السلامية الشريف","11441"
"الرباط -سلا -القنيطرة","القنيطرة","سيدي محمد لحمر","1255","28513","RNI","خالد اخريخر","5763"
"الرباط -سلا -القنيطرة","القنيطرة","سيدي محمد لحمر","1255","28531","RNI","سعيد بركة","5288"
"الرباط -سلا -القنيطرة","القنيطرة","سيدي محمد لحمر","1255","28530","RNI","عبد الرحمان الزكاري","5365"
"الرباط -سلا -القنيطرة","القنيطرة","سيدي محمد لحمر","1255","28515","RNI","خليل الحمياني","3883"
"الرباط -سلا -القنيطرة","القنيطرة","سيدي محمد لحمر","1255","28523","RNI","حميد غزوي","5856"
"الرباط -سلا -القنيطرة","القنيطرة","سيدي محمد لحمر","1255","28520","RNI","محمد السوسي","4757"
"الرباط -سلا -القنيطرة","القنيطرة","سيدي محمد لحمر","1255","28510","RNI","السعيد دحينة","4257"
"الرباط -سلا -القنيطرة","القنيطرة","سيدي محمد لحمر","1255","28509","RNI","محمد شحيمة","5961"
"الرباط -سلا -القنيطرة","القنيطرة","سيدي محمد لحمر","1255","28522","RNI","حميد الطويل","4661"
"الرباط -سلا -القنيطرة","القنيطرة","سيدي محمد لحمر","1255","28516","RNI","حسن بنحجي","12695"
"الرباط -سلا -القنيطرة","القنيطرة","سيدي محمد لحمر","1255","28524","RNI","عبد الله بلحرمة","6980"
"الرباط -سلا -القنيطرة","القنيطرة","سيدي محمد لحمر","1255","28524","RNI","سعيدة بلحرمة","7013"
"الرباط -سلا -القنيطرة","القنيطرة","سيدي محمد لحمر","1255","28525","RNI","عبد القادر زواع","4956"
"الرباط -سلا -القنيطرة","القنيطرة","سيدي محمد لحمر","1255","28507","PAM","محمد الحميدي","21015"
"الرباط -سلا -القنيطرة","القنيطرة","سيدي محمد لحمر","1255","28514","RNI","محمد الحيسن","4455"
"الرباط -سلا -القنيطرة","القنيطرة","سيدي محمد لحمر","1255","28512","RNI","حسن  بورويس","4344"
"الرباط -سلا -القنيطرة","القنيطرة","سيدي محمد لحمر","1255","28528","RNI","السعيد التباندي","4158"
"الرباط -سلا -القنيطرة","القنيطرة","سيدي محمد لحمر","1255","28526","RNI","سعيد خشينة ","5713"
"الرباط -سلا -القنيطرة","القنيطرة","سيدي محمد لحمر","1255","28508","RNI","مصطفى غواص","4032"
"الرباط -سلا -القنيطرة","القنيطرة","سيدي محمد لحمر","1255","28517","RNI","حسن بنطلس","4588"
"الرباط -سلا -القنيطرة","القنيطرة","سيدي محمد لحمر","1255","28511","RNI","عبد الرحمان المسكيني","5908"
"الرباط -سلا -القنيطرة","القنيطرة","سيدي محمد لحمر","1255","28529","RNI","عبد الاله الورضي","5095"
"الرباط -سلا -القنيطرة","القنيطرة","عامر السفلية","202","26210","UC","الحسين الرحوية ","78276"
"الرباط -سلا -القنيطرة","القنيطرة","عامر السفلية","202","26210","UC","مريم هبولة","78311"
"الرباط -سلا -القنيطرة","القنيطرة","عامر السفلية","202","26222","RNI","المهدي لمكندز","41947"
"الرباط -سلا -القنيطرة","القنيطرة","عامر السفلية","202","26222","RNI","حليمة الكعوة","42052"
"الرباط -سلا -القنيطرة","القنيطرة","عامر السفلية","202","26213","UC","الجيلالي قريبة","30570"
"الرباط -سلا -القنيطرة","القنيطرة","عامر السفلية","202","26213","UC","فوزية دامو","30617"
"الرباط -سلا -القنيطرة","القنيطرة","عامر السفلية","202","26228","UC","رشيد  الكيحل","28984"
"الرباط -سلا -القنيطرة","القنيطرة","عامر السفلية","202","26207","RNI","محمد بنجدوا","49791"
"الرباط -سلا -القنيطرة","القنيطرة","عامر السفلية","202","26207","RNI","فاطنة  لبيض","49841"
"الرباط -سلا -القنيطرة","القنيطرة","عامر السفلية","202","26212","UC","سعيد اجغل","29509"
"الرباط -سلا -القنيطرة","القنيطرة","عامر السفلية","202","26217","RNI","هشام حومة","30357"
"الرباط -سلا -القنيطرة","القنيطرة","عامر السفلية","202","26217","RNI","مليكة غوريز","30402"
"الرباط -سلا -القنيطرة","القنيطرة","عامر السفلية","202","26219","UC","محمد بوشاقور","10021"
"الرباط -سلا -القنيطرة","القنيطرة","عامر السفلية","202","26209","UC","العلامي حومية","29370"
"الرباط -سلا -القنيطرة","القنيطرة","عامر السفلية","202","26216","UC","عبدالقادر الخطابي","30276"
"الرباط -سلا -القنيطرة","القنيطرة","عامر السفلية","202","26218","UC","ادريس ميس","29107"
"الرباط -سلا -القنيطرة","القنيطرة","عامر السفلية","202","26229","UC","محمد ديكة","28684"
"الرباط -سلا -القنيطرة","القنيطرة","عامر السفلية","202","26225","UC","ادريس قبة","30188"
"الرباط -سلا -القنيطرة","القنيطرة","عامر السفلية","202","27303","UC","ادريس اجناح ","29726"
"الرباط -سلا -القنيطرة","القنيطرة","عامر السفلية","202","26227","UC","حسن غايدة","67610"
"الرباط -سلا -القنيطرة","القنيطرة","عامر السفلية","202","26220","RNI","ادريس الكرش","11971"
"الرباط -سلا -القنيطرة","القنيطرة","عامر السفلية","202","26211","UC","سعيد البصري","28326"
"الرباط -سلا -القنيطرة","القنيطرة","عامر السفلية","202","26223","UC","محمد اموينة","27331"
"الرباط -سلا -القنيطرة","القنيطرة","عامر السفلية","202","26214","UC","ادريس  غانم","9999"
"الرباط -سلا -القنيطرة","القنيطرة","عامر السفلية","202","26221","RNI","يوسف كعبودي","41565"
"الرباط -سلا -القنيطرة","القنيطرة","عامر السفلية","202","26208","UC","محمد الهراس","29869"
"الرباط -سلا -القنيطرة","القنيطرة","عامر السفلية","202","26224","RNI","محمد اكراطة","41532"
"الرباط -سلا -القنيطرة","القنيطرة","عامر السفلية","202","27302","UC","رجاء بوسلهامي","29801"
"الرباط -سلا -القنيطرة","القنيطرة","عامر السفلية","202","26226","RNI","سعيد العماري","43065"
"الرباط -سلا -القنيطرة","القنيطرة","عامر السفلية","202","26215","RNI","الغازي  الخطاب","31714"
"الرباط -سلا -القنيطرة","القنيطرة","عرباوة","237","26244","PI","كمال محراش","10831"
"الرباط -سلا -القنيطرة","القنيطرة","عرباوة","237","26244","PI","اكرام الورعى","10835"
"الرباط -سلا -القنيطرة","القنيطرة","عرباوة","237","26237","PI","عبد العلى اليقوتي","16839"
"الرباط -سلا -القنيطرة","القنيطرة","عرباوة","237","26237","PI","فاطمة حجومي","16880"
"الرباط -سلا -القنيطرة","القنيطرة","عرباوة","237","26241","UC","محمد كومى","10828"
"الرباط -سلا -القنيطرة","القنيطرة","عرباوة","237","26248","MP","محمد بومهدى","10816"
"الرباط -سلا -القنيطرة","القنيطرة","عرباوة","237","26241","UC","حبيبة الهواوي","10830"
"الرباط -سلا -القنيطرة","القنيطرة","عرباوة","237","26235","PI","عبد الرزاق حريفة","10797"
"الرباط -سلا -القنيطرة","القنيطرة","عرباوة","237","26234","MP","عبد العزيز هميزة","10823"
"الرباط -سلا -القنيطرة","القنيطرة","عرباوة","237","26245","MP","علال الهلالى","10826"
"الرباط -سلا -القنيطرة","القنيطرة","عرباوة","237","26246","MP","محمد كطابى","10806"
"الرباط -سلا -القنيطرة","القنيطرة","عرباوة","237","26247","PI","مصطفى لبريصي","10805"
"الرباط -سلا -القنيطرة","القنيطرة","عرباوة","237","26231","PI","احمد حريفة","10792"
"الرباط -سلا -القنيطرة","القنيطرة","عرباوة","237","26238","PAM","عبدالمالك ادريوش","33039"
"الرباط -سلا -القنيطرة","القنيطرة","عرباوة","237","26238","PAM","ليلى فتحي","33093"
"الرباط -سلا -القنيطرة","القنيطرة","عرباوة","237","26242","PI","العربي بوقبيب","31776"
"الرباط -سلا -القنيطرة","القنيطرة","عرباوة","237","26232","MP","بنعيسى العراش","10801"
"الرباط -سلا -القنيطرة","القنيطرة","عرباوة","237","26230","MP","احمد الحرشي","10793"
"الرباط -سلا -القنيطرة","القنيطرة","عرباوة","237","26230","MP","لطيفة الضراوى","10800"
"الرباط -سلا -القنيطرة","القنيطرة","عرباوة","237","26243","RNI","خالد الجلالي","10840"
"الرباط -سلا -القنيطرة","القنيطرة","عرباوة","237","26249","MP","مصطفى  بدوى","10819"
"الرباط -سلا -القنيطرة","القنيطرة","عرباوة","237","26253","MP","عمر زيتونى","10818"
"الرباط -سلا -القنيطرة","القنيطرة","عرباوة","237","26240","MP","محمد الكرايوى","10794"
"الرباط -سلا -القنيطرة","القنيطرة","عرباوة","237","26239","PI","ابراهيم صابر","10843"
"الرباط -سلا -القنيطرة","القنيطرة","عرباوة","237","26252","MP","السعيد الناصرى","10804"
"الرباط -سلا -القنيطرة","القنيطرة","عرباوة","237","26233","MP","فاطنة الكحيل","36485"
"الرباط -سلا -القنيطرة","القنيطرة","عرباوة","237","26254","MP","العربي افطيش","10824"
"الرباط -سلا -القنيطرة","القنيطرة","عرباوة","237","26250","PI","حسن ابلادي","10817"
"الرباط -سلا -القنيطرة","القنيطرة","عرباوة","237","26251","MP","غيلان الزوين","10833"
"الرباط -سلا -القنيطرة","القنيطرة","عرباوة","237","26236","MP","قاسم كزار","10790"
"الرباط -سلا -القنيطرة","القنيطرة","قرية بن عودة","698","10910","RNI","البشير بنشالة","158854"
"الرباط -سلا -القنيطرة","القنيطرة","قرية بن عودة","698","10910","RNI","رشيدة بنشالة","2830"
"الرباط -سلا -القنيطرة","القنيطرة","قرية بن عودة","698","10906","PAM","محمد غلاب","48418"
"الرباط -سلا -القنيطرة","القنيطرة","قرية بن عودة","698","10906","PAM","نادية حبيبي","48472"
"الرباط -سلا -القنيطرة","القنيطرة","قرية بن عودة","698","10908","MP","ياسين العرابي","82661"
"الرباط -سلا -القنيطرة","القنيطرة","قرية بن عودة","698","10908","MP","نجاة الحصار","82753"
"الرباط -سلا -القنيطرة","القنيطرة","قرية بن عودة","698","10916","RNI","مول الباب برقية","2078"
"الرباط -سلا -القنيطرة","القنيطرة","قرية بن عودة","698","10916","RNI","سناء الزيارية","2128"
"الرباط -سلا -القنيطرة","القنيطرة","قرية بن عودة","698","10909","RNI","التهامي الكوشي","12769"
"الرباط -سلا -القنيطرة","القنيطرة","قرية بن عودة","698","10915","RNI","محمد جعفر","36873"
"الرباط -سلا -القنيطرة","القنيطرة","قرية بن عودة","698","10915","RNI","بوشرى البوخاري","57634"
"الرباط -سلا -القنيطرة","القنيطرة","قرية بن عودة","698","10907","RNI","محمد لحلو","12308"
"الرباط -سلا -القنيطرة","القنيطرة","قرية بن عودة","698","10905","RNI","ادريس الصيباري","3589"
"الرباط -سلا -القنيطرة","القنيطرة","قرية بن عودة","698","10904","RNI","عبد العزيز الخميسي","26484"
"الرباط -سلا -القنيطرة","القنيطرة","قرية بن عودة","698","10911","RNI","ادريس الشخش","14072"
"الرباط -سلا -القنيطرة","القنيطرة","قرية بن عودة","698","10913","RNI","بوعائشة اللوسي","2207"
"الرباط -سلا -القنيطرة","القنيطرة","قرية بن عودة","698","10914","RNI","احمد الحشلافي","13138"
"الرباط -سلا -القنيطرة","القنيطرة","قرية بن عودة","698","10912","USFP","الصديق الازعر","41171"
"الرباط -سلا -القنيطرة","القنيطرة","للا ميمونة","773","12165","PJD","محمد الحبشي","20773"
"الرباط -سلا -القنيطرة","القنيطرة","للا ميمونة","773","12165","PJD","سلمى بنسوسي","20775"
"الرباط -سلا -القنيطرة","القنيطرة","للا ميمونة","773","12168","PJD","دليل المشوك","30865"
"الرباط -سلا -القنيطرة","القنيطرة","للا ميمونة","773","12168","PJD","نعيمة الدخيل","30911"
"الرباط -سلا -القنيطرة","القنيطرة","للا ميمونة","773","12172","PJD","محمد   الهيطوط ","57226"
"الرباط -سلا -القنيطرة","القنيطرة","للا ميمونة","773","12172","PJD","نادية بدوي","29932"
"الرباط -سلا -القنيطرة","القنيطرة","للا ميمونة","773","12169","PJD","رشيد الحيمري","42142"
"الرباط -سلا -القنيطرة","القنيطرة","للا ميمونة","773","12169","PJD","مونية بوعلالة","42418"
"الرباط -سلا -القنيطرة","القنيطرة","للا ميمونة","773","12171","PJD","عبد العزيز حمار","29325"
"الرباط -سلا -القنيطرة","القنيطرة","للا ميمونة","773","12170","PJD","ابراهيم الشويخ","20739"
"الرباط -سلا -القنيطرة","القنيطرة","للا ميمونة","773","12170","PJD","ثريا علوي","20744"
"الرباط -سلا -القنيطرة","القنيطرة","للا ميمونة","773","12173","UC","فتاح عكراش","1863"
"الرباط -سلا -القنيطرة","القنيطرة","للا ميمونة","773","27309","PJD","عبد السلام الشاوي","28686"
"الرباط -سلا -القنيطرة","القنيطرة","للا ميمونة","773","12180","UC","علال البدري","40052"
"الرباط -سلا -القنيطرة","القنيطرة","للا ميمونة","773","12176","PJD","عبد السلام بن الزيانية","20751"
"الرباط -سلا -القنيطرة","القنيطرة","للا ميمونة","773","12166","PJD","سلام هريوي","30283"
"الرباط -سلا -القنيطرة","القنيطرة","للا ميمونة","773","12167","PJD","عبد السلام خبيش","20766"
"الرباط -سلا -القنيطرة","القنيطرة","للا ميمونة","773","12185","RNI","كمال الحافي","8996"
"الرباط -سلا -القنيطرة","القنيطرة","للا ميمونة","773","12183","PJD","حسن الشكدي ","20735"
"الرباط -سلا -القنيطرة","القنيطرة","للا ميمونة","773","12175","PJD","احمد الجمالي","20783"
"الرباط -سلا -القنيطرة","القنيطرة","للا ميمونة","773","12181","UC","السعيد البدري","39810"
"الرباط -سلا -القنيطرة","القنيطرة","للا ميمونة","773","12178","PAM","بلحسن النجاعي","18501"
"الرباط -سلا -القنيطرة","القنيطرة","للا ميمونة","773","12177","PJD","عمر بنغانم","20763"
"الرباط -سلا -القنيطرة","القنيطرة","للا ميمونة","773","12187","UC","احميدة بكار","42762"
"الرباط -سلا -القنيطرة","القنيطرة","للا ميمونة","773","12182","PJD","حسن بويركة","20706"
"الرباط -سلا -القنيطرة","القنيطرة","للا ميمونة","773","12174","UC","محمد الصمود","41383"
"الرباط -سلا -القنيطرة","القنيطرة","للا ميمونة","773","27308","UC","العربي الحمري","42599"
"الرباط -سلا -القنيطرة","القنيطرة","للا ميمونة","773","12179","UC","محمد بلعريبي","41849"
"الرباط -سلا -القنيطرة","القنيطرة","للا ميمونة","773","12184","UC","المصطفى زايد","40276"
"الرباط -سلا -القنيطرة","القنيطرة","للا ميمونة","773","12186","PJD","محمد الشهابي","20697"
"الرباط -سلا -القنيطرة","القنيطرة","مهدية","860","13594","RNI","عبد القادر لعشر","8681"
"الرباط -سلا -القنيطرة","القنيطرة","مهدية","860","13593","RNI","سومية الشامي","8708"
"الرباط -سلا -القنيطرة","القنيطرة","مهدية","860","25438","RNI","سعيد فنيش","8687"
"الرباط -سلا -القنيطرة","القنيطرة","مهدية","860","25438","RNI","ندى لحياوين","8732"
"الرباط -سلا -القنيطرة","القنيطرة","مهدية","860","13595","RNI","عبد الرحيم بوراس","8641"
"الرباط -سلا -القنيطرة","القنيطرة","مهدية","860","25434","RNI","محمد بوكير","8660"
"الرباط -سلا -القنيطرة","القنيطرة","مهدية","860","25436","RNI","سعيدة الموساوي","8718"
"الرباط -سلا -القنيطرة","القنيطرة","مهدية","860","13588","UC","عبد القادر  هيطوف","125445"
"الرباط -سلا -القنيطرة","القنيطرة","مهدية","860","25442","RNI","عبد الكبير لمليح","44128"
"الرباط -سلا -القنيطرة","القنيطرة","مهدية","860","13591","RNI","الهاشمي لحمر","8817"
"الرباط -سلا -القنيطرة","القنيطرة","مهدية","860","25442","RNI","هدى الحاجي","44174"
"الرباط -سلا -القنيطرة","القنيطرة","مهدية","860","25445","RNI","عثمان الوافي","99744"
"الرباط -سلا -القنيطرة","القنيطرة","مهدية","860","25445","RNI","الهام لرزا","43723"
"الرباط -سلا -القنيطرة","القنيطرة","مهدية","860","25439","RNI","عصام الرياحي","8853"
"الرباط -سلا -القنيطرة","القنيطرة","مهدية","860","27300","RNI","محمد الحسني","56066"
"الرباط -سلا -القنيطرة","القنيطرة","مهدية","860","27300","RNI","مليكة توري","56113"
"الرباط -سلا -القنيطرة","القنيطرة","مهدية","860","25444","RNI","نبيل العزيزي","8809"
"الرباط -سلا -القنيطرة","القنيطرة","مهدية","860","25437","RNI","ادريس بلعروي","98210"
"الرباط -سلا -القنيطرة","القنيطرة","مهدية","860","27301","RNI","نوفل ابعاش","125762"
"الرباط -سلا -القنيطرة","القنيطرة","مهدية","860","27301","RNI","عواطف الرحلي","125829"
"الرباط -سلا -القنيطرة","القنيطرة","مهدية","860","25440","RNI","بوغابة تويس","16554"
"الرباط -سلا -القنيطرة","القنيطرة","مهدية","860","25443","RNI","حسنة كروم","8773"
"الرباط -سلا -القنيطرة","القنيطرة","مهدية","860","13589","RNI","محمد الذهبي","8775"
"الرباط -سلا -القنيطرة","القنيطرة","مهدية","860","13592","RNI","سعد   فتحي","161627"
"الرباط -سلا -القنيطرة","القنيطرة","مهدية","860","13596","RNI","حميد المليح","44381"
"الرباط -سلا -القنيطرة","القنيطرة","مهدية","860","13587","UC","جواد الخطاب","29236"
"الرباط -سلا -القنيطرة","القنيطرة","مهدية","860","13586","RNI","سعيد اكوزول","17707"
"الرباط -سلا -القنيطرة","القنيطرة","مهدية","860","25441","PI","محمد مهيدي","113393"
"الرباط -سلا -القنيطرة","القنيطرة","مهدية","860","25435","UC","محمد كبابرة","97642"
"الرباط -سلا -القنيطرة","القنيطرة","مهدية","860","13590","UC","عبد الرحيم     الاعبدي","29648"
"الرباط -سلا -القنيطرة","القنيطرة","مولاي بوسلهام","905","14321","UC","بلعسال شاوي","78857"
"الرباط -سلا -القنيطرة","القنيطرة","مولاي بوسلهام","905","14331","UC","فؤاد النكة","98626"
"الرباط -سلا -القنيطرة","القنيطرة","مولاي بوسلهام","905","14327","UC","ادريس القاسمي ","35562"
"الرباط -سلا -القنيطرة","القنيطرة","مولاي بوسلهام","905","27306","UC","محمد شاوي","68659"
"الرباط -سلا -القنيطرة","القنيطرة","مولاي بوسلهام","905","27306","UC","لطيفة الركادي","68665"
"الرباط -سلا -القنيطرة","القنيطرة","مولاي بوسلهام","905","14314","UC","علال السوسي","21191"
"الرباط -سلا -القنيطرة","القنيطرة","مولاي بوسلهام","905","14312","RNI","سعيد السايب","10844"
"الرباط -سلا -القنيطرة","القنيطرة","مولاي بوسلهام","905","14312","RNI","خولة بنميرة","10778"
"الرباط -سلا -القنيطرة","القنيطرة","مولاي بوسلهام","905","14315","UC","محمد برطني","10780"
"الرباط -سلا -القنيطرة","القنيطرة","مولاي بوسلهام","905","14315","UC","نجات خليفي","10774"
"الرباط -سلا -القنيطرة","القنيطرة","مولاي بوسلهام","905","27307","UC","ياسين بن عائشة","10768"
"الرباط -سلا -القنيطرة","القنيطرة","مولاي بوسلهام","905","14324","UC","بوسلهام الراكب","29135"
"الرباط -سلا -القنيطرة","القنيطرة","مولاي بوسلهام","905","14318","PAM","محمد الحبشي","33902"
"الرباط -سلا -القنيطرة","القنيطرة","مولاي بوسلهام","905","14318","PAM","طامو مانة","33954"
"الرباط -سلا -القنيطرة","القنيطرة","مولاي بوسلهام","905","14329","UC","عبدالسلام خيار","159331"
"الرباط -سلا -القنيطرة","القنيطرة","مولاي بوسلهام","905","14328","UC","ياسين عسى","38267"
"الرباط -سلا -القنيطرة","القنيطرة","مولاي بوسلهام","905","14313","UC","السعيد الجعواني","24038"
"الرباط -سلا -القنيطرة","القنيطرة","مولاي بوسلهام","905","14323","UC","الصغير غاج","10775"
"الرباط -سلا -القنيطرة","القنيطرة","مولاي بوسلهام","905","14320","UC","السعيد احميمو ","14239"
"الرباط -سلا -القنيطرة","القنيطرة","مولاي بوسلهام","905","14330","UC","بوسلهام السالمي","36101"
"الرباط -سلا -القنيطرة","القنيطرة","مولاي بوسلهام","905","14322","UC","كريم شاوي","62021"
"الرباط -سلا -القنيطرة","القنيطرة","مولاي بوسلهام","905","14311","UC","عبد السلام بومهيدي","33432"
"الرباط -سلا -القنيطرة","القنيطرة","مولاي بوسلهام","905","14311","UC","حبيبة اطلسي","33492"
"الرباط -سلا -القنيطرة","القنيطرة","مولاي بوسلهام","905","14326","UC","عبد الكريم هرماش","10777"
"الرباط -سلا -القنيطرة","القنيطرة","مولاي بوسلهام","905","14319","PAM","رشيد السهلي","24145"
"الرباط -سلا -القنيطرة","القنيطرة","مولاي بوسلهام","905","14333","UC","حسن العباسي","98583"
"الرباط -سلا -القنيطرة","القنيطرة","مولاي بوسلهام","905","14332","USFP","العربي بنقاسم","159361"
"الرباط -سلا -القنيطرة","القنيطرة","مولاي بوسلهام","905","14317","PAM","بوسلهام بنعبد السلام ","33266"
"الرباط -سلا -القنيطرة","القنيطرة","مولاي بوسلهام","905","14325","UC","عبد الحق الزبط","159273"
"الرباط -سلا -القنيطرة","القنيطرة","مولاي بوسلهام","905","14316","PI","البشير  قدوري ","39926"
"الرباط -سلا -القنيطرة","القنيطرة","وادي المخازن","950","14997","PAM","عبد العزيز  بوحسيني","31668"
"الرباط -سلا -القنيطرة","القنيطرة","وادي المخازن","950","14998","PAM","انوار غلمان","20704"
"الرباط -سلا -القنيطرة","القنيطرة","وادي المخازن","950","14998","PAM","رشيدة الرفاع","20694"
"الرباط -سلا -القنيطرة","القنيطرة","وادي المخازن","950","14995","PAM","محمد كريمني","45542"
"الرباط -سلا -القنيطرة","القنيطرة","وادي المخازن","950","14995","PAM","زهرة بوحسني","45546"
"الرباط -سلا -القنيطرة","القنيطرة","وادي المخازن","950","14999","RNI","السعيد الصغير","128358"
"الرباط -سلا -القنيطرة","القنيطرة","وادي المخازن","950","14999","RNI","فاطمة  الحمدونى","128386"
"الرباط -سلا -القنيطرة","القنيطرة","وادي المخازن","950","15002","PAM","رشيد بنطاطة","128570"
"الرباط -سلا -القنيطرة","القنيطرة","وادي المخازن","950","15002","PAM","سعيدة الكركار","128624"
"الرباط -سلا -القنيطرة","القنيطرة","وادي المخازن","950","14996","PAM","عبدالغنى زعري","20699"
"الرباط -سلا -القنيطرة","القنيطرة","وادي المخازن","950","15000","MP","يوسف  برقية","128499"
"الرباط -سلا -القنيطرة","القنيطرة","وادي المخازن","950","15000","MP","مليكة الدودي","128527"
"الرباط -سلا -القنيطرة","القنيطرة","وادي المخازن","950","15003","PAM","بدر عقار","57140"
"الرباط -سلا -القنيطرة","القنيطرة","وادي المخازن","950","14994","MP","عبد السلام حراقة","128345"
"الرباط -سلا -القنيطرة","القنيطرة","وادي المخازن","950","15004","PAM","عبد السلام هاشمى","31675"
"الرباط -سلا -القنيطرة","القنيطرة","وادي المخازن","950","15001","PAM","جمال الحسيني","31672"
"الرباط -سلا -القنيطرة","سلا","السهول","1143","18106","PJD","نور الدين بلحنيشي","55358"
"الرباط -سلا -القنيطرة","سلا","السهول","1143","18093","PAM","العربي الرويش","9473"
"الرباط -سلا -القنيطرة","سلا","السهول","1143","18108","RNI","سناء الدامز","125365"
"الرباط -سلا -القنيطرة","سلا","السهول","1143","18113","RNI","محمد الفني","31757"
"الرباط -سلا -القنيطرة","سلا","السهول","1143","18105","RNI","محمد بوعلام","31735"
"الرباط -سلا -القنيطرة","سلا","السهول","1143","18091","PAM","رضوان الخلوقي","9572"
"الرباط -سلا -القنيطرة","سلا","السهول","1143","18100","RNI","عبد القادر اعبايد","55259"
"الرباط -سلا -القنيطرة","سلا","السهول","1143","18110","RNI","محمد  لحكيم","31765"
"الرباط -سلا -القنيطرة","سلا","السهول","1143","18092","PAM","عمر ايت لحسن","9789"
"الرباط -سلا -القنيطرة","سلا","السهول","1143","18092","PAM","فاطمة الزهراء الروكاني المرزوقي","9800"
"الرباط -سلا -القنيطرة","سلا","السهول","1143","18098","PAM","مصطفى الدحماني","9456"
"الرباط -سلا -القنيطرة","سلا","السهول","1143","18097","PAM","محمد الادريسي","31746"
"الرباط -سلا -القنيطرة","سلا","السهول","1143","18097","PAM","نوال الدحماني ","31747"
"الرباط -سلا -القنيطرة","سلا","السهول","1143","18112","RNI","بنعيسى بلحداد","124342"
"الرباط -سلا -القنيطرة","سلا","السهول","1143","18099","PAM","نور الدين المسعودي","9961"
"الرباط -سلا -القنيطرة","سلا","السهول","1143","18107","PAM","محمد مكران","9989"
"الرباط -سلا -القنيطرة","سلا","السهول","1143","18109","RNI","رضوان الادريسي الشرفي","9909"
"الرباط -سلا -القنيطرة","سلا","السهول","1143","18103","RNI","محمد بلحرشة","45111"
"الرباط -سلا -القنيطرة","سلا","السهول","1143","18111","RNI","محمد الدريسات","9871"
"الرباط -سلا -القنيطرة","سلا","السهول","1143","18102","PI","خالد الروكاني","159447"
"الرباط -سلا -القنيطرة","سلا","السهول","1143","18102","PI","اميمة  الرفاعي ","159463"
"الرباط -سلا -القنيطرة","سلا","السهول","1143","18096","PAM","محمد بلعلام","9952"
"الرباط -سلا -القنيطرة","سلا","السهول","1143","18095","PAM","حسن نفيف","21406"
"الرباط -سلا -القنيطرة","سلا","السهول","1143","18095","PAM","حليمة مكرن","21433"
"الرباط -سلا -القنيطرة","سلا","السهول","1143","18104","RNI","احمد الدرابلي","96799"
"الرباط -سلا -القنيطرة","سلا","السهول","1143","18094","PAM","العربي الخلوقي","45132"
"الرباط -سلا -القنيطرة","سلا","السهول","1143","18101","PAM","عبد القادر الزبيرات","21724"
"الرباط -سلا -القنيطرة","سلا","العيايدة","2025","25026","PI","عمر السنتيسي","637"
"الرباط -سلا -القنيطرة","سلا","العيايدة","2025","25026","PI","كريمة كمال","1645"
"الرباط -سلا -القنيطرة","سلا","العيايدة","2025","25026","PI","محمد الزلزولي","782"
"الرباط -سلا -القنيطرة","سلا","العيايدة","2025","25026","PI","فاطمة بوزيدي","1752"
"الرباط -سلا -القنيطرة","سلا","العيايدة","2025","25026","PI","مصطفى موتشو","838"
"الرباط -سلا -القنيطرة","سلا","العيايدة","2025","25026","PI","نادية ايت ازدي","1831"
"الرباط -سلا -القنيطرة","سلا","العيايدة","2025","25026","PI","خالد قوزة","879"
"الرباط -سلا -القنيطرة","سلا","العيايدة","2025","25026","PI","عائشة الهدهاد","1869"
"الرباط -سلا -القنيطرة","سلا","العيايدة","2025","25026","PI","عبد اللطيف هل الفضل","931"
"الرباط -سلا -القنيطرة","سلا","العيايدة","2025","25026","PI","احمد شقرون","970"
"الرباط -سلا -القنيطرة","سلا","العيايدة","2025","25026","PI","هشام ادريوش","1080"
"الرباط -سلا -القنيطرة","سلا","العيايدة","2025","25026","RNI","احمد السفياني","79528"
"الرباط -سلا -القنيطرة","سلا","العيايدة","2025","25026","RNI","تورية الطاهري","79769"
"الرباط -سلا -القنيطرة","سلا","العيايدة","2025","25026","RNI","بوسلهام المنصوري العزوزي","79580"
"الرباط -سلا -القنيطرة","سلا","العيايدة","2025","25026","RNI","بديعة بريكي","79793"
"الرباط -سلا -القنيطرة","سلا","العيايدة","2025","25026","RNI","محمد زهني","79603"
"الرباط -سلا -القنيطرة","سلا","العيايدة","2025","25026","PAM","عدنان الادريسي","438"
"الرباط -سلا -القنيطرة","سلا","العيايدة","2025","25026","PAM","فاطمة الزهراء جبوري","1123"
"الرباط -سلا -القنيطرة","سلا","العيايدة","2025","25026","PAM","عبد القادر لطفي","462"
"الرباط -سلا -القنيطرة","سلا","العيايدة","2025","25026","PAM","مريم عفيف","1154"
"الرباط -سلا -القنيطرة","سلا","العيايدة","2025","25026","PPS","حماني امحزون","88273"
"الرباط -سلا -القنيطرة","سلا","العيايدة","2025","25026","PPS","نعيمة بنعامر","89096"
"الرباط -سلا -القنيطرة","سلا","العيايدة","2025","25026","PPS","عمرو الطواهري","88309"
"الرباط -سلا -القنيطرة","سلا","العيايدة","2025","25026","PPS","ابتسام حرتوف","89138"
"الرباط -سلا -القنيطرة","سلا","العيايدة","2025","25026","MP","قاسم لحمام","75851"
"الرباط -سلا -القنيطرة","سلا","العيايدة","2025","25026","MP","وفاء المزيوي","76868"
"الرباط -سلا -القنيطرة","سلا","العيايدة","2025","25026","MP","محمد اللحية","75911"
"الرباط -سلا -القنيطرة","سلا","العيايدة","2025","25026","UC","مبارك ورزي","53221"
"الرباط -سلا -القنيطرة","سلا","العيايدة","2025","25026","UC","مونية خالدي","53564"
"الرباط -سلا -القنيطرة","سلا","العيايدة","2025","25026","UC","عبد المطلب لبعبيع","53287"
"الرباط -سلا -القنيطرة","سلا","العيايدة","2025","25026","PJD","عبد الكريم الشاوي","90252"
"الرباط -سلا -القنيطرة","سلا","العيايدة","2025","25026","PJD","الميلودي منجي","90304"
"الرباط -سلا -القنيطرة","سلا","العيايدة","2025","25026","USFP","محمد بنطويل","66062"
"الرباط -سلا -القنيطرة","سلا","العيايدة","2025","25026","USFP","ادريس مزوز","66191"
"الرباط -سلا -القنيطرة","سلا","العيايدة","2025","25026","FFD","المصطفى بن عيادة","87786"
"الرباط -سلا -القنيطرة","سلا","باب لمريسة","2026","25027","RNI","نور الدين الازرق","15462"
"الرباط -سلا -القنيطرة","سلا","باب لمريسة","2026","25027","RNI","نورة رسبا","16170"
"الرباط -سلا -القنيطرة","سلا","باب لمريسة","2026","25027","RNI","ادريس الطالبي","15529"
"الرباط -سلا -القنيطرة","سلا","باب لمريسة","2026","25027","RNI","فاطمة بنشيخ","16204"
"الرباط -سلا -القنيطرة","سلا","باب لمريسة","2026","25027","RNI","بدر الدين حدادي","15549"
"الرباط -سلا -القنيطرة","سلا","باب لمريسة","2026","25027","RNI","محاسن ابن الصغير","16224"
"الرباط -سلا -القنيطرة","سلا","باب لمريسة","2026","25027","RNI","بدر بلغرودي","15570"
"الرباط -سلا -القنيطرة","سلا","باب لمريسة","2026","25027","RNI","سلمى الفقير","16246"
"الرباط -سلا -القنيطرة","سلا","باب لمريسة","2026","25027","RNI","المصطفى الجوهري","15609"
"الرباط -سلا -القنيطرة","سلا","باب لمريسة","2026","25027","RNI","جمال شريج","15632"
"الرباط -سلا -القنيطرة","سلا","باب لمريسة","2026","25027","PPS","محمد لعلو","119231"
"الرباط -سلا -القنيطرة","سلا","باب لمريسة","2026","25027","PPS","رانية تعيلبات","121100"
"الرباط -سلا -القنيطرة","سلا","باب لمريسة","2026","25027","PPS","عادل بن الامين","119319"
"الرباط -سلا -القنيطرة","سلا","باب لمريسة","2026","25027","PPS","رشيدة اخويلي","121135"
"الرباط -سلا -القنيطرة","سلا","باب لمريسة","2026","25027","PPS","نبيل امدراس","119389"
"الرباط -سلا -القنيطرة","سلا","باب لمريسة","2026","25027","PPS","عبد الحكيم العلمي","119476"
"الرباط -سلا -القنيطرة","سلا","باب لمريسة","2026","25027","PAM","محمد النجار","15321"
"الرباط -سلا -القنيطرة","سلا","باب لمريسة","2026","25027","PAM","لطيفة المحمدي العلوي","16589"
"الرباط -سلا -القنيطرة","سلا","باب لمريسة","2026","25027","PAM","بوبكر اليعقوبي ","15431"
"الرباط -سلا -القنيطرة","سلا","باب لمريسة","2026","25027","PAM","حفيظة فرضي","16660"
"الرباط -سلا -القنيطرة","سلا","باب لمريسة","2026","25027","PAM","اسماعيل الحشوان","15473"
"الرباط -سلا -القنيطرة","سلا","باب لمريسة","2026","25027","PI","عبد القادر الكيحل","85685"
"الرباط -سلا -القنيطرة","سلا","باب لمريسة","2026","25027","PI","احسان الهواري","88387"
"الرباط -سلا -القنيطرة","سلا","باب لمريسة","2026","25027","PI","عبد الرحمان القاسمي","85747"
"الرباط -سلا -القنيطرة","سلا","باب لمريسة","2026","25027","PI","حكيمة علي وعلا","88439"
"الرباط -سلا -القنيطرة","سلا","باب لمريسة","2026","25027","PI","عبد الحميد السركاسي","85814"
"الرباط -سلا -القنيطرة","سلا","باب لمريسة","2026","25027","PJD","عزيز بنبراهيم","134862"
"الرباط -سلا -القنيطرة","سلا","باب لمريسة","2026","25027","PJD","فاطمة الزهراء هيرات","137100"
"الرباط -سلا -القنيطرة","سلا","باب لمريسة","2026","25027","PJD","هشام الحساني","135033"
"الرباط -سلا -القنيطرة","سلا","باب لمريسة","2026","25027","PJD","سكينة الصباري","137138"
"الرباط -سلا -القنيطرة","سلا","باب لمريسة","2026","25027","MP","عبد الغني بلهوس","92369"
"الرباط -سلا -القنيطرة","سلا","باب لمريسة","2026","25027","MP","سارة بوقنطار","93900"
"الرباط -سلا -القنيطرة","سلا","باب لمريسة","2026","25027","MP","لحسن اناصر","92428"
"الرباط -سلا -القنيطرة","سلا","باب لمريسة","2026","25027","USFP","نورالدين الطواهري","122128"
"الرباط -سلا -القنيطرة","سلا","باب لمريسة","2026","25027","USFP","مهدي لطفي","122240"
"الرباط -سلا -القنيطرة","سلا","باب لمريسة","2026","25027","CNI","رشيد لمهرس","131884"
"الرباط -سلا -القنيطرة","سلا","بطانة","2027","25028","PAM","عماد الدين الريفي","17372"
"الرباط -سلا -القنيطرة","سلا","بطانة","2027","25028","PAM","بشرى ازكاغ","18241"
"الرباط -سلا -القنيطرة","سلا","بطانة","2027","25028","PAM","اسماعيل شبانة","17439"
"الرباط -سلا -القنيطرة","سلا","بطانة","2027","25028","PAM","مريم بهالي","18278"
"الرباط -سلا -القنيطرة","سلا","بطانة","2027","25028","PAM","المصطفى بجة","17482"
"الرباط -سلا -القنيطرة","سلا","بطانة","2027","25028","PAM","حفيظة اكلال","18302"
"الرباط -سلا -القنيطرة","سلا","بطانة","2027","25028","PAM","معاد الكراب","17530"
"الرباط -سلا -القنيطرة","سلا","بطانة","2027","25028","PAM","الحسن اللحية","17556"
"الرباط -سلا -القنيطرة","سلا","بطانة","2027","25028","PAM","محمد اغني","17591"
"الرباط -سلا -القنيطرة","سلا","بطانة","2027","25028","MP","العياشي الحرتي","69918"
"الرباط -سلا -القنيطرة","سلا","بطانة","2027","25028","MP","رشيدة حايل","70462"
"الرباط -سلا -القنيطرة","سلا","بطانة","2027","25028","MP","سيدي زكرياء الجوهري","69943"
"الرباط -سلا -القنيطرة","سلا","بطانة","2027","25028","MP","رجاء لغويبة","70480"
"الرباط -سلا -القنيطرة","سلا","بطانة","2027","25028","MP","المصطفى المايا","69953"
"الرباط -سلا -القنيطرة","سلا","بطانة","2027","25028","MP","يوسف جديدي","69972"
"الرباط -سلا -القنيطرة","سلا","بطانة","2027","25028","MP","عدي زاحم","69981"
"الرباط -سلا -القنيطرة","سلا","بطانة","2027","25028","PPS","صلاح الدين بلحسن","69731"
"الرباط -سلا -القنيطرة","سلا","بطانة","2027","25028","PPS","مجدولين  العلمي ","70194"
"الرباط -سلا -القنيطرة","سلا","بطانة","2027","25028","PPS","البشير السدراتي","69746"
"الرباط -سلا -القنيطرة","سلا","بطانة","2027","25028","PPS","حجيبة الكمري","70232"
"الرباط -سلا -القنيطرة","سلا","بطانة","2027","25028","PPS","ابراهيم ارقام","69760"
"الرباط -سلا -القنيطرة","سلا","بطانة","2027","25028","PPS","اسعد بنقطابة","69781"
"الرباط -سلا -القنيطرة","سلا","بطانة","2027","25028","RNI","عادل التويجر","51167"
"الرباط -سلا -القنيطرة","سلا","بطانة","2027","25028","RNI","فطيمتو زعمة","51730"
"الرباط -سلا -القنيطرة","سلا","بطانة","2027","25028","RNI","احمد لفريقي","51187"
"الرباط -سلا -القنيطرة","سلا","بطانة","2027","25028","RNI","وفاء الهطهاط","51740"
"الرباط -سلا -القنيطرة","سلا","بطانة","2027","25028","RNI","أحمد السالمي","51210"
"الرباط -سلا -القنيطرة","سلا","بطانة","2027","25028","PI","محمد توفيق بن عمر","86417"
"الرباط -سلا -القنيطرة","سلا","بطانة","2027","25028","PI","سهام  الغازي","87472"
"الرباط -سلا -القنيطرة","سلا","بطانة","2027","25028","PI","نور الدين بركات","86479"
"الرباط -سلا -القنيطرة","سلا","بطانة","2027","25028","PI","بشرى عنترة","87501"
"الرباط -سلا -القنيطرة","سلا","بطانة","2027","25028","PJD","عبد اللطيف سودو","107513"
"الرباط -سلا -القنيطرة","سلا","بطانة","2027","25028","PJD","بشرى العروسني","108849"
"الرباط -سلا -القنيطرة","سلا","بطانة","2027","25028","PJD","اشرف ربولي","107569"
"الرباط -سلا -القنيطرة","سلا","بطانة","2027","25028","USFP","فهد احميصة","51928"
"الرباط -سلا -القنيطرة","سلا","تابريكت","2028","25029","RNI","احساين اجور","39539"
"الرباط -سلا -القنيطرة","سلا","تابريكت","2028","25029","RNI","خديجة  بوعبيد","41111"
"الرباط -سلا -القنيطرة","سلا","تابريكت","2028","25029","RNI","عبد الحميد المختاري","39615"
"الرباط -سلا -القنيطرة","سلا","تابريكت","2028","25029","RNI","سميرة  رشيدي العلوي","41187"
"الرباط -سلا -القنيطرة","سلا","تابريكت","2028","25029","RNI","محمد السالمي","39678"
"الرباط -سلا -القنيطرة","سلا","تابريكت","2028","25029","RNI","محمد زرودي","39792"
"الرباط -سلا -القنيطرة","سلا","تابريكت","2028","25029","PAM","المصطفى السالمي","18263"
"الرباط -سلا -القنيطرة","سلا","تابريكت","2028","25029","PAM","رشيدة فضيل","18903"
"الرباط -سلا -القنيطرة","سلا","تابريكت","2028","25029","PAM","محمد العسري","18322"
"الرباط -سلا -القنيطرة","سلا","تابريكت","2028","25029","PAM","زبيدة بنتوركي","18926"
"الرباط -سلا -القنيطرة","سلا","تابريكت","2028","25029","PAM","احمد المودني","18343"
"الرباط -سلا -القنيطرة","سلا","تابريكت","2028","25029","PAM","غريب  الدحماني","18367"
"الرباط -سلا -القنيطرة","سلا","تابريكت","2028","25029","PI","يونس صيبري","86381"
"الرباط -سلا -القنيطرة","سلا","تابريكت","2028","25029","PI","سميرة الرحالي","89077"
"الرباط -سلا -القنيطرة","سلا","تابريكت","2028","25029","PI","عبد العزيز العروي","86423"
"الرباط -سلا -القنيطرة","سلا","تابريكت","2028","25029","PI","خديجة بال","89167"
"الرباط -سلا -القنيطرة","سلا","تابريكت","2028","25029","PI","يوسف ازكري","86495"
"الرباط -سلا -القنيطرة","سلا","تابريكت","2028","25029","PJD","بهاء الدين اكدي","131497"
"الرباط -سلا -القنيطرة","سلا","تابريكت","2028","25029","PJD","كريمة بوتخيل","134424"
"الرباط -سلا -القنيطرة","سلا","تابريكت","2028","25029","PJD","منير  بنيوسف ","131596"
"الرباط -سلا -القنيطرة","سلا","تابريكت","2028","25029","PJD","مينة اشعيب","134516"
"الرباط -سلا -القنيطرة","سلا","تابريكت","2028","25029","PPS","محمد عواد","80253"
"الرباط -سلا -القنيطرة","سلا","تابريكت","2028","25029","PPS","اسماء ابو الصويرة","80964"
"الرباط -سلا -القنيطرة","سلا","تابريكت","2028","25029","PPS","حسن الادريسي","80279"
"الرباط -سلا -القنيطرة","سلا","تابريكت","2028","25029","PPS","نسيمة بوحتين","80988"
"الرباط -سلا -القنيطرة","سلا","تابريكت","2028","25029","MP","ادريس السنتيسي","72208"
"الرباط -سلا -القنيطرة","سلا","تابريكت","2028","25029","MP","لطيفة انعيمي","72903"
"الرباط -سلا -القنيطرة","سلا","تابريكت","2028","25029","MP","لحسن السكيني","72232"
"الرباط -سلا -القنيطرة","سلا","تابريكت","2028","25029","MP","بشرى  مسطاش","72912"
"الرباط -سلا -القنيطرة","سلا","تابريكت","2028","25029","USFP","محمد بوصفيحة","47931"
"الرباط -سلا -القنيطرة","سلا","تابريكت","2028","25029","USFP","وديان الوحداني ","48718"
"الرباط -سلا -القنيطرة","سلا","تابريكت","2028","25029","USFP","خالد التوري","47992"
"الرباط -سلا -القنيطرة","سلا","تابريكت","2028","25029","UC","الجيلالي سين","93873"
"الرباط -سلا -القنيطرة","سلا","تابريكت","2028","25029","UC","محمد خربوش","93913"
"الرباط -سلا -القنيطرة","سلا","تابريكت","2028","25029","MDS","يونس لغريب","118015"
"الرباط -سلا -القنيطرة","سلا","تابريكت","2028","25029","MDS","محمد بوصبع","118051"
"الرباط -سلا -القنيطرة","سلا","تابريكت","2028","25029","PADS","محمد الغفري","150528"
"الرباط -سلا -القنيطرة","سلا","تابريكت","2028","25029","PADS","مصطفى قصباوي","150558"
"الرباط -سلا -القنيطرة","سلا","حصين","2024","25025","PAM","محمد بنعطية","58926"
"الرباط -سلا -القنيطرة","سلا","حصين","2024","25025","PAM","امان حرشاوي","59484"
"الرباط -سلا -القنيطرة","سلا","حصين","2024","25025","PAM","جمال العمراني","58950"
"الرباط -سلا -القنيطرة","سلا","حصين","2024","25025","PAM","نادية ابلا","59502"
"الرباط -سلا -القنيطرة","سلا","حصين","2024","25025","PAM","سعيد السعداوي","58989"
"الرباط -سلا -القنيطرة","سلا","حصين","2024","25025","PAM","لطيفة لغراري","59511"
"الرباط -سلا -القنيطرة","سلا","حصين","2024","25025","PAM","رشيد بوجدية","59006"
"الرباط -سلا -القنيطرة","سلا","حصين","2024","25025","PAM","عزيز بنعطية","59027"
"الرباط -سلا -القنيطرة","سلا","حصين","2024","25025","PAM","يحيى اولاد لبصيري","59048"
"الرباط -سلا -القنيطرة","سلا","حصين","2024","25025","RNI","ادريس العثماني","38201"
"الرباط -سلا -القنيطرة","سلا","حصين","2024","25025","RNI","اسمهان نايت محماد","38898"
"الرباط -سلا -القنيطرة","سلا","حصين","2024","25025","RNI","منصور بلحاج","38231"
"الرباط -سلا -القنيطرة","سلا","حصين","2024","25025","RNI","خديجة خياط","38922"
"الرباط -سلا -القنيطرة","سلا","حصين","2024","25025","RNI","عبد الالاه نايت محماد","38254"
"الرباط -سلا -القنيطرة","سلا","حصين","2024","25025","RNI","الخمار سحنون","38285"
"الرباط -سلا -القنيطرة","سلا","حصين","2024","25025","PJD","مصطفى بخات","66448"
"الرباط -سلا -القنيطرة","سلا","حصين","2024","25025","PJD","سارا بلحرش","67123"
"الرباط -سلا -القنيطرة","سلا","حصين","2024","25025","PJD","عادل الحصيني","66480"
"الرباط -سلا -القنيطرة","سلا","حصين","2024","25025","PJD","خديجة الركي","67147"
"الرباط -سلا -القنيطرة","سلا","حصين","2024","25025","PJD","لحسن اهوات","66535"
"الرباط -سلا -القنيطرة","سلا","حصين","2024","25025","PI","احمد فرشيدي","65157"
"الرباط -سلا -القنيطرة","سلا","حصين","2024","25025","PI","مريم بنهروز","65980"
"الرباط -سلا -القنيطرة","سلا","حصين","2024","25025","PI","عبد الجليل بودربالة","65180"
"الرباط -سلا -القنيطرة","سلا","حصين","2024","25025","PI","خديجة بوربعة","66009"
"الرباط -سلا -القنيطرة","سلا","حصين","2024","25025","PPS","ابراهيم اكساب","79549"
"الرباط -سلا -القنيطرة","سلا","حصين","2024","25025","PPS","فراح العصادي","80819"
"الرباط -سلا -القنيطرة","سلا","حصين","2024","25025","PPS","ابراهيم ولد فاطمة محمد","79555"
"الرباط -سلا -القنيطرة","سلا","حصين","2024","25025","PPS","فاطمة الكتاني","80839"
"الرباط -سلا -القنيطرة","سلا","حصين","2024","25025","MP","محمد البقيوي","74652"
"الرباط -سلا -القنيطرة","سلا","حصين","2024","25025","MP","بشرى المرابط","75519"
"الرباط -سلا -القنيطرة","سلا","حصين","2024","25025","MP","ابراهيم الفاهمي","74683"
"الرباط -سلا -القنيطرة","سلا","حصين","2024","25025","MP","رشيدة الخطري","75554"
"الرباط -سلا -القنيطرة","سلا","حصين","2024","25025","FFD","يونس حمايدي","74536"
"الرباط -سلا -القنيطرة","سلا","حصين","2024","25025","SAP","خالد فتحي","138010"
"الرباط -سلا -القنيطرة","سلا","حصين","2024","25025","SAP","هشام ولد الداغرية","138210"
"الرباط -سلا -القنيطرة","سلا","حصين","2024","25025","FFD","عبد الرحيم  مسيير","74575"
"الرباط -سلا -القنيطرة","سلا","حصين","2024","25025","USFP","يوسف المجدوبي الادريسي","46829"
"الرباط -سلا -القنيطرة","سلا","سلا","1560","25026","PI","عمر السنتيسي","637"
"الرباط -سلا -القنيطرة","سلا","سلا","1560","25026","PI","كريمة كمال","1645"
"الرباط -سلا -القنيطرة","سلا","سلا","1560","25026","PI","محمد الزلزولي","782"
"الرباط -سلا -القنيطرة","سلا","سلا","1560","25026","PI","فاطمة بوزيدي","1752"
"الرباط -سلا -القنيطرة","سلا","سلا","1560","25026","PI","مصطفى موتشو","838"
"الرباط -سلا -القنيطرة","سلا","سلا","1560","25027","RNI","نور الدين الازرق","15462"
"الرباط -سلا -القنيطرة","سلا","سلا","1560","25027","RNI","نورة رسبا","16170"
"الرباط -سلا -القنيطرة","سلا","سلا","1560","25027","RNI","ادريس الطالبي","15529"
"الرباط -سلا -القنيطرة","سلا","سلا","1560","25027","RNI","فاطمة بنشيخ","16204"
"الرباط -سلا -القنيطرة","سلا","سلا","1560","25027","RNI","بدر الدين حدادي","15549"
"الرباط -سلا -القنيطرة","سلا","سلا","1560","25028","PAM","عماد الدين الريفي","17372"
"الرباط -سلا -القنيطرة","سلا","سلا","1560","25028","PAM","بشرى ازكاغ","18241"
"الرباط -سلا -القنيطرة","سلا","سلا","1560","25028","PAM","اسماعيل شبانة","17439"
"الرباط -سلا -القنيطرة","سلا","سلا","1560","25028","PAM","المصطفى بجة","17482"
"الرباط -سلا -القنيطرة","سلا","سلا","1560","25025","PAM","محمد بنعطية","58926"
"الرباط -سلا -القنيطرة","سلا","سلا","1560","25025","PAM","امان حرشاوي","59484"
"الرباط -سلا -القنيطرة","سلا","سلا","1560","25025","PAM","جمال العمراني","58950"
"الرباط -سلا -القنيطرة","سلا","سلا","1560","25025","PAM","سعيد السعداوي","58989"
"الرباط -سلا -القنيطرة","سلا","سلا","1560","25029","RNI","احساين اجور","39539"
"الرباط -سلا -القنيطرة","سلا","سلا","1560","25029","RNI","خديجة  بوعبيد","41111"
"الرباط -سلا -القنيطرة","سلا","سلا","1560","25029","RNI","عبد الحميد المختاري","39615"
"الرباط -سلا -القنيطرة","سلا","سلا","1560","25028","MP","العياشي الحرتي","69918"
"الرباط -سلا -القنيطرة","سلا","سلا","1560","25028","MP","رشيدة حايل","70462"
"الرباط -سلا -القنيطرة","سلا","سلا","1560","25028","MP","سيدي زكرياء الجوهري","69943"
"الرباط -سلا -القنيطرة","سلا","سلا","1560","25029","PAM","المصطفى السالمي","18263"
"الرباط -سلا -القنيطرة","سلا","سلا","1560","25029","PAM","رشيدة فضيل","18903"
"الرباط -سلا -القنيطرة","سلا","سلا","1560","25029","PAM","محمد العسري","18322"
"الرباط -سلا -القنيطرة","سلا","سلا","1560","25027","PPS","محمد لعلو","119231"
"الرباط -سلا -القنيطرة","سلا","سلا","1560","25027","PPS","رانية تعيلبات","121100"
"الرباط -سلا -القنيطرة","سلا","سلا","1560","25027","PPS","عادل بن الامين","119319"
"الرباط -سلا -القنيطرة","سلا","سلا","1560","25025","RNI","ادريس العثماني","38201"
"الرباط -سلا -القنيطرة","سلا","سلا","1560","25025","RNI","اسمهان نايت محماد","38898"
"الرباط -سلا -القنيطرة","سلا","سلا","1560","25025","RNI","منصور بلحاج","38231"
"الرباط -سلا -القنيطرة","سلا","سلا","1560","25028","PPS","صلاح الدين بلحسن","69731"
"الرباط -سلا -القنيطرة","سلا","سلا","1560","25028","PPS","مجدولين  العلمي ","70194"
"الرباط -سلا -القنيطرة","سلا","سلا","1560","25028","PPS","البشير السدراتي","69746"
"الرباط -سلا -القنيطرة","سلا","سلا","1560","25027","PAM","محمد النجار","15321"
"الرباط -سلا -القنيطرة","سلا","سلا","1560","25027","PAM","لطيفة المحمدي العلوي","16589"
"الرباط -سلا -القنيطرة","سلا","سلا","1560","25027","PI","عبد القادر الكيحل","85685"
"الرباط -سلا -القنيطرة","سلا","سلا","1560","25027","PI","احسان الهواري","88387"
"الرباط -سلا -القنيطرة","سلا","سلا","1560","25029","PI","يونس صيبري","86381"
"الرباط -سلا -القنيطرة","سلا","سلا","1560","25029","PI","سميرة الرحالي","89077"
"الرباط -سلا -القنيطرة","سلا","سلا","1560","25026","RNI","احمد السفياني","79528"
"الرباط -سلا -القنيطرة","سلا","سلا","1560","25026","RNI","تورية الطاهري","79769"
"الرباط -سلا -القنيطرة","سلا","سلا","1560","25029","PJD","بهاء الدين اكدي","131497"
"الرباط -سلا -القنيطرة","سلا","سلا","1560","25029","PJD","كريمة بوتخيل","134424"
"الرباط -سلا -القنيطرة","سلا","سلا","1560","25029","PPS","محمد عواد","80253"
"الرباط -سلا -القنيطرة","سلا","سلا","1560","25029","PPS","اسماء ابو الصويرة","80964"
"الرباط -سلا -القنيطرة","سلا","سلا","1560","25028","RNI","عادل التويجر","51167"
"الرباط -سلا -القنيطرة","سلا","سلا","1560","25028","RNI","فطيمتو زعمة","51730"
"الرباط -سلا -القنيطرة","سلا","سلا","1560","25029","MP","ادريس السنتيسي","72208"
"الرباط -سلا -القنيطرة","سلا","سلا","1560","25029","MP","لطيفة انعيمي","72903"
"الرباط -سلا -القنيطرة","سلا","سلا","1560","25025","PJD","مصطفى بخات","66448"
"الرباط -سلا -القنيطرة","سلا","سلا","1560","25025","PJD","سارا بلحرش","67123"
"الرباط -سلا -القنيطرة","سلا","سلا","1560","25025","PI","احمد فرشيدي","65157"
"الرباط -سلا -القنيطرة","سلا","سلا","1560","25025","PI","مريم بنهروز","65980"
"الرباط -سلا -القنيطرة","سلا","سلا","1560","25026","PAM","عدنان الادريسي","438"
"الرباط -سلا -القنيطرة","سلا","سلا","1560","25026","PAM","فاطمة الزهراء جبوري","1123"
"الرباط -سلا -القنيطرة","سلا","سلا","1560","25027","PJD","عزيز بنبراهيم","134862"
"الرباط -سلا -القنيطرة","سلا","سلا","1560","25027","PJD","فاطمة الزهراء هيرات","137100"
"الرباط -سلا -القنيطرة","سلا","سلا","1560","25025","PPS","ابراهيم اكساب","79549"
"الرباط -سلا -القنيطرة","سلا","سلا","1560","25025","PPS","فراح العصادي","80819"
"الرباط -سلا -القنيطرة","سلا","سلا","1560","25026","PPS","حماني امحزون","88273"
"الرباط -سلا -القنيطرة","سلا","سلا","1560","25026","PPS","نعيمة بنعامر","89096"
"الرباط -سلا -القنيطرة","سلا","سلا","1560","25025","MP","محمد البقيوي","74652"
"الرباط -سلا -القنيطرة","سلا","سلا","1560","25025","MP","بشرى المرابط","75519"
"الرباط -سلا -القنيطرة","سلا","سلا","1560","25029","USFP","محمد بوصفيحة","47931"
"الرباط -سلا -القنيطرة","سلا","سلا","1560","25028","PI","محمد توفيق بن عمر","86417"
"الرباط -سلا -القنيطرة","سلا","سلا","1560","25028","PI","سهام  الغازي","87472"
"الرباط -سلا -القنيطرة","سلا","سلا","1560","25026","MP","قاسم لحمام","75851"
"الرباط -سلا -القنيطرة","سلا","سلا","1560","25029","UC","الجيلالي سين","93873"
"الرباط -سلا -القنيطرة","سلا","سلا","1560","25026","UC","مبارك ورزي","53221"
"الرباط -سلا -القنيطرة","سلا","سلا","1560","25026","PJD","عبد الكريم الشاوي","90252"
"الرباط -سلا -القنيطرة","سلا","سلا","1560","25028","PJD","عبد اللطيف سودو","107513"
"الرباط -سلا -القنيطرة","سلا","سلا","1560","25025","FFD","يونس حمايدي","74536"
"الرباط -سلا -القنيطرة","سلا","سلا","1560","25025","SAP","خالد فتحي","138010"
"الرباط -سلا -القنيطرة","سلا","سلا","1560","25027","MP","عبد الغني بلهوس","92369"
"الرباط -سلا -القنيطرة","سلا","سلا","1560","25026","USFP","محمد بنطويل","66062"
"الرباط -سلا -القنيطرة","سلا","سلا","1560","25027","USFP","نورالدين الطواهري","122128"
"الرباط -سلا -القنيطرة","سلا","سلا","1560","25029","MDS","يونس لغريب","118015"
"الرباط -سلا -القنيطرة","سلا","سلا","1560","25029","PADS","محمد الغفري","150528"
"الرباط -سلا -القنيطرة","سلا","سيدي أبي القنادل","1200","26620","PI","العربي فدواح","13335"
"الرباط -سلا -القنيطرة","سلا","سيدي أبي القنادل","1200","26620","PI","الحسنية فدواح","13350"
"الرباط -سلا -القنيطرة","سلا","سيدي أبي القنادل","1200","27250","PI","عبد الله ادريدر","13757"
"الرباط -سلا -القنيطرة","سلا","سيدي أبي القنادل","1200","27250","PI","خديجة دراع","13794"
"الرباط -سلا -القنيطرة","سلا","سيدي أبي القنادل","1200","26617","RNI","الزاكي السعدي","14616"
"الرباط -سلا -القنيطرة","سلا","سيدي أبي القنادل","1200","26617","RNI","فاطمة اوزيو","14659"
"الرباط -سلا -القنيطرة","سلا","سيدي أبي القنادل","1200","27246","PI","عبد الرحيم بداني","13723"
"الرباط -سلا -القنيطرة","سلا","سيدي أبي القنادل","1200","26621","RNI","احمد  قربوع","14183"
"الرباط -سلا -القنيطرة","سلا","سيدي أبي القنادل","1200","26626","RNI","عزيز التازوتي","14412"
"الرباط -سلا -القنيطرة","سلا","سيدي أبي القنادل","1200","26619","PI","احميدة العمرية","44643"
"الرباط -سلا -القنيطرة","سلا","سيدي أبي القنادل","1200","26619","PI","عزيزة بوكنصة","44654"
"الرباط -سلا -القنيطرة","سلا","سيدي أبي القنادل","1200","26618","RNI","عبد الرحمان اسكات","14526"
"الرباط -سلا -القنيطرة","سلا","سيدي أبي القنادل","1200","26618","RNI","سعيدة السكات","14585"
"الرباط -سلا -القنيطرة","سلا","سيدي أبي القنادل","1200","27251","RNI","عبد الصمد الزمزامي","14141"
"الرباط -سلا -القنيطرة","سلا","سيدي أبي القنادل","1200","27253","RNI","بوعزة حمويات","14052"
"الرباط -سلا -القنيطرة","سلا","سيدي أبي القنادل","1200","27256","RNI","عبدالرزاق كوغبار","14025"
"الرباط -سلا -القنيطرة","سلا","سيدي أبي القنادل","1200","27257","RNI","محمد بنفايدة","14589"
"الرباط -سلا -القنيطرة","سلا","سيدي أبي القنادل","1200","26622","RNI","ابراهيم بلفقير","14612"
"الرباط -سلا -القنيطرة","سلا","سيدي أبي القنادل","1200","26627","RNI","عبدالسلام الشطاح","14386"
"الرباط -سلا -القنيطرة","سلا","سيدي أبي القنادل","1200","27247","PI","ابراهيم بلحفيان","13300"
"الرباط -سلا -القنيطرة","سلا","سيدي أبي القنادل","1200","27249","PI","محمد لحمامدة","13115"
"الرباط -سلا -القنيطرة","سلا","سيدي أبي القنادل","1200","26623","PI","ادريس الرزوقي","13359"
"الرباط -سلا -القنيطرة","سلا","سيدي أبي القنادل","1200","27252","RNI","هشام بنعبود","14077"
"الرباط -سلا -القنيطرة","سلا","سيدي أبي القنادل","1200","26624","RNI","محمد عيدة","14518"
"الرباط -سلا -القنيطرة","سلا","سيدي أبي القنادل","1200","27248","PI","عبد الواحد الحاجي","13259"
"الرباط -سلا -القنيطرة","سلا","سيدي أبي القنادل","1200","26628","PAM","فؤاد العالوي","31000"
"الرباط -سلا -القنيطرة","سلا","سيدي أبي القنادل","1200","26629","PI","عبد العالي الهيدوري","13613"
"الرباط -سلا -القنيطرة","سلا","سيدي أبي القنادل","1200","27254","RNI","سعيدة بوسعد","14841"
"الرباط -سلا -القنيطرة","سلا","سيدي أبي القنادل","1200","26625","PI","مونير  الصبار","13430"
"الرباط -سلا -القنيطرة","سلا","سيدي أبي القنادل","1200","27255","PI","ابراهيم الصغير","13040"
"الرباط -سلا -القنيطرة","سلا","عامر","1603","28783","RNI","محمد السكات","43386"
"الرباط -سلا -القنيطرة","سلا","عامر","1603","28783","RNI","ابتسام فطاح","43412"
"الرباط -سلا -القنيطرة","سلا","عامر","1603","28787","RNI","عبد الكريم الزمزامي","76818"
"الرباط -سلا -القنيطرة","سلا","عامر","1603","28786","PI","ابراهيم السيفر","20208"
"الرباط -سلا -القنيطرة","سلا","عامر","1603","28786","PI","رشيدة ولد لمغيطنية","20214"
"الرباط -سلا -القنيطرة","سلا","عامر","1603","28803","PI","ادريس الحفياني","20395"
"الرباط -سلا -القنيطرة","سلا","عامر","1603","28803","PI","نادية لخماسي","20402"
"الرباط -سلا -القنيطرة","سلا","عامر","1603","28789","RNI","احمد لمجلد","55168"
"الرباط -سلا -القنيطرة","سلا","عامر","1603","28789","RNI","امينة حيداني","55209"
"الرباط -سلا -القنيطرة","سلا","عامر","1603","28790","RNI","حسن لمفرج","55576"
"الرباط -سلا -القنيطرة","سلا","عامر","1603","28790","RNI","فاطنة حربان","55612"
"الرباط -سلا -القنيطرة","سلا","عامر","1603","28797","PI","امحمد كربوب","9055"
"الرباط -سلا -القنيطرة","سلا","عامر","1603","28788","MDS","احمد  لشهب ","55356"
"الرباط -سلا -القنيطرة","سلا","عامر","1603","28801","RNI","عبد الكبير  بنغالة","43934"
"الرباط -سلا -القنيطرة","سلا","عامر","1603","28796","PI","عبد الالاه النشواني","160224"
"الرباط -سلا -القنيطرة","سلا","عامر","1603","28793","PI","محمد الدهايبي","8905"
"الرباط -سلا -القنيطرة","سلا","عامر","1603","28799","PI","علال بلقساري","20355"
"الرباط -سلا -القنيطرة","سلا","عامر","1603","28791","RNI","الكبير بموسى","43208"
"الرباط -سلا -القنيطرة","سلا","عامر","1603","28800","PI","هشام المومني","20341"
"الرباط -سلا -القنيطرة","سلا","عامر","1603","28794","PI","احمد  هلا","20332"
"الرباط -سلا -القنيطرة","سلا","عامر","1603","28784","RNI","عبد العالي سكايلة","43282"
"الرباط -سلا -القنيطرة","سلا","عامر","1603","28792","RNI","علي كروم","43512"
"الرباط -سلا -القنيطرة","سلا","عامر","1603","28795","PI","علي قامة","20275"
"الرباط -سلا -القنيطرة","سلا","عامر","1603","28806","PI","ادريس امعايطو","20419"
"الرباط -سلا -القنيطرة","سلا","عامر","1603","28782","PPS","بلغازية السكات","8280"
"الرباط -سلا -القنيطرة","سلا","عامر","1603","28804","PI","ادريس بنغالة","20284"
"الرباط -سلا -القنيطرة","سلا","عامر","1603","28798","RNI","محمد الصابر","55095"
"الرباط -سلا -القنيطرة","سلا","عامر","1603","28785","RNI","عبد الكبير بنشهبون","55073"
"الرباط -سلا -القنيطرة","سلا","عامر","1603","28805","RNI","محمد كصي","43733"
"الرباط -سلا -القنيطرة","سلا","عامر","1603","28802","PI","الميلودي العروبي","20307"
"الرباط -سلا -القنيطرة","سيدي سليمان","أزغار","265","3985","UC","ادريس الشعبي","22667"
"الرباط -سلا -القنيطرة","سيدي سليمان","أزغار","265","3985","UC","فاطمة شندور","22701"
"الرباط -سلا -القنيطرة","سيدي سليمان","أزغار","265","3973","UC","مراد الحصيني","4929"
"الرباط -سلا -القنيطرة","سيدي سليمان","أزغار","265","3973","UC","حسنة الصديق","4989"
"الرباط -سلا -القنيطرة","سيدي سليمان","أزغار","265","3977","UC","محمد الرماش","50857"
"الرباط -سلا -القنيطرة","سيدي سليمان","أزغار","265","3982","UC","بوسلهام بيوضي","22755"
"الرباط -سلا -القنيطرة","سيدي سليمان","أزغار","265","3982","UC","وفاء جمال","22781"
"الرباط -سلا -القنيطرة","سيدي سليمان","أزغار","265","3979","UC","علي الخيتر","22918"
"الرباط -سلا -القنيطرة","سيدي سليمان","أزغار","265","3979","UC","ميلودة الخيتر","22947"
"الرباط -سلا -القنيطرة","سيدي سليمان","أزغار","265","3976","UC","زهير صغور","16575"
"الرباط -سلا -القنيطرة","سيدي سليمان","أزغار","265","3976","UC","فتيحة الرودان","16637"
"الرباط -سلا -القنيطرة","سيدي سليمان","أزغار","265","3984","UC","عبد الكريم  الوردي","16133"
"الرباط -سلا -القنيطرة","سيدي سليمان","أزغار","265","3978","UC","ادريس الكدار","89631"
"الرباط -سلا -القنيطرة","سيدي سليمان","أزغار","265","3974","UC","قاسم الشبيكي","25545"
"الرباط -سلا -القنيطرة","سيدي سليمان","أزغار","265","3980","PAM","حسن الرزوقي","60894"
"الرباط -سلا -القنيطرة","سيدي سليمان","أزغار","265","3975","PAM","احمد الجا","143116"
"الرباط -سلا -القنيطرة","سيدي سليمان","أزغار","265","3981","RNI","محمد كرمون","60768"
"الرباط -سلا -القنيطرة","سيدي سليمان","أزغار","265","3983","RNI","قاسم عقة","41457"
"الرباط -سلا -القنيطرة","سيدي سليمان","أولاد احسين","1047","26347","UC","المصطفى لصفر","21703"
"الرباط -سلا -القنيطرة","سيدي سليمان","أولاد احسين","1047","26347","UC","أسية لصفر","19931"
"الرباط -سلا -القنيطرة","سيدي سليمان","أولاد احسين","1047","26335","USFP","احمد بلمسعودية","28276"
"الرباط -سلا -القنيطرة","سيدي سليمان","أولاد احسين","1047","26335","USFP","ميلودة بالباشة","28347"
"الرباط -سلا -القنيطرة","سيدي سليمان","أولاد احسين","1047","26351","UC","حميد بلال","18876"
"الرباط -سلا -القنيطرة","سيدي سليمان","أولاد احسين","1047","26350","UC","الحسن العسالي","66712"
"الرباط -سلا -القنيطرة","سيدي سليمان","أولاد احسين","1047","26336","USFP","الخليفي بودركة","44453"
"الرباط -سلا -القنيطرة","سيدي سليمان","أولاد احسين","1047","26336","USFP","ازوهراء المسعودى","44526"
"الرباط -سلا -القنيطرة","سيدي سليمان","أولاد احسين","1047","26352","UC","شفيق السفياني","19078"
"الرباط -سلا -القنيطرة","سيدي سليمان","أولاد احسين","1047","26337","UC","الحاج الزروالي","71691"
"الرباط -سلا -القنيطرة","سيدي سليمان","أولاد احسين","1047","26341","PPS","حميد الوردي","54884"
"الرباط -سلا -القنيطرة","سيدي سليمان","أولاد احسين","1047","26329","UC","عبد السلام عبب","8831"
"الرباط -سلا -القنيطرة","سيدي سليمان","أولاد احسين","1047","26346","UC","المصطفى مصيمك","8888"
"الرباط -سلا -القنيطرة","سيدي سليمان","أولاد احسين","1047","26340","UC","عبدالقادر الزيتوني","8513"
"الرباط -سلا -القنيطرة","سيدي سليمان","أولاد احسين","1047","26349","RNI","سعيد المالكي","52081"
"الرباط -سلا -القنيطرة","سيدي سليمان","أولاد احسين","1047","26330","UC","محمد الرامي","7741"
"الرباط -سلا -القنيطرة","سيدي سليمان","أولاد احسين","1047","26332","UC","عبد السلام البراد","8377"
"الرباط -سلا -القنيطرة","سيدي سليمان","أولاد احسين","1047","26339","UC","خالد شوقي","8983"
"الرباط -سلا -القنيطرة","سيدي سليمان","أولاد احسين","1047","26328","PJD","العربي الزهراوي","27530"
"الرباط -سلا -القنيطرة","سيدي سليمان","أولاد احسين","1047","26328","PJD","فاطمة خضار","27628"
"الرباط -سلا -القنيطرة","سيدي سليمان","أولاد احسين","1047","26345","RNI","احمد مرزاق","43482"
"الرباط -سلا -القنيطرة","سيدي سليمان","أولاد احسين","1047","26343","UC","عبد الرحمن الرامي","11129"
"الرباط -سلا -القنيطرة","سيدي سليمان","أولاد احسين","1047","26348","UC","طه الصديق","8658"
"الرباط -سلا -القنيطرة","سيدي سليمان","أولاد احسين","1047","26344","PI","ادريس رابح","44192"
"الرباط -سلا -القنيطرة","سيدي سليمان","أولاد احسين","1047","26344","PI","ربيعة لحمام","44226"
"الرباط -سلا -القنيطرة","سيدي سليمان","أولاد احسين","1047","26338","UC","ميلود الريكاني","9020"
"الرباط -سلا -القنيطرة","سيدي سليمان","أولاد احسين","1047","26331","UC","ادريس الصديق","7987"
"الرباط -سلا -القنيطرة","سيدي سليمان","أولاد احسين","1047","26334","UC","عزيز المسيس","8248"
"الرباط -سلا -القنيطرة","سيدي سليمان","أولاد احسين","1047","26333","USFP","عبد الرحمن الراجي","54986"
"الرباط -سلا -القنيطرة","سيدي سليمان","أولاد احسين","1047","26342","UC","محمد  لبرك","18954"
"الرباط -سلا -القنيطرة","سيدي سليمان","أولاد بن حمادي","1039","16313","USFP","عبد اللطيف البهي","3991"
"الرباط -سلا -القنيطرة","سيدي سليمان","أولاد بن حمادي","1039","16313","USFP","طامو زهير","4056"
"الرباط -سلا -القنيطرة","سيدي سليمان","أولاد بن حمادي","1039","16303","USFP","محمد قادة","2582"
"الرباط -سلا -القنيطرة","سيدي سليمان","أولاد بن حمادي","1039","16303","USFP","ايمان هجال","2616"
"الرباط -سلا -القنيطرة","سيدي سليمان","أولاد بن حمادي","1039","16307","USFP","محمد الداودي","2851"
"الرباط -سلا -القنيطرة","سيدي سليمان","أولاد بن حمادي","1039","16307","USFP","سعاد مزوك","2901"
"الرباط -سلا -القنيطرة","سيدي سليمان","أولاد بن حمادي","1039","16308","RNI","محمد ليتيم","51978"
"الرباط -سلا -القنيطرة","سيدي سليمان","أولاد بن حمادي","1039","16308","RNI","سميرة الزيان","51933"
"الرباط -سلا -القنيطرة","سيدي سليمان","أولاد بن حمادي","1039","16306","USFP","حسن صناك","3294"
"الرباط -سلا -القنيطرة","سيدي سليمان","أولاد بن حمادي","1039","16312","USFP","عبد اللـه الحوراتي","3906"
"الرباط -سلا -القنيطرة","سيدي سليمان","أولاد بن حمادي","1039","16304","USFP","عادل الوردي","2708"
"الرباط -سلا -القنيطرة","سيدي سليمان","أولاد بن حمادي","1039","16305","USFP","قاسم الزعيم","2769"
"الرباط -سلا -القنيطرة","سيدي سليمان","أولاد بن حمادي","1039","16310","USFP","علي القنب","3762"
"الرباط -سلا -القنيطرة","سيدي سليمان","أولاد بن حمادي","1039","27331","PAM","عزيز حنكنك","27263"
"الرباط -سلا -القنيطرة","سيدي سليمان","أولاد بن حمادي","1039","27331","PAM","حسنة اللويق","27315"
"الرباط -سلا -القنيطرة","سيدي سليمان","أولاد بن حمادي","1039","16314","USFP","ادريس الحسناوي","4109"
"الرباط -سلا -القنيطرة","سيدي سليمان","أولاد بن حمادي","1039","16309","USFP","فريدة دحان المجموع","2984"
"الرباط -سلا -القنيطرة","سيدي سليمان","أولاد بن حمادي","1039","27330","USFP","ادريس العكاري","4212"
"الرباط -سلا -القنيطرة","سيدي سليمان","أولاد بن حمادي","1039","16311","USFP","ادريس العايق","3839"
"الرباط -سلا -القنيطرة","سيدي سليمان","أولاد بن حمادي","1039","16315","USFP","محمد مومن","4152"
"الرباط -سلا -القنيطرة","سيدي سليمان","الصفافعة","1140","18048","USFP","ابراهيم لقريعة","111810"
"الرباط -سلا -القنيطرة","سيدي سليمان","الصفافعة","1140","18048","USFP","خديجة المبشور","111863"
"الرباط -سلا -القنيطرة","سيدي سليمان","الصفافعة","1140","18043","USFP","ادريس لعوج","1132"
"الرباط -سلا -القنيطرة","سيدي سليمان","الصفافعة","1140","18043","USFP","التهامية الدويري","2876"
"الرباط -سلا -القنيطرة","سيدي سليمان","الصفافعة","1140","18056","UC","يونس الحوزي","12641"
"الرباط -سلا -القنيطرة","سيدي سليمان","الصفافعة","1140","18047","USFP","بوسلهام لقريعة","105101"
"الرباط -سلا -القنيطرة","سيدي سليمان","الصفافعة","1140","18047","USFP","بوشرى الهادي","105150"
"الرباط -سلا -القنيطرة","سيدي سليمان","الصفافعة","1140","18045","USFP","ميلود طنوب","1589"
"الرباط -سلا -القنيطرة","سيدي سليمان","الصفافعة","1140","18064","UC","عبد العالي  لكنيص","1682"
"الرباط -سلا -القنيطرة","سيدي سليمان","الصفافعة","1140","18063","RNI","مصطفى لحرش","62283"
"الرباط -سلا -القنيطرة","سيدي سليمان","الصفافعة","1140","18063","RNI","ابتسام ذهبي","62311"
"الرباط -سلا -القنيطرة","سيدي سليمان","الصفافعة","1140","18054","USFP","ادريس السرغيني","1505"
"الرباط -سلا -القنيطرة","سيدي سليمان","الصفافعة","1140","18046","USFP","ادريس جبوج","69859"
"الرباط -سلا -القنيطرة","سيدي سليمان","الصفافعة","1140","18046","USFP","عزيزة فكعان","69880"
"الرباط -سلا -القنيطرة","سيدي سليمان","الصفافعة","1140","18060","USFP","حفيظ لمحيريك","2189"
"الرباط -سلا -القنيطرة","سيدي سليمان","الصفافعة","1140","18050","USFP","الحسين الصادقي","249"
"الرباط -سلا -القنيطرة","سيدي سليمان","الصفافعة","1140","18052","RNI","ميلود تهوم","11477"
"الرباط -سلا -القنيطرة","سيدي سليمان","الصفافعة","1140","18057","UC","محمد العروي","11812"
"الرباط -سلا -القنيطرة","سيدي سليمان","الصفافعة","1140","18049","USFP","بنعيسى الحشلافي","142"
"الرباط -سلا -القنيطرة","سيدي سليمان","الصفافعة","1140","18051","RNI","ابراهيم الذهبي","88877"
"الرباط -سلا -القنيطرة","سيدي سليمان","الصفافعة","1140","18061","UC","رضوان الشيهب","105391"
"الرباط -سلا -القنيطرة","سيدي سليمان","الصفافعة","1140","18055","PI","سعيد  بن الفقيه","36338"
"الرباط -سلا -القنيطرة","سيدي سليمان","الصفافعة","1140","18059","RNI","موسى البدري","34664"
"الرباط -سلا -القنيطرة","سيدي سليمان","الصفافعة","1140","18053","USFP","قاسم بابو","34323"
"الرباط -سلا -القنيطرة","سيدي سليمان","الصفافعة","1140","18044","RNI","محمد اشويكة","48613"
"الرباط -سلا -القنيطرة","سيدي سليمان","الصفافعة","1140","18058","UC","احمد الحايدي","39785"
"الرباط -سلا -القنيطرة","سيدي سليمان","الصفافعة","1140","18062","UC","عبد الرحيم الفقير","1431"
"الرباط -سلا -القنيطرة","سيدي سليمان","الصفافعة","1140","18042","USFP","ادريس حنان","305"
"الرباط -سلا -القنيطرة","سيدي سليمان","القصيبية","704","11001","USFP","عبد الاله دحان","13681"
"الرباط -سلا -القنيطرة","سيدي سليمان","القصيبية","704","11001","USFP","لطيفة بوراص","13730"
"الرباط -سلا -القنيطرة","سيدي سليمان","القصيبية","704","10995","UC","عبدالواحد خلوقي","3347"
"الرباط -سلا -القنيطرة","سيدي سليمان","القصيبية","704","10995","UC","مريم خلوقي","3533"
"الرباط -سلا -القنيطرة","سيدي سليمان","القصيبية","704","11000","USFP","محمد الدحاني","12515"
"الرباط -سلا -القنيطرة","سيدي سليمان","القصيبية","704","11000","USFP","لمياء المباركي","12580"
"الرباط -سلا -القنيطرة","سيدي سليمان","القصيبية","704","10999","USFP","الجيلالي مامح","16943"
"الرباط -سلا -القنيطرة","سيدي سليمان","القصيبية","704","10999","USFP","ابتسام بومهدي","17001"
"الرباط -سلا -القنيطرة","سيدي سليمان","القصيبية","704","10990","RNI","عبد الرحمان جوشى","86701"
"الرباط -سلا -القنيطرة","سيدي سليمان","القصيبية","704","10990","RNI","فاطمة الزهراء هرواش","86970"
"الرباط -سلا -القنيطرة","سيدي سليمان","القصيبية","704","11003","USFP","سعيد الزعبولي","12699"
"الرباط -سلا -القنيطرة","سيدي سليمان","القصيبية","704","10994","USFP","التهامي الزياني","14297"
"الرباط -سلا -القنيطرة","سيدي سليمان","القصيبية","704","10997","USFP","بوسلهام الشهب","17379"
"الرباط -سلا -القنيطرة","سيدي سليمان","القصيبية","704","11004","USFP","عبداللطيف بومهدي","21638"
"الرباط -سلا -القنيطرة","سيدي سليمان","القصيبية","704","11011","USFP","زهير الهراس","17092"
"الرباط -سلا -القنيطرة","سيدي سليمان","القصيبية","704","10996","UC","عبدالرحيم خلوقي","102050"
"الرباط -سلا -القنيطرة","سيدي سليمان","القصيبية","704","11002","USFP","حسن بوكرين","17147"
"الرباط -سلا -القنيطرة","سيدي سليمان","القصيبية","704","11010","USFP","ادريس  جامعي ","16730"
"الرباط -سلا -القنيطرة","سيدي سليمان","القصيبية","704","27332","USFP","سعيد الكزولي","21516"
"الرباط -سلا -القنيطرة","سيدي سليمان","القصيبية","704","11007","RNI","سعيد الراضي","65797"
"الرباط -سلا -القنيطرة","سيدي سليمان","القصيبية","704","11009","USFP","عبد الواحد  الراضي","138177"
"الرباط -سلا -القنيطرة","سيدي سليمان","القصيبية","704","11012","USFP","محمد السالمي","60589"
"الرباط -سلا -القنيطرة","سيدي سليمان","القصيبية","704","10993","RNI","اعلي لكصيبي","48594"
"الرباط -سلا -القنيطرة","سيدي سليمان","القصيبية","704","11006","MP","عبدالسلام القسطالي","107494"
"الرباط -سلا -القنيطرة","سيدي سليمان","القصيبية","704","10992","RNI","خاليد اهراكة","48548"
"الرباط -سلا -القنيطرة","سيدي سليمان","القصيبية","704","10991","USFP","عبد السلام يكن","16764"
"الرباط -سلا -القنيطرة","سيدي سليمان","القصيبية","704","10998","USFP","حميد حاجي","25098"
"الرباط -سلا -القنيطرة","سيدي سليمان","القصيبية","704","11008","RNI","نورالدين  الراضي","65720"
"الرباط -سلا -القنيطرة","سيدي سليمان","القصيبية","704","27333","UC","محمد اطويل","25213"
"الرباط -سلا -القنيطرة","سيدي سليمان","القصيبية","704","11005","USFP","ادريس داوني","17217"
"الرباط -سلا -القنيطرة","سيدي سليمان","المساعدة","822","12985","UC","ادريس الحشلافي","19298"
"الرباط -سلا -القنيطرة","سيدي سليمان","المساعدة","822","12985","UC","نادية الحشلافى","19359"
"الرباط -سلا -القنيطرة","سيدي سليمان","المساعدة","822","12993","UC","جمال  الانصاري","18688"
"الرباط -سلا -القنيطرة","سيدي سليمان","المساعدة","822","12990","UC","مصطفى الفحيل","23909"
"الرباط -سلا -القنيطرة","سيدي سليمان","المساعدة","822","12976","UC","حميد عدية","23680"
"الرباط -سلا -القنيطرة","سيدي سليمان","المساعدة","822","12992","USFP","ادريس لبلوحي","25201"
"الرباط -سلا -القنيطرة","سيدي سليمان","المساعدة","822","12992","USFP","فاطنة لمغيلي","42664"
"الرباط -سلا -القنيطرة","سيدي سليمان","المساعدة","822","12998","UC","عبد النبي بغدادي","18538"
"الرباط -سلا -القنيطرة","سيدي سليمان","المساعدة","822","12980","USFP","محمد القائدي","50409"
"الرباط -سلا -القنيطرة","سيدي سليمان","المساعدة","822","12980","USFP","عزيزة الرحروحي","50449"
"الرباط -سلا -القنيطرة","سيدي سليمان","المساعدة","822","12979","UC","ادريس باويدر","19179"
"الرباط -سلا -القنيطرة","سيدي سليمان","المساعدة","822","12994","UC","صابر  الجبار","49674"
"الرباط -سلا -القنيطرة","سيدي سليمان","المساعدة","822","12984","UC","هشام بجاد","19014"
"الرباط -سلا -القنيطرة","سيدي سليمان","المساعدة","822","12988","UC","ادريس الطوسي","51485"
"الرباط -سلا -القنيطرة","سيدي سليمان","المساعدة","822","12986","UC","عبدالمنعم الكنيس","24945"
"الرباط -سلا -القنيطرة","سيدي سليمان","المساعدة","822","12986","UC","امينة امنول","25055"
"الرباط -سلا -القنيطرة","سيدي سليمان","المساعدة","822","12982","UC","مصطفى كحول","43201"
"الرباط -سلا -القنيطرة","سيدي سليمان","المساعدة","822","12995","UC","لخليفي قرطيط","23805"
"الرباط -سلا -القنيطرة","سيدي سليمان","المساعدة","822","12978","RNI","حميد جلال","52436"
"الرباط -سلا -القنيطرة","سيدي سليمان","المساعدة","822","12978","RNI","رشيدة فتحي","52524"
"الرباط -سلا -القنيطرة","سيدي سليمان","المساعدة","822","12991","UC","عبدالرزاق الباشا","23971"
"الرباط -سلا -القنيطرة","سيدي سليمان","المساعدة","822","12997","UC","عبد اللـه بلحاج","25277"
"الرباط -سلا -القنيطرة","سيدي سليمان","المساعدة","822","12989","UC","بنعيسى عدية","43333"
"الرباط -سلا -القنيطرة","سيدي سليمان","المساعدة","822","12977","UC","الحسن الحيمر","24062"
"الرباط -سلا -القنيطرة","سيدي سليمان","المساعدة","822","12981","USFP","رشيد الخلوفي","24582"
"الرباط -سلا -القنيطرة","سيدي سليمان","المساعدة","822","12987","UC","الهادي الكرومي","51234"
"الرباط -سلا -القنيطرة","سيدي سليمان","المساعدة","822","12996","RNI","بنعيسى شنكيط","51135"
"الرباط -سلا -القنيطرة","سيدي سليمان","المساعدة","822","12983","PI","بنعيسى الشنوفي","24818"
"الرباط -سلا -القنيطرة","سيدي سليمان","بومعيز","407","6323","UC","ادريس  مغراوي","96289"
"الرباط -سلا -القنيطرة","سيدي سليمان","بومعيز","407","6309","RNI","سعيد رحوي","113702"
"الرباط -سلا -القنيطرة","سيدي سليمان","بومعيز","407","6326","UC","رشيد كرمش","7785"
"الرباط -سلا -القنيطرة","سيدي سليمان","بومعيز","407","6326","UC","مينة بلقايد","7868"
"الرباط -سلا -القنيطرة","سيدي سليمان","بومعيز","407","6321","UC","العربي الراشدي","16544"
"الرباط -سلا -القنيطرة","سيدي سليمان","بومعيز","407","6321","UC","حفيظة عارف","16631"
"الرباط -سلا -القنيطرة","سيدي سليمان","بومعيز","407","6311","UC","خاليد كويس","5310"
"الرباط -سلا -القنيطرة","سيدي سليمان","بومعيز","407","6320","UC","حميد الخزاني","37656"
"الرباط -سلا -القنيطرة","سيدي سليمان","بومعيز","407","6320","UC","زينب المليجي","37761"
"الرباط -سلا -القنيطرة","سيدي سليمان","بومعيز","407","6314","UC","عبد الغني سابقي","6562"
"الرباط -سلا -القنيطرة","سيدي سليمان","بومعيز","407","6318","UC","احمد عاشور","7569"
"الرباط -سلا -القنيطرة","سيدي سليمان","بومعيز","407","6313","RNI","احمد  العنطري","52416"
"الرباط -سلا -القنيطرة","سيدي سليمان","بومعيز","407","6313","RNI","لطيفة الكوز","52478"
"الرباط -سلا -القنيطرة","سيدي سليمان","بومعيز","407","6324","UC","حسن مغراوي","7498"
"الرباط -سلا -القنيطرة","سيدي سليمان","بومعيز","407","6329","UC","امحمد الراشيدي","7699"
"الرباط -سلا -القنيطرة","سيدي سليمان","بومعيز","407","6327","RNI","محمد اعنيبة","55264"
"الرباط -سلا -القنيطرة","سيدي سليمان","بومعيز","407","6327","RNI","عائشة غربوب","55321"
"الرباط -سلا -القنيطرة","سيدي سليمان","بومعيز","407","6310","RNI","حفيظ بقالى","64339"
"الرباط -سلا -القنيطرة","سيدي سليمان","بومعيز","407","6322","UC","امحمد الخدجي","7152"
"الرباط -سلا -القنيطرة","سيدي سليمان","بومعيز","407","6325","UC","علال لكحل","7637"
"الرباط -سلا -القنيطرة","سيدي سليمان","بومعيز","407","6331","UC","محمد بلحنيش","7273"
"الرباط -سلا -القنيطرة","سيدي سليمان","بومعيز","407","6315","UC","محمد عزار ","8221"
"الرباط -سلا -القنيطرة","سيدي سليمان","بومعيز","407","6328","UC","الحسين لكحل","35433"
"الرباط -سلا -القنيطرة","سيدي سليمان","بومعيز","407","6316","RNI","ادريس خريبش","147050"
"الرباط -سلا -القنيطرة","سيدي سليمان","بومعيز","407","6312","PAM","محمد الداودي","72167"
"الرباط -سلا -القنيطرة","سيدي سليمان","بومعيز","407","6330","USFP","ادريس الحشلافي","115319"
"الرباط -سلا -القنيطرة","سيدي سليمان","بومعيز","407","6319","UC","محمد منيولات","8024"
"الرباط -سلا -القنيطرة","سيدي سليمان","بومعيز","407","6317","USFP","الحسن البريمي","118869"
"الرباط -سلا -القنيطرة","سيدي سليمان","دار بلعامري","450","26317","PAM","محمد كعوان","41791"
"الرباط -سلا -القنيطرة","سيدي سليمان","دار بلعامري","450","26317","PAM","فاطمة اكسيم","41835"
"الرباط -سلا -القنيطرة","سيدي سليمان","دار بلعامري","450","26319","UC","ادريس الوالي","41625"
"الرباط -سلا -القنيطرة","سيدي سليمان","دار بلعامري","450","26319","UC","فاطمة الشلحة","41692"
"الرباط -سلا -القنيطرة","سيدي سليمان","دار بلعامري","450","26316","UC","احمد هينة","6188"
"الرباط -سلا -القنيطرة","سيدي سليمان","دار بلعامري","450","26307","UC","ادريس ذهاب","5755"
"الرباط -سلا -القنيطرة","سيدي سليمان","دار بلعامري","450","26311","PPS","محمد الدياني","50399"
"الرباط -سلا -القنيطرة","سيدي سليمان","دار بلعامري","450","26311","PPS","هجار الدياني","50439"
"الرباط -سلا -القنيطرة","سيدي سليمان","دار بلعامري","450","26323","PAM","لحسن عواد","16436"
"الرباط -سلا -القنيطرة","سيدي سليمان","دار بلعامري","450","26304","PAM","عبدالسلام خموجة","5461"
"الرباط -سلا -القنيطرة","سيدي سليمان","دار بلعامري","450","26314","PAM","خاليد امليكي","39048"
"الرباط -سلا -القنيطرة","سيدي سليمان","دار بلعامري","450","26314","PAM","حليمة رزوقي","39132"
"الرباط -سلا -القنيطرة","سيدي سليمان","دار بلعامري","450","26308","PAM","حسن غنو","5802"
"الرباط -سلا -القنيطرة","سيدي سليمان","دار بلعامري","450","26309","UC","علال الوهراني","70902"
"الرباط -سلا -القنيطرة","سيدي سليمان","دار بلعامري","450","26320","UC","عبدالسلام الصالحي","7033"
"الرباط -سلا -القنيطرة","سيدي سليمان","دار بلعامري","450","26315","PAM","نورالدين امليكي","6626"
"الرباط -سلا -القنيطرة","سيدي سليمان","دار بلعامري","450","26321","PAM","محمد النشاط","6233"
"الرباط -سلا -القنيطرة","سيدي سليمان","دار بلعامري","450","26327","UC","العربي الجاري","6022"
"الرباط -سلا -القنيطرة","سيدي سليمان","دار بلعامري","450","26318","UC","محمد الوردي","6464"
"الرباط -سلا -القنيطرة","سيدي سليمان","دار بلعامري","450","26306","UC","محمد لعبيدي","15320"
"الرباط -سلا -القنيطرة","سيدي سليمان","دار بلعامري","450","26303","UC","قدور التومي","5386"
"الرباط -سلا -القنيطرة","سيدي سليمان","دار بلعامري","450","26325","RNI","ادريس السايح","67368"
"الرباط -سلا -القنيطرة","سيدي سليمان","دار بلعامري","450","26322","RNI","حفيظ عكاشة","16378"
"الرباط -سلا -القنيطرة","سيدي سليمان","دار بلعامري","450","26305","RNI","الطيبي ميمي","65829"
"الرباط -سلا -القنيطرة","سيدي سليمان","دار بلعامري","450","26310","PAM","ادريس محال","39246"
"الرباط -سلا -القنيطرة","سيدي سليمان","دار بلعامري","450","26313","PJD","بنعمر الظريف","65462"
"الرباط -سلا -القنيطرة","سيدي سليمان","دار بلعامري","450","26313","PJD","رشيدة الشراط","65524"
"الرباط -سلا -القنيطرة","سيدي سليمان","دار بلعامري","450","26326","UC","عمر الكريم","42075"
"الرباط -سلا -القنيطرة","سيدي سليمان","دار بلعامري","450","26312","PJD","رضوان الظريف","65712"
"الرباط -سلا -القنيطرة","سيدي سليمان","دار بلعامري","450","26324","PAM","حميد الوهابي","70936"
"الرباط -سلا -القنيطرة","سيدي سليمان","سيدي سليمان","1271","25076","PI","هشام حمداني","122644"
"الرباط -سلا -القنيطرة","سيدي سليمان","سيدي سليمان","1271","25076","PI","جميلة الوديي","125140"
"الرباط -سلا -القنيطرة","سيدي سليمان","سيدي سليمان","1271","25076","PI","رمضان عشاق","123025"
"الرباط -سلا -القنيطرة","سيدي سليمان","سيدي سليمان","1271","25076","RNI","عبدالالاه المصمودي","68920"
"الرباط -سلا -القنيطرة","سيدي سليمان","سيدي سليمان","1271","25076","RNI","احلام حباشي","69114"
"الرباط -سلا -القنيطرة","سيدي سليمان","سيدي سليمان","1271","25076","RNI","محمد حنين","68931"
"الرباط -سلا -القنيطرة","سيدي سليمان","سيدي سليمان","1271","25076","USFP","حسن قاسمي","150040"
"الرباط -سلا -القنيطرة","سيدي سليمان","سيدي سليمان","1271","25076","USFP","ازهور الرامي","148926"
"الرباط -سلا -القنيطرة","سيدي سليمان","سيدي سليمان","1271","25076","USFP","قدور مشروحي","150218"
"الرباط -سلا -القنيطرة","سيدي سليمان","سيدي سليمان","1271","25076","FFD","محمد العروصي","137163"
"الرباط -سلا -القنيطرة","سيدي سليمان","سيدي سليمان","1271","25076","FFD","سميرة الصبيحي","136135"
"الرباط -سلا -القنيطرة","سيدي سليمان","سيدي سليمان","1271","25076","PAM","قاسم سيبة","122436"
"الرباط -سلا -القنيطرة","سيدي سليمان","سيدي سليمان","1271","25076","PAM","الدريسية بوصبع","125054"
"الرباط -سلا -القنيطرة","سيدي سليمان","سيدي سليمان","1271","25076","UC","ياسين الراضي","122596"
"الرباط -سلا -القنيطرة","سيدي سليمان","سيدي سليمان","1271","25076","UC","مونية بوركيك","124958"
"الرباط -سلا -القنيطرة","سيدي سليمان","سيدي سليمان","1271","25076","MP","طارق  العروصي","122432"
"الرباط -سلا -القنيطرة","سيدي سليمان","سيدي سليمان","1271","25076","MP","سناء بوكرين","124777"
"الرباط -سلا -القنيطرة","سيدي سليمان","سيدي سليمان","1271","25076","PML","سليمان شفيق","113054"
"الرباط -سلا -القنيطرة","سيدي سليمان","سيدي سليمان","1271","25076","PML","فاطمة ايت الحاج لحسن","116211"
"الرباط -سلا -القنيطرة","سيدي سليمان","سيدي سليمان","1271","25076","PPS","عبدالكريم كمال","102217"
"الرباط -سلا -القنيطرة","سيدي سليمان","سيدي سليمان","1271","25076","PPS","فاطمة بوكرين","104172"
"الرباط -سلا -القنيطرة","سيدي سليمان","سيدي سليمان","1271","25076","P.ALAMAL","يوسف الحنوني","136025"
"الرباط -سلا -القنيطرة","سيدي سليمان","سيدي سليمان","1271","25076","P.ALAMAL","بشرى المخلوفي","136421"
"الرباط -سلا -القنيطرة","سيدي سليمان","سيدي سليمان","1271","25076","PDI","هشام رشدي","132331"
"الرباط -سلا -القنيطرة","سيدي سليمان","سيدي سليمان","1271","25076","PDI","منال البازي","132171"
"الرباط -سلا -القنيطرة","سيدي سليمان","سيدي سليمان","1271","25076","PJD","مصطفى بندحمان","93285"
"الرباط -سلا -القنيطرة","سيدي سليمان","سيدي سليمان","1271","25076","PA","محمد احمام","148010"
"الرباط -سلا -القنيطرة","سيدي سليمان","سيدي سليمان","1271","25076","PAlAhdAddimocrati","يوسف الشفك","112039"
"الرباط -سلا -القنيطرة","سيدي سليمان","سيدي سليمان","1271","25076","P.EQUITE","ادريس مفنون","1571"
"الرباط -سلا -القنيطرة","سيدي سليمان","سيدي سليمان","1271","25076","PEDD","عبد المجيد بوكرين","65098"
"الرباط -سلا -القنيطرة","سيدي سليمان","سيدي سليمان","1271","25076","UMD","حسام عبدالدين","110162"
"الرباط -سلا -القنيطرة","سيدي سليمان","سيدي يحيى الغرب","1279","28533","PAM","امحمد النيكرو","42706"
"الرباط -سلا -القنيطرة","سيدي سليمان","سيدي يحيى الغرب","1279","28532","RNI","رضوان اعباضة","45908"
"الرباط -سلا -القنيطرة","سيدي سليمان","سيدي يحيى الغرب","1279","28547","PAM","عبد الـله الرويجل","69989"
"الرباط -سلا -القنيطرة","سيدي سليمان","سيدي يحيى الغرب","1279","28545","PAM","زكرياء النكوطي","43218"
"الرباط -سلا -القنيطرة","سيدي سليمان","سيدي يحيى الغرب","1279","28546","RNI","خالد لقطة","60810"
"الرباط -سلا -القنيطرة","سيدي سليمان","سيدي يحيى الغرب","1279","28546","RNI","رقية الشرويطي","60842"
"الرباط -سلا -القنيطرة","سيدي سليمان","سيدي يحيى الغرب","1279","28536","RNI","مراد المعضور","24900"
"الرباط -سلا -القنيطرة","سيدي سليمان","سيدي يحيى الغرب","1279","28536","RNI","بوشرى ومزيغ","24949"
"الرباط -سلا -القنيطرة","سيدي سليمان","سيدي يحيى الغرب","1279","28539","MP","ادريس زويني","121190"
"الرباط -سلا -القنيطرة","سيدي سليمان","سيدي يحيى الغرب","1279","28539","MP","يزة الركيبي","121237"
"الرباط -سلا -القنيطرة","سيدي سليمان","سيدي يحيى الغرب","1279","28552","PAM","ابراهيم  الحسني ","51119"
"الرباط -سلا -القنيطرة","سيدي سليمان","سيدي يحيى الغرب","1279","28554","PAM","نور الدين جنجان","43332"
"الرباط -سلا -القنيطرة","سيدي سليمان","سيدي يحيى الغرب","1279","28540","FFD","محمد امقصح","32204"
"الرباط -سلا -القنيطرة","سيدي سليمان","سيدي يحيى الغرب","1279","28541","PAM","الحسين جغل","50363"
"الرباط -سلا -القنيطرة","سيدي سليمان","سيدي يحيى الغرب","1279","28541","PAM","الهام اقريبة","50408"
"الرباط -سلا -القنيطرة","سيدي سليمان","سيدي يحيى الغرب","1279","28550","RNI","عبدالواحد بكار","39041"
"الرباط -سلا -القنيطرة","سيدي سليمان","سيدي يحيى الغرب","1279","28550","RNI","صباح السمل","39220"
"الرباط -سلا -القنيطرة","سيدي سليمان","سيدي يحيى الغرب","1279","28556","PAM","عبد العزيز  برارحي","66275"
"الرباط -سلا -القنيطرة","سيدي سليمان","سيدي يحيى الغرب","1279","28551","UC","امحمد بو الريش","33018"
"الرباط -سلا -القنيطرة","سيدي سليمان","سيدي يحيى الغرب","1279","28553","RNI","احمد الجريفي","48454"
"الرباط -سلا -القنيطرة","سيدي سليمان","سيدي يحيى الغرب","1279","28538","MP","محمد النويشة","106957"
"الرباط -سلا -القنيطرة","سيدي سليمان","سيدي يحيى الغرب","1279","28544","PI","عبد السلام حافظ","44702"
"الرباط -سلا -القنيطرة","سيدي سليمان","سيدي يحيى الغرب","1279","28548","PAM","محمد  عاج","45352"
"الرباط -سلا -القنيطرة","سيدي سليمان","سيدي يحيى الغرب","1279","28542","MDS","هشام الشقيرني","66877"
"الرباط -سلا -القنيطرة","سيدي سليمان","سيدي يحيى الغرب","1279","28534","UC","وداد بومهدي","106519"
"الرباط -سلا -القنيطرة","سيدي سليمان","سيدي يحيى الغرب","1279","28549","RNI","رجاء قائد الرحاء","33562"
"الرباط -سلا -القنيطرة","سيدي سليمان","سيدي يحيى الغرب","1279","28535","RNI","مصطفى اكضيض","44461"
"الرباط -سلا -القنيطرة","سيدي سليمان","سيدي يحيى الغرب","1279","28555","MP","عبد الكبير الزغاري","60364"
"الرباط -سلا -القنيطرة","سيدي سليمان","سيدي يحيى الغرب","1279","28543","USFP","علي قسماط","65623"
"الرباط -سلا -القنيطرة","سيدي سليمان","سيدي يحيى الغرب","1279","28537","UC","يوسف شماك","25341"
"الرباط -سلا -القنيطرة","سيدي سليمان","عامر الشمالية","1587","26683","RNI","لمصدر الحمومي","48323"
"الرباط -سلا -القنيطرة","سيدي سليمان","عامر الشمالية","1587","26683","RNI","ميلودة النايب","48342"
"الرباط -سلا -القنيطرة","سيدي سليمان","عامر الشمالية","1587","26661","UC","قاسم المجدوب","82749"
"الرباط -سلا -القنيطرة","سيدي سليمان","عامر الشمالية","1587","26661","UC","خديجة زعرور","82792"
"الرباط -سلا -القنيطرة","سيدي سليمان","عامر الشمالية","1587","26671","USFP","حفيض فضيلات","25836"
"الرباط -سلا -القنيطرة","سيدي سليمان","عامر الشمالية","1587","26667","UC","بنعيسى الدراوي","59698"
"الرباط -سلا -القنيطرة","سيدي سليمان","عامر الشمالية","1587","26667","UC","زينب الناجي","59747"
"الرباط -سلا -القنيطرة","سيدي سليمان","عامر الشمالية","1587","26679","USFP","المصطفى عبو","37851"
"الرباط -سلا -القنيطرة","سيدي سليمان","عامر الشمالية","1587","26679","USFP","اميمة الحوارتي","37955"
"الرباط -سلا -القنيطرة","سيدي سليمان","عامر الشمالية","1587","26675","USFP","محمد القاسمي","54689"
"الرباط -سلا -القنيطرة","سيدي سليمان","عامر الشمالية","1587","26674","USFP","عبد الخالق الراضي","60754"
"الرباط -سلا -القنيطرة","سيدي سليمان","عامر الشمالية","1587","26678","RNI","حميد لقليش","50595"
"الرباط -سلا -القنيطرة","سيدي سليمان","عامر الشمالية","1587","26678","RNI","سعيدة الحوارتة","50866"
"الرباط -سلا -القنيطرة","سيدي سليمان","عامر الشمالية","1587","26681","RNI","محمد الحمومي","15243"
"الرباط -سلا -القنيطرة","سيدي سليمان","عامر الشمالية","1587","26664","USFP","سعيد بوعايد","38047"
"الرباط -سلا -القنيطرة","سيدي سليمان","عامر الشمالية","1587","26680","USFP","صلاح الدين القراط","25748"
"الرباط -سلا -القنيطرة","سيدي سليمان","عامر الشمالية","1587","26665","UC","عزيز  اسميحات","39036"
"الرباط -سلا -القنيطرة","سيدي سليمان","عامر الشمالية","1587","26682","RNI","محمد الغوبي","57279"
"الرباط -سلا -القنيطرة","سيدي سليمان","عامر الشمالية","1587","26668","USFP","عبد السلام عطوش","15353"
"الرباط -سلا -القنيطرة","سيدي سليمان","عامر الشمالية","1587","26677","USFP","علال جطويني","28651"
"الرباط -سلا -القنيطرة","سيدي سليمان","عامر الشمالية","1587","26666","RNI","علال بالقيصاري","47836"
"الرباط -سلا -القنيطرة","سيدي سليمان","عامر الشمالية","1587","26673","RNI","عبد اللـه امعاطة","48248"
"الرباط -سلا -القنيطرة","سيدي سليمان","عامر الشمالية","1587","26672","USFP","محمد صوافة","59798"
"الرباط -سلا -القنيطرة","سيدي سليمان","عامر الشمالية","1587","26662","USFP","امحمد النية","28568"
"الرباط -سلا -القنيطرة","سيدي سليمان","عامر الشمالية","1587","26676","USFP","محمد الخطاب","28315"
"الرباط -سلا -القنيطرة","سيدي سليمان","عامر الشمالية","1587","26669","UC","احمد حيمودي","57247"
"الرباط -سلا -القنيطرة","سيدي سليمان","عامر الشمالية","1587","26670","USFP","ادريس البكاري","38096"
"الرباط -سلا -القنيطرة","سيدي سليمان","عامر الشمالية","1587","26663","USFP","بوعزة خبار","28018"
"الرباط -سلا -القنيطرة","سيدي قاسم","أحد كورت","586","9237","RNI","عاشور مشتر","34025"
"الرباط -سلا -القنيطرة","سيدي قاسم","أحد كورت","586","9237","RNI","مريم النفناف","34116"
"الرباط -سلا -القنيطرة","سيدي قاسم","أحد كورت","586","9239","PAM","لحسن زروالي","111929"
"الرباط -سلا -القنيطرة","سيدي قاسم","أحد كورت","586","9234","RNI","احمد بنحميمو","3139"
"الرباط -سلا -القنيطرة","سيدي قاسم","أحد كورت","586","9234","RNI","لبنى روان","3204"
"الرباط -سلا -القنيطرة","سيدي قاسم","أحد كورت","586","9235","PAM","ادريس حجو","23715"
"الرباط -سلا -القنيطرة","سيدي قاسم","أحد كورت","586","9235","PAM","عائشة النهري","23798"
"الرباط -سلا -القنيطرة","سيدي قاسم","أحد كورت","586","9238","PAM","اشرف بروزي","112184"
"الرباط -سلا -القنيطرة","سيدي قاسم","أحد كورت","586","9240","RNI","قاسم السباعي","25416"
"الرباط -سلا -القنيطرة","سيدي قاسم","أحد كورت","586","9240","RNI","سناء الشريف","25507"
"الرباط -سلا -القنيطرة","سيدي قاسم","أحد كورت","586","9236","RNI","مهدي الغزوي","112929"
"الرباط -سلا -القنيطرة","سيدي قاسم","أحد كورت","586","9233","RNI","عبدالرزاق بونصر","14044"
"الرباط -سلا -القنيطرة","سيدي قاسم","أحد كورت","586","27322","PAM","ادريس شدالي","60535"
"الرباط -سلا -القنيطرة","سيدي قاسم","أحد كورت","586","27323","UC","محمد  العسالي ","40759"
"الرباط -سلا -القنيطرة","سيدي قاسم","أحد كورت","586","27323","UC","كريمة العناية","40851"
"الرباط -سلا -القنيطرة","سيدي قاسم","أحد كورت","586","9231","RNI","المصطفى الغزوي","112706"
"الرباط -سلا -القنيطرة","سيدي قاسم","أحد كورت","586","9232","USFP","ادريس التهامي","15907"
"الرباط -سلا -القنيطرة","سيدي قاسم","أحد كورت","586","9230","PAM","حمزة حباب","60827"
"الرباط -سلا -القنيطرة","سيدي قاسم","أولاد نوال","1020","15987","MP","امحمد الكارة","2672"
"الرباط -سلا -القنيطرة","سيدي قاسم","أولاد نوال","1020","15987","MP","سعيدة غيني ","2745"
"الرباط -سلا -القنيطرة","سيدي قاسم","أولاد نوال","1020","15986","MP","جلال بن الصبان ","40300"
"الرباط -سلا -القنيطرة","سيدي قاسم","أولاد نوال","1020","15986","MP","حفيظة لكلاوي","40491"
"الرباط -سلا -القنيطرة","سيدي قاسم","أولاد نوال","1020","15991","MP","كمال الكرافس ","2861"
"الرباط -سلا -القنيطرة","سيدي قاسم","أولاد نوال","1020","15998","MP","هشام رزوقي","3209"
"الرباط -سلا -القنيطرة","سيدي قاسم","أولاد نوال","1020","15998","MP","نجاة الركراكي","3363"
"الرباط -سلا -القنيطرة","سيدي قاسم","أولاد نوال","1020","15994","MP","ادريس السناني","11050"
"الرباط -سلا -القنيطرة","سيدي قاسم","أولاد نوال","1020","15994","MP","جميلة كدوار","11058"
"الرباط -سلا -القنيطرة","سيدي قاسم","أولاد نوال","1020","15997","MP","كريم المالكي","3499"
"الرباط -سلا -القنيطرة","سيدي قاسم","أولاد نوال","1020","15993","MP","احمد كمال","3020"
"الرباط -سلا -القنيطرة","سيدي قاسم","أولاد نوال","1020","15989","MP","حميد الخطابي","40048"
"الرباط -سلا -القنيطرة","سيدي قاسم","أولاد نوال","1020","15988","MP","حميد بلعولى","40228"
"الرباط -سلا -القنيطرة","سيدي قاسم","أولاد نوال","1020","15990","MP","بوشتى الشطيني","27242"
"الرباط -سلا -القنيطرة","سيدي قاسم","أولاد نوال","1020","15990","MP","سكينة البريكيدي","27295"
"الرباط -سلا -القنيطرة","سيدي قاسم","أولاد نوال","1020","15996","PAM","ليلى البوعتلاوي","98778"
"الرباط -سلا -القنيطرة","سيدي قاسم","أولاد نوال","1020","15992","MP","ادريس العيار","127745"
"الرباط -سلا -القنيطرة","سيدي قاسم","أولاد نوال","1020","15995","MP","يوسف حنيشة","33045"
"الرباط -سلا -القنيطرة","سيدي قاسم","ارميلات","1101","17293","RNI","عبد الله نهري","17678"
"الرباط -سلا -القنيطرة","سيدي قاسم","ارميلات","1101","17287","USFP","احمد صابر","30661"
"الرباط -سلا -القنيطرة","سيدي قاسم","ارميلات","1101","17287","USFP","لمياء مطلوب","30713"
"الرباط -سلا -القنيطرة","سيدي قاسم","ارميلات","1101","17282","UC","علال الاشهب","33663"
"الرباط -سلا -القنيطرة","سيدي قاسم","ارميلات","1101","17282","UC","كوثر لشهب","33775"
"الرباط -سلا -القنيطرة","سيدي قاسم","ارميلات","1101","17288","PJD","كريم اللويز","32492"
"الرباط -سلا -القنيطرة","سيدي قاسم","ارميلات","1101","17284","USFP","ادريس فتاح","51053"
"الرباط -سلا -القنيطرة","سيدي قاسم","ارميلات","1101","17281","UC","عبدالكريم نحيلة","18904"
"الرباط -سلا -القنيطرة","سيدي قاسم","ارميلات","1101","17281","UC","كلتوم جلدون","18970"
"الرباط -سلا -القنيطرة","سيدي قاسم","ارميلات","1101","17292","UC","حكيم ابريطيج","31162"
"الرباط -سلا -القنيطرة","سيدي قاسم","ارميلات","1101","17289","USFP","ادريس لبيض","124819"
"الرباط -سلا -القنيطرة","سيدي قاسم","ارميلات","1101","17291","USFP","احميدة الحوم","125056"
"الرباط -سلا -القنيطرة","سيدي قاسم","ارميلات","1101","17294","UC","عبد الاله التويجر","18455"
"الرباط -سلا -القنيطرة","سيدي قاسم","ارميلات","1101","17294","UC","امينة بوطربوش","18619"
"الرباط -سلا -القنيطرة","سيدي قاسم","ارميلات","1101","17285","USFP","رشيد القرفة","50225"
"الرباط -سلا -القنيطرة","سيدي قاسم","ارميلات","1101","25503","PI","محمد خويلي","22004"
"الرباط -سلا -القنيطرة","سيدي قاسم","ارميلات","1101","17286","USFP","عمر حميرات","48629"
"الرباط -سلا -القنيطرة","سيدي قاسم","ارميلات","1101","17283","PI","يونس زحلوف","23852"
"الرباط -سلا -القنيطرة","سيدي قاسم","ارميلات","1101","17283","PI","ربيعة زحلوف","23950"
"الرباط -سلا -القنيطرة","سيدي قاسم","ارميلات","1101","25505","PI","عبد الرحمان اصبرو","82764"
"الرباط -سلا -القنيطرة","سيدي قاسم","ارميلات","1101","25506","PI","عيس درقاوي","64064"
"الرباط -سلا -القنيطرة","سيدي قاسم","ارميلات","1101","25508","PI","ايوب بنعامر","38611"
"الرباط -سلا -القنيطرة","سيدي قاسم","ارميلات","1101","25504","MP","عبداللطيف شمراخي","58767"
"الرباط -سلا -القنيطرة","سيدي قاسم","ارميلات","1101","17290","UC","محمد امينات","31254"
"الرباط -سلا -القنيطرة","سيدي قاسم","ارميلات","1101","25507","UC","محمد الزوين","29495"
"الرباط -سلا -القنيطرة","سيدي قاسم","ارميلات","1101","25509","UC","ادريس كروم","2972"
"الرباط -سلا -القنيطرة","سيدي قاسم","ارميلات","1101","25502","UC","محمد امهير","106023"
"الرباط -سلا -القنيطرة","سيدي قاسم","ارميلات","1101","17295","USFP","عزيز الحوزي","49323"
"الرباط -سلا -القنيطرة","سيدي قاسم","اشبانات","436","6750","PPS","عبد الرحيم البهيهي","40062"
"الرباط -سلا -القنيطرة","سيدي قاسم","اشبانات","436","6750","PPS","فدوى  جبارك","40130"
"الرباط -سلا -القنيطرة","سيدي قاسم","اشبانات","436","6753","RNI","هشام بن عجال","74080"
"الرباط -سلا -القنيطرة","سيدي قاسم","اشبانات","436","6753","RNI","سعيدة صلي","74278"
"الرباط -سلا -القنيطرة","سيدي قاسم","اشبانات","436","6760","PAM","عبد النبي خيي","75735"
"الرباط -سلا -القنيطرة","سيدي قاسم","اشبانات","436","6751","PPS","عمر الزغيمري","40430"
"الرباط -سلا -القنيطرة","سيدي قاسم","اشبانات","436","6751","PPS","ابتسام عكي","40558"
"الرباط -سلا -القنيطرة","سيدي قاسم","اشبانات","436","6761","RNI","محمد اديب","92886"
"الرباط -سلا -القنيطرة","سيدي قاسم","اشبانات","436","6761","RNI","لمياء ابويه","92986"
"الرباط -سلا -القنيطرة","سيدي قاسم","اشبانات","436","6754","RNI","خالد الجامد","34990"
"الرباط -سلا -القنيطرة","سيدي قاسم","اشبانات","436","6755","USFP","عمر حيداوي","91983"
"الرباط -سلا -القنيطرة","سيدي قاسم","اشبانات","436","6758","USFP","نور الدين اللحياني","42496"
"الرباط -سلا -القنيطرة","سيدي قاسم","اشبانات","436","6755","USFP","سوهية الفلاح","92124"
"الرباط -سلا -القنيطرة","سيدي قاسم","اشبانات","436","6759","PI","الحسن لمخنت","50507"
"الرباط -سلا -القنيطرة","سيدي قاسم","اشبانات","436","6762","RNI","كريم فنيغري","39857"
"الرباط -سلا -القنيطرة","سيدي قاسم","اشبانات","436","6756","RNI","ميلود بنكروم","35112"
"الرباط -سلا -القنيطرة","سيدي قاسم","اشبانات","436","6757","PI","لحسن لوطفي","50597"
"الرباط -سلا -القنيطرة","سيدي قاسم","اشبانات","436","6752","PI","يوسف البوحاطي","42671"
"الرباط -سلا -القنيطرة","سيدي قاسم","الحوافات","183","2668","MP","عبد الحق ازباط","3567"
"الرباط -سلا -القنيطرة","سيدي قاسم","الحوافات","183","2668","MP","حدية الفهري","3623"
"الرباط -سلا -القنيطرة","سيدي قاسم","الحوافات","183","2652","MP","سعيد بوعسرية","2850"
"الرباط -سلا -القنيطرة","سيدي قاسم","الحوافات","183","2669","MP","احمد العبسي","5834"
"الرباط -سلا -القنيطرة","سيدي قاسم","الحوافات","183","2669","MP","حليمة عقا","5891"
"الرباط -سلا -القنيطرة","سيدي قاسم","الحوافات","183","2658","MP","رشيد فحصي","5326"
"الرباط -سلا -القنيطرة","سيدي قاسم","الحوافات","183","2667","MP","جواد الجاوي","3331"
"الرباط -سلا -القنيطرة","سيدي قاسم","الحوافات","183","2667","MP","رقية جاوي","3442"
"الرباط -سلا -القنيطرة","سيدي قاسم","الحوافات","183","2653","MP","محمد  بوعسرية","3033"
"الرباط -سلا -القنيطرة","سيدي قاسم","الحوافات","183","2653","MP","الدريسية اماني","3090"
"الرباط -سلا -القنيطرة","سيدي قاسم","الحوافات","183","2660","MP","محمد رفيق","3896"
"الرباط -سلا -القنيطرة","سيدي قاسم","الحوافات","183","2665","MP","محمد قرماط","6103"
"الرباط -سلا -القنيطرة","سيدي قاسم","الحوافات","183","2665","MP","حفيظة بوعسرية","6224"
"الرباط -سلا -القنيطرة","سيدي قاسم","الحوافات","183","2649","MP","موسى نيطو","18953"
"الرباط -سلا -القنيطرة","سيدي قاسم","الحوافات","183","2662","USFP","ادريس المنور","60007"
"الرباط -سلا -القنيطرة","سيدي قاسم","الحوافات","183","2654","MP","روان الجابري","4442"
"الرباط -سلا -القنيطرة","سيدي قاسم","الحوافات","183","2664","MP","خالد الجبوري","5215"
"الرباط -سلا -القنيطرة","سيدي قاسم","الحوافات","183","2656","MP","بنعيسى طيق","4809"
"الرباط -سلا -القنيطرة","سيدي قاسم","الحوافات","183","2651","MP","ادريس الحجوي","5384"
"الرباط -سلا -القنيطرة","سيدي قاسم","الحوافات","183","2659","MP","محمد فضول","5600"
"الرباط -سلا -القنيطرة","سيدي قاسم","الحوافات","183","2663","MP","العربي امشبرك","4507"
"الرباط -سلا -القنيطرة","سيدي قاسم","الحوافات","183","2657","MP","الحسن انتيل","5529"
"الرباط -سلا -القنيطرة","سيدي قاسم","الحوافات","183","2666","MP","محمد الصكاكري","6343"
"الرباط -سلا -القنيطرة","سيدي قاسم","الحوافات","183","2648","USFP","عبد الاله مفتاح","95894"
"الرباط -سلا -القنيطرة","سيدي قاسم","الحوافات","183","2650","MP","الحميدي القصري","18775"
"الرباط -سلا -القنيطرة","سيدي قاسم","الحوافات","183","2655","MP","قمر عيدودي","18793"
"الرباط -سلا -القنيطرة","سيدي قاسم","الحوافات","183","2647","USFP","عبد الكريم فرطاسي","55947"
"الرباط -سلا -القنيطرة","سيدي قاسم","الحوافات","183","2661","USFP","عبد السلام كريشة","15255"
"الرباط -سلا -القنيطرة","سيدي قاسم","الخنيشات","718","11266","PI","فؤاد دودي","74937"
"الرباط -سلا -القنيطرة","سيدي قاسم","الخنيشات","718","11266","PI","نادية عداوي","75074"
"الرباط -سلا -القنيطرة","سيدي قاسم","الخنيشات","718","11283","PI","عبد اللطيف الحوزي","42721"
"الرباط -سلا -القنيطرة","سيدي قاسم","الخنيشات","718","11279","PI","البشير السملالي","65369"
"الرباط -سلا -القنيطرة","سيدي قاسم","الخنيشات","718","11269","PI","صالح رحلي","51361"
"الرباط -سلا -القنيطرة","سيدي قاسم","الخنيشات","718","11269","PI","اسمهان سوردو","51391"
"الرباط -سلا -القنيطرة","سيدي قاسم","الخنيشات","718","11275","PI","بوعبيد بوعبيد","42316"
"الرباط -سلا -القنيطرة","سيدي قاسم","الخنيشات","718","11284","PI","مراد الحسني","41896"
"الرباط -سلا -القنيطرة","سيدي قاسم","الخنيشات","718","11280","PI","احمد شكربة","69343"
"الرباط -سلا -القنيطرة","سيدي قاسم","الخنيشات","718","11265","PI","منصف بوعبيد","43302"
"الرباط -سلا -القنيطرة","سيدي قاسم","الخنيشات","718","11265","PI","خديجة العيساوي","43353"
"الرباط -سلا -القنيطرة","سيدي قاسم","الخنيشات","718","11267","RNI","طارق شويبة","28096"
"الرباط -سلا -القنيطرة","سيدي قاسم","الخنيشات","718","11267","RNI","ضحى جكا","28143"
"الرباط -سلا -القنيطرة","سيدي قاسم","الخنيشات","718","11272","PI","حميد بوعبيد","48064"
"الرباط -سلا -القنيطرة","سيدي قاسم","الخنيشات","718","11271","PI","احمد البوشيبي","42635"
"الرباط -سلا -القنيطرة","سيدي قاسم","الخنيشات","718","11276","RNI","الصديق مذكور","41043"
"الرباط -سلا -القنيطرة","سيدي قاسم","الخنيشات","718","11278","PI","العربي احميمو","40664"
"الرباط -سلا -القنيطرة","سيدي قاسم","الخنيشات","718","11270","PAM","عبد العالي بوخالف","40271"
"الرباط -سلا -القنيطرة","سيدي قاسم","الخنيشات","718","11268","PI","عبد الجبار الحافظ","119675"
"الرباط -سلا -القنيطرة","سيدي قاسم","الخنيشات","718","11282","PI","ادريس بلخدير","41517"
"الرباط -سلا -القنيطرة","سيدي قاسم","الخنيشات","718","11273","PI","محمد البحراوي","65652"
"الرباط -سلا -القنيطرة","سيدي قاسم","الخنيشات","718","11281","PAM","محسين بلخدير","141583"
"الرباط -سلا -القنيطرة","سيدي قاسم","الخنيشات","718","11281","PAM","عزيزة الدراز","141727"
"الرباط -سلا -القنيطرة","سيدي قاسم","الخنيشات","718","11285","RNI","بنعيسى المسعودي","118286"
"الرباط -سلا -القنيطرة","سيدي قاسم","الخنيشات","718","11286","PI","احمد سعيدي","41647"
"الرباط -سلا -القنيطرة","سيدي قاسم","الخنيشات","718","11274","PI","محمد بنحمزة","42900"
"الرباط -سلا -القنيطرة","سيدي قاسم","الخنيشات","718","11264","RNI","احمد لشهب","28234"
"الرباط -سلا -القنيطرة","سيدي قاسم","الخنيشات","718","11277","USFP","الحسن ترك","51823"
"الرباط -سلا -القنيطرة","سيدي قاسم","انويرات","933","14767","USFP","محمد اكميل","81651"
"الرباط -سلا -القنيطرة","سيدي قاسم","انويرات","933","14767","USFP","فاطنة اكميل","81785"
"الرباط -سلا -القنيطرة","سيدي قاسم","انويرات","933","14760","USFP","رشيد لزعر","32684"
"الرباط -سلا -القنيطرة","سيدي قاسم","انويرات","933","14760","USFP","سناء المكي","32719"
"الرباط -سلا -القنيطرة","سيدي قاسم","انويرات","933","14765","USFP","عبد الوهاب   الشراط","70280"
"الرباط -سلا -القنيطرة","سيدي قاسم","انويرات","933","14765","USFP","لوبنا احريش","70352"
"الرباط -سلا -القنيطرة","سيدي قاسم","انويرات","933","14764","USFP","احمد الحيمر","118666"
"الرباط -سلا -القنيطرة","سيدي قاسم","انويرات","933","14764","USFP","سعاد الشايط","119098"
"الرباط -سلا -القنيطرة","سيدي قاسم","انويرات","933","14771","USFP","حسن الفرنة","12251"
"الرباط -سلا -القنيطرة","سيدي قاسم","انويرات","933","14762","USFP","بوسلهام جيللت","4324"
"الرباط -سلا -القنيطرة","سيدي قاسم","انويرات","933","14762","USFP","سوكينة الصويني","4418"
"الرباط -سلا -القنيطرة","سيدي قاسم","انويرات","933","14761","USFP","عبد الواحد بوعريب","11861"
"الرباط -سلا -القنيطرة","سيدي قاسم","انويرات","933","14774","USFP","سليمان حطاب","11377"
"الرباط -سلا -القنيطرة","سيدي قاسم","انويرات","933","14754","RNI","احمد العريشي","14565"
"الرباط -سلا -القنيطرة","سيدي قاسم","انويرات","933","14766","PI","عبد الاله العسال","37964"
"الرباط -سلا -القنيطرة","سيدي قاسم","انويرات","933","14756","USFP","محمد بالفرشي","26361"
"الرباط -سلا -القنيطرة","سيدي قاسم","انويرات","933","14768","USFP","عبد العالي حايدة","24285"
"الرباط -سلا -القنيطرة","سيدي قاسم","انويرات","933","14758","USFP","قاسم بلصفر","14812"
"الرباط -سلا -القنيطرة","سيدي قاسم","انويرات","933","14759","USFP","الدريويش فلاحي","130077"
"الرباط -سلا -القنيطرة","سيدي قاسم","انويرات","933","14757","RNI","الجلالي الهواس","1866"
"الرباط -سلا -القنيطرة","سيدي قاسم","انويرات","933","14763","USFP","قاسم السايغ","4947"
"الرباط -سلا -القنيطرة","سيدي قاسم","انويرات","933","14753","USFP","محمد عالي مصطافي","21364"
"الرباط -سلا -القنيطرة","سيدي قاسم","انويرات","933","14755","USFP","محمد قنديل","12741"
"الرباط -سلا -القنيطرة","سيدي قاسم","انويرات","933","14770","USFP","هشام لعسل","129975"
"الرباط -سلا -القنيطرة","سيدي قاسم","انويرات","933","14772","USFP","عبد الحق الكص","16761"
"الرباط -سلا -القنيطرة","سيدي قاسم","انويرات","933","14773","USFP","عبد النبي الحطابي","16227"
"الرباط -سلا -القنيطرة","سيدي قاسم","انويرات","933","14769","RNI","محمد قاوبع","133916"
"الرباط -سلا -القنيطرة","سيدي قاسم","انويرات","933","14775","MP","خليد الركراكي","164"
"الرباط -سلا -القنيطرة","سيدي قاسم","باب  تيوكا","279","4205","PI","رضوان العامري","109952"
"الرباط -سلا -القنيطرة","سيدي قاسم","باب  تيوكا","279","4205","PI","خديجة بنعزوز","110050"
"الرباط -سلا -القنيطرة","سيدي قاسم","باب  تيوكا","279","4198","PAM","رشيد بلكرواني","93525"
"الرباط -سلا -القنيطرة","سيدي قاسم","باب  تيوكا","279","4198","PAM","فاتحة الهراس","93578"
"الرباط -سلا -القنيطرة","سيدي قاسم","باب  تيوكا","279","4201","PAM","محمد كروم","123451"
"الرباط -سلا -القنيطرة","سيدي قاسم","باب  تيوكا","279","4201","PAM","خديجة بوخريصي","123592"
"الرباط -سلا -القنيطرة","سيدي قاسم","باب  تيوكا","279","4194","PI","عبد النبي محي","112860"
"الرباط -سلا -القنيطرة","سيدي قاسم","باب  تيوكا","279","4194","PI","سلمى ابرقاش","112963"
"الرباط -سلا -القنيطرة","سيدي قاسم","باب  تيوكا","279","4195","PI","عبد العالي الشباب","31091"
"الرباط -سلا -القنيطرة","سيدي قاسم","باب  تيوكا","279","4195","PI","فاطمة  اشباب","31104"
"الرباط -سلا -القنيطرة","سيدي قاسم","باب  تيوكا","279","4202","PAM","رشيد برحال","20093"
"الرباط -سلا -القنيطرة","سيدي قاسم","باب  تيوكا","279","4204","PAM","عبد النبي الفايق","120734"
"الرباط -سلا -القنيطرة","سيدي قاسم","باب  تيوكا","279","4196","PAM","عبد المنعيم علالي","35314"
"الرباط -سلا -القنيطرة","سيدي قاسم","باب  تيوكا","279","4193","PAM","محمد حجاج","20278"
"الرباط -سلا -القنيطرة","سيدي قاسم","باب  تيوكا","279","4200","PAM","مصطفى لحويدك","20201"
"الرباط -سلا -القنيطرة","سيدي قاسم","باب  تيوكا","279","4203","PAM","هشام  الدحموني","20318"
"الرباط -سلا -القنيطرة","سيدي قاسم","باب  تيوكا","279","4197","PAM","محمد بنطويمو","20255"
"الرباط -سلا -القنيطرة","سيدي قاسم","باب  تيوكا","279","4199","PAM","عبد الرزاق الفغلي","41776"
"الرباط -سلا -القنيطرة","سيدي قاسم","بني وال","356","5478","PAM","عبدالسلام بنكدور","58823"
"الرباط -سلا -القنيطرة","سيدي قاسم","بني وال","356","5478","PAM","سعيدة لخضر","58859"
"الرباط -سلا -القنيطرة","سيدي قاسم","بني وال","356","5474","RNI","مصطفى سمانة","37068"
"الرباط -سلا -القنيطرة","سيدي قاسم","بني وال","356","5477","RNI","المصطفى العروسي","135175"
"الرباط -سلا -القنيطرة","سيدي قاسم","بني وال","356","5473","PAM","عبد السلام  ابن اباجي ","91632"
"الرباط -سلا -القنيطرة","سيدي قاسم","بني وال","356","5473","PAM","ربيعة الطاهري","91720"
"الرباط -سلا -القنيطرة","سيدي قاسم","بني وال","356","5476","PAM","جلال الشيخ","89456"
"الرباط -سلا -القنيطرة","سيدي قاسم","بني وال","356","5476","PAM","نادية بنصغير","89572"
"الرباط -سلا -القنيطرة","سيدي قاسم","بني وال","356","5482","RNI","عبد الرزاق شيكر","35984"
"الرباط -سلا -القنيطرة","سيدي قاسم","بني وال","356","5482","RNI","رحيمة شرفي","36064"
"الرباط -سلا -القنيطرة","سيدي قاسم","بني وال","356","5481","RNI","مصطفى دريوش","37171"
"الرباط -سلا -القنيطرة","سيدي قاسم","بني وال","356","5472","RNI","محمد العفاني","22707"
"الرباط -سلا -القنيطرة","سيدي قاسم","بني وال","356","5480","RNI","جواد لحلو","85464"
"الرباط -سلا -القنيطرة","سيدي قاسم","بني وال","356","5475","PAM","بوبكر الغطاس","29537"
"الرباط -سلا -القنيطرة","سيدي قاسم","بني وال","356","5475","PAM","غزلان الشويخ","29613"
"الرباط -سلا -القنيطرة","سيدي قاسم","بني وال","356","5479","RNI","ادريس الشاكري","38010"
"الرباط -سلا -القنيطرة","سيدي قاسم","بير الطالب","307","4742","PAM","السعد ابن زروال","117675"
"الرباط -سلا -القنيطرة","سيدي قاسم","بير الطالب","307","4741","PAM","محمد الماحي","133600"
"الرباط -سلا -القنيطرة","سيدي قاسم","بير الطالب","307","4741","PAM","حياة حجيب","133848"
"الرباط -سلا -القنيطرة","سيدي قاسم","بير الطالب","307","4753","PAM","عبد اللطيف القرقوري","120094"
"الرباط -سلا -القنيطرة","سيدي قاسم","بير الطالب","307","4753","PAM","خديجة الحاجي","120275"
"الرباط -سلا -القنيطرة","سيدي قاسم","بير الطالب","307","4743","PAM","عزيز عرورو","121083"
"الرباط -سلا -القنيطرة","سيدي قاسم","بير الطالب","307","4743","PAM","خديجة القرشي","121208"
"الرباط -سلا -القنيطرة","سيدي قاسم","بير الطالب","307","4744","PAM","عبدالحنين بوعبيد","119379"
"الرباط -سلا -القنيطرة","سيدي قاسم","بير الطالب","307","4747","PAM","عبدالرحمان الخلطي","120513"
"الرباط -سلا -القنيطرة","سيدي قاسم","بير الطالب","307","4747","PAM","عزيزة الضاضي","120633"
"الرباط -سلا -القنيطرة","سيدي قاسم","بير الطالب","307","4746","PAM","عبد المجيد بن ابيه","117198"
"الرباط -سلا -القنيطرة","سيدي قاسم","بير الطالب","307","4746","PAM","سامية العشعوش","117338"
"الرباط -سلا -القنيطرة","سيدي قاسم","بير الطالب","307","4752","PAM","حسن النيوة","116929"
"الرباط -سلا -القنيطرة","سيدي قاسم","بير الطالب","307","4749","PAM","عبد الرحمان بلكاملة","119166"
"الرباط -سلا -القنيطرة","سيدي قاسم","بير الطالب","307","4745","PAM","السعيد قرشية","121578"
"الرباط -سلا -القنيطرة","سيدي قاسم","بير الطالب","307","4751","FFD","عبد المالك بنكرين","136172"
"الرباط -سلا -القنيطرة","سيدي قاسم","بير الطالب","307","4748","PAM","حميد بناصر","121390"
"الرباط -سلا -القنيطرة","سيدي قاسم","بير الطالب","307","4750","PAM","ادريس بلعامري","120951"
"الرباط -سلا -القنيطرة","سيدي قاسم","توغيلت","1382","21772","UC","بنعيسى عنيبات","117122"
"الرباط -سلا -القنيطرة","سيدي قاسم","توغيلت","1382","21772","UC","رحمة اشعيبي","117309"
"الرباط -سلا -القنيطرة","سيدي قاسم","توغيلت","1382","21773","PI","كريم غياتي","91970"
"الرباط -سلا -القنيطرة","سيدي قاسم","توغيلت","1382","21773","PI","بشرى الدبابي","92050"
"الرباط -سلا -القنيطرة","سيدي قاسم","توغيلت","1382","25512","MP","عبد النور حسون","3599"
"الرباط -سلا -القنيطرة","سيدي قاسم","توغيلت","1382","21766","UC","يوسف الفيلة","12953"
"الرباط -سلا -القنيطرة","سيدي قاسم","توغيلت","1382","21778","MP","عبد العزيز الراجي","3388"
"الرباط -سلا -القنيطرة","سيدي قاسم","توغيلت","1382","21766","UC","مريم المنصوري","13027"
"الرباط -سلا -القنيطرة","سيدي قاسم","توغيلت","1382","21778","MP","نعيمة الحمراوي","3460"
"الرباط -سلا -القنيطرة","سيدي قاسم","توغيلت","1382","21767","RNI","محمد مستقيم","16298"
"الرباط -سلا -القنيطرة","سيدي قاسم","توغيلت","1382","21769","RNI","حسان الهاروش","40562"
"الرباط -سلا -القنيطرة","سيدي قاسم","توغيلت","1382","21769","RNI","فضيلة الهاروش","40610"
"الرباط -سلا -القنيطرة","سيدي قاسم","توغيلت","1382","25513","PI","بنعيسى الكنوني","119917"
"الرباط -سلا -القنيطرة","سيدي قاسم","توغيلت","1382","21768","PAM","عبد الحق شكير","28489"
"الرباط -سلا -القنيطرة","سيدي قاسم","توغيلت","1382","21776","PI","حميد التاوري","135742"
"الرباط -سلا -القنيطرة","سيدي قاسم","توغيلت","1382","21770","PI","بدر طنان","90660"
"الرباط -سلا -القنيطرة","سيدي قاسم","توغيلت","1382","21774","PAM","عبد الهادي لهراوي","28337"
"الرباط -سلا -القنيطرة","سيدي قاسم","توغيلت","1382","21771","UC","رشيد الكزولي","65938"
"الرباط -سلا -القنيطرة","سيدي قاسم","توغيلت","1382","21775","PI","عماد جورة","42234"
"الرباط -سلا -القنيطرة","سيدي قاسم","توغيلت","1382","21777","MP","عبد الرزاق الخيراني","3531"
"الرباط -سلا -القنيطرة","سيدي قاسم","ثكنة","1415","22277","PAM","عبد الفتاح خربوش","41075"
"الرباط -سلا -القنيطرة","سيدي قاسم","ثكنة","1415","22277","PAM","رشيدة  الراشدي ","41179"
"الرباط -سلا -القنيطرة","سيدي قاسم","ثكنة","1415","22271","PAM","جمال بنخلوف","25710"
"الرباط -سلا -القنيطرة","سيدي قاسم","ثكنة","1415","22271","PAM","زهرة مشكور","25783"
"الرباط -سلا -القنيطرة","سيدي قاسم","ثكنة","1415","22273","PI","خالد بلميلودي","85662"
"الرباط -سلا -القنيطرة","سيدي قاسم","ثكنة","1415","22273","PI","تريا السباي","85718"
"الرباط -سلا -القنيطرة","سيدي قاسم","ثكنة","1415","22276","PAM","سعيد البوشيخي","18022"
"الرباط -سلا -القنيطرة","سيدي قاسم","ثكنة","1415","22269","PI","قاسم الرقبة","74995"
"الرباط -سلا -القنيطرة","سيدي قاسم","ثكنة","1415","22269","PI","سميرة فتحي","75110"
"الرباط -سلا -القنيطرة","سيدي قاسم","ثكنة","1415","22274","PAM","عزالدين زكاري","36187"
"الرباط -سلا -القنيطرة","سيدي قاسم","ثكنة","1415","22267","PAM","عبد الله القرفة","25231"
"الرباط -سلا -القنيطرة","سيدي قاسم","ثكنة","1415","22270","PAM","رشيد عوينتي","25302"
"الرباط -سلا -القنيطرة","سيدي قاسم","ثكنة","1415","22270","PAM","بشرى محب","25387"
"الرباط -سلا -القنيطرة","سيدي قاسم","ثكنة","1415","22272","PAM","جلول جلاوي","13505"
"الرباط -سلا -القنيطرة","سيدي قاسم","ثكنة","1415","22275","PI","مراد بنفريحة","25857"
"الرباط -سلا -القنيطرة","سيدي قاسم","ثكنة","1415","22268","PAM","رفيق زيزوني","13571"
"الرباط -سلا -القنيطرة","سيدي قاسم","جرف الملحة","688","27326","PPS","عز الدين فاش","144671"
"الرباط -سلا -القنيطرة","سيدي قاسم","جرف الملحة","688","27326","PPS","غزلان بوطالب","144743"
"الرباط -سلا -القنيطرة","سيدي قاسم","جرف الملحة","688","25493","UC","حسن الحنوني","73017"
"الرباط -سلا -القنيطرة","سيدي قاسم","جرف الملحة","688","25493","UC","كنزة مضمون","73075"
"الرباط -سلا -القنيطرة","سيدي قاسم","جرف الملحة","688","10766","UC","عبدالله لحيق","134020"
"الرباط -سلا -القنيطرة","سيدي قاسم","جرف الملحة","688","10771","USFP","عزيز الغواطي","62338"
"الرباط -سلا -القنيطرة","سيدي قاسم","جرف الملحة","688","10763","UC","وائل العباسي","50064"
"الرباط -سلا -القنيطرة","سيدي قاسم","جرف الملحة","688","25497","USFP","عبد الالاه الحاجي","17673"
"الرباط -سلا -القنيطرة","سيدي قاسم","جرف الملحة","688","25497","USFP","بدرة بنخي","17705"
"الرباط -سلا -القنيطرة","سيدي قاسم","جرف الملحة","688","25490","USFP","محمد كلي","16785"
"الرباط -سلا -القنيطرة","سيدي قاسم","جرف الملحة","688","25491","PPS","عادل بنعدي","5038"
"الرباط -سلا -القنيطرة","سيدي قاسم","جرف الملحة","688","25496","RNI","هشام اودينة","102579"
"الرباط -سلا -القنيطرة","سيدي قاسم","جرف الملحة","688","25494","UC","عبد الرحمان حرفي","16172"
"الرباط -سلا -القنيطرة","سيدي قاسم","جرف الملحة","688","25494","UC","رانية حرفي","30129"
"الرباط -سلا -القنيطرة","سيدي قاسم","جرف الملحة","688","10760","UC","فريد حرفي","107237"
"الرباط -سلا -القنيطرة","سيدي قاسم","جرف الملحة","688","10770","PPS","المصطفى بوليقين","4079"
"الرباط -سلا -القنيطرة","سيدي قاسم","جرف الملحة","688","27327","UC","محمد الشباب","93584"
"الرباط -سلا -القنيطرة","سيدي قاسم","جرف الملحة","688","10761","USFP","عبدالسلام عبدالي","285"
"الرباط -سلا -القنيطرة","سيدي قاسم","جرف الملحة","688","25489","UC","عبد السلام بوعزيزي","140944"
"الرباط -سلا -القنيطرة","سيدي قاسم","جرف الملحة","688","25489","UC","فاطمة بالفقيه","140997"
"الرباط -سلا -القنيطرة","سيدي قاسم","جرف الملحة","688","25488","USFP","محمد الحمراوي","81248"
"الرباط -سلا -القنيطرة","سيدي قاسم","جرف الملحة","688","10762","UC","شفيق قيباش","26624"
"الرباط -سلا -القنيطرة","سيدي قاسم","جرف الملحة","688","10764","UC","الشريف هيطار","28735"
"الرباط -سلا -القنيطرة","سيدي قاسم","جرف الملحة","688","10772","UC","خالد الصباغي","141489"
"الرباط -سلا -القنيطرة","سيدي قاسم","جرف الملحة","688","25495","RNI","رشيد معروفي","146074"
"الرباط -سلا -القنيطرة","سيدي قاسم","جرف الملحة","688","10765","PPS","حسن البحتوري","4639"
"الرباط -سلا -القنيطرة","سيدي قاسم","جرف الملحة","688","10768","UC","فؤاد بونوار","27368"
"الرباط -سلا -القنيطرة","سيدي قاسم","جرف الملحة","688","10767","USFP","حفيظ بوطبى","28892"
"الرباط -سلا -القنيطرة","سيدي قاسم","جرف الملحة","688","25492","USFP","رشيد عبة","81523"
"الرباط -سلا -القنيطرة","سيدي قاسم","جرف الملحة","688","10769","PPS","سعيد عزوزي","4011"
"الرباط -سلا -القنيطرة","سيدي قاسم","دار العسلوجي","458","7112","MP","سلام الضيفي","23962"
"الرباط -سلا -القنيطرة","سيدي قاسم","دار العسلوجي","458","7112","MP","اشراق  ازعيبلة ","24077"
"الرباط -سلا -القنيطرة","سيدي قاسم","دار العسلوجي","458","7119","MP","رضوان قطاسي","20948"
"الرباط -سلا -القنيطرة","سيدي قاسم","دار العسلوجي","458","7119","MP","خولة قطاسي","20985"
"الرباط -سلا -القنيطرة","سيدي قاسم","دار العسلوجي","458","7111","MP","عبد السلام اعميمي","21160"
"الرباط -سلا -القنيطرة","سيدي قاسم","دار العسلوجي","458","7111","MP","حكيمة الشرويطي","21220"
"الرباط -سلا -القنيطرة","سيدي قاسم","دار العسلوجي","458","7108","PAM","بوقنادل رزاق","80274"
"الرباط -سلا -القنيطرة","سيدي قاسم","دار العسلوجي","458","7108","PAM","الدريسية عريان الراس","80374"
"الرباط -سلا -القنيطرة","سيدي قاسم","دار العسلوجي","458","25487","RNI","ميلود البرجي","61726"
"الرباط -سلا -القنيطرة","سيدي قاسم","دار العسلوجي","458","7126","USFP","سعيد الهيداني","79379"
"الرباط -سلا -القنيطرة","سيدي قاسم","دار العسلوجي","458","7114","MP","بوسلهام احبيش","214"
"الرباط -سلا -القنيطرة","سيدي قاسم","دار العسلوجي","458","7117","MP","ادريس الشباني","49308"
"الرباط -سلا -القنيطرة","سيدي قاسم","دار العسلوجي","458","7105","RNI","سليمان رباحي","72995"
"الرباط -سلا -القنيطرة","سيدي قاسم","دار العسلوجي","458","7105","RNI","نزهة العكابي","73084"
"الرباط -سلا -القنيطرة","سيدي قاسم","دار العسلوجي","458","7104","RNI","بنقاسم مساعيف","60295"
"الرباط -سلا -القنيطرة","سيدي قاسم","دار العسلوجي","458","7121","PI","ادريس الكيسي ","118726"
"الرباط -سلا -القنيطرة","سيدي قاسم","دار العسلوجي","458","7118","MP","بنعيسى  ازطية ","2232"
"الرباط -سلا -القنيطرة","سيدي قاسم","دار العسلوجي","458","7106","RNI","عبد الله الغائب","82047"
"الرباط -سلا -القنيطرة","سيدي قاسم","دار العسلوجي","458","7124","USFP","سعيد بن شباك","1143"
"الرباط -سلا -القنيطرة","سيدي قاسم","دار العسلوجي","458","7113","MP","محمد اشرايق","1325"
"الرباط -سلا -القنيطرة","سيدي قاسم","دار العسلوجي","458","7120","MP","ادريس شومة","71"
"الرباط -سلا -القنيطرة","سيدي قاسم","دار العسلوجي","458","7116","PI","سعيد الاتراسي","112866"
"الرباط -سلا -القنيطرة","سيدي قاسم","دار العسلوجي","458","7109","PI","رشيد بردي","111576"
"الرباط -سلا -القنيطرة","سيدي قاسم","دار العسلوجي","458","7123","MP","ادريس اعبيدة","320"
"الرباط -سلا -القنيطرة","سيدي قاسم","دار العسلوجي","458","7110","MP","يونس بوودن","394"
"الرباط -سلا -القنيطرة","سيدي قاسم","دار العسلوجي","458","7122","PJD","حميد رباح","37620"
"الرباط -سلا -القنيطرة","سيدي قاسم","دار العسلوجي","458","7115","UC","عبد السلام ازباط","35432"
"الرباط -سلا -القنيطرة","سيدي قاسم","دار العسلوجي","458","7125","MP","محمد بوعسرية","23799"
"الرباط -سلا -القنيطرة","سيدي قاسم","دار العسلوجي","458","25486","UC","ادريس المستاري","35215"
"الرباط -سلا -القنيطرة","سيدي قاسم","دار العسلوجي","458","7107","MP","ادريس الروكي","22780"
"الرباط -سلا -القنيطرة","سيدي قاسم","دارالكداري","456","7083","MP","عبد الاله بوزيان","87"
"الرباط -سلا -القنيطرة","سيدي قاسم","دارالكداري","456","7083","MP","حليمة برك","138"
"الرباط -سلا -القنيطرة","سيدي قاسم","دارالكداري","456","7082","MP","محمد مليكي","9"
"الرباط -سلا -القنيطرة","سيدي قاسم","دارالكداري","456","7085","MP","عبد النبي عيدودي","12276"
"الرباط -سلا -القنيطرة","سيدي قاسم","دارالكداري","456","7084","MP","الجيلالي الحبز","176"
"الرباط -سلا -القنيطرة","سيدي قاسم","دارالكداري","456","7084","MP","سارة اخواش","206"
"الرباط -سلا -القنيطرة","سيدي قاسم","دارالكداري","456","7089","RNI","خليل لهلالية","33608"
"الرباط -سلا -القنيطرة","سيدي قاسم","دارالكداري","456","7092","MP","علاء الدين بوطبسيل","17228"
"الرباط -سلا -القنيطرة","سيدي قاسم","دارالكداري","456","7090","MP","عبد اللطيف اسريصح","441"
"الرباط -سلا -القنيطرة","سيدي قاسم","دارالكداري","456","7090","MP","دنيا الحبيب","478"
"الرباط -سلا -القنيطرة","سيدي قاسم","دارالكداري","456","7087","PAM","بنعيسى بباص","64157"
"الرباط -سلا -القنيطرة","سيدي قاسم","دارالكداري","456","7087","PAM","ابتسام بوربعة","64227"
"الرباط -سلا -القنيطرة","سيدي قاسم","دارالكداري","456","7088","MP","احمد الحبز","313"
"الرباط -سلا -القنيطرة","سيدي قاسم","دارالكداري","456","7088","MP","فوزية رموح","342"
"الرباط -سلا -القنيطرة","سيدي قاسم","دارالكداري","456","7086","MP","عبد القادر العموري","242"
"الرباط -سلا -القنيطرة","سيدي قاسم","دارالكداري","456","7091","MP","عبد اللطيف الحربيلي","516"
"الرباط -سلا -القنيطرة","سيدي قاسم","زكوطة","1513","23675","PAM","عبد العالي الحمن","69775"
"الرباط -سلا -القنيطرة","سيدي قاسم","زكوطة","1513","23675","PAM","السعدية الزياني","69889"
"الرباط -سلا -القنيطرة","سيدي قاسم","زكوطة","1513","23674","PPS","الهاشمي زيفر","89287"
"الرباط -سلا -القنيطرة","سيدي قاسم","زكوطة","1513","23674","PPS","سهيلة روان","89369"
"الرباط -سلا -القنيطرة","سيدي قاسم","زكوطة","1513","23669","PI","اعلي العوباق","107811"
"الرباط -سلا -القنيطرة","سيدي قاسم","زكوطة","1513","23669","PI","عتيقة البرنوصي","107934"
"الرباط -سلا -القنيطرة","سيدي قاسم","زكوطة","1513","23677","PPS","الحسن شهبوني","35990"
"الرباط -سلا -القنيطرة","سيدي قاسم","زكوطة","1513","23677","PPS","وهيبة عزوزي","36048"
"الرباط -سلا -القنيطرة","سيدي قاسم","زكوطة","1513","23668","PAM","عبد الرحيم بلمصدق","50211"
"الرباط -سلا -القنيطرة","سيدي قاسم","زكوطة","1513","23668","PAM","مريم بالعيوج","50303"
"الرباط -سلا -القنيطرة","سيدي قاسم","زكوطة","1513","23666","PAM","عبد العالي مهيدية","133263"
"الرباط -سلا -القنيطرة","سيدي قاسم","زكوطة","1513","23671","PAM","حميد أبوحمزة    ","26420"
"الرباط -سلا -القنيطرة","سيدي قاسم","زكوطة","1513","23676","PPS","محمد رامو","15828"
"الرباط -سلا -القنيطرة","سيدي قاسم","زكوطة","1513","23667","PAM","سمير مهيدية","69326"
"الرباط -سلا -القنيطرة","سيدي قاسم","زكوطة","1513","23672","PPS","عبد النبي سليكان","161780"
"الرباط -سلا -القنيطرة","سيدي قاسم","زكوطة","1513","23670","PPS","سعيد شراد","71196"
"الرباط -سلا -القنيطرة","سيدي قاسم","زكوطة","1513","23665","PAM","ابراهيم المنصيفي","38863"
"الرباط -سلا -القنيطرة","سيدي قاسم","زكوطة","1513","23673","PPS","عبد اللطيف الشبيهي","25349"
"الرباط -سلا -القنيطرة","سيدي قاسم","زيرارة","1539","24103","RNI","الطيب عزاوي","55427"
"الرباط -سلا -القنيطرة","سيدي قاسم","زيرارة","1539","24094","RNI","ادريس كناه","94942"
"الرباط -سلا -القنيطرة","سيدي قاسم","زيرارة","1539","24094","RNI","نهيلة زلال","95174"
"الرباط -سلا -القنيطرة","سيدي قاسم","زيرارة","1539","24092","RNI","الزاكي الطالب","53295"
"الرباط -سلا -القنيطرة","سيدي قاسم","زيرارة","1539","24092","RNI","سميرة العسري","53386"
"الرباط -سلا -القنيطرة","سيدي قاسم","زيرارة","1539","25519","RNI","عزيز حومير","76673"
"الرباط -سلا -القنيطرة","سيدي قاسم","زيرارة","1539","24095","RNI","محمد بلحسن","28861"
"الرباط -سلا -القنيطرة","سيدي قاسم","زيرارة","1539","24095","RNI","مليكة مويح","29025"
"الرباط -سلا -القنيطرة","سيدي قاسم","زيرارة","1539","24091","RNI","يوسف حميش","35766"
"الرباط -سلا -القنيطرة","سيدي قاسم","زيرارة","1539","24091","RNI","حورية بنزدودو","35817"
"الرباط -سلا -القنيطرة","سيدي قاسم","زيرارة","1539","24100","PAM","عبد الخالق الزكلامي","115917"
"الرباط -سلا -القنيطرة","سيدي قاسم","زيرارة","1539","24093","RNI","فؤاد زويهرة","35453"
"الرباط -سلا -القنيطرة","سيدي قاسم","زيرارة","1539","24093","RNI","وجدان السرغيني ","35628"
"الرباط -سلا -القنيطرة","سيدي قاسم","زيرارة","1539","24102","RNI","محمد ناصيري","149375"
"الرباط -سلا -القنيطرة","سيدي قاسم","زيرارة","1539","24096","RNI","حاميد بنهماد","29280"
"الرباط -سلا -القنيطرة","سيدي قاسم","زيرارة","1539","24098","RNI","يوسف عطاط","121752"
"الرباط -سلا -القنيطرة","سيدي قاسم","زيرارة","1539","24099","RNI","رشيد اسعيدي","121865"
"الرباط -سلا -القنيطرة","سيدي قاسم","زيرارة","1539","24101","RNI","رشيد كمال","55501"
"الرباط -سلا -القنيطرة","سيدي قاسم","زيرارة","1539","24104","PAM","حكيم الفقير","120012"
"الرباط -سلا -القنيطرة","سيدي قاسم","زيرارة","1539","25518","RNI","احمد الداودي","29133"
"الرباط -سلا -القنيطرة","سيدي قاسم","زيرارة","1539","24097","PAM","فهد بلعياش","121498"
"الرباط -سلا -القنيطرة","سيدي قاسم","زيرارة","1539","25516","PAM","عثمان الحاضي","120892"
"الرباط -سلا -القنيطرة","سيدي قاسم","زيرارة","1539","25521","RNI","حميد لوعبادي","121612"
"الرباط -سلا -القنيطرة","سيدي قاسم","زيرارة","1539","25517","RNI","مراد المنصوري","76733"
"الرباط -سلا -القنيطرة","سيدي قاسم","زيرارة","1539","25520","RNI","طارق هليلة","29368"
"الرباط -سلا -القنيطرة","سيدي قاسم","زيرارة","1539","24105","RNI","سفيان الناجي","91303"
"الرباط -سلا -القنيطرة","سيدي قاسم","زيرارة","1539","25523","RNI","حمزة بادي","90494"
"الرباط -سلا -القنيطرة","سيدي قاسم","زيرارة","1539","25522","RNI","الخليفي لعظم","76464"
"الرباط -سلا -القنيطرة","سيدي قاسم","سلفات","1134","17949","PI","عزيز لبيض","87323"
"الرباط -سلا -القنيطرة","سيدي قاسم","سلفات","1134","17949","PI","دنيا الوالي","87443"
"الرباط -سلا -القنيطرة","سيدي قاسم","سلفات","1134","17943","PI","هشام بنهلال","72091"
"الرباط -سلا -القنيطرة","سيدي قاسم","سلفات","1134","17943","PI","امينة الحديديوي","72159"
"الرباط -سلا -القنيطرة","سيدي قاسم","سلفات","1134","17942","UC","عبد الله بالقاضي","89705"
"الرباط -سلا -القنيطرة","سيدي قاسم","سلفات","1134","17942","UC","الضاوية لشهب","89789"
"الرباط -سلا -القنيطرة","سيدي قاسم","سلفات","1134","17940","PI","عبد الفتاح بوطة","88492"
"الرباط -سلا -القنيطرة","سيدي قاسم","سلفات","1134","17947","PI","عبد الهادي العباسي","64326"
"الرباط -سلا -القنيطرة","سيدي قاسم","سلفات","1134","17947","PI","سعيدة المعزوزي","64420"
"الرباط -سلا -القنيطرة","سيدي قاسم","سلفات","1134","17945","PAM","عبد العالي التجاني","36705"
"الرباط -سلا -القنيطرة","سيدي قاسم","سلفات","1134","17944","PI","عبدالله قرواش","90572"
"الرباط -سلا -القنيطرة","سيدي قاسم","سلفات","1134","17944","PI","سعيدة قرباشة","90752"
"الرباط -سلا -القنيطرة","سيدي قاسم","سلفات","1134","17946","PI","عمر الحافظ","88128"
"الرباط -سلا -القنيطرة","سيدي قاسم","سلفات","1134","17938","PAM","عبد الرحمان الوقيد","52351"
"الرباط -سلا -القنيطرة","سيدي قاسم","سلفات","1134","17948","MP","نورالدين الركراكي","136706"
"الرباط -سلا -القنيطرة","سيدي قاسم","سلفات","1134","17939","PAM","احمد الكامل","36505"
"الرباط -سلا -القنيطرة","سيدي قاسم","سلفات","1134","17950","PI","محمد علوات","64784"
"الرباط -سلا -القنيطرة","سيدي قاسم","سلفات","1134","17941","PI","رشيد قرواش","73299"
"الرباط -سلا -القنيطرة","سيدي قاسم","سيدي احمد بنعيسى","1160","18352","RNI","عبد الرحمان علول","21994"
"الرباط -سلا -القنيطرة","سيدي قاسم","سيدي احمد بنعيسى","1160","18352","RNI","ازهور الهيرور","22053"
"الرباط -سلا -القنيطرة","سيدي قاسم","سيدي احمد بنعيسى","1160","18353","MP","عبد السلام المناوي","12475"
"الرباط -سلا -القنيطرة","سيدي قاسم","سيدي احمد بنعيسى","1160","18353","MP","سكينة الحداد","12535"
"الرباط -سلا -القنيطرة","سيدي قاسم","سيدي احمد بنعيسى","1160","18345","MP","نجاة الجى محمد","18647"
"الرباط -سلا -القنيطرة","سيدي قاسم","سيدي احمد بنعيسى","1160","18345","MP","صفية  العزوزي","12191"
"الرباط -سلا -القنيطرة","سيدي قاسم","سيدي احمد بنعيسى","1160","18348","PI","عبد الرحيم الدشراوي","34244"
"الرباط -سلا -القنيطرة","سيدي قاسم","سيدي احمد بنعيسى","1160","18348","PI","منية خربوش","34341"
"الرباط -سلا -القنيطرة","سيدي قاسم","سيدي احمد بنعيسى","1160","18346","MP","عزوز الورغي","6839"
"الرباط -سلا -القنيطرة","سيدي قاسم","سيدي احمد بنعيسى","1160","18350","PI","محمد الزراري","107659"
"الرباط -سلا -القنيطرة","سيدي قاسم","سيدي احمد بنعيسى","1160","18350","PI","عتيقة بلهاشمي","107823"
"الرباط -سلا -القنيطرة","سيدي قاسم","سيدي احمد بنعيسى","1160","18356","RNI","الحبيب اخليل","15292"
"الرباط -سلا -القنيطرة","سيدي قاسم","سيدي احمد بنعيسى","1160","18349","PI","محمد الزهراوي","105598"
"الرباط -سلا -القنيطرة","سيدي قاسم","سيدي احمد بنعيسى","1160","18344","MP","بوسلهام بوحاجة","1588"
"الرباط -سلا -القنيطرة","سيدي قاسم","سيدي احمد بنعيسى","1160","18347","MP","الحسين ارحيمي","1665"
"الرباط -سلا -القنيطرة","سيدي قاسم","سيدي احمد بنعيسى","1160","18351","RNI","محمد الخلوفي","14896"
"الرباط -سلا -القنيطرة","سيدي قاسم","سيدي احمد بنعيسى","1160","18354","MP","عزيز القماحي","37579"
"الرباط -سلا -القنيطرة","سيدي قاسم","سيدي احمد بنعيسى","1160","18355","RNI","اجميل الغيلاسي","5913"
"الرباط -سلا -القنيطرة","سيدي قاسم","سيدي اعمر الحاضي","1183","18677","PAM","عبد السلام المعيتيق","48204"
"الرباط -سلا -القنيطرة","سيدي قاسم","سيدي اعمر الحاضي","1183","18677","PAM","حكيمة المعيتيق","48448"
"الرباط -سلا -القنيطرة","سيدي قاسم","سيدي اعمر الحاضي","1183","18671","RNI","محمد بوفريمة","33435"
"الرباط -سلا -القنيطرة","سيدي قاسم","سيدي اعمر الحاضي","1183","18671","RNI","شادية اكحيلة","33557"
"الرباط -سلا -القنيطرة","سيدي قاسم","سيدي اعمر الحاضي","1183","18681","RNI","جواد حمادي","35829"
"الرباط -سلا -القنيطرة","سيدي قاسم","سيدي اعمر الحاضي","1183","18681","RNI","إحسان العاتي","35959"
"الرباط -سلا -القنيطرة","سيدي قاسم","سيدي اعمر الحاضي","1183","18675","RNI","فؤاد قصور","59787"
"الرباط -سلا -القنيطرة","سيدي قاسم","سيدي اعمر الحاضي","1183","18675","RNI","نادية الدكرة","59879"
"الرباط -سلا -القنيطرة","سيدي قاسم","سيدي اعمر الحاضي","1183","18682","RNI","عبد الرحمان لعموري","59298"
"الرباط -سلا -القنيطرة","سيدي قاسم","سيدي اعمر الحاضي","1183","18676","PAM","منصف بن حميدو","26447"
"الرباط -سلا -القنيطرة","سيدي قاسم","سيدي اعمر الحاضي","1183","18676","PAM","خديجة ملال","26529"
"الرباط -سلا -القنيطرة","سيدي قاسم","سيدي اعمر الحاضي","1183","18678","RNI","بوشتى بوتميم","642"
"الرباط -سلا -القنيطرة","سيدي قاسم","سيدي اعمر الحاضي","1183","18674","RNI","عبد الاله اكريش","105067"
"الرباط -سلا -القنيطرة","سيدي قاسم","سيدي اعمر الحاضي","1183","18683","MP","عبد الرحمان المخ","36173"
"الرباط -سلا -القنيطرة","سيدي قاسم","سيدي اعمر الحاضي","1183","18680","PAM","ابراهيم الغازي","51650"
"الرباط -سلا -القنيطرة","سيدي قاسم","سيدي اعمر الحاضي","1183","18672","RNI","المصطفى الزازي","84600"
"الرباط -سلا -القنيطرة","سيدي قاسم","سيدي اعمر الحاضي","1183","18679","RNI","بوشتى العنصلي","9273"
"الرباط -سلا -القنيطرة","سيدي قاسم","سيدي اعمر الحاضي","1183","18673","RNI","عبد العزيز السعيدي","481"
"الرباط -سلا -القنيطرة","سيدي قاسم","سيدي الكامل","1172","18515","RNI","عبد اللطيف السحابي","32703"
"الرباط -سلا -القنيطرة","سيدي قاسم","سيدي الكامل","1172","18516","PJD","عبد اللطيف لحرش","24598"
"الرباط -سلا -القنيطرة","سيدي قاسم","سيدي الكامل","1172","18516","PJD","منار غردة","24702"
"الرباط -سلا -القنيطرة","سيدي قاسم","سيدي الكامل","1172","18517","USFP","ادريس اجغيدر","72303"
"الرباط -سلا -القنيطرة","سيدي قاسم","سيدي الكامل","1172","18512","USFP","عبدالله كالة","70438"
"الرباط -سلا -القنيطرة","سيدي قاسم","سيدي الكامل","1172","18512","USFP","خديجة حلة","70519"
"الرباط -سلا -القنيطرة","سيدي قاسم","سيدي الكامل","1172","18518","USFP","عبد القادر عيي","69763"
"الرباط -سلا -القنيطرة","سيدي قاسم","سيدي الكامل","1172","18518","USFP","حياة ابو العزائم","69895"
"الرباط -سلا -القنيطرة","سيدي قاسم","سيدي الكامل","1172","18528","RNI","الهادي الركراكي","61463"
"الرباط -سلا -القنيطرة","سيدي قاسم","سيدي الكامل","1172","18526","RNI","محمد الشويني","25176"
"الرباط -سلا -القنيطرة","سيدي قاسم","سيدي الكامل","1172","18519","RNI","هشام العروي","22508"
"الرباط -سلا -القنيطرة","سيدي قاسم","سيدي الكامل","1172","18527","UC","سعيد كريكر","76784"
"الرباط -سلا -القنيطرة","سيدي قاسم","سيدي الكامل","1172","18527","UC","خديجة كريكر","98223"
"الرباط -سلا -القنيطرة","سيدي قاسم","سيدي الكامل","1172","18532","RNI","خالد المنجاوي","39877"
"الرباط -سلا -القنيطرة","سيدي قاسم","سيدي الكامل","1172","18533","RNI","لحبيب العبد","70111"
"الرباط -سلا -القنيطرة","سيدي قاسم","سيدي الكامل","1172","18522","PI","عبدالعالي الغداوي","106832"
"الرباط -سلا -القنيطرة","سيدي قاسم","سيدي الكامل","1172","18522","PI","اسية الغداوي","107205"
"الرباط -سلا -القنيطرة","سيدي قاسم","سيدي الكامل","1172","18525","RNI"," عبدالله  المصباحي","61751"
"الرباط -سلا -القنيطرة","سيدي قاسم","سيدي الكامل","1172","18514","USFP","ادريس القادري","23533"
"الرباط -سلا -القنيطرة","سيدي قاسم","سيدي الكامل","1172","18513","RNI","جلول قلوز","34934"
"الرباط -سلا -القنيطرة","سيدي قاسم","سيدي الكامل","1172","18524","MP","مراد اشلبيط ","3570"
"الرباط -سلا -القنيطرة","سيدي قاسم","سيدي الكامل","1172","18534","RNI","عبد الرحمان الشتيوي","29618"
"الرباط -سلا -القنيطرة","سيدي قاسم","سيدي الكامل","1172","18531","UC","التهامي شعوب","21381"
"الرباط -سلا -القنيطرة","سيدي قاسم","سيدي الكامل","1172","18520","RNI","امحمد الحراتي","84538"
"الرباط -سلا -القنيطرة","سيدي قاسم","سيدي الكامل","1172","18523","MP","محمد مينطو","865"
"الرباط -سلا -القنيطرة","سيدي قاسم","سيدي الكامل","1172","18521","PI","الحسين لمطبق","131737"
"الرباط -سلا -القنيطرة","سيدي قاسم","سيدي الكامل","1172","25511","RNI","عبد الرحمان الرواني","37395"
"الرباط -سلا -القنيطرة","سيدي قاسم","سيدي الكامل","1172","25510","PAM","محمد مرحباني","118662"
"الرباط -سلا -القنيطرة","سيدي قاسم","سيدي الكامل","1172","18530","USFP","الميلودي الكيواني","23662"
"الرباط -سلا -القنيطرة","سيدي قاسم","سيدي الكامل","1172","18529","USFP","نور الدين المومن","80245"
"الرباط -سلا -القنيطرة","سيدي قاسم","سيدي امحمد الشلح","1250","19731","PI","رشيد الادريسي","27711"
"الرباط -سلا -القنيطرة","سيدي قاسم","سيدي امحمد الشلح","1250","19731","PI","أمينة بلخير","27768"
"الرباط -سلا -القنيطرة","سيدي قاسم","سيدي امحمد الشلح","1250","19729","MP","احمد   دام","8712"
"الرباط -سلا -القنيطرة","سيدي قاسم","سيدي امحمد الشلح","1250","19729","MP","اميمة الهزيطي","8749"
"الرباط -سلا -القنيطرة","سيدي قاسم","سيدي امحمد الشلح","1250","19732","PI","عبد السلام معروف","27551"
"الرباط -سلا -القنيطرة","سيدي قاسم","سيدي امحمد الشلح","1250","19732","PI","زازية البويحياوي الادريسي","27630"
"الرباط -سلا -القنيطرة","سيدي قاسم","سيدي امحمد الشلح","1250","19733","PI","حفيظ الشبابي","28105"
"الرباط -سلا -القنيطرة","سيدي قاسم","سيدي امحمد الشلح","1250","19724","PI","احمد بوشيخي","60018"
"الرباط -سلا -القنيطرة","سيدي قاسم","سيدي امحمد الشلح","1250","19728","RNI","الحسان الراية","63336"
"الرباط -سلا -القنيطرة","سيدي قاسم","سيدي امحمد الشلح","1250","19734","PAM","ادريس عبسات","49305"
"الرباط -سلا -القنيطرة","سيدي قاسم","سيدي امحمد الشلح","1250","19734","PAM","فاطمة الغيتي","49422"
"الرباط -سلا -القنيطرة","سيدي قاسم","سيدي امحمد الشلح","1250","19725","MP","منعم كرافسي","9102"
"الرباط -سلا -القنيطرة","سيدي قاسم","سيدي امحمد الشلح","1250","19726","PAM","هشام غراف","127585"
"الرباط -سلا -القنيطرة","سيدي قاسم","سيدي امحمد الشلح","1250","19730","UC","عبد الموجيب شفيق","127111"
"الرباط -سلا -القنيطرة","سيدي قاسم","سيدي امحمد الشلح","1250","27324","PJD","محمد لوطف الله","39250"
"الرباط -سلا -القنيطرة","سيدي قاسم","سيدي امحمد الشلح","1250","27324","PJD","عواطف  لقطب","39323"
"الرباط -سلا -القنيطرة","سيدي قاسم","سيدي امحمد الشلح","1250","27325","PAM","ادريس البوق","42702"
"الرباط -سلا -القنيطرة","سيدي قاسم","سيدي امحمد الشلح","1250","19727","MP","رشيد  اسحيسح","8874"
"الرباط -سلا -القنيطرة","سيدي قاسم","سيدي عزوز","1184","18690","RNI","عبد اللطيف اقويدر","131393"
"الرباط -سلا -القنيطرة","سيدي قاسم","سيدي عزوز","1184","18690","RNI","سكينة الدحماني","131592"
"الرباط -سلا -القنيطرة","سيدي قاسم","سيدي عزوز","1184","18694","RNI","ميلود المنتصر","35888"
"الرباط -سلا -القنيطرة","سيدي قاسم","سيدي عزوز","1184","18694","RNI","حفصة الحروشي","35952"
"الرباط -سلا -القنيطرة","سيدي قاسم","سيدي عزوز","1184","18692","PJD","عبدالله المصباحي","38946"
"الرباط -سلا -القنيطرة","سيدي قاسم","سيدي عزوز","1184","18698","RNI","احمد زعبول","21525"
"الرباط -سلا -القنيطرة","سيدي قاسم","سيدي عزوز","1184","18695","RNI","عبد الاله رمان","36397"
"الرباط -سلا -القنيطرة","سيدي قاسم","سيدي عزوز","1184","18693","PJD","سمير شهيد","38683"
"الرباط -سلا -القنيطرة","سيدي قاسم","سيدي عزوز","1184","18693","PJD","رحمة شهيد","38759"
"الرباط -سلا -القنيطرة","سيدي قاسم","سيدي عزوز","1184","18695","RNI","فاطمة حبوب","36465"
"الرباط -سلا -القنيطرة","سيدي قاسم","سيدي عزوز","1184","18691","RNI","قاسم بونوار","13837"
"الرباط -سلا -القنيطرة","سيدي قاسم","سيدي عزوز","1184","18684","RNI","عز الدين  اليديني","29075"
"الرباط -سلا -القنيطرة","سيدي قاسم","سيدي عزوز","1184","18684","RNI","وئام اليديني","29138"
"الرباط -سلا -القنيطرة","سيدي قاسم","سيدي عزوز","1184","18686","PAM","عبد الكبير سبار","111917"
"الرباط -سلا -القنيطرة","سيدي قاسم","سيدي عزوز","1184","18697","RNI","احمد  البكري","37034"
"الرباط -سلا -القنيطرة","سيدي قاسم","سيدي عزوز","1184","18685","RNI","جمال الكراح","28601"
"الرباط -سلا -القنيطرة","سيدي قاسم","سيدي عزوز","1184","18696","RNI","الحسين بعليط","32778"
"الرباط -سلا -القنيطرة","سيدي قاسم","سيدي عزوز","1184","18688","RNI","حميد العمراني","28425"
"الرباط -سلا -القنيطرة","سيدي قاسم","سيدي عزوز","1184","18687","PAM","خليد دحاني","24612"
"الرباط -سلا -القنيطرة","سيدي قاسم","سيدي عزوز","1184","18689","PAM","عبد العالي صبري","25696"
"الرباط -سلا -القنيطرة","سيدي قاسم","سيدي قاسم","1241","25086","PAM","بنعيسى ابن زروال","129412"
"الرباط -سلا -القنيطرة","سيدي قاسم","سيدي قاسم","1241","25086","PAM","اخناتة حجيب","129566"
"الرباط -سلا -القنيطرة","سيدي قاسم","سيدي قاسم","1241","25086","PAM","محمد حواش","129422"
"الرباط -سلا -القنيطرة","سيدي قاسم","سيدي قاسم","1241","25086","PAM","هند بلعسري","129570"
"الرباط -سلا -القنيطرة","سيدي قاسم","سيدي قاسم","1241","25086","PAM","احمد حجاج","129432"
"الرباط -سلا -القنيطرة","سيدي قاسم","سيدي قاسم","1241","25086","PAM","عادل بنحيمود","129437"
"الرباط -سلا -القنيطرة","سيدي قاسم","سيدي قاسم","1241","25086","PI","عبد الله الحافظ","160890"
"الرباط -سلا -القنيطرة","سيدي قاسم","سيدي قاسم","1241","25086","PI","حياة الدوماني","160789"
"الرباط -سلا -القنيطرة","سيدي قاسم","سيدي قاسم","1241","25086","PI","محمد الحافظ","160953"
"الرباط -سلا -القنيطرة","سيدي قاسم","سيدي قاسم","1241","25086","PI","فاطمة عزيزي","160874"
"الرباط -سلا -القنيطرة","سيدي قاسم","سيدي قاسم","1241","25086","PI","عبد اللطيف الحياني","160995"
"الرباط -سلا -القنيطرة","سيدي قاسم","سيدي قاسم","1241","25086","PI","محمد بضاعة","161031"
"الرباط -سلا -القنيطرة","سيدي قاسم","سيدي قاسم","1241","25086","RNI","عبد الاله اوعيسى","159301"
"الرباط -سلا -القنيطرة","سيدي قاسم","سيدي قاسم","1241","25086","RNI","بوشرى صحراوي","159848"
"الرباط -سلا -القنيطرة","سيدي قاسم","سيدي قاسم","1241","25086","RNI","محمد بوزايدة","159342"
"الرباط -سلا -القنيطرة","سيدي قاسم","سيدي قاسم","1241","25086","RNI","نعيمة البروالي","159874"
"الرباط -سلا -القنيطرة","سيدي قاسم","سيدي قاسم","1241","25086","RNI","محمد الزاهر","159376"
"الرباط -سلا -القنيطرة","سيدي قاسم","سيدي قاسم","1241","25086","MDS","عبد المالك بن الشيخ","99465"
"الرباط -سلا -القنيطرة","سيدي قاسم","سيدي قاسم","1241","25086","MDS","مونية هراوي","99872"
"الرباط -سلا -القنيطرة","سيدي قاسم","سيدي قاسم","1241","25086","PJD","عبد الحي بلكاوي","129601"
"الرباط -سلا -القنيطرة","سيدي قاسم","سيدي قاسم","1241","25086","PJD","نزهة طلاية","129642"
"الرباط -سلا -القنيطرة","سيدي قاسم","سيدي قاسم","1241","25086","CNI","الحسن ابن فراجي","56116"
"الرباط -سلا -القنيطرة","سيدي قاسم","سيدي قاسم","1241","25086","CNI","زوبيدة بنعلال","56914"
"الرباط -سلا -القنيطرة","سيدي قاسم","سيدي قاسم","1241","25086","USFP","عبد الاله بنزينة","129390"
"الرباط -سلا -القنيطرة","سيدي قاسم","سيدي قاسم","1241","25086","USFP","ليلى بنزينة","129539"
"الرباط -سلا -القنيطرة","سيدي قاسم","سيدي قاسم","1241","25086","PEDD","العرب الكرطيط","160372"
"الرباط -سلا -القنيطرة","سيدي قاسم","سيدي قاسم","1241","25086","PEDD","بشرى فتاح","160474"
"الرباط -سلا -القنيطرة","سيدي قاسم","سيدي قاسم","1241","25086","SAP","محسن العلوي","157303"
"الرباط -سلا -القنيطرة","سيدي قاسم","سيدي قاسم","1241","25086","PPS","فهد احمر لكرون","153181"
"الرباط -سلا -القنيطرة","سيدي قاسم","سيدي قاسم","1241","25086","MP","محمد الكرافس","28816"
"الرباط -سلا -القنيطرة","سيدي قاسم","سيدي قاسم","1241","25086","FFD","جمال الدودي","99774"
"الرباط -سلا -القنيطرة","سيدي قاسم","صفصاف","1133","17918","RNI","الحارتي العلجي","49212"
"الرباط -سلا -القنيطرة","سيدي قاسم","صفصاف","1133","17928","RNI","خليد هرماتي","37086"
"الرباط -سلا -القنيطرة","سيدي قاسم","صفصاف","1133","17928","RNI","نادية لعبيسي","37200"
"الرباط -سلا -القنيطرة","سيدي قاسم","صفصاف","1133","17931","USFP","التهامي السعيدي","18928"
"الرباط -سلا -القنيطرة","سيدي قاسم","صفصاف","1133","17931","USFP","نعيمة السريدي","18958"
"الرباط -سلا -القنيطرة","سيدي قاسم","صفصاف","1133","17926","RNI","لحسن  المعيطي","35926"
"الرباط -سلا -القنيطرة","سيدي قاسم","صفصاف","1133","17917","RNI","فؤاد الكريني","49360"
"الرباط -سلا -القنيطرة","سيدي قاسم","صفصاف","1133","17927","RNI","هشام الودني","36136"
"الرباط -سلا -القنيطرة","سيدي قاسم","صفصاف","1133","17934","MP","زينب اعريبو","108991"
"الرباط -سلا -القنيطرة","سيدي قاسم","صفصاف","1133","17934","MP","نوال الغداوي","109931"
"الرباط -سلا -القنيطرة","سيدي قاسم","صفصاف","1133","17936","RNI","عبد السلام شمش","52306"
"الرباط -سلا -القنيطرة","سيدي قاسم","صفصاف","1133","17936","RNI","اسماء الحنونية","52375"
"الرباط -سلا -القنيطرة","سيدي قاسم","صفصاف","1133","27328","RNI","ميلود بوعلام","50116"
"الرباط -سلا -القنيطرة","سيدي قاسم","صفصاف","1133","17920","MP","حسن هتا","11830"
"الرباط -سلا -القنيطرة","سيدي قاسم","صفصاف","1133","17919","USFP","علال السويكت","6531"
"الرباط -سلا -القنيطرة","سيدي قاسم","صفصاف","1133","17935","MP","فؤاد اباخويى","53170"
"الرباط -سلا -القنيطرة","سيدي قاسم","صفصاف","1133","17933","RNI","محمد الحرضي","50038"
"الرباط -سلا -القنيطرة","سيدي قاسم","صفصاف","1133","17925","RNI","محمد العمرية","36776"
"الرباط -سلا -القنيطرة","سيدي قاسم","صفصاف","1133","17923","MP","قاسم شافع","5064"
"الرباط -سلا -القنيطرة","سيدي قاسم","صفصاف","1133","17929","USFP","ادريس النيصة","18442"
"الرباط -سلا -القنيطرة","سيدي قاسم","صفصاف","1133","17922","USFP","الرياحي العديوي","5453"
"الرباط -سلا -القنيطرة","سيدي قاسم","صفصاف","1133","17915","USFP","محمد المطرفي","22747"
"الرباط -سلا -القنيطرة","سيدي قاسم","صفصاف","1133","17924","RNI","محمد اشويطة","36232"
"الرباط -سلا -القنيطرة","سيدي قاسم","صفصاف","1133","17916","RNI","محمد شيشو","51077"
"الرباط -سلا -القنيطرة","سيدي قاسم","صفصاف","1133","27329","RNI","عبد السلام العماري","50267"
"الرباط -سلا -القنيطرة","سيدي قاسم","صفصاف","1133","17921","RNI","قاسم السهلي","50696"
"الرباط -سلا -القنيطرة","سيدي قاسم","صفصاف","1133","17921","RNI","سكينة الهرماتي","50847"
"الرباط -سلا -القنيطرة","سيدي قاسم","صفصاف","1133","17937","RNI","عبد الله العباسي","49818"
"الرباط -سلا -القنيطرة","سيدي قاسم","صفصاف","1133","17932","RNI","غافير فرتات","50532"
"الرباط -سلا -القنيطرة","سيدي قاسم","صفصاف","1133","17930","RNI","الدريوش لحمايني","49504"
"الرباط -سلا -القنيطرة","سيدي قاسم","عين الدفالي","66","992","RNI","الياس المجيري","49190"
"الرباط -سلا -القنيطرة","سيدي قاسم","عين الدفالي","66","992","RNI","نادية العملاوي","49307"
"الرباط -سلا -القنيطرة","سيدي قاسم","عين الدفالي","66","994","RNI","المهدي السعدي","28509"
"الرباط -سلا -القنيطرة","سيدي قاسم","عين الدفالي","66","994","RNI","زهرة لكروني","28829"
"الرباط -سلا -القنيطرة","سيدي قاسم","عين الدفالي","66","997","RNI","محمد الفكرون","36830"
"الرباط -سلا -القنيطرة","سيدي قاسم","عين الدفالي","66","997","RNI","سناء قريب","36889"
"الرباط -سلا -القنيطرة","سيدي قاسم","عين الدفالي","66","1003","PI","عبد المنعم حلى","71512"
"الرباط -سلا -القنيطرة","سيدي قاسم","عين الدفالي","66","1003","PI","السعدية حلى","71575"
"الرباط -سلا -القنيطرة","سيدي قاسم","عين الدفالي","66","993","PJD","هشام غريبي","76478"
"الرباط -سلا -القنيطرة","سيدي قاسم","عين الدفالي","66","993","PJD","غزلان بنيشو","76634"
"الرباط -سلا -القنيطرة","سيدي قاسم","عين الدفالي","66","1010","RNI","العلمي الشرقي","2669"
"الرباط -سلا -القنيطرة","سيدي قاسم","عين الدفالي","66","996","RNI","احمد بنجلول","89753"
"الرباط -سلا -القنيطرة","سيدي قاسم","عين الدفالي","66","1011","RNI","احمد  بوزيان","15901"
"الرباط -سلا -القنيطرة","سيدي قاسم","عين الدفالي","66","999","RNI","حسان بنحمو","90476"
"الرباط -سلا -القنيطرة","سيدي قاسم","عين الدفالي","66","998","RNI","خليد سفياني","35146"
"الرباط -سلا -القنيطرة","سيدي قاسم","عين الدفالي","66","995","RNI","محمد سلال","87612"
"الرباط -سلا -القنيطرة","سيدي قاسم","عين الدفالي","66","1012","UC","الطيب الشافعي","41540"
"الرباط -سلا -القنيطرة","سيدي قاسم","عين الدفالي","66","1005","RNI","رشيد ناجم","15460"
"الرباط -سلا -القنيطرة","سيدي قاسم","عين الدفالي","66","1014","RNI","سعيد العيماني","15534"
"الرباط -سلا -القنيطرة","سيدي قاسم","عين الدفالي","66","1001","CNI","عبد السلام بنمالك","85104"
"الرباط -سلا -القنيطرة","سيدي قاسم","عين الدفالي","66","1000","UC","محمد لخضر","136032"
"الرباط -سلا -القنيطرة","سيدي قاسم","عين الدفالي","66","1013","RNI","رشيد بزوط","15610"
"الرباط -سلا -القنيطرة","سيدي قاسم","عين الدفالي","66","1002","RNI","عز الدين السحاني","22505"
"الرباط -سلا -القنيطرة","سيدي قاسم","عين الدفالي","66","1007","PJD","دكير حاجي","75329"
"الرباط -سلا -القنيطرة","سيدي قاسم","عين الدفالي","66","1006","PJD","حفيظ حاجي","75128"
"الرباط -سلا -القنيطرة","سيدي قاسم","عين الدفالي","66","1008","RNI","نور الدين زقاقي","16223"
"الرباط -سلا -القنيطرة","سيدي قاسم","عين الدفالي","66","1004","RNI","جليل لعبيد","2995"
"الرباط -سلا -القنيطرة","سيدي قاسم","عين الدفالي","66","1009","MP","ايوب الروسي","6737"
"الرباط -سلا -القنيطرة","سيدي قاسم","لمرابيح","783","12340","RNI","فؤاد سليم","15658"
"الرباط -سلا -القنيطرة","سيدي قاسم","لمرابيح","783","12340","RNI","مريم بطاش","15693"
"الرباط -سلا -القنيطرة","سيدي قاسم","لمرابيح","783","12337","RNI","علي الدهبي","82507"
"الرباط -سلا -القنيطرة","سيدي قاسم","لمرابيح","783","12337","RNI","فدوى عزوزي","82675"
"الرباط -سلا -القنيطرة","سيدي قاسم","لمرابيح","783","12341","RNI","امحمد النايم","38593"
"الرباط -سلا -القنيطرة","سيدي قاسم","لمرابيح","783","12339","RNI","نجيب عبد المولى","60789"
"الرباط -سلا -القنيطرة","سيدي قاسم","لمرابيح","783","12335","RNI","الميلودي فريندو","60326"
"الرباط -سلا -القنيطرة","سيدي قاسم","لمرابيح","783","12335","RNI","هجر ابواليقين","51230"
"الرباط -سلا -القنيطرة","سيدي قاسم","لمرابيح","783","12334","RNI","الخمار القرشي","39266"
"الرباط -سلا -القنيطرة","سيدي قاسم","لمرابيح","783","12334","RNI","خديجة الكداري","39396"
"الرباط -سلا -القنيطرة","سيدي قاسم","لمرابيح","783","12333","RNI","عبد الرحمان شنقاب","52113"
"الرباط -سلا -القنيطرة","سيدي قاسم","لمرابيح","783","12325","PI","محمد الجعواني","50177"
"الرباط -سلا -القنيطرة","سيدي قاسم","لمرابيح","783","12332","PAM","الشريف فريتح","24273"
"الرباط -سلا -القنيطرة","سيدي قاسم","لمرابيح","783","12332","PAM","كوكب عداد","24352"
"الرباط -سلا -القنيطرة","سيدي قاسم","لمرابيح","783","12329","RNI","محمد عبد المولى","40510"
"الرباط -سلا -القنيطرة","سيدي قاسم","لمرابيح","783","12330","RNI","علال الوانزي","39173"
"الرباط -سلا -القنيطرة","سيدي قاسم","لمرابيح","783","12342","UC","فؤاد الدرعاوي ","23629"
"الرباط -سلا -القنيطرة","سيدي قاسم","لمرابيح","783","12327","RNI","عبد العالي العمراني","38737"
"الرباط -سلا -القنيطرة","سيدي قاسم","لمرابيح","783","12338","UC","عادل غموزة","59168"
"الرباط -سلا -القنيطرة","سيدي قاسم","لمرابيح","783","12336","RNI","التهامي سلم","60500"
"الرباط -سلا -القنيطرة","سيدي قاسم","لمرابيح","783","12326","UC","عبد الكريم الحاكمي","49969"
"الرباط -سلا -القنيطرة","سيدي قاسم","لمرابيح","783","12323","PAM","طارق عبد","23456"
"الرباط -سلا -القنيطرة","سيدي قاسم","لمرابيح","783","12324","PAM","عزيز خلدان","112113"
"الرباط -سلا -القنيطرة","سيدي قاسم","لمرابيح","783","12331","RNI","احمد  الصالحي","50802"
"الرباط -سلا -القنيطرة","سيدي قاسم","لمرابيح","783","12328","RNI","ادريس الحويطي","54109"
"الرباط -سلا -القنيطرة","سيدي قاسم","لمرابيح","783","12322","UC","اليزيد العقيلي","51694"
"الرباط -سلا -القنيطرة","سيدي قاسم","لمرابيح","783","12343","UC","عبد الحق والي علمي","50881"
"الرباط -سلا -القنيطرة","سيدي قاسم","لمرابيح","783","12321","PAM","الحسن ابن الخمار","52439"
"الرباط -سلا -القنيطرة","سيدي قاسم","مشرع بلقصيري","857","13550","USFP","احمد الخولخ","6459"
"الرباط -سلا -القنيطرة","سيدي قاسم","مشرع بلقصيري","857","13550","USFP","نورة الخميري","6304"
"الرباط -سلا -القنيطرة","سيدي قاسم","مشرع بلقصيري","857","13542","USFP","الرياحي افحيل","11793"
"الرباط -سلا -القنيطرة","سيدي قاسم","مشرع بلقصيري","857","13542","USFP","نورية بوزيد","11923"
"الرباط -سلا -القنيطرة","سيدي قاسم","مشرع بلقصيري","857","13552","PJD","عبدالله لغزالي","20544"
"الرباط -سلا -القنيطرة","سيدي قاسم","مشرع بلقصيري","857","13551","RNI","لحسن الزبيرالكزار","20516"
"الرباط -سلا -القنيطرة","سيدي قاسم","مشرع بلقصيري","857","13547","RNI","حميد بومزيودات","20409"
"الرباط -سلا -القنيطرة","سيدي قاسم","مشرع بلقصيري","857","13548","USFP","احمد بوبياض","15959"
"الرباط -سلا -القنيطرة","سيدي قاسم","مشرع بلقصيري","857","13549","PAM","الدريويش العيناقي","32439"
"الرباط -سلا -القنيطرة","سيدي قاسم","مشرع بلقصيري","857","13558","RNI","عبدالرحيم نظير","20514"
"الرباط -سلا -القنيطرة","سيدي قاسم","مشرع بلقصيري","857","13545","RNI","محمد ابن الصغير","20365"
"الرباط -سلا -القنيطرة","سيدي قاسم","مشرع بلقصيري","857","13556","USFP","منعيم الكرواني","20531"
"الرباط -سلا -القنيطرة","سيدي قاسم","مشرع بلقصيري","857","25498","USFP","محمد لعسل","20943"
"الرباط -سلا -القنيطرة","سيدي قاسم","مشرع بلقصيري","857","25498","USFP","نعيمة خلق الله","20967"
"الرباط -سلا -القنيطرة","سيدي قاسم","مشرع بلقصيري","857","13555","RNI","رشيد بلخير","20522"
"الرباط -سلا -القنيطرة","سيدي قاسم","مشرع بلقصيري","857","13544","USFP","الرياحي السلك","5984"
"الرباط -سلا -القنيطرة","سيدي قاسم","مشرع بلقصيري","857","13544","USFP","فوزية الحنوني","20398"
"الرباط -سلا -القنيطرة","سيدي قاسم","مشرع بلقصيري","857","13543","USFP","هشام بيطة","16872"
"الرباط -سلا -القنيطرة","سيدي قاسم","مشرع بلقصيري","857","13543","USFP","انوار السعود","16926"
"الرباط -سلا -القنيطرة","سيدي قاسم","مشرع بلقصيري","857","13541","USFP","عبد اللطيف نهرو","11701"
"الرباط -سلا -القنيطرة","سيدي قاسم","مشرع بلقصيري","857","13554","USFP","محمد الهيلوفي","13152"
"الرباط -سلا -القنيطرة","سيدي قاسم","مشرع بلقصيري","857","13557","USFP","كمال اكريمو","21374"
"الرباط -سلا -القنيطرة","سيدي قاسم","مشرع بلقصيري","857","13553","USFP","حميد البهجة","20529"
"الرباط -سلا -القنيطرة","سيدي قاسم","مشرع بلقصيري","857","13546","RNI","نبيل طبيكة","713"
"الرباط -سلا -القنيطرة","سيدي قاسم","مشرع بلقصيري","857","13539","RNI","عادل رفيع","20470"
"الرباط -سلا -القنيطرة","سيدي قاسم","مشرع بلقصيري","857","13559","USFP","عبد السلام ابراهمي","5515"
"الرباط -سلا -القنيطرة","سيدي قاسم","مشرع بلقصيري","857","13538","RNI","الحسين لفعي","551"
"الرباط -سلا -القنيطرة","سيدي قاسم","مشرع بلقصيري","857","25499","USFP","نور الدين نوار","5612"
"الرباط -سلا -القنيطرة","سيدي قاسم","مشرع بلقصيري","857","13537","USFP","عبد الله بودمام","19550"
"الرباط -سلا -القنيطرة","سيدي قاسم","مشرع بلقصيري","857","13540","USFP","سليمان جو","337"
"الرباط -سلا -القنيطرة","سيدي قاسم","مولاي عبد القادر","898","14212","RNI","فهد اجليدي","29660"
"الرباط -سلا -القنيطرة","سيدي قاسم","مولاي عبد القادر","898","14212","RNI","مليكة الخيار","29700"
"الرباط -سلا -القنيطرة","سيدي قاسم","مولاي عبد القادر","898","14204","RNI","محمد بندريس ","26516"
"الرباط -سلا -القنيطرة","سيدي قاسم","مولاي عبد القادر","898","14204","RNI","زينب  بندريس","26604"
"الرباط -سلا -القنيطرة","سيدي قاسم","مولاي عبد القادر","898","14200","RNI","محمد الغزوي","36735"
"الرباط -سلا -القنيطرة","سيدي قاسم","مولاي عبد القادر","898","14205","USFP","نبيل  المبخوت","80759"
"الرباط -سلا -القنيطرة","سيدي قاسم","مولاي عبد القادر","898","14205","USFP","عزيزة ازرويل","80811"
"الرباط -سلا -القنيطرة","سيدي قاسم","مولاي عبد القادر","898","14206","RNI","عبد الحق قسوم","24953"
"الرباط -سلا -القنيطرة","سيدي قاسم","مولاي عبد القادر","898","14206","RNI","رجاء البوط","25002"
"الرباط -سلا -القنيطرة","سيدي قاسم","مولاي عبد القادر","898","14207","PI","الياس بنعروب","87281"
"الرباط -سلا -القنيطرة","سيدي قاسم","مولاي عبد القادر","898","14207","PI","فائدة الكداري","87370"
"الرباط -سلا -القنيطرة","سيدي قاسم","مولاي عبد القادر","898","14209","RNI","لحسن  معروفي","27585"
"الرباط -سلا -القنيطرة","سيدي قاسم","مولاي عبد القادر","898","14210","RNI","ادريس المكاوي","32127"
"الرباط -سلا -القنيطرة","سيدي قاسم","مولاي عبد القادر","898","14208","RNI","محمد الخيار","26866"
"الرباط -سلا -القنيطرة","سيدي قاسم","مولاي عبد القادر","898","14211","RNI","عبد الحفيظ  العلوي","26113"
"الرباط -سلا -القنيطرة","سيدي قاسم","مولاي عبد القادر","898","14202","RNI","بنعاشر الشرقي","32024"
"الرباط -سلا -القنيطرة","سيدي قاسم","مولاي عبد القادر","898","14201","RNI","بوجمعة بنزيات","25935"
"الرباط -سلا -القنيطرة","سيدي قاسم","مولاي عبد القادر","898","14203","RNI","محمد البدوي ","32079"