region,province,commune,id_commune,circ,parti,candidat,id_candidat
"الدار البيضاء-سطات","الجديدة","أزمور","264","27962","RNI","صالح بوغابة","81085"
"الدار البيضاء-سطات","الجديدة","أزمور","264","27962","RNI","فاطمة الزهراء  رحموني","81129"
"الدار البيضاء-سطات","الجديدة","أزمور","264","27970","RNI","المهدي  يسيف","229"
"الدار البيضاء-سطات","الجديدة","أزمور","264","27957","USFP","زكرياء سملالي","59361"
"الدار البيضاء-سطات","الجديدة","أزمور","264","27971","USFP","المصطفى البيدوري","47632"
"الدار البيضاء-سطات","الجديدة","أزمور","264","27969","USFP","ايوب سيلبوهالي","49114"
"الدار البيضاء-سطات","الجديدة","أزمور","264","27964","PI","كنزة بوعروة","136258"
"الدار البيضاء-سطات","الجديدة","أزمور","264","27964","PI","نجية الوشيني","136428"
"الدار البيضاء-سطات","الجديدة","أزمور","264","27980","RNI","عبد الرحمان خياطي","11423"
"الدار البيضاء-سطات","الجديدة","أزمور","264","27979","USFP","بوشعيب ابو المواهب","47302"
"الدار البيضاء-سطات","الجديدة","أزمور","264","27975","RNI","محمد السنتوسي","13122"
"الدار البيضاء-سطات","الجديدة","أزمور","264","27981","USFP","رشيدة الكاس","48413"
"الدار البيضاء-سطات","الجديدة","أزمور","264","27972","USFP","حسن روحال","40449"
"الدار البيضاء-سطات","الجديدة","أزمور","264","27959","RNI","عبد العزيز بركو","956"
"الدار البيضاء-سطات","الجديدة","أزمور","264","27961","USFP","نجيم اقياس","47714"
"الدار البيضاء-سطات","الجديدة","أزمور","264","27974","USFP","محمد البوهالي ","59222"
"الدار البيضاء-سطات","الجديدة","أزمور","264","27974","USFP","فوزية بحري","59255"
"الدار البيضاء-سطات","الجديدة","أزمور","264","27958","RNI","ايوب فلاج","3612"
"الدار البيضاء-سطات","الجديدة","أزمور","264","27973","USFP","بوشعيب الحركاتي","46885"
"الدار البيضاء-سطات","الجديدة","أزمور","264","27960","USFP","المهدي بوخنيفي","36744"
"الدار البيضاء-سطات","الجديدة","أزمور","264","27963","RNI","ادريس محاند","3699"
"الدار البيضاء-سطات","الجديدة","أزمور","264","27966","RNI","عبدالكريم بداوي","11639"
"الدار البيضاء-سطات","الجديدة","أزمور","264","27966","RNI","حسناء لعروسي","11718"
"الدار البيضاء-سطات","الجديدة","أزمور","264","27965","RNI","رضى جبوري","23240"
"الدار البيضاء-سطات","الجديدة","أزمور","264","27965","RNI","نجلاء العباسي","23334"
"الدار البيضاء-سطات","الجديدة","أزمور","264","27977","USFP","عبد الله حسان","47526"
"الدار البيضاء-سطات","الجديدة","أزمور","264","27978","RNI","عبد الفتاح الشيباني","12014"
"الدار البيضاء-سطات","الجديدة","أزمور","264","27967","RNI","كريم بيوض","1178"
"الدار البيضاء-سطات","الجديدة","أزمور","264","27976","UC","بوشعيب المودان","100475"
"الدار البيضاء-سطات","الجديدة","أزمور","264","27968","RNI","هشام بوخليفي","3771"
"الدار البيضاء-سطات","الجديدة","أولاد احسين","1048","26547","PAM","الهواري الحمراوي","18573"
"الدار البيضاء-سطات","الجديدة","أولاد احسين","1048","26547","PAM","خديجة ناصر","18654"
"الدار البيضاء-سطات","الجديدة","أولاد احسين","1048","26555","MP","ادريس الازهري","10365"
"الدار البيضاء-سطات","الجديدة","أولاد احسين","1048","26555","MP","غزلان مسلم","10384"
"الدار البيضاء-سطات","الجديدة","أولاد احسين","1048","26548","PAM","رشيد المادح","41875"
"الدار البيضاء-سطات","الجديدة","أولاد احسين","1048","26546","MP","بوبكر الازهري ","10100"
"الدار البيضاء-سطات","الجديدة","أولاد احسين","1048","26546","MP","ليلى موهوب","10108"
"الدار البيضاء-سطات","الجديدة","أولاد احسين","1048","26551","PAM","حسن الساجي","42051"
"الدار البيضاء-سطات","الجديدة","أولاد احسين","1048","26551","PAM","حليمة الشرفي","42141"
"الدار البيضاء-سطات","الجديدة","أولاد احسين","1048","26545","PAM","العياشي الغزواني","10056"
"الدار البيضاء-سطات","الجديدة","أولاد احسين","1048","26562","PAM","محمد ازبيري","10476"
"الدار البيضاء-سطات","الجديدة","أولاد احسين","1048","26542","PI","نور الدين لمخير","51574"
"الدار البيضاء-سطات","الجديدة","أولاد احسين","1048","26543","PAM","منير ماهر","51177"
"الدار البيضاء-سطات","الجديدة","أولاد احسين","1048","26564","PI","عبد الرحيم الاوي","10519"
"الدار البيضاء-سطات","الجديدة","أولاد احسين","1048","26556","PPS","السعيد عاصم","10398"
"الدار البيضاء-سطات","الجديدة","أولاد احسين","1048","26553","MP","العربي برميلة","10316"
"الدار البيضاء-سطات","الجديدة","أولاد احسين","1048","26559","PAM","جواد زكاري","51626"
"الدار البيضاء-سطات","الجديدة","أولاد احسين","1048","26550","PAM","حمو بن الهندة","25580"
"الدار البيضاء-سطات","الجديدة","أولاد احسين","1048","26550","PAM","نادية ابن الهندة","29125"
"الدار البيضاء-سطات","الجديدة","أولاد احسين","1048","26549","PAM","الجيلالي داكي","10134"
"الدار البيضاء-سطات","الجديدة","أولاد احسين","1048","26554","MP","التباري بنرحمون","10345"
"الدار البيضاء-سطات","الجديدة","أولاد احسين","1048","26561","USFP","ميلود فخر","15564"
"الدار البيضاء-سطات","الجديدة","أولاد احسين","1048","26563","RNI","المصطفى حاميد","126228"
"الدار البيضاء-سطات","الجديدة","أولاد احسين","1048","26544","PI","العربي لمخير","38272"
"الدار البيضاء-سطات","الجديدة","أولاد احسين","1048","26552","PAM","المصطفى الفتح","10272"
"الدار البيضاء-سطات","الجديدة","أولاد احسين","1048","26565","PAM","نورالدين بودريكة","124259"
"الدار البيضاء-سطات","الجديدة","أولاد احسين","1048","26557","PPS","عبد الله عالم","25104"
"الدار البيضاء-سطات","الجديدة","أولاد احسين","1048","26560","PAM","الطيب بن غانم","51429"
"الدار البيضاء-سطات","الجديدة","أولاد احسين","1048","26558","UC","عزيز صدقي","124104"
"الدار البيضاء-سطات","الجديدة","أولاد احسين","1048","26566","PI","محمد بولقوابع","15463"
"الدار البيضاء-سطات","الجديدة","أولاد حمدان","1007","15825","RNI","المصطفى ميسيوي","48917"
"الدار البيضاء-سطات","الجديدة","أولاد حمدان","1007","15825","RNI","حفيظة الفيز","48989"
"الدار البيضاء-سطات","الجديدة","أولاد حمدان","1007","15816","PI","محمد خيرات","112370"
"الدار البيضاء-سطات","الجديدة","أولاد حمدان","1007","15816","PI","الزوهرة  لكحل ","117846"
"الدار البيضاء-سطات","الجديدة","أولاد حمدان","1007","15819","PI","عبد اللطيف  اكريم","132117"
"الدار البيضاء-سطات","الجديدة","أولاد حمدان","1007","15819","PI","سوكينة بلمزونة","136028"
"الدار البيضاء-سطات","الجديدة","أولاد حمدان","1007","15822","RNI","الجيلالي مبروك","37311"
"الدار البيضاء-سطات","الجديدة","أولاد حمدان","1007","15822","RNI","بوشرى عياني","37407"
"الدار البيضاء-سطات","الجديدة","أولاد حمدان","1007","15821","USFP","احمد فلاح","118574"
"الدار البيضاء-سطات","الجديدة","أولاد حمدان","1007","15824","USFP","بوشعيب الملكاوي","118346"
"الدار البيضاء-سطات","الجديدة","أولاد حمدان","1007","15823","PI","عز الدين اخريبش","130996"
"الدار البيضاء-سطات","الجديدة","أولاد حمدان","1007","15827","PI","محمد عمار","103849"
"الدار البيضاء-سطات","الجديدة","أولاد حمدان","1007","15818","RNI","المصطفى لبيدي","27650"
"الدار البيضاء-سطات","الجديدة","أولاد حمدان","1007","15815","PI","محمد حداد","109582"
"الدار البيضاء-سطات","الجديدة","أولاد حمدان","1007","15815","PI","السعدية البضري","109463"
"الدار البيضاء-سطات","الجديدة","أولاد حمدان","1007","15820","PI","المصطفى بيوض","109815"
"الدار البيضاء-سطات","الجديدة","أولاد حمدان","1007","15826","PI","رضوان الحصري","113326"
"الدار البيضاء-سطات","الجديدة","أولاد حمدان","1007","15817","RNI","علال لبيدي","27844"
"الدار البيضاء-سطات","الجديدة","أولاد رحمون","1022","16020","RNI","عبدالاله داردني","84493"
"الدار البيضاء-سطات","الجديدة","أولاد رحمون","1022","16020","RNI","زهراء داردني","84635"
"الدار البيضاء-سطات","الجديدة","أولاد رحمون","1022","16025","RNI","عبد الوهاب بنولي","39199"
"الدار البيضاء-سطات","الجديدة","أولاد رحمون","1022","16025","RNI","الغالية مهضاري","39298"
"الدار البيضاء-سطات","الجديدة","أولاد رحمون","1022","16022","RNI","عبد الحق بلحرشان","26871"
"الدار البيضاء-سطات","الجديدة","أولاد رحمون","1022","16014","RNI","عبد اللطيف محيب","39495"
"الدار البيضاء-سطات","الجديدة","أولاد رحمون","1022","16014","RNI","زروالة الزهراوي","39605"
"الدار البيضاء-سطات","الجديدة","أولاد رحمون","1022","16017","USFP","بوشعيب الحيمر","73294"
"الدار البيضاء-سطات","الجديدة","أولاد رحمون","1022","16015","RNI","الرداد ازهوري","15435"
"الدار البيضاء-سطات","الجديدة","أولاد رحمون","1022","16012","RNI","التباري ابو الهول","15712"
"الدار البيضاء-سطات","الجديدة","أولاد رحمون","1022","16027","USFP","غانم بن الكاس","110216"
"الدار البيضاء-سطات","الجديدة","أولاد رحمون","1022","16028","PAM","نبيل ابايزيد","132937"
"الدار البيضاء-سطات","الجديدة","أولاد رحمون","1022","16028","PAM","عائشة سجري","133030"
"الدار البيضاء-سطات","الجديدة","أولاد رحمون","1022","16021","RNI","سعيد داردني","10878"
"الدار البيضاء-سطات","الجديدة","أولاد رحمون","1022","16018","RNI","ابراهيم رحمون","51231"
"الدار البيضاء-سطات","الجديدة","أولاد رحمون","1022","16018","RNI","آمنة درداني","51273"
"الدار البيضاء-سطات","الجديدة","أولاد رحمون","1022","16032","PPS","عبد الله  لحسيني","26715"
"الدار البيضاء-سطات","الجديدة","أولاد رحمون","1022","16019","RNI","الشرقي المرابط","27195"
"الدار البيضاء-سطات","الجديدة","أولاد رحمون","1022","16030","USFP","عبد السلام زاد","39196"
"الدار البيضاء-سطات","الجديدة","أولاد رحمون","1022","16023","USFP","فوزي شواطة","26480"
"الدار البيضاء-سطات","الجديدة","أولاد رحمون","1022","27615","PPS","امين البرماكي","39340"
"الدار البيضاء-سطات","الجديدة","أولاد رحمون","1022","16024","RNI","محمد الوردي","51378"
"الدار البيضاء-سطات","الجديدة","أولاد رحمون","1022","16016","PPS","سعيد الجرزي","110898"
"الدار البيضاء-سطات","الجديدة","أولاد رحمون","1022","16029","UC","عبد الله وراد","73089"
"الدار البيضاء-سطات","الجديدة","أولاد رحمون","1022","16013","RNI","عبد اللطيف السماهلي","15588"
"الدار البيضاء-سطات","الجديدة","أولاد رحمون","1022","16031","RNI","حسن سعدي","110344"
"الدار البيضاء-سطات","الجديدة","أولاد رحمون","1022","16034","PAM","عزيز ابوالطاهري","52783"
"الدار البيضاء-سطات","الجديدة","أولاد رحمون","1022","16033","RNI","المصطفى حجاج","87301"
"الدار البيضاء-سطات","الجديدة","أولاد رحمون","1022","27614","FFD","علال عياد","51507"
"الدار البيضاء-سطات","الجديدة","أولاد رحمون","1022","16026","PAM","حسن ناصح","61847"
"الدار البيضاء-سطات","الجديدة","أولاد سيدي علي بن يوسف","1030","16166","PI","عبد الجبار الزوهري","33527"
"الدار البيضاء-سطات","الجديدة","أولاد سيدي علي بن يوسف","1030","16166","PI","سهام فاندي","33568"
"الدار البيضاء-سطات","الجديدة","أولاد سيدي علي بن يوسف","1030","16165","PI","احمد المختاري","100449"
"الدار البيضاء-سطات","الجديدة","أولاد سيدي علي بن يوسف","1030","16160","PI","لعزيز بلشهب","92896"
"الدار البيضاء-سطات","الجديدة","أولاد سيدي علي بن يوسف","1030","16160","PI","سميرة الزوهري","92954"
"الدار البيضاء-سطات","الجديدة","أولاد سيدي علي بن يوسف","1030","16163","USFP","ابراهيم  ربيع","28733"
"الدار البيضاء-سطات","الجديدة","أولاد سيدي علي بن يوسف","1030","16159","PI","بوشعيب كمال","27086"
"الدار البيضاء-سطات","الجديدة","أولاد سيدي علي بن يوسف","1030","16159","PI","خديجة كمال","27174"
"الدار البيضاء-سطات","الجديدة","أولاد سيدي علي بن يوسف","1030","16164","PI","بوشعيب مفادي","26245"
"الدار البيضاء-سطات","الجديدة","أولاد سيدي علي بن يوسف","1030","16164","PI","إيمان قبروس","26306"
"الدار البيضاء-سطات","الجديدة","أولاد سيدي علي بن يوسف","1030","16158","USFP","المحجوب ذاكر","102156"
"الدار البيضاء-سطات","الجديدة","أولاد سيدي علي بن يوسف","1030","16158","USFP","عزيزة بونصر","102221"
"الدار البيضاء-سطات","الجديدة","أولاد سيدي علي بن يوسف","1030","16161","PI","محمد علوك","81652"
"الدار البيضاء-سطات","الجديدة","أولاد سيدي علي بن يوسف","1030","16154","USFP","المصطفى بوهروة","35745"
"الدار البيضاء-سطات","الجديدة","أولاد سيدي علي بن يوسف","1030","16156","PPS","صالح هماموش","35192"
"الدار البيضاء-سطات","الجديدة","أولاد سيدي علي بن يوسف","1030","16155","PI","بوشعيب بنزروال","46048"
"الدار البيضاء-سطات","الجديدة","أولاد سيدي علي بن يوسف","1030","16157","PI","محمد الهريشي ","28549"
"الدار البيضاء-سطات","الجديدة","أولاد سيدي علي بن يوسف","1030","16162","PI","رشيد الزيداوي","29006"
"الدار البيضاء-سطات","الجديدة","أولاد عيسى","977","15458","MP","عبد الخالق المخنتر","70954"
"الدار البيضاء-سطات","الجديدة","أولاد عيسى","977","15458","MP","فاطنة لمفرك","70995"
"الدار البيضاء-سطات","الجديدة","أولاد عيسى","977","15453","MP","عبد الفتاح النويني","165"
"الدار البيضاء-سطات","الجديدة","أولاد عيسى","977","15448","MP","عزيز المرجاني ","83631"
"الدار البيضاء-سطات","الجديدة","أولاد عيسى","977","15448","MP","الكبيرة الفاضلي","83701"
"الدار البيضاء-سطات","الجديدة","أولاد عيسى","977","15465","MP","محمد المخنتر","83345"
"الدار البيضاء-سطات","الجديدة","أولاد عيسى","977","15454","MP","محمد  السعداوي","5806"
"الدار البيضاء-سطات","الجديدة","أولاد عيسى","977","15452","MP","العلامي مغار","1484"
"الدار البيضاء-سطات","الجديدة","أولاد عيسى","977","15452","MP","شريفة عفان","1524"
"الدار البيضاء-سطات","الجديدة","أولاد عيسى","977","15445","PPS","احمد شباب","110779"
"الدار البيضاء-سطات","الجديدة","أولاد عيسى","977","15445","PPS","خدوج بياض","110872"
"الدار البيضاء-سطات","الجديدة","أولاد عيسى","977","15446","MP","عبد الالاه كساب","540"
"الدار البيضاء-سطات","الجديدة","أولاد عيسى","977","15449","MP","عبد العالي الرشيدي","109849"
"الدار البيضاء-سطات","الجديدة","أولاد عيسى","977","15461","MP","المساوي الفايز","27660"
"الدار البيضاء-سطات","الجديدة","أولاد عيسى","977","15464","MP","طارق المخنتر","83207"
"الدار البيضاء-سطات","الجديدة","أولاد عيسى","977","15451","MP","عبدالرزاق بوصحيب","33159"
"الدار البيضاء-سطات","الجديدة","أولاد عيسى","977","15447","MP","المصطفى لازيمي","60151"
"الدار البيضاء-سطات","الجديدة","أولاد عيسى","977","15455","PPS","بوشعيب المعاشي","1290"
"الدار البيضاء-سطات","الجديدة","أولاد عيسى","977","15455","PPS","يزة السلماني ","1377"
"الدار البيضاء-سطات","الجديدة","أولاد عيسى","977","15444","MP","ابراهيم الحكماوي","33021"
"الدار البيضاء-سطات","الجديدة","أولاد عيسى","977","15456","MP","عبدالرحيم  نزيه","14144"
"الدار البيضاء-سطات","الجديدة","أولاد عيسى","977","15460","MP","المصطفى بودرس","71859"
"الدار البيضاء-سطات","الجديدة","أولاد عيسى","977","15450","MP","المصطفى منافي","107974"
"الدار البيضاء-سطات","الجديدة","أولاد عيسى","977","15463","PAM","غانم  المالكي ","15662"
"الدار البيضاء-سطات","الجديدة","أولاد عيسى","977","15462","MP","حسن برنيشة","27786"
"الدار البيضاء-سطات","الجديدة","أولاد عيسى","977","15459","MP","عز الدين الحمامصي","48228"
"الدار البيضاء-سطات","الجديدة","أولاد عيسى","977","15457","PPS","العلامي  بوتهليل ","16973"
"الدار البيضاء-سطات","الجديدة","أولاد عيسى","977","15443","MP","عبد الرحمان سبيل","35343"
"الدار البيضاء-سطات","الجديدة","أولاد غانم","1044","16386","PPS","عبدالله ابو الضيف","118733"
"الدار البيضاء-سطات","الجديدة","أولاد غانم","1044","16386","PPS","مينة الحبشي","118843"
"الدار البيضاء-سطات","الجديدة","أولاد غانم","1044","16391","RNI","رضوان عنباري","126597"
"الدار البيضاء-سطات","الجديدة","أولاد غانم","1044","16385","RNI","عبد الحق محفاض","124145"
"الدار البيضاء-سطات","الجديدة","أولاد غانم","1044","16398","RNI","ابراهيم الفاني","121852"
"الدار البيضاء-سطات","الجديدة","أولاد غانم","1044","16395","RNI","ادريس زاهيدي","143288"
"الدار البيضاء-سطات","الجديدة","أولاد غانم","1044","16387","RNI","عبد اللطيف كحيل","122426"
"الدار البيضاء-سطات","الجديدة","أولاد غانم","1044","16399","USFP","عبد السلام الحاكمي","13472"
"الدار البيضاء-سطات","الجديدة","أولاد غانم","1044","16388","RNI","عز الدين  حمدان","126477"
"الدار البيضاء-سطات","الجديدة","أولاد غانم","1044","16388","RNI","بحرية ضلف","126552"
"الدار البيضاء-سطات","الجديدة","أولاد غانم","1044","16390","RNI","نور الدين الغربي","147806"
"الدار البيضاء-سطات","الجديدة","أولاد غانم","1044","16390","RNI","حكمت طبيز","147912"
"الدار البيضاء-سطات","الجديدة","أولاد غانم","1044","16396","RNI","محمد لمديني","124218"
"الدار البيضاء-سطات","الجديدة","أولاد غانم","1044","16401","RNI","محمد زاهيدي","142929"
"الدار البيضاء-سطات","الجديدة","أولاد غانم","1044","16393","RNI","حسن دهدود","126068"
"الدار البيضاء-سطات","الجديدة","أولاد غانم","1044","16404","RNI","محمد غفاري","147136"
"الدار البيضاء-سطات","الجديدة","أولاد غانم","1044","16383","RNI","عبد السلام لبزول","123363"
"الدار البيضاء-سطات","الجديدة","أولاد غانم","1044","16382","RNI","عبد الرحيم الزواني","148323"
"الدار البيضاء-سطات","الجديدة","أولاد غانم","1044","16403","RNI","يوسف حمداوي","125772"
"الدار البيضاء-سطات","الجديدة","أولاد غانم","1044","16384","RNI","عبد السلام  بنعائد","123507"
"الدار البيضاء-سطات","الجديدة","أولاد غانم","1044","16400","RNI","محمد شكري","145855"
"الدار البيضاء-سطات","الجديدة","أولاد غانم","1044","16394","RNI","المصطفى بنزهة","125837"
"الدار البيضاء-سطات","الجديدة","أولاد غانم","1044","16402","PI","عبد المولى خلوف","37976"
"الدار البيضاء-سطات","الجديدة","أولاد غانم","1044","16389","RNI","محمد بنشيهب","149940"
"الدار البيضاء-سطات","الجديدة","أولاد غانم","1044","16389","RNI","نجاة هيليون","150245"
"الدار البيضاء-سطات","الجديدة","أولاد غانم","1044","16392","PI","محمد لعوينة","36503"
"الدار البيضاء-سطات","الجديدة","أولاد غانم","1044","16392","PI","لطيفة الذهبي","36561"
"الدار البيضاء-سطات","الجديدة","أولاد غانم","1044","16397","RNI","ابراهيم القاسمي","143501"
"الدار البيضاء-سطات","الجديدة","أولاد فرج","1043","16368","PI","احمد منزولة","80677"
"الدار البيضاء-سطات","الجديدة","أولاد فرج","1043","16368","PI","امال افضل","80737"
"الدار البيضاء-سطات","الجديدة","أولاد فرج","1043","16378","PI","بوشعيب المنكادي","91063"
"الدار البيضاء-سطات","الجديدة","أولاد فرج","1043","16381","PI","المصطفى بومعزة","32470"
"الدار البيضاء-سطات","الجديدة","أولاد فرج","1043","25769","PI","عبدالرحيم كحلي","79558"
"الدار البيضاء-سطات","الجديدة","أولاد فرج","1043","16380","PI","عثمان الطرمونية","80605"
"الدار البيضاء-سطات","الجديدة","أولاد فرج","1043","16374","PI","المصطفى حسيني","48646"
"الدار البيضاء-سطات","الجديدة","أولاد فرج","1043","16374","PI","عائشة فخر الدين","48780"
"الدار البيضاء-سطات","الجديدة","أولاد فرج","1043","25766","PI","العربي حلال","48538"
"الدار البيضاء-سطات","الجديدة","أولاد فرج","1043","16375","PI","عزالدين ربازي","120654"
"الدار البيضاء-سطات","الجديدة","أولاد فرج","1043","16367","PI","نور الدين مالك","48254"
"الدار البيضاء-سطات","الجديدة","أولاد فرج","1043","16379","PI","احمد العيان","49008"
"الدار البيضاء-سطات","الجديدة","أولاد فرج","1043","16379","PI","شافية شداد","49109"
"الدار البيضاء-سطات","الجديدة","أولاد فرج","1043","25770","PI","احمد حكيم","101945"
"الدار البيضاء-سطات","الجديدة","أولاد فرج","1043","25771","PI","المصطفى بوعفي","79601"
"الدار البيضاء-سطات","الجديدة","أولاد فرج","1043","25772","PI","محمد الصياد","24383"
"الدار البيضاء-سطات","الجديدة","أولاد فرج","1043","16372","PI","عبدالخطيب كربال","24292"
"الدار البيضاء-سطات","الجديدة","أولاد فرج","1043","16373","PI","عزيز رزيق","101873"
"الدار البيضاء-سطات","الجديدة","أولاد فرج","1043","16369","PI","بوشعيب حكيم","47762"
"الدار البيضاء-سطات","الجديدة","أولاد فرج","1043","16369","PI","فاطمة الزهراء السالك","47866"
"الدار البيضاء-سطات","الجديدة","أولاد فرج","1043","16376","PI","رشيد حيمودي","117628"
"الدار البيضاء-سطات","الجديدة","أولاد فرج","1043","16376","PI","نادية نائي","117699"
"الدار البيضاء-سطات","الجديدة","أولاد فرج","1043","25767","PI","المصطفى زرابي","32056"
"الدار البيضاء-سطات","الجديدة","أولاد فرج","1043","16370","PI","محمد بصيت","32436"
"الدار البيضاء-سطات","الجديدة","أولاد فرج","1043","16377","PI","عبدالحكيم نظام","50106"
"الدار البيضاء-سطات","الجديدة","أولاد فرج","1043","25768","PI","بوشعيب الفقاري","33038"
"الدار البيضاء-سطات","الجديدة","أولاد فرج","1043","25773","PI","محمد مفضل","32496"
"الدار البيضاء-سطات","الجديدة","أولاد فرج","1043","16371","PI","عادل نعيم","53857"
"الدار البيضاء-سطات","الجديدة","الجديدة","502","25113","PI","جمال بن ربيعة","128365"
"الدار البيضاء-سطات","الجديدة","الجديدة","502","25113","PI","سميرة نصيف","128920"
"الدار البيضاء-سطات","الجديدة","الجديدة","502","25113","PI","المصطفى ابا تراب","128418"
"الدار البيضاء-سطات","الجديدة","الجديدة","502","25113","PI","مينة مشبال","128932"
"الدار البيضاء-سطات","الجديدة","الجديدة","502","25113","PI","محمد ايغافي","128467"
"الدار البيضاء-سطات","الجديدة","الجديدة","502","25113","PI","ابراهيم بلقاوس","128500"
"الدار البيضاء-سطات","الجديدة","الجديدة","502","25113","PI","عبد الحكيم  الصغير","128526"
"الدار البيضاء-سطات","الجديدة","الجديدة","502","25113","RNI","بناصر رفيق","136521"
"الدار البيضاء-سطات","الجديدة","الجديدة","502","25113","RNI","مينة عفان","139358"
"الدار البيضاء-سطات","الجديدة","الجديدة","502","25113","RNI","صلاح الدين المقتريض","136708"
"الدار البيضاء-سطات","الجديدة","الجديدة","502","25113","RNI","فتيحة بلعطار","139445"
"الدار البيضاء-سطات","الجديدة","الجديدة","502","25113","RNI","هشام عطيف","136807"
"الدار البيضاء-سطات","الجديدة","الجديدة","502","25113","RNI","يوسف زاهيدي","136966"
"الدار البيضاء-سطات","الجديدة","الجديدة","502","25113","PPS","يوسف بيزيد","143682"
"الدار البيضاء-سطات","الجديدة","الجديدة","502","25113","PPS","نادية العثماني","146214"
"الدار البيضاء-سطات","الجديدة","الجديدة","502","25113","PPS","عبد الله التومي","143833"
"الدار البيضاء-سطات","الجديدة","الجديدة","502","25113","PPS","نادية البحراوي","146265"
"الدار البيضاء-سطات","الجديدة","الجديدة","502","25113","PPS","عبد اللطيف خضار","143935"
"الدار البيضاء-سطات","الجديدة","الجديدة","502","25113","PPS","عبدالجليل تنورجي","144177"
"الدار البيضاء-سطات","الجديدة","الجديدة","502","25113","PAM","عبدالحق مهدب","130332"
"الدار البيضاء-سطات","الجديدة","الجديدة","502","25113","PAM","وفاء حركاش","131648"
"الدار البيضاء-سطات","الجديدة","الجديدة","502","25113","PJD","لحسن مقبولي","74446"
"الدار البيضاء-سطات","الجديدة","الجديدة","502","25113","PJD","هند الرطل بناني","76764"
"الدار البيضاء-سطات","الجديدة","الجديدة","502","25113","UC","عبد الالاه بلكحل","148435"
"الدار البيضاء-سطات","الجديدة","الجديدة","502","25113","UC","نجاة فيطر","157323"
"الدار البيضاء-سطات","الجديدة","الجديدة","502","25113","FFD","المصطفى ماحي","98668"
"الدار البيضاء-سطات","الجديدة","الجديدة","502","25113","FFD","ليلى شماع","99448"
"الدار البيضاء-سطات","الجديدة","الجديدة","502","25113","USFP","علي شيبوب","99749"
"الدار البيضاء-سطات","الجديدة","الجديدة","502","25113","USFP","بشرى الكتيري","100059"
"الدار البيضاء-سطات","الجديدة","الجديدة","502","25113","CNI","صلاح الدين بنحرارة","111878"
"الدار البيضاء-سطات","الجديدة","الجديدة","502","25113","PADS","مينة فشقول","116214"
"الدار البيضاء-سطات","الجديدة","الجديدة","502","25113","PRV","خليل برزوق","100151"
"الدار البيضاء-سطات","الجديدة","الجديدة","502","25113","PRV","جهان بوجيدان","100205"
"الدار البيضاء-سطات","الجديدة","الجديدة","502","25113","UMD","منصف مديح","133104"
"الدار البيضاء-سطات","الجديدة","الجديدة","502","25113","PUD","عبد الكريم سويسي","19548"
"الدار البيضاء-سطات","الجديدة","الجديدة","502","25113","PND","عبد الفتاح الطنوري","42341"
"الدار البيضاء-سطات","الجديدة","الجديدة","502","25113","PSU","لطيفة النظام","153123"
"الدار البيضاء-سطات","الجديدة","الجديدة","502","25113","PEDD","محمد الغرباوي","55231"
"الدار البيضاء-سطات","الجديدة","الجديدة","502","25113","PSD","عبد النبي ادم","153494"
"الدار البيضاء-سطات","الجديدة","بولعوان","405","6283","PI","الجيلالي  منضري","36688"
"الدار البيضاء-سطات","الجديدة","بولعوان","405","6283","PI","حنان كحال","36829"
"الدار البيضاء-سطات","الجديدة","بولعوان","405","6295","PI","رشيد عزاب","25124"
"الدار البيضاء-سطات","الجديدة","بولعوان","405","6289","RNI","محمد لحباشي","117645"
"الدار البيضاء-سطات","الجديدة","بولعوان","405","6289","RNI","مليكة جوهار","117753"
"الدار البيضاء-سطات","الجديدة","بولعوان","405","6290","RNI","عباس فريكان","33824"
"الدار البيضاء-سطات","الجديدة","بولعوان","405","6290","RNI","رشيدة منار","34018"
"الدار البيضاء-سطات","الجديدة","بولعوان","405","6284","PI","عبدالكريم الناصحي","16153"
"الدار البيضاء-سطات","الجديدة","بولعوان","405","6294","PI","عزيز المحمودي","23509"
"الدار البيضاء-سطات","الجديدة","بولعوان","405","6285","PI","رضوان محبوب","34628"
"الدار البيضاء-سطات","الجديدة","بولعوان","405","6285","PI","حليمة بلعطار","35088"
"الدار البيضاء-سطات","الجديدة","بولعوان","405","6297","PI","جواد بنطبوش","47922"
"الدار البيضاء-سطات","الجديدة","بولعوان","405","6291","PI","حسن منصور","35608"
"الدار البيضاء-سطات","الجديدة","بولعوان","405","6287","PPS","ياسين حمرور","142141"
"الدار البيضاء-سطات","الجديدة","بولعوان","405","6286","USFP","ابراهيم زوزو","137751"
"الدار البيضاء-سطات","الجديدة","بولعوان","405","6286","USFP","حكيمة حمرية","137937"
"الدار البيضاء-سطات","الجديدة","بولعوان","405","6288","PI","علي عطاش","26580"
"الدار البيضاء-سطات","الجديدة","بولعوان","405","6296","PI","المصطفى شواف","84414"
"الدار البيضاء-سطات","الجديدة","بولعوان","405","6292","RNI","المختار سربوتي","36925"
"الدار البيضاء-سطات","الجديدة","بولعوان","405","6293","PI","عبدالواحد مرضي","23394"
"الدار البيضاء-سطات","الجديدة","حوزية","590","9305","RNI","الأمين حمصي","132509"
"الدار البيضاء-سطات","الجديدة","حوزية","590","9305","RNI","هاجر الصافي","132741"
"الدار البيضاء-سطات","الجديدة","حوزية","590","9318","RNI","رضوان زوبير","36062"
"الدار البيضاء-سطات","الجديدة","حوزية","590","9318","RNI","فتيحة زوبير","36097"
"الدار البيضاء-سطات","الجديدة","حوزية","590","9309","PPS","البغدادي الجفاري","4922"
"الدار البيضاء-سطات","الجديدة","حوزية","590","27521","PPS","عبدالقادر  زنادي","40920"
"الدار البيضاء-سطات","الجديدة","حوزية","590","9302","RNI","التباري بنكريش","36388"
"الدار البيضاء-سطات","الجديدة","حوزية","590","9319","PPS","عبدالحق عوبيد","5289"
"الدار البيضاء-سطات","الجديدة","حوزية","590","9306","RNI","عبد الله الضوبلي","37074"
"الدار البيضاء-سطات","الجديدة","حوزية","590","9306","RNI","مريم الصافي","37189"
"الدار البيضاء-سطات","الجديدة","حوزية","590","9313","PPS","عبد الله عيار","3813"
"الدار البيضاء-سطات","الجديدة","حوزية","590","27520","PPS","عبد الهادي ايبك","4429"
"الدار البيضاء-سطات","الجديدة","حوزية","590","9310","PPS","عيسى خيران","7793"
"الدار البيضاء-سطات","الجديدة","حوزية","590","9310","PPS","مليكة بيزيد","8131"
"الدار البيضاء-سطات","الجديدة","حوزية","590","9314","RNI","عادل سند","36833"
"الدار البيضاء-سطات","الجديدة","حوزية","590","9301","UC","محفوظ غربة","85724"
"الدار البيضاء-سطات","الجديدة","حوزية","590","9308","PPS","عبد العزيز الشماخ","71433"
"الدار البيضاء-سطات","الجديدة","حوزية","590","9315","USFP","ابراهيم امخاو","85452"
"الدار البيضاء-سطات","الجديدة","حوزية","590","9315","USFP","فاضمة  واتاتا","85600"
"الدار البيضاء-سطات","الجديدة","حوزية","590","9300","PPS","المصطفى حنديري","17721"
"الدار البيضاء-سطات","الجديدة","حوزية","590","9316","RNI","عبد القادر زوبير","36277"
"الدار البيضاء-سطات","الجديدة","حوزية","590","9307","RNI","سعيد الوعد","45918"
"الدار البيضاء-سطات","الجديدة","حوزية","590","9303","RNI","مسعود الغازي","41211"
"الدار البيضاء-سطات","الجديدة","حوزية","590","9321","PPS","عبد الله نور الدين","6044"
"الدار البيضاء-سطات","الجديدة","حوزية","590","9304","RNI","محمد تقين","45985"
"الدار البيضاء-سطات","الجديدة","حوزية","590","9320","PPS","موسى بودرة","6849"
"الدار البيضاء-سطات","الجديدة","حوزية","590","9322","UC","احمد الحرشي","17016"
"الدار البيضاء-سطات","الجديدة","حوزية","590","9311","PI","المصطفى حنين","4726"
"الدار البيضاء-سطات","الجديدة","حوزية","590","9312","PPS","عبد السلام القدي","7410"
"الدار البيضاء-سطات","الجديدة","حوزية","590","9317","PPS","خليد الزواقي","40503"
"الدار البيضاء-سطات","الجديدة","زاوية سايس","1525","23858","MP","ابراهيم الوراري","82151"
"الدار البيضاء-سطات","الجديدة","زاوية سايس","1525","23858","MP","غزلان سليم","82263"
"الدار البيضاء-سطات","الجديدة","زاوية سايس","1525","23853","USFP","جواد  شكري","75193"
"الدار البيضاء-سطات","الجديدة","زاوية سايس","1525","23864","MP","المصطفى الصافي","43898"
"الدار البيضاء-سطات","الجديدة","زاوية سايس","1525","23863","RNI","بوشعيب بناني","83527"
"الدار البيضاء-سطات","الجديدة","زاوية سايس","1525","23856","MP","محمد كروتي","112968"
"الدار البيضاء-سطات","الجديدة","زاوية سايس","1525","23856","MP","مليكة ناجمي","113175"
"الدار البيضاء-سطات","الجديدة","زاوية سايس","1525","23860","RNI","عبد الرحيم مفيد","95991"
"الدار البيضاء-سطات","الجديدة","زاوية سايس","1525","23860","RNI","زهيرة سليم","96126"
"الدار البيضاء-سطات","الجديدة","زاوية سايس","1525","23854","PAM","محمد بنكريش","108753"
"الدار البيضاء-سطات","الجديدة","زاوية سايس","1525","23854","PAM","عائشة بنكريش","108896"
"الدار البيضاء-سطات","الجديدة","زاوية سايس","1525","23859","PAM","محمد مرسي ","119595"
"الدار البيضاء-سطات","الجديدة","زاوية سايس","1525","23862","RNI","محمد سايسي حسني ","65117"
"الدار البيضاء-سطات","الجديدة","زاوية سايس","1525","23855","PAM","رشيد مومن","63486"
"الدار البيضاء-سطات","الجديدة","زاوية سايس","1525","23865","MP","ابراهيم الشبابي","23135"
"الدار البيضاء-سطات","الجديدة","زاوية سايس","1525","23857","PAM","عادل جفال","76195"
"الدار البيضاء-سطات","الجديدة","زاوية سايس","1525","23857","PAM","حكيمة مرزاق","76367"
"الدار البيضاء-سطات","الجديدة","زاوية سايس","1525","23861","RNI","عبد السلام سهم","79232"
"الدار البيضاء-سطات","الجديدة","زاوية لقواسم","1524","23850","RNI","منير العبدري","50209"
"الدار البيضاء-سطات","الجديدة","زاوية لقواسم","1524","23850","RNI","سميرة لبصوري","50300"
"الدار البيضاء-سطات","الجديدة","زاوية لقواسم","1524","23844","RNI","محمد فخرالدين","29454"
"الدار البيضاء-سطات","الجديدة","زاوية لقواسم","1524","23844","RNI","فاطنة الحريري","29527"
"الدار البيضاء-سطات","الجديدة","زاوية لقواسم","1524","23852","RNI","عبدالحق منير","25831"
"الدار البيضاء-سطات","الجديدة","زاوية لقواسم","1524","23846","RNI","منير عبد الهادي السرحاني","62984"
"الدار البيضاء-سطات","الجديدة","زاوية لقواسم","1524","23847","USFP","نور الدين الرقاوي","52422"
"الدار البيضاء-سطات","الجديدة","زاوية لقواسم","1524","23847","USFP","غريبة زهري","52516"
"الدار البيضاء-سطات","الجديدة","زاوية لقواسم","1524","23845","USFP","الطاهر طويل","53118"
"الدار البيضاء-سطات","الجديدة","زاوية لقواسم","1524","23843","PPS","الحسن شاكة","60492"
"الدار البيضاء-سطات","الجديدة","زاوية لقواسم","1524","23843","PPS","مجيدة بوغازي","60520"
"الدار البيضاء-سطات","الجديدة","زاوية لقواسم","1524","23849","USFP","نورالدين بلكزار","53219"
"الدار البيضاء-سطات","الجديدة","زاوية لقواسم","1524","23849","USFP","فوزية   مزيان","53261"
"الدار البيضاء-سطات","الجديدة","زاوية لقواسم","1524","23842","USFP","سعيد بلكزار","51919"
"الدار البيضاء-سطات","الجديدة","زاوية لقواسم","1524","23841","USFP","عثمان معروف","74952"
"الدار البيضاء-سطات","الجديدة","زاوية لقواسم","1524","23848","PJD","المصطفى  صماد","29208"
"الدار البيضاء-سطات","الجديدة","زاوية لقواسم","1524","23851","PI","سعيد بنكيعا","59237"
"الدار البيضاء-سطات","الجديدة","زاوية لقواسم","1524","23840","PI","عبد الرحيم شكير","34141"
"الدار البيضاء-سطات","الجديدة","سبت سايس","1131","17881","RNI","عبد الحكيم سرحان","133976"
"الدار البيضاء-سطات","الجديدة","سبت سايس","1131","17876","MP","عبد الكريم صابر","102388"
"الدار البيضاء-سطات","الجديدة","سبت سايس","1131","17872","MP","عزيز الصبار","38352"
"الدار البيضاء-سطات","الجديدة","سبت سايس","1131","17872","MP","عزيزة غنيمي كريم ","38581"
"الدار البيضاء-سطات","الجديدة","سبت سايس","1131","17876","MP","وهيبة صابر","102468"
"الدار البيضاء-سطات","الجديدة","سبت سايس","1131","17880","RNI","محمد بشاري","129976"
"الدار البيضاء-سطات","الجديدة","سبت سايس","1131","17878","USFP","لطيف مديح","131107"
"الدار البيضاء-سطات","الجديدة","سبت سايس","1131","17878","USFP","خديجة خليل","131184"
"الدار البيضاء-سطات","الجديدة","سبت سايس","1131","17880","RNI","ايمان راجي","129991"
"الدار البيضاء-سطات","الجديدة","سبت سايس","1131","17879","MP","محمد السطيع","103637"
"الدار البيضاء-سطات","الجديدة","سبت سايس","1131","17883","RNI","عبد الصمد القضيوي الادريسي","136084"
"الدار البيضاء-سطات","الجديدة","سبت سايس","1131","17873","MP","ادريس مناتي","112064"
"الدار البيضاء-سطات","الجديدة","سبت سايس","1131","17871","MP","احمد البوعناني","90070"
"الدار البيضاء-سطات","الجديدة","سبت سايس","1131","17882","RNI","الحسن مزهر","136448"
"الدار البيضاء-سطات","الجديدة","سبت سايس","1131","17882","RNI","سميرة  مسطري ","136615"
"الدار البيضاء-سطات","الجديدة","سبت سايس","1131","17875","MP","محمد اوليدي","85919"
"الدار البيضاء-سطات","الجديدة","سبت سايس","1131","17874","MP","محمد ملوكي","133349"
"الدار البيضاء-سطات","الجديدة","سبت سايس","1131","17877","RNI","عبد الرحيم سكين","109183"
"الدار البيضاء-سطات","الجديدة","سي احساين بن عبد الرحمان","1144","18122","PI","سعيد برار","65129"
"الدار البيضاء-سطات","الجديدة","سي احساين بن عبد الرحمان","1144","18122","PI","نعيمة بنزراوي","65177"
"الدار البيضاء-سطات","الجديدة","سي احساين بن عبد الرحمان","1144","18119","RNI","هشام غاني","47229"
"الدار البيضاء-سطات","الجديدة","سي احساين بن عبد الرحمان","1144","18119","RNI","رشيدة عتيق","47449"
"الدار البيضاء-سطات","الجديدة","سي احساين بن عبد الرحمان","1144","18121","PI","محمد ابو النور ","35821"
"الدار البيضاء-سطات","الجديدة","سي احساين بن عبد الرحمان","1144","18120","PI","اعلي بورحيل","104099"
"الدار البيضاء-سطات","الجديدة","سي احساين بن عبد الرحمان","1144","18118","RNI","محمد زغدود","108414"
"الدار البيضاء-سطات","الجديدة","سي احساين بن عبد الرحمان","1144","18118","RNI","بوشرة دويدر","108690"
"الدار البيضاء-سطات","الجديدة","سي احساين بن عبد الرحمان","1144","18117","RNI","عبد الرحيم العرفاوي","73284"
"الدار البيضاء-سطات","الجديدة","سي احساين بن عبد الرحمان","1144","18117","RNI","لطيفة ضية","73324"
"الدار البيضاء-سطات","الجديدة","سي احساين بن عبد الرحمان","1144","18124","PI","علي بوملسة","71680"
"الدار البيضاء-سطات","الجديدة","سي احساين بن عبد الرحمان","1144","18124","PI","تاجة العبظالي","71728"
"الدار البيضاء-سطات","الجديدة","سي احساين بن عبد الرحمان","1144","18115","PI","عبد الله وهيل","24866"
"الدار البيضاء-سطات","الجديدة","سي احساين بن عبد الرحمان","1144","18123","PI","محمد عوار","48708"
"الدار البيضاء-سطات","الجديدة","سي احساين بن عبد الرحمان","1144","18116","PI","حنان بنبرقة","49250"
"الدار البيضاء-سطات","الجديدة","سي احساين بن عبد الرحمان","1144","18114","PI","عبد الكريم حيمودي","48184"
"الدار البيضاء-سطات","الجديدة","سيدي اسماعيل","1274","20151","PAM","عبد الواحد الجاحظ","10955"
"الدار البيضاء-سطات","الجديدة","سيدي اسماعيل","1274","20138","PAM","اسماعيل  ابو الصبر ","12138"
"الدار البيضاء-سطات","الجديدة","سيدي اسماعيل","1274","20136","PAM","عبد الغاني كصاب","4421"
"الدار البيضاء-سطات","الجديدة","سيدي اسماعيل","1274","20147","PAM","عبد العزيز قابيلي","2626"
"الدار البيضاء-سطات","الجديدة","سيدي اسماعيل","1274","20144","PAM","احمد بنهنية","11652"
"الدار البيضاء-سطات","الجديدة","سيدي اسماعيل","1274","20144","PAM","لطيفة عافري","11716"
"الدار البيضاء-سطات","الجديدة","سيدي اسماعيل","1274","27691","PAM","حسن حيضرة","86577"
"الدار البيضاء-سطات","الجديدة","سيدي اسماعيل","1274","27691","PAM","فاطمة الزهراء عواد","86658"
"الدار البيضاء-سطات","الجديدة","سيدي اسماعيل","1274","20139","PAM","عبد الفتاح الشتوكي","3702"
"الدار البيضاء-سطات","الجديدة","سيدي اسماعيل","1274","20158","PAM","عبد الكريم عطفاوي","36111"
"الدار البيضاء-سطات","الجديدة","سيدي اسماعيل","1274","20137","RNI","المصدق مشهوري","59335"
"الدار البيضاء-سطات","الجديدة","سيدي اسماعيل","1274","20153","PAM","احمد حنصالي","11000"
"الدار البيضاء-سطات","الجديدة","سيدي اسماعيل","1274","20156","PAM","محمد الغربي ","35894"
"الدار البيضاء-سطات","الجديدة","سيدي اسماعيل","1274","20156","PAM","دنيا وراق","35970"
"الدار البيضاء-سطات","الجديدة","سيدي اسماعيل","1274","20154","PAM","محمد مهدب","27279"
"الدار البيضاء-سطات","الجديدة","سيدي اسماعيل","1274","20146","PAM","عبداللطيف مهدب","23506"
"الدار البيضاء-سطات","الجديدة","سيدي اسماعيل","1274","20150","MP","هشام حميمدي","81155"
"الدار البيضاء-سطات","الجديدة","سيدي اسماعيل","1274","20150","MP","حسناء ارياض","81263"
"الدار البيضاء-سطات","الجديدة","سيدي اسماعيل","1274","20140","RNI","محمد خيا","75046"
"الدار البيضاء-سطات","الجديدة","سيدي اسماعيل","1274","27690","PAM","قاسم مهذب","136367"
"الدار البيضاء-سطات","الجديدة","سيدي اسماعيل","1274","20145","PAM","محمد ابو القاسم","17195"
"الدار البيضاء-سطات","الجديدة","سيدي اسماعيل","1274","20145","PAM","خديجة مهلولي","17334"
"الدار البيضاء-سطات","الجديدة","سيدي اسماعيل","1274","20148","RNI","محمد الزواني ","59721"
"الدار البيضاء-سطات","الجديدة","سيدي اسماعيل","1274","20152","RNI","المهدي بلعقدة","79545"
"الدار البيضاء-سطات","الجديدة","سيدي اسماعيل","1274","20157","PAM","محمد زمزام","14191"
"الدار البيضاء-سطات","الجديدة","سيدي اسماعيل","1274","20141","RNI","بوشعيب بحبوحي","35299"
"الدار البيضاء-سطات","الجديدة","سيدي اسماعيل","1274","20143","PAM","رضوان مهدب","114611"
"الدار البيضاء-سطات","الجديدة","سيدي اسماعيل","1274","20155","PAM","المصطفى جبران","48232"
"الدار البيضاء-سطات","الجديدة","سيدي اسماعيل","1274","20149","PAM","بوشعيب لكرض","34433"
"الدار البيضاء-سطات","الجديدة","سيدي اسماعيل","1274","20142","PAM","المصطفى  عاطف","4870"
"الدار البيضاء-سطات","الجديدة","سيدي امحمد اخديم","1248","19692","RNI","صالح الدين الأحمري","122732"
"الدار البيضاء-سطات","الجديدة","سيدي امحمد اخديم","1248","19692","RNI","ام البنين الاحمري","122813"
"الدار البيضاء-سطات","الجديدة","سيدي امحمد اخديم","1248","19690","PAM","بوشعيب الزهر","90351"
"الدار البيضاء-سطات","الجديدة","سيدي امحمد اخديم","1248","19690","PAM","خديجة شبيلة","90482"
"الدار البيضاء-سطات","الجديدة","سيدي امحمد اخديم","1248","19689","RNI","احمد التوري","91023"
"الدار البيضاء-سطات","الجديدة","سيدي امحمد اخديم","1248","19689","RNI","حصفة الاحمري","91243"
"الدار البيضاء-سطات","الجديدة","سيدي امحمد اخديم","1248","19688","RNI","عبد الله محفاض","89929"
"الدار البيضاء-سطات","الجديدة","سيدي امحمد اخديم","1248","19699","MP","عبداللطيف حفري","52167"
"الدار البيضاء-سطات","الجديدة","سيدي امحمد اخديم","1248","19696","RNI","المصطفى المصباحي","119201"
"الدار البيضاء-سطات","الجديدة","سيدي امحمد اخديم","1248","19696","RNI","نعيمة الغريسي","119326"
"الدار البيضاء-سطات","الجديدة","سيدي امحمد اخديم","1248","19700","RNI","محمد زهير ","119666"
"الدار البيضاء-سطات","الجديدة","سيدي امحمد اخديم","1248","19697","MP","ادريس الابياري","81958"
"الدار البيضاء-سطات","الجديدة","سيدي امحمد اخديم","1248","19693","RNI","عبد العزيز الباهي ","118086"
"الدار البيضاء-سطات","الجديدة","سيدي امحمد اخديم","1248","19694","MP","احمد بوخار","116226"
"الدار البيضاء-سطات","الجديدة","سيدي امحمد اخديم","1248","19698","RNI","احمد الحريري ","96994"
"الدار البيضاء-سطات","الجديدة","سيدي امحمد اخديم","1248","19698","RNI","مليكة الجعواني","97148"
"الدار البيضاء-سطات","الجديدة","سيدي امحمد اخديم","1248","19695","RNI","ابراهيم اخضيف ","110295"
"الدار البيضاء-سطات","الجديدة","سيدي امحمد اخديم","1248","19691","RNI","عزيز صبري","116065"
"الدار البيضاء-سطات","الجديدة","سيدي عابد","1159","18322","MP","محمد سفاري","17798"
"الدار البيضاء-سطات","الجديدة","سيدي عابد","1159","18323","PPS","بوشعيب العكري","22401"
"الدار البيضاء-سطات","الجديدة","سيدي عابد","1159","18323","PPS","خدوج صواب","22492"
"الدار البيضاء-سطات","الجديدة","سيدي عابد","1159","18333","MP","محمد الرابع","88093"
"الدار البيضاء-سطات","الجديدة","سيدي عابد","1159","18333","MP","نادية  بوشروب ","88244"
"الدار البيضاء-سطات","الجديدة","سيدي عابد","1159","18324","MP","عبد الكريم مرني","17523"
"الدار البيضاء-سطات","الجديدة","سيدي عابد","1159","18331","MP","المصطفى متقي","28041"
"الدار البيضاء-سطات","الجديدة","سيدي عابد","1159","18321","MP","محمد الابيض","16430"
"الدار البيضاء-سطات","الجديدة","سيدي عابد","1159","18321","MP","سميحة جغيدر","16523"
"الدار البيضاء-سطات","الجديدة","سيدي عابد","1159","18332","MP","عزيز مهدب","248"
"الدار البيضاء-سطات","الجديدة","سيدي عابد","1159","18337","MP","حميد سماح","135670"
"الدار البيضاء-سطات","الجديدة","سيدي عابد","1159","18326","MP","عبد اللطيف قويقي","18235"
"الدار البيضاء-سطات","الجديدة","سيدي عابد","1159","18329","RNI","الحسن معاني","28393"
"الدار البيضاء-سطات","الجديدة","سيدي عابد","1159","18340","MP","المحفوظ التايمي","53547"
"الدار البيضاء-سطات","الجديدة","سيدي عابد","1159","18342","RNI","الحسن مقدام","37755"
"الدار البيضاء-سطات","الجديدة","سيدي عابد","1159","18342","RNI","نادية مقدام","37804"
"الدار البيضاء-سطات","الجديدة","سيدي عابد","1159","18338","MP","عبد الله بسيط","26531"
"الدار البيضاء-سطات","الجديدة","سيدي عابد","1159","18328","MP","عبدالهادي بوفان","27359"
"الدار البيضاء-سطات","الجديدة","سيدي عابد","1159","18334","MP","عبداللطيف لويزي","23381"
"الدار البيضاء-سطات","الجديدة","سيدي عابد","1159","18325","PND","الحسين باتولي","14791"
"الدار البيضاء-سطات","الجديدة","سيدي عابد","1159","18325","PND","لطيفة روحي","14829"
"الدار البيضاء-سطات","الجديدة","سيدي عابد","1159","18327","MP","محمد البلالي","40546"
"الدار البيضاء-سطات","الجديدة","سيدي عابد","1159","18341","MP","عبد الكريم وسطريف","18393"
"الدار البيضاء-سطات","الجديدة","سيدي عابد","1159","18339","MP","رشيد بوطيس","70308"
"الدار البيضاء-سطات","الجديدة","سيدي عابد","1159","18330","USFP","التباري المشروكي","27170"
"الدار البيضاء-سطات","الجديدة","سيدي عابد","1159","18336","MP","عباس جواد","40392"
"الدار البيضاء-سطات","الجديدة","سيدي عابد","1159","18343","MP","عبد الصمد عائلي","28820"
"الدار البيضاء-سطات","الجديدة","سيدي عابد","1159","18335","MP","المصدق بنصرية","24190"
"الدار البيضاء-سطات","الجديدة","سيدي علي بن حمدوش","1175","28478","RNI","حسن الابحاب","65724"
"الدار البيضاء-سطات","الجديدة","سيدي علي بن حمدوش","1175","28481","RNI","احمد توتاوي","33423"
"الدار البيضاء-سطات","الجديدة","سيدي علي بن حمدوش","1175","28481","RNI","سعاد لحيان","33486"
"الدار البيضاء-سطات","الجديدة","سيدي علي بن حمدوش","1175","28460","RNI","عبدالاله لفحل","32152"
"الدار البيضاء-سطات","الجديدة","سيدي علي بن حمدوش","1175","28471","RNI","الحسين الرماني","21621"
"الدار البيضاء-سطات","الجديدة","سيدي علي بن حمدوش","1175","28462","PI","سميرة البري","1160"
"الدار البيضاء-سطات","الجديدة","سيدي علي بن حمدوش","1175","28465","RNI","عبد القادر الوادي","14604"
"الدار البيضاء-سطات","الجديدة","سيدي علي بن حمدوش","1175","28480","RNI","المصطفى امغاري","47903"
"الدار البيضاء-سطات","الجديدة","سيدي علي بن حمدوش","1175","28480","RNI","لطيفة المنادي","47960"
"الدار البيضاء-سطات","الجديدة","سيدي علي بن حمدوش","1175","28467","RNI","محمد مرزوك","38002"
"الدار البيضاء-سطات","الجديدة","سيدي علي بن حمدوش","1175","28472","RNI","احمد كروج","16382"
"الدار البيضاء-سطات","الجديدة","سيدي علي بن حمدوش","1175","28464","RNI","توفيق بوخليفي","40072"
"الدار البيضاء-سطات","الجديدة","سيدي علي بن حمدوش","1175","28466","RNI","عبد الله الجعفاري","47797"
"الدار البيضاء-سطات","الجديدة","سيدي علي بن حمدوش","1175","28474","RNI","محمد بوظهر","11008"
"الدار البيضاء-سطات","الجديدة","سيدي علي بن حمدوش","1175","28473","RNI","عبدالله لفضالي","33979"
"الدار البيضاء-سطات","الجديدة","سيدي علي بن حمدوش","1175","28459","RNI","عبد القادر نقاش","58389"
"الدار البيضاء-سطات","الجديدة","سيدي علي بن حمدوش","1175","28468","RNI","مجيد خايف","79984"
"الدار البيضاء-سطات","الجديدة","سيدي علي بن حمدوش","1175","28475","PAM","عبد السلام الرياضي","10031"
"الدار البيضاء-سطات","الجديدة","سيدي علي بن حمدوش","1175","28476","RNI","عز الدين شافعي","96148"
"الدار البيضاء-سطات","الجديدة","سيدي علي بن حمدوش","1175","28476","RNI","سميرة زويت","96190"
"الدار البيضاء-سطات","الجديدة","سيدي علي بن حمدوش","1175","28463","RNI","عز الدين بودالي","88123"
"الدار البيضاء-سطات","الجديدة","سيدي علي بن حمدوش","1175","28457","CNI","هشام ملوك","81742"
"الدار البيضاء-سطات","الجديدة","سيدي علي بن حمدوش","1175","28479","RNI","المصطفى رابحي","51578"
"الدار البيضاء-سطات","الجديدة","سيدي علي بن حمدوش","1175","28469","PML","طارق بوظهر","32040"
"الدار البيضاء-سطات","الجديدة","سيدي علي بن حمدوش","1175","28458","CNI","محمد الصابر","83702"
"الدار البيضاء-سطات","الجديدة","سيدي علي بن حمدوش","1175","28461","PI","الجيلالي البري","13474"
"الدار البيضاء-سطات","الجديدة","سيدي علي بن حمدوش","1175","28477","RNI","سعيد بكار","59434"
"الدار البيضاء-سطات","الجديدة","سيدي علي بن حمدوش","1175","28477","RNI","محجوبة لفحل","59472"
"الدار البيضاء-سطات","الجديدة","سيدي علي بن حمدوش","1175","28470","RNI","عمر امامي","40738"
"الدار البيضاء-سطات","الجديدة","سيدي علي بن حمدوش","1175","28470","RNI","السعدية بلحرة","40896"
"الدار البيضاء-سطات","الجديدة","شتوكة","446","26483","RNI","بوشعيب بنضاوي","3076"
"الدار البيضاء-سطات","الجديدة","شتوكة","446","26483","RNI","أمينة بنضاوي","3501"
"الدار البيضاء-سطات","الجديدة","شتوكة","446","26484","RNI","محمد مصواب","11605"
"الدار البيضاء-سطات","الجديدة","شتوكة","446","26484","RNI","عائشة لبصيلي","11648"
"الدار البيضاء-سطات","الجديدة","شتوكة","446","26467","RNI","عبد الرحيم ابو القسيم","23297"
"الدار البيضاء-سطات","الجديدة","شتوكة","446","26467","RNI","حليمة ابو القسيم","23391"
"الدار البيضاء-سطات","الجديدة","شتوكة","446","26480","RNI","بونعيم المخفي","13596"
"الدار البيضاء-سطات","الجديدة","شتوكة","446","26480","RNI","فاطم الزهراء لمحرف","13677"
"الدار البيضاء-سطات","الجديدة","شتوكة","446","26474","RNI","عبدالمجبد بلالي","11345"
"الدار البيضاء-سطات","الجديدة","شتوكة","446","26481","RNI","امين بنصامدية","4645"
"الدار البيضاء-سطات","الجديدة","شتوكة","446","26481","RNI","ارقية ظافر","4901"
"الدار البيضاء-سطات","الجديدة","شتوكة","446","26471","PAM","مليكة  هشمي","14374"
"الدار البيضاء-سطات","الجديدة","شتوكة","446","26478","RNI","علي الدازي","12254"
"الدار البيضاء-سطات","الجديدة","شتوكة","446","26469","RNI","بوشعيب الرايخ","13372"
"الدار البيضاء-سطات","الجديدة","شتوكة","446","26470","RNI","عبد القادر الضامي","260"
"الدار البيضاء-سطات","الجديدة","شتوكة","446","26476","RNI","ادريس  سلوم","355"
"الدار البيضاء-سطات","الجديدة","شتوكة","446","26475","RNI","احمد الرافق","15761"
"الدار البيضاء-سطات","الجديدة","شتوكة","446","26491","RNI","عبد الرحيم الكوني","7145"
"الدار البيضاء-سطات","الجديدة","شتوكة","446","26490","RNI","المصطفى  امريس","1824"
"الدار البيضاء-سطات","الجديدة","شتوكة","446","26479","RNI","المصطفى حمدون","11418"
"الدار البيضاء-سطات","الجديدة","شتوكة","446","26488","PPS","محمد المير","13100"
"الدار البيضاء-سطات","الجديدة","شتوكة","446","26468","RNI","رضوان اطويل","26600"
"الدار البيضاء-سطات","الجديدة","شتوكة","446","26482","RNI","المصطفى قنديل","7007"
"الدار البيضاء-سطات","الجديدة","شتوكة","446","26473","RNI","جعفر الرياني","1116"
"الدار البيضاء-سطات","الجديدة","شتوكة","446","26477","RNI","محمد المهداوي","15845"
"الدار البيضاء-سطات","الجديدة","شتوكة","446","26487","RNI","عبدالواحد سعادي","49929"
"الدار البيضاء-سطات","الجديدة","شتوكة","446","26486","RNI","خليد السعيلي","5172"
"الدار البيضاء-سطات","الجديدة","شتوكة","446","26472","RNI","عبد اللطيف بداوي","1900"
"الدار البيضاء-سطات","الجديدة","شتوكة","446","26489","PPS","احمد الجيهاوي","113134"
"الدار البيضاء-سطات","الجديدة","شتوكة","446","26485","RNI","عمر البرقي","15568"
"الدار البيضاء-سطات","الجديدة","شعيبات","431","6668","RNI","محمد ياسين هبيري","90223"
"الدار البيضاء-سطات","الجديدة","شعيبات","431","6668","RNI","ضحى هبيري","90609"
"الدار البيضاء-سطات","الجديدة","شعيبات","431","6667","RNI","الصغير زرقاوي","131396"
"الدار البيضاء-سطات","الجديدة","شعيبات","431","6661","PI","محسن الدغوغي","63303"
"الدار البيضاء-سطات","الجديدة","شعيبات","431","6661","PI","طامو بنجريتلة","63352"
"الدار البيضاء-سطات","الجديدة","شعيبات","431","6673","RNI","محمد فتار","80392"
"الدار البيضاء-سطات","الجديدة","شعيبات","431","6669","RNI","محمد فرحان","74709"
"الدار البيضاء-سطات","الجديدة","شعيبات","431","6669","RNI","ثورية فرحان","75093"
"الدار البيضاء-سطات","الجديدة","شعيبات","431","6672","PI","سعيد خالدي","52667"
"الدار البيضاء-سطات","الجديدة","شعيبات","431","6672","PI","مينة مزراجي","52579"
"الدار البيضاء-سطات","الجديدة","شعيبات","431","6670","PI","احمد شباني","47929"
"الدار البيضاء-سطات","الجديدة","شعيبات","431","6671","PJD","محمد الادريسي","63924"
"الدار البيضاء-سطات","الجديدة","شعيبات","431","6664","PJD","رضوان عقبة","83235"
"الدار البيضاء-سطات","الجديدة","شعيبات","431","6664","PJD","نزهة بودروس","83285"
"الدار البيضاء-سطات","الجديدة","شعيبات","431","6662","PJD","عمر حسون","39937"
"الدار البيضاء-سطات","الجديدة","شعيبات","431","6666","PI","المصطفى منيار","25477"
"الدار البيضاء-سطات","الجديدة","شعيبات","431","6665","PJD","عبد الجبار بوملحة","139270"
"الدار البيضاء-سطات","الجديدة","شعيبات","431","6663","PJD","الرداد برودي","74329"
"الدار البيضاء-سطات","الجديدة","لبير الجديد","794","25734","PAM","محمد جعطور","4792"
"الدار البيضاء-سطات","الجديدة","لبير الجديد","794","25734","PAM","مينة حمومي","4891"
"الدار البيضاء-سطات","الجديدة","لبير الجديد","794","12535","PPS","الحسين صدقي","134348"
"الدار البيضاء-سطات","الجديدة","لبير الجديد","794","12535","PPS","سكينة الرباني","134661"
"الدار البيضاء-سطات","الجديدة","لبير الجديد","794","12530","PPS","يوسف السعيدي","12801"
"الدار البيضاء-سطات","الجديدة","لبير الجديد","794","25730","PAM","يوسف لكحيلي","5398"
"الدار البيضاء-سطات","الجديدة","لبير الجديد","794","12541","PAM","المصطفى طيابي","61340"
"الدار البيضاء-سطات","الجديدة","لبير الجديد","794","12541","PAM","مريم وفيق","61404"
"الدار البيضاء-سطات","الجديدة","لبير الجديد","794","12539","USFP","يوسف زوين","87656"
"الدار البيضاء-سطات","الجديدة","لبير الجديد","794","12539","USFP","سناء بوكيري","87783"
"الدار البيضاء-سطات","الجديدة","لبير الجديد","794","12532","PAM","جواد لعرج","13247"
"الدار البيضاء-سطات","الجديدة","لبير الجديد","794","25738","RNI","علي بودار","16498"
"الدار البيضاء-سطات","الجديدة","لبير الجديد","794","12534","PAM","جمال مدرني","20999"
"الدار البيضاء-سطات","الجديدة","لبير الجديد","794","25732","PAM","خالد قراشلي","12509"
"الدار البيضاء-سطات","الجديدة","لبير الجديد","794","12533","PAM","عبد العزيز بري","5718"
"الدار البيضاء-سطات","الجديدة","لبير الجديد","794","12536","PPS","المصطفى نصر الدين","11821"
"الدار البيضاء-سطات","الجديدة","لبير الجديد","794","25739","PAM","سعيد حشاد","396"
"الدار البيضاء-سطات","الجديدة","لبير الجديد","794","25735","USFP","عثمان ايت رحو","71538"
"الدار البيضاء-سطات","الجديدة","لبير الجديد","794","25736","RNI","سعيد ثابت","22782"
"الدار البيضاء-سطات","الجديدة","لبير الجديد","794","25736","RNI","منى اجعاجع","22818"
"الدار البيضاء-سطات","الجديدة","لبير الجديد","794","12542","PAM","مراد انكيك","27379"
"الدار البيضاء-سطات","الجديدة","لبير الجديد","794","25737","PAM","سعيد امزيل","9014"
"الدار البيضاء-سطات","الجديدة","لبير الجديد","794","12537","PPS","ابراهيم بوتهليل","12001"
"الدار البيضاء-سطات","الجديدة","لبير الجديد","794","12540","USFP","هشام بناجي","17670"
"الدار البيضاء-سطات","الجديدة","لبير الجديد","794","25733","USFP","سعيد ضريف","25307"
"الدار البيضاء-سطات","الجديدة","لبير الجديد","794","25731","PAM","عبد الرحيم الزهيري","11121"
"الدار البيضاء-سطات","الجديدة","لبير الجديد","794","12538","USFP","عثمان  السقوقع","46318"
"الدار البيضاء-سطات","الجديدة","لبير الجديد","794","12531","PPS","عبدالله ناحيلي","133182"
"الدار البيضاء-سطات","الجديدة","لغديرة","755","11888","PAM","حسن البوصيري","22995"
"الدار البيضاء-سطات","الجديدة","لغديرة","755","11894","PAM","الجيلالي الطوسي","51934"
"الدار البيضاء-سطات","الجديدة","لغديرة","755","11892","RNI","محمد الدية","52330"
"الدار البيضاء-سطات","الجديدة","لغديرة","755","11892","RNI","السعدية طهير","52463"
"الدار البيضاء-سطات","الجديدة","لغديرة","755","11881","PPS","رشيد الكيلة","43152"
"الدار البيضاء-سطات","الجديدة","لغديرة","755","11881","PPS","عائشة ورخيص","43288"
"الدار البيضاء-سطات","الجديدة","لغديرة","755","11878","RNI","ابراهيم العارف","61541"
"الدار البيضاء-سطات","الجديدة","لغديرة","755","11886","PAM","عبدالعالي سليم","21841"
"الدار البيضاء-سطات","الجديدة","لغديرة","755","11887","PAM","احمد محضي","13891"
"الدار البيضاء-سطات","الجديدة","لغديرة","755","11879","PPS","احمد مازن","51897"
"الدار البيضاء-سطات","الجديدة","لغديرة","755","11879","PPS","سميرة حشفة","51960"
"الدار البيضاء-سطات","الجديدة","لغديرة","755","11885","RNI","محمد مونيار","53453"
"الدار البيضاء-سطات","الجديدة","لغديرة","755","11873","RNI","خالد ازنيدي","71732"
"الدار البيضاء-سطات","الجديدة","لغديرة","755","11876","PAM","موراد  النقراوي","21954"
"الدار البيضاء-سطات","الجديدة","لغديرة","755","11874","RNI","حسن لكحل","91409"
"الدار البيضاء-سطات","الجديدة","لغديرة","755","11891","PPS","محمد محمول","35498"
"الدار البيضاء-سطات","الجديدة","لغديرة","755","11895","PAM","محمد العبدلي","60846"
"الدار البيضاء-سطات","الجديدة","لغديرة","755","11880","RNI","عبد الرزاق  ضبيان","89650"
"الدار البيضاء-سطات","الجديدة","لغديرة","755","11880","RNI","سعاد المديومي","89760"
"الدار البيضاء-سطات","الجديدة","لغديرة","755","11889","RNI","التباري فرقوش","41525"
"الدار البيضاء-سطات","الجديدة","لغديرة","755","11882","PAM","ادريس وديع","33928"
"الدار البيضاء-سطات","الجديدة","لغديرة","755","11875","PAM","خالد مرقوم","14042"
"الدار البيضاء-سطات","الجديدة","لغديرة","755","11883","USFP","سعيد خياط","14908"
"الدار البيضاء-سطات","الجديدة","لغديرة","755","11890","PAM","احمد النحلة","42648"
"الدار البيضاء-سطات","الجديدة","لغديرة","755","11884","PAM","عبدالله النحلة","22008"
"الدار البيضاء-سطات","الجديدة","لغديرة","755","11877","PAM","عبد الرحيم لقلش","60145"
"الدار البيضاء-سطات","الجديدة","لغديرة","755","11877","PAM","حليمة لقلش","60214"
"الدار البيضاء-سطات","الجديدة","لغديرة","755","11893","PAM","سعيد رشدي","109193"
"الدار البيضاء-سطات","الجديدة","لمهارزة الساحل","780","27565","PI","عبد الكريم عدنان","29544"
"الدار البيضاء-سطات","الجديدة","لمهارزة الساحل","780","27565","PI","عائشة زهران","29602"
"الدار البيضاء-سطات","الجديدة","لمهارزة الساحل","780","12278","RNI","المصطفى بسير","65710"
"الدار البيضاء-سطات","الجديدة","لمهارزة الساحل","780","12278","RNI","فدوى مفهوم","65760"
"الدار البيضاء-سطات","الجديدة","لمهارزة الساحل","780","12275","PI","حميد معروف","64603"
"الدار البيضاء-سطات","الجديدة","لمهارزة الساحل","780","12275","PI","حليمة عتقي","64685"
"الدار البيضاء-سطات","الجديدة","لمهارزة الساحل","780","12269","RNI","المصطفى شرافي","63316"
"الدار البيضاء-سطات","الجديدة","لمهارزة الساحل","780","27566","PI","محسن ضويو","42494"
"الدار البيضاء-سطات","الجديدة","لمهارزة الساحل","780","27564","RNI","كمال الطاهيدي","87693"
"الدار البيضاء-سطات","الجديدة","لمهارزة الساحل","780","12274","RNI","البشير الدغوبي","71341"
"الدار البيضاء-سطات","الجديدة","لمهارزة الساحل","780","12266","PPS","محمد  العمار ","93480"
"الدار البيضاء-سطات","الجديدة","لمهارزة الساحل","780","12266","PPS","نادية العمار","93566"
"الدار البيضاء-سطات","الجديدة","لمهارزة الساحل","780","12273","PI","المصطفى الريكط","48190"
"الدار البيضاء-سطات","الجديدة","لمهارزة الساحل","780","27568","PI","هشام الزروقي","74616"
"الدار البيضاء-سطات","الجديدة","لمهارزة الساحل","780","27568","PI","عتيقة الحيوش","74698"
"الدار البيضاء-سطات","الجديدة","لمهارزة الساحل","780","12268","PI","محمد الفول","42054"
"الدار البيضاء-سطات","الجديدة","لمهارزة الساحل","780","27569","PI","عبد الله التركي","40145"
"الدار البيضاء-سطات","الجديدة","لمهارزة الساحل","780","27570","RNI","محمد مادن","60432"
"الدار البيضاء-سطات","الجديدة","لمهارزة الساحل","780","12265","RNI","رشيد سنيتفي","70701"
"الدار البيضاء-سطات","الجديدة","لمهارزة الساحل","780","12264","PI","محمد العويني","136529"
"الدار البيضاء-سطات","الجديدة","لمهارزة الساحل","780","27567","RNI","محمد طلال","48072"
"الدار البيضاء-سطات","الجديدة","لمهارزة الساحل","780","12267","PI","عبد الرحيم بيبط","137005"
"الدار البيضاء-سطات","الجديدة","لمهارزة الساحل","780","12277","PI","عبد الرحمان حليم","107987"
"الدار البيضاء-سطات","الجديدة","لمهارزة الساحل","780","12272","RNI","كمال الحفيان","117636"
"الدار البيضاء-سطات","الجديدة","لمهارزة الساحل","780","12271","PI","المصطفى الحجري","43551"
"الدار البيضاء-سطات","الجديدة","لمهارزة الساحل","780","12276","RNI","ادريس الصونفي","52151"
"الدار البيضاء-سطات","الجديدة","لمهارزة الساحل","780","27571","RNI","المصطفى العتقي","72519"
"الدار البيضاء-سطات","الجديدة","لمهارزة الساحل","780","12270","RNI","نور الدين ساهير","64816"
"الدار البيضاء-سطات","الجديدة","متوح","875","26539","PI","بوشعيب المعناوي","25773"
"الدار البيضاء-سطات","الجديدة","متوح","875","26539","PI","نادية المعناوي","26015"
"الدار البيضاء-سطات","الجديدة","متوح","875","26531","PI","المصطفى بلمعاشي","22805"
"الدار البيضاء-سطات","الجديدة","متوح","875","26524","PI","محمد شبي","50111"
"الدار البيضاء-سطات","الجديدة","متوح","875","26524","PI","سهام شبي","50238"
"الدار البيضاء-سطات","الجديدة","متوح","875","26522","PI","علي ليفي","50378"
"الدار البيضاء-سطات","الجديدة","متوح","875","26522","PI","فاطمة حفيان","50451"
"الدار البيضاء-سطات","الجديدة","متوح","875","26523","PI","محمد  الماجدي ","26203"
"الدار البيضاء-سطات","الجديدة","متوح","875","26532","PI","محمد رشيد","26641"
"الدار البيضاء-سطات","الجديدة","متوح","875","26537","PI","المصطفى قاسمي","25590"
"الدار البيضاء-سطات","الجديدة","متوح","875","26527","PI","سعيد العضراوي","36270"
"الدار البيضاء-سطات","الجديدة","متوح","875","26529","PI","بوشعيب وفي","22063"
"الدار البيضاء-سطات","الجديدة","متوح","875","26535","PI","كمال الزيراري","105052"
"الدار البيضاء-سطات","الجديدة","متوح","875","26535","PI","مارية نادي","105196"
"الدار البيضاء-سطات","الجديدة","متوح","875","26528","PI","امبارك الطرمونية","92096"
"الدار البيضاء-سطات","الجديدة","متوح","875","26538","PI","محمد ياسين ","26494"
"الدار البيضاء-سطات","الجديدة","متوح","875","26518","PI","العربي مستقيم","26111"
"الدار البيضاء-سطات","الجديدة","متوح","875","26517","PI","محمد بهلال","36392"
"الدار البيضاء-سطات","الجديدة","متوح","875","26536","PI","علي المزيان","107512"
"الدار البيضاء-سطات","الجديدة","متوح","875","26536","PI","الزوهرة السرغيني","130434"
"الدار البيضاء-سطات","الجديدة","متوح","875","26533","PI","حسن جبور","25680"
"الدار البيضاء-سطات","الجديدة","متوح","875","26530","PI","علال السماحي","50784"
"الدار البيضاء-سطات","الجديدة","متوح","875","26541","RNI","حميد نور الدين","89563"
"الدار البيضاء-سطات","الجديدة","متوح","875","26534","PI","احمد الحر","26423"
"الدار البيضاء-سطات","الجديدة","متوح","875","26540","PI","بوشعيب فايد","115869"
"الدار البيضاء-سطات","الجديدة","متوح","875","26526","PI","محمد شهير","27010"
"الدار البيضاء-سطات","الجديدة","متوح","875","26525","PI","المصطفى فرداني","35246"
"الدار البيضاء-سطات","الجديدة","متوح","875","26521","PI","المصطفى جمال","22745"
"الدار البيضاء-سطات","الجديدة","متوح","875","26520","PI","حميد محبوب","86693"
"الدار البيضاء-سطات","الجديدة","متوح","875","26519","PI","المصطفى نجاح الادريسي","49015"
"الدار البيضاء-سطات","الجديدة","مكرس","889","25759","PAM","خالد بنزيدية ","46638"
"الدار البيضاء-سطات","الجديدة","مكرس","889","14051","PPS","المصطفى وعدود","105795"
"الدار البيضاء-سطات","الجديدة","مكرس","889","14051","PPS","رشيدة الحر","113208"
"الدار البيضاء-سطات","الجديدة","مكرس","889","25761","PPS","عبدالحق  كريم ","111813"
"الدار البيضاء-سطات","الجديدة","مكرس","889","25761","PPS","فاطمة الرابحي","111940"
"الدار البيضاء-سطات","الجديدة","مكرس","889","14047","PAM","حسن فضي","82031"
"الدار البيضاء-سطات","الجديدة","مكرس","889","14049","PAM","ابراهيم مسوكي","85473"
"الدار البيضاء-سطات","الجديدة","مكرس","889","14049","PAM","فدوى مفتاح","85561"
"الدار البيضاء-سطات","الجديدة","مكرس","889","25765","PAM","العربي معتصم","82953"
"الدار البيضاء-سطات","الجديدة","مكرس","889","14048","PPS","المصطفى مليح","122048"
"الدار البيضاء-سطات","الجديدة","مكرس","889","14048","PPS","امال فضي","122194"
"الدار البيضاء-سطات","الجديدة","مكرس","889","14054","PAM","بوشعيب سليم","83640"
"الدار البيضاء-سطات","الجديدة","مكرس","889","25763","PPS","عبد الكريم بهلوان","130867"
"الدار البيضاء-سطات","الجديدة","مكرس","889","25762","PAM","محمد كميح","111204"
"الدار البيضاء-سطات","الجديدة","مكرس","889","14052","PAM","عبد المجيد حديني","86806"
"الدار البيضاء-سطات","الجديدة","مكرس","889","14058","PAM","كمال الدين مخلص","115670"
"الدار البيضاء-سطات","الجديدة","مكرس","889","14055","PAM","التهامي عنتار","82473"
"الدار البيضاء-سطات","الجديدة","مكرس","889","25760","PPS","حميد الفرابي","107240"
"الدار البيضاء-سطات","الجديدة","مكرس","889","14056","PAM","عبد الحكيم سهامي","82177"
"الدار البيضاء-سطات","الجديدة","مكرس","889","25764","PAM","عبد��لهادي كادمي","83144"
"الدار البيضاء-سطات","الجديدة","مكرس","889","25758","PAM","احمد دحماني","121053"
"الدار البيضاء-سطات","الجديدة","مكرس","889","25757","PPS","سعيد ماشط","117882"
"الدار البيضاء-سطات","الجديدة","مكرس","889","25757","PPS","فاطمة ماشط","117987"
"الدار البيضاء-سطات","الجديدة","مكرس","889","14050","PAM","حسن قبايلي","109798"
"الدار البيضاء-سطات","الجديدة","مكرس","889","14053","PAM","الطاهر محب","88220"
"الدار البيضاء-سطات","الجديدة","مكرس","889","14057","PPS","المصطفى بوشكار","106510"
"الدار البيضاء-سطات","الجديدة","مكرس","889","14059","PAM","عبدالله دحماني","88849"
"الدار البيضاء-سطات","الجديدة","مكرس","889","25756","PAM","عبد العزيز بنوري","24153"
"الدار البيضاء-سطات","الجديدة","مولاي عبدالله","917","25116","USFP","مولاي المهدي الفاطمي","51532"
"الدار البيضاء-سطات","الجديدة","مولاي عبدالله","917","25116","USFP","كريمة  الحسوي","50982"
"الدار البيضاء-سطات","الجديدة","مولاي عبدالله","917","25116","USFP","عثمان بنحدو","51589"
"الدار البيضاء-سطات","الجديدة","مولاي عبدالله","917","25116","USFP","سهام كرظان","51011"
"الدار البيضاء-سطات","الجديدة","مولاي عبدالله","917","25116","USFP","اسماعيل مدالي","51623"
"الدار البيضاء-سطات","الجديدة","مولاي عبدالله","917","25116","PPS","عبدالغني بصار","23144"
"الدار البيضاء-سطات","الجديدة","مولاي عبدالله","917","25116","PPS","فاطنة ماكر","24449"
"الدار البيضاء-سطات","الجديدة","مولاي عبدالله","917","25116","PPS","بوشعيب خمري","23167"
"الدار البيضاء-سطات","الجديدة","مولاي عبدالله","917","25116","RNI","بوشعيب بنغنو","4959"
"الدار البيضاء-سطات","الجديدة","مولاي عبدالله","917","25116","RNI","شريفة  مومو","5679"
"الدار البيضاء-سطات","الجديدة","مولاي عبدالله","917","25116","RNI","المصطفى شعلون","5082"
"الدار البيضاء-سطات","الجديدة","مولاي عبدالله","917","25116","PDI","مصطفى حيموش","16447"
"الدار البيضاء-سطات","الجديدة","مولاي عبدالله","917","25116","PDI","هيبة حنفي","18141"
"الدار البيضاء-سطات","الجديدة","مولاي عبدالله","917","25116","PDI","محمد نادي","16727"
"الدار البيضاء-سطات","الجديدة","مولاي عبدالله","917","25116","PAM","عبد الغني  عماد","31098"
"الدار البيضاء-سطات","الجديدة","مولاي عبدالله","917","25116","PAM","كريمة كموح","31398"
"الدار البيضاء-سطات","الجديدة","مولاي عبدالله","917","25116","UC","الحسن يشكر لمعاشي","28645"
"الدار البيضاء-سطات","الجديدة","مولاي عبدالله","917","25116","UC","بشرى بياضرة","30700"
"الدار البيضاء-سطات","الجديدة","مولاي عبدالله","917","25116","PRV","محمد  فليل","50186"
"الدار البيضاء-سطات","الجديدة","مولاي عبدالله","917","25116","PRV","خديجة قصي","51313"
"الدار البيضاء-سطات","الجديدة","مولاي عبدالله","917","25116","PI","عبد الله معروف","19070"
"الدار البيضاء-سطات","الجديدة","مولاي عبدالله","917","25116","PI","خديجة حيدة","19152"
"الدار البيضاء-سطات","الجديدة","مولاي عبدالله","917","25116","PUD","التباري زرقوني","35050"
"الدار البيضاء-سطات","الجديدة","مولاي عبدالله","917","25116","PUD","فاطمة زرقوني","36218"
"الدار البيضاء-سطات","الجديدة","مولاي عبدالله","917","25116","UMD","عبدالرحمان الزعيم","16402"
"الدار البيضاء-سطات","الجديدة","مولاي عبدالله","917","25116","UMD","دنيا الدكالي","17663"
"الدار البيضاء-سطات","الجديدة","مولاي عبدالله","917","25116","MDS","عبد القادر شناف","32227"
"الدار البيضاء-سطات","الجديدة","مولاي عبدالله","917","25116","PEDD","الضاوي زيدان","123423"
"الدار البيضاء-سطات","الجديدة","مولاي عبدالله","917","25116","P.ALAMAL","سيدي محمد شرافي","102360"
"الدار البيضاء-سطات","الجديدة","مولاي عبدالله","917","25116","PND","بوشعيب هني","69732"
"الدار البيضاء-سطات","الجديدة","مولاي عبدالله","917","25116","PLJS","حميد ضحاك","61244"
"الدار البيضاء-سطات","الدار البيضاء","الدار البيضاء","1549","25003","RNI","محمد شفيق  ابن كيران","7742"
"الدار البيضاء-سطات","الدار البيضاء","الدار البيضاء","1549","25003","RNI","هند الغزالي","8974"
"الدار البيضاء-سطات","الدار البيضاء","الدار البيضاء","1549","25003","RNI","عبد اللطيف الناصري","7826"
"الدار البيضاء-سطات","الدار البيضاء","الدار البيضاء","1549","25004","RNI","الطاهر اليوسيفي","144499"
"الدار البيضاء-سطات","الدار البيضاء","الدار البيضاء","1549","25004","RNI","لمياء لحمدي","145042"
"الدار البيضاء-سطات","الدار البيضاء","الدار البيضاء","1549","25004","RNI","سعيد عريش","144680"
"الدار البيضاء-سطات","الدار البيضاء","الدار البيضاء","1549","25017","RNI","محمد حدادي","101871"
"الدار البيضاء-سطات","الدار البيضاء","الدار البيضاء","1549","25017","RNI","حليمة فكري","102279"
"الدار البيضاء-سطات","الدار البيضاء","الدار البيضاء","1549","25017","RNI","جليل بربوشي","101941"
"الدار البيضاء-سطات","الدار البيضاء","الدار البيضاء","1549","25017","RNI","خديجة امزيوقة","102284"
"الدار البيضاء-سطات","الدار البيضاء","الدار البيضاء","1549","25003","PAM","عبد الحق الشفيق","9432"
"الدار البيضاء-سطات","الدار البيضاء","الدار البيضاء","1549","25003","PAM","مريم ولهان","9947"
"الدار البيضاء-سطات","الدار البيضاء","الدار البيضاء","1549","25003","PAM","احمد مفتاح","9446"
"الدار البيضاء-سطات","الدار البيضاء","الدار البيضاء","1549","25008","RNI","عبد الرحيم اوطاس","92145"
"الدار البيضاء-سطات","الدار البيضاء","الدار البيضاء","1549","25008","RNI","وردية  جاردي","93115"
"الدار البيضاء-سطات","الدار البيضاء","الدار البيضاء","1549","25008","RNI","الصغير سعدي","92271"
"الدار البيضاء-سطات","الدار البيضاء","الدار البيضاء","1549","25011","UC","محمد جودار","120684"
"الدار البيضاء-سطات","الدار البيضاء","الدار البيضاء","1549","25011","UC","ناجية غالي","120928"
"الدار البيضاء-سطات","الدار البيضاء","الدار البيضاء","1549","25011","UC","بوسلام اصوصو","120896"
"الدار البيضاء-سطات","الدار البيضاء","الدار البيضاء","1549","25014","RNI","عبد الصادق  مرشد ","90814"
"الدار البيضاء-سطات","الدار البيضاء","الدار البيضاء","1549","25014","RNI","فاطمة الزهراء البدراوي","93324"
"الدار البيضاء-سطات","الدار البيضاء","الدار البيضاء","1549","25014","RNI","عبد الحق نودير","91069"
"الدار البيضاء-سطات","الدار البيضاء","الدار البيضاء","1549","25005","RNI","حسن بن عمر","21344"
"الدار البيضاء-سطات","الدار البيضاء","الدار البيضاء","1549","25005","RNI","فاطمة الزهراء النكوطي","21415"
"الدار البيضاء-سطات","الدار البيضاء","الدار البيضاء","1549","25005","RNI","عبد الرحيم صوتي","21390"
"الدار البيضاء-سطات","الدار البيضاء","الدار البيضاء","1549","25013","RNI","محمد شباك","24795"
"الدار البيضاء-سطات","الدار البيضاء","الدار البيضاء","1549","25013","RNI","اميمة الادريسي","25217"
"الدار البيضاء-سطات","الدار البيضاء","الدار البيضاء","1549","25012","RNI","توفيق كميل","96184"
"الدار البيضاء-سطات","الدار البيضاء","الدار البيضاء","1549","25012","RNI","نبيلة ارميلي","96844"
"الدار البيضاء-سطات","الدار البيضاء","الدار البيضاء","1549","25010","RNI","محمد بودريقة","5272"
"الدار البيضاء-سطات","الدار البيضاء","الدار البيضاء","1549","25010","RNI","حنان عمراني مراكشي","6890"
"الدار البيضاء-سطات","الدار البيضاء","الدار البيضاء","1549","25015","RNI","مولاي يوسف العلوي المحمدي","43301"
"الدار البيضاء-سطات","الدار البيضاء","الدار البيضاء","1549","25015","RNI","سناء الجاوي","43423"
"الدار البيضاء-سطات","الدار البيضاء","الدار البيضاء","1549","25015","RNI","رضوان  زرندي","43462"
"الدار البيضاء-سطات","الدار البيضاء","الدار البيضاء","1549","25008","PAM","احمد بريجة","156568"
"الدار البيضاء-سطات","الدار البيضاء","الدار البيضاء","1549","25008","PAM","سكينة الادريسي","156830"
"الدار البيضاء-سطات","الدار البيضاء","الدار البيضاء","1549","25009","RNI","عبد الاله الصفدي","13752"
"الدار البيضاء-سطات","الدار البيضاء","الدار البيضاء","1549","25009","RNI","بشرى دهبي","15092"
"الدار البيضاء-سطات","الدار البيضاء","الدار البيضاء","1549","25009","RNI","التادلي الصديقي","13969"
"الدار البيضاء-سطات","الدار البيضاء","الدار البيضاء","1549","25016","RNI","انس  حدادي","123826"
"الدار البيضاء-سطات","الدار البيضاء","الدار البيضاء","1549","25016","RNI","ايمان هشام","124874"
"الدار البيضاء-سطات","الدار البيضاء","الدار البيضاء","1549","25004","PAM","عبد القادر بودراع","110061"
"الدار البيضاء-سطات","الدار البيضاء","الدار البيضاء","1549","25004","PAM","مينة لوزاني","110538"
"الدار البيضاء-سطات","الدار البيضاء","الدار البيضاء","1549","25004","PI","محمد الركاني","144080"
"الدار البيضاء-سطات","الدار البيضاء","الدار البيضاء","1549","25004","PI","لطيفة المتاقي","144048"
"الدار البيضاء-سطات","الدار البيضاء","الدار البيضاء","1549","25018","RNI","هشام شبورة","110368"
"الدار البيضاء-سطات","الدار البيضاء","الدار البيضاء","1549","25018","RNI","ربيعة منصر","110705"
"الدار البيضاء-سطات","الدار البيضاء","الدار البيضاء","1549","25010","PAM","محمد التويمي بن جلون","1714"
"الدار البيضاء-سطات","الدار البيضاء","الدار البيضاء","1549","25010","PAM","نجية المغراوي","3628"
"الدار البيضاء-سطات","الدار البيضاء","الدار البيضاء","1549","25007","RNI","محمد غفير الادريسي","25156"
"الدار البيضاء-سطات","الدار البيضاء","الدار البيضاء","1549","25007","RNI","مينة لامة","25687"
"الدار البيضاء-سطات","الدار البيضاء","الدار البيضاء","1549","25007","PAM","عبد الجليل ابزيد","69001"
"الدار البيضاء-سطات","الدار البيضاء","الدار البيضاء","1549","25007","PAM","نوفسة رمحان","69081"
"الدار البيضاء-سطات","الدار البيضاء","الدار البيضاء","1549","25006","UC","رشيد كمال","61904"
"الدار البيضاء-سطات","الدار البيضاء","الدار البيضاء","1549","25006","UC","بهيجة العسري","62069"
"الدار البيضاء-سطات","الدار البيضاء","الدار البيضاء","1549","25005","PAM","كريم الكلايبي","118676"
"الدار البيضاء-سطات","الدار البيضاء","الدار البيضاء","1549","25005","PAM","كلتوم هاشم","119725"
"الدار البيضاء-سطات","الدار البيضاء","الدار البيضاء","1549","25003","PI","محمد فهيم","127580"
"الدار البيضاء-سطات","الدار البيضاء","الدار البيضاء","1549","25003","PI","نوال رشدي","127963"
"الدار البيضاء-سطات","الدار البيضاء","الدار البيضاء","1549","25003","PJD","رشيد القبيل","30028"
"الدار البيضاء-سطات","الدار البيضاء","الدار البيضاء","1549","25003","PJD","بوشرة وهيب","30626"
"الدار البيضاء-سطات","الدار البيضاء","الدار البيضاء","1549","25004","PJD","عبد الرحيم مستاوي","14167"
"الدار البيضاء-سطات","الدار البيضاء","الدار البيضاء","1549","25004","PJD","سميرة رزاني","14419"
"الدار البيضاء-سطات","الدار البيضاء","الدار البيضاء","1549","25011","RNI","حسن شوقي","122401"
"الدار البيضاء-سطات","الدار البيضاء","الدار البيضاء","1549","25011","RNI","جليلة مرسلي","124028"
"الدار البيضاء-سطات","الدار البيضاء","الدار البيضاء","1549","25006","RNI","احمد  خلفي ","126912"
"الدار البيضاء-سطات","الدار البيضاء","الدار البيضاء","1549","25006","RNI","ليلى  الاسراري ","127238"
"الدار البيضاء-سطات","الدار البيضاء","الدار البيضاء","1549","25017","PI","عبد الاله امهدي","137261"
"الدار البيضاء-سطات","الدار البيضاء","الدار البيضاء","1549","25017","PI","بشرى  صبر الله ","137311"
"الدار البيضاء-سطات","الدار البيضاء","الدار البيضاء","1549","25016","PI","حسن اخشان","126090"
"الدار البيضاء-سطات","الدار البيضاء","الدار البيضاء","1549","25016","PI","نعيمة لعضام","126729"
"الدار البيضاء-سطات","الدار البيضاء","الدار البيضاء","1549","25015","PI","عزيز  شبين","107729"
"الدار البيضاء-سطات","الدار البيضاء","الدار البيضاء","1549","25015","PI","زكية العلوي","108460"
"الدار البيضاء-سطات","الدار البيضاء","الدار البيضاء","1549","25017","PPS","عبد الكريم لشهم","139067"
"الدار البيضاء-سطات","الدار البيضاء","الدار البيضاء","1549","25017","PPS","فاطمة الزاهر","139170"
"الدار البيضاء-سطات","الدار البيضاء","الدار البيضاء","1549","25008","PJD","حميد بن غريضو","7193"
"الدار البيضاء-سطات","الدار البيضاء","الدار البيضاء","1549","25008","PJD","امينة الخشمي","7605"
"الدار البيضاء-سطات","الدار البيضاء","الدار البيضاء","1549","25014","PI","مصطفى حيكر","55312"
"الدار البيضاء-سطات","الدار البيضاء","الدار البيضاء","1549","25014","PI","لبنى شريف كنوني","56458"
"الدار البيضاء-سطات","الدار البيضاء","الدار البيضاء","1549","25008","PI","عبدالغني المرحاني","5981"
"الدار البيضاء-سطات","الدار البيضاء","الدار البيضاء","1549","25008","PI","زهرة حنين","6164"
"الدار البيضاء-سطات","الدار البيضاء","الدار البيضاء","1549","25016","PPS","عبدالاله شيكر ","127334"
"الدار البيضاء-سطات","الدار البيضاء","الدار البيضاء","1549","25016","PPS","نورة  لزعر","127361"
"الدار البيضاء-سطات","الدار البيضاء","الدار البيضاء","1549","25005","PI","احمد افيلال العلمي الادريسي","96806"
"الدار البيضاء-سطات","الدار البيضاء","الدار البيضاء","1549","25005","PI","فاطمة الزهراء افيلال العلمي الادريسي","96986"
"الدار البيضاء-سطات","الدار البيضاء","الدار البيضاء","1549","25009","PI","الحسين نصر الله","71771"
"الدار البيضاء-سطات","الدار البيضاء","الدار البيضاء","1549","25009","PI","مينة سايسي حسني","72869"
"الدار البيضاء-سطات","الدار البيضاء","الدار البيضاء","1549","25016","PAM","محمد اجبيل","154896"
"الدار البيضاء-سطات","الدار البيضاء","الدار البيضاء","1549","25016","PAM","غيثة بلحاج ","155192"
"الدار البيضاء-سطات","الدار البيضاء","الدار البيضاء","1549","25018","PAM","سعيد صابري","117491"
"الدار البيضاء-سطات","الدار البيضاء","الدار البيضاء","1549","25018","PAM","وفاء الشيبي","118771"
"الدار البيضاء-سطات","الدار البيضاء","الدار البيضاء","1549","25013","PI","سعيد الشرامي","109182"
"الدار البيضاء-سطات","الدار البيضاء","الدار البيضاء","1549","25013","PI","السعدية بيض","110136"
"الدار البيضاء-سطات","الدار البيضاء","الدار البيضاء","1549","25012","PAM","المحفوظ اتهيريس","127084"
"الدار البيضاء-سطات","الدار البيضاء","الدار البيضاء","1549","25012","PAM","رشيدة البوعناني","127558"
"الدار البيضاء-سطات","الدار البيضاء","الدار البيضاء","1549","25018","PJD","عبد الكريم لهوايشري","9294"
"الدار البيضاء-سطات","الدار البيضاء","الدار البيضاء","1549","25018","PJD","خديجة ايت مولاي","9287"
"الدار البيضاء-سطات","الدار البيضاء","الدار البيضاء","1549","25018","PI","المصطفى عكيدي","19148"
"الدار البيضاء-سطات","الدار البيضاء","الدار البيضاء","1549","25017","PJD","محمد معايط","35790"
"الدار البيضاء-سطات","الدار البيضاء","الدار البيضاء","1549","25009","PAM","محمد اكليوين","407"
"الدار البيضاء-سطات","الدار البيضاء","الدار البيضاء","1549","25009","PAM","سناء ريضى","1159"
"الدار البيضاء-سطات","الدار البيضاء","الدار البيضاء","1549","25014","PJD","عبد الصمد حيكر","77733"
"الدار البيضاء-سطات","الدار البيضاء","الدار البيضاء","1549","25012","UC","احمد زكرياء حسن","148160"
"الدار البيضاء-سطات","الدار البيضاء","الدار البيضاء","1549","25012","UC","رشيدة مغيت","148778"
"الدار البيضاء-سطات","الدار البيضاء","الدار البيضاء","1549","25014","PJD","اميمة الاصماعي","78177"
"الدار البيضاء-سطات","الدار البيضاء","الدار البيضاء","1549","25008","UC","محمد زكي","124347"
"الدار البيضاء-سطات","الدار البيضاء","الدار البيضاء","1549","25016","PJD","مصطفى الحيا","53188"
"الدار البيضاء-سطات","الدار البيضاء","الدار البيضاء","1549","25007","UC","يوسف الرخيص","39738"
"الدار البيضاء-سطات","الدار البيضاء","الدار البيضاء","1549","25007","UC","عائشة البوعمري","40110"
"الدار البيضاء-سطات","الدار البيضاء","الدار البيضاء","1549","25005","MP","يوسف لحسينية","67184"
"الدار البيضاء-سطات","الدار البيضاء","الدار البيضاء","1549","25018","PPS","عبد الاله جحا","9497"
"الدار البيضاء-سطات","الدار البيضاء","الدار البيضاء","1549","25010","PI","عبد الكبير تجديتي","78206"
"الدار البيضاء-سطات","الدار البيضاء","الدار البيضاء","1549","25010","PI","نجاة الودي","78414"
"الدار البيضاء-سطات","الدار البيضاء","الدار البيضاء","1549","25015","PAM","سعيد الناصري","70188"
"الدار البيضاء-سطات","الدار البيضاء","الدار البيضاء","1549","25015","PAM","كنزة شرايبي بوهالي","70821"
"الدار البيضاء-سطات","الدار البيضاء","الدار البيضاء","1549","25004","PPS","المصطفى منضور","74187"
"الدار البيضاء-سطات","الدار البيضاء","الدار البيضاء","1549","25017","PAM","محمد حماما","151239"
"الدار البيضاء-سطات","الدار البيضاء","الدار البيضاء","1549","25009","PJD","رشيد وعبدالكريم","66727"
"الدار البيضاء-سطات","الدار البيضاء","الدار البيضاء","1549","25007","USFP","مروان راشدي","39174"
"الدار البيضاء-سطات","الدار البيضاء","الدار البيضاء","1549","25004","PAlAhdAddimocrati","محمد سعد بن خير","144301"
"الدار البيضاء-سطات","الدار البيضاء","الدار البيضاء","1549","25016","MP","عبد العزيز فاضل","152099"
"الدار البيضاء-سطات","الدار البيضاء","الدار البيضاء","1549","25015","PJD","عبد الحق الناجحي","130756"
"الدار البيضاء-سطات","الدار البيضاء","الدار البيضاء","1549","25015","PJD","نجية بلكحل","131232"
"الدار البيضاء-سطات","الدار البيضاء","الدار البيضاء","1549","25014","PSU","عبدالله ابعقيل","159822"
"الدار البيضاء-سطات","الدار البيضاء","الدار البيضاء","1549","25013","PAM","مليكة مزور","63009"
"الدار البيضاء-سطات","الدار البيضاء","الدار البيضاء","1549","25011","FFD","حسن لقفيش","145962"
"الدار البيضاء-سطات","الدار البيضاء","الدار البيضاء","1549","25011","FFD","عزيزة رشيد","145609"
"الدار البيضاء-سطات","الدار البيضاء","الدار البيضاء","1549","25015","UC","عبد الواحد ملياني","46523"
"الدار البيضاء-سطات","الدار البيضاء","الدار البيضاء","1549","25006","PJD","عبد الرحمان اليعقوبي","75438"
"الدار البيضاء-سطات","الدار البيضاء","الدار البيضاء","1549","25006","PJD","فاطمة الهلالي","75639"
"الدار البيضاء-سطات","الدار البيضاء","الدار البيضاء","1549","25010","PJD","عبد الرحمان الدرعي","77015"
"الدار البيضاء-سطات","الدار البيضاء","مشور الدار البيضاء","856","13527","RNI","احمد الادريسي","95409"
"الدار البيضاء-سطات","الدار البيضاء","مشور الدار البيضاء","856","13527","RNI","رحمة خداع","95529"
"الدار البيضاء-سطات","الدار البيضاء","مشور الدار البيضاء","856","13532","PAM","كريم صاحب","32275"
"الدار البيضاء-سطات","الدار البيضاء","مشور الدار البيضاء","856","13528","RNI","عبد الله العلوي","38496"
"الدار البيضاء-سطات","الدار البيضاء","مشور الدار البيضاء","856","13528","RNI","حفيظة غالم","48466"
"الدار البيضاء-سطات","الدار البيضاء","مشور الدار البيضاء","856","13530","RNI","سعيد بكري","95026"
"الدار البيضاء-سطات","الدار البيضاء","مشور الدار البيضاء","856","13530","RNI","فدوى  الحسني","95127"
"الدار البيضاء-سطات","الدار البيضاء","مشور الدار البيضاء","856","13526","PAM","طارق بهبة","28346"
"الدار البيضاء-سطات","الدار البيضاء","مشور الدار البيضاء","856","13526","PAM","خديجة لكياس","28430"
"الدار البيضاء-سطات","الدار البيضاء","مشور الدار البيضاء","856","13531","RNI","اسماعيل بكري","25788"
"الدار البيضاء-سطات","الدار البيضاء","مشور الدار البيضاء","856","13531","RNI","راوية  البارودي","25895"
"الدار البيضاء-سطات","الدار البيضاء","مشور الدار البيضاء","856","13534","RNI","الحسين عزيز","38710"
"الدار البيضاء-سطات","الدار البيضاء","مشور الدار البيضاء","856","13533","RNI","محمد الحسني","32329"
"الدار البيضاء-سطات","الدار البيضاء","مشور الدار البيضاء","856","13529","PAM","رضوان حرار","32377"
"الدار البيضاء-سطات","المحمدية","الشلالات","1583","25133","PI","عمر التدلاوي","3148"
"الدار البيضاء-سطات","المحمدية","الشلالات","1583","25133","PI","حنان الخال","5046"
"الدار البيضاء-سطات","المحمدية","الشلالات","1583","25133","PI","سعيد التدلاوي","3341"
"الدار البيضاء-سطات","المحمدية","الشلالات","1583","25133","PI","نجاة جلال","5080"
"الدار البيضاء-سطات","المحمدية","الشلالات","1583","25133","PI","منير باهي","3437"
"الدار البيضاء-سطات","المحمدية","الشلالات","1583","25133","PI","ثورية الرطباوي","5164"
"الدار البيضاء-سطات","المحمدية","الشلالات","1583","25133","PI","احمد شهبون","3692"
"الدار البيضاء-سطات","المحمدية","الشلالات","1583","25133","PI","نور الدين ولد الغالية","3775"
"الدار البيضاء-سطات","المحمدية","الشلالات","1583","25133","PI","محمد زريزع","3888"
"الدار البيضاء-سطات","المحمدية","الشلالات","1583","25133","RNI","احمد داوود","12503"
"الدار البيضاء-سطات","المحمدية","الشلالات","1583","25133","RNI","فتيحة جلال","14598"
"الدار البيضاء-سطات","المحمدية","الشلالات","1583","25133","RNI","مجدوب فتاح","12569"
"الدار البيضاء-سطات","المحمدية","الشلالات","1583","25133","RNI","بديعة الركي","14649"
"الدار البيضاء-سطات","المحمدية","الشلالات","1583","25133","RNI","الميلودي الرك","12636"
"الدار البيضاء-سطات","المحمدية","الشلالات","1583","25133","RNI","محجوبة تاج الدين","14728"
"الدار البيضاء-سطات","المحمدية","الشلالات","1583","25133","RNI","محمد عسلي","12716"
"الدار البيضاء-سطات","المحمدية","الشلالات","1583","25133","UC","احمد هلالي","96990"
"الدار البيضاء-سطات","المحمدية","الشلالات","1583","25133","UC","نعيمة حمادة","98562"
"الدار البيضاء-سطات","المحمدية","الشلالات","1583","25133","PAM","محمد حورية","123196"
"الدار البيضاء-سطات","المحمدية","الشلالات","1583","25133","PAM","اهنية درويش","125233"
"الدار البيضاء-سطات","المحمدية","الشلالات","1583","25133","PEDD","الحسن يونسي","27123"
"الدار البيضاء-سطات","المحمدية","الشلالات","1583","25133","PEDD","نادية اجلادو","29950"
"الدار البيضاء-سطات","المحمدية","الشلالات","1583","25133","PPS","يونس الروكي","98514"
"الدار البيضاء-سطات","المحمدية","الشلالات","1583","25133","PPS","شيماء مسكي","99132"
"الدار البيضاء-سطات","المحمدية","الشلالات","1583","25133","FFD","الكبير بوبلامة","54378"
"الدار البيضاء-سطات","المحمدية","الشلالات","1583","25133","FFD","فتيحة كجاوي","56386"
"الدار البيضاء-سطات","المحمدية","الشلالات","1583","25133","USFP","حسن البحار","119540"
"الدار البيضاء-سطات","المحمدية","الشلالات","1583","25133","MDS","حمزة كريش","35884"
"الدار البيضاء-سطات","المحمدية","الشلالات","1583","25133","PJD","يوسف جبران","98459"
"الدار البيضاء-سطات","المحمدية","الشلالات","1583","25133","PCS","عبد الهادي  حليم","106012"
"الدار البيضاء-سطات","المحمدية","الشلالات","1583","25133","PND","احمد الزربي","68644"
"الدار البيضاء-سطات","المحمدية","المحمدية","891","25045","RNI","هشام ايت مانة","134772"
"الدار البيضاء-سطات","المحمدية","المحمدية","891","25045","RNI","هدى حسني","138675"
"الدار البيضاء-سطات","المحمدية","المحمدية","891","25045","RNI","محمد العطواني","134841"
"الدار البيضاء-سطات","المحمدية","المحمدية","891","25045","RNI","جميلة بوكصة","138728"
"الدار البيضاء-سطات","المحمدية","المحمدية","891","25045","RNI","حسن  الداسي ","135172"
"الدار البيضاء-سطات","المحمدية","المحمدية","891","25045","RNI","ايمان غازي","138810"
"الدار البيضاء-سطات","المحمدية","المحمدية","891","25045","RNI","محمد مزوق","135293"
"الدار البيضاء-سطات","المحمدية","المحمدية","891","25045","RNI","مليكة الزكاني","138930"
"الدار البيضاء-سطات","المحمدية","المحمدية","891","25045","RNI","عدنان المهدي احسين","135472"
"الدار البيضاء-سطات","المحمدية","المحمدية","891","25045","RNI","نجوى  منان","139045"
"الدار البيضاء-سطات","المحمدية","المحمدية","891","25045","RNI","محمد غازي","135525"
"الدار البيضاء-سطات","المحمدية","المحمدية","891","25045","RNI","سهام بندريعة","139133"
"الدار البيضاء-سطات","المحمدية","المحمدية","891","25045","RNI","سعيد ريحان","135780"
"الدار البيضاء-سطات","المحمدية","المحمدية","891","25045","RNI","عبد المجيد سكوكي","135878"
"الدار البيضاء-سطات","المحمدية","المحمدية","891","25045","RNI","السعيد عبد","136000"
"الدار البيضاء-سطات","المحمدية","المحمدية","891","25045","RNI","كريم الحوزي","136106"
"الدار البيضاء-سطات","المحمدية","المحمدية","891","25045","RNI","محمد الشباني","136193"
"الدار البيضاء-سطات","المحمدية","المحمدية","891","25045","PAM","محمد امين بمزاغ","155899"
"الدار البيضاء-سطات","المحمدية","المحمدية","891","25045","PAM","زهرة الفرحاني","157189"
"الدار البيضاء-سطات","المحمدية","المحمدية","891","25045","PAM","عبدالرحيم ايت احمد","155952"
"الدار البيضاء-سطات","المحمدية","المحمدية","891","25045","PAM","خديجة لطفي","157240"
"الدار البيضاء-سطات","المحمدية","المحمدية","891","25045","PAM","حسن بكوري","155985"
"الدار البيضاء-سطات","المحمدية","المحمدية","891","25045","PAM","عزالدين الرياحي","156020"
"الدار البيضاء-سطات","المحمدية","المحمدية","891","25045","PI","احمد الشموطي","41653"
"الدار البيضاء-سطات","المحمدية","المحمدية","891","25045","PI","سناء العماري","43970"
"الدار البيضاء-سطات","المحمدية","المحمدية","891","25045","PI","المصطفى ابو الفضيل","42159"
"الدار البيضاء-سطات","المحمدية","المحمدية","891","25045","USFP","عبد الحميد جماهري","125230"
"الدار البيضاء-سطات","المحمدية","المحمدية","891","25045","USFP","فريدة بوفتاس","126041"
"الدار البيضاء-سطات","المحمدية","المحمدية","891","25045","USFP","محمد اكيام","125372"
"الدار البيضاء-سطات","المحمدية","المحمدية","891","25045","PJD","عرفات المنجدي","65282"
"الدار البيضاء-سطات","المحمدية","المحمدية","891","25045","PJD","سميرة المتقي","67008"
"الدار البيضاء-سطات","المحمدية","المحمدية","891","25045","PJD","عبدالاله اعطار","65392"
"الدار البيضاء-سطات","المحمدية","المحمدية","891","25045","CNI","عبد الغني الراقي","107105"
"الدار البيضاء-سطات","المحمدية","المحمدية","891","25045","CNI","سناء حدنان","105643"
"الدار البيضاء-سطات","المحمدية","المحمدية","891","25045","UC","عبد الرحيم عباسي","121381"
"الدار البيضاء-سطات","المحمدية","المحمدية","891","25045","UC","حليمة بحراوي","123567"
"الدار البيضاء-سطات","المحمدية","المحمدية","891","25045","PSU","ابراهيم كزوزي","159838"
"الدار البيضاء-سطات","المحمدية","المحمدية","891","25045","PSU","لطيفة مجاد","160299"
"الدار البيضاء-سطات","المحمدية","المحمدية","891","25045","PND","الطيب موساوي","67965"
"الدار البيضاء-سطات","المحمدية","المحمدية","891","25045","PND","نزهة  بوحميد ","68497"
"الدار البيضاء-سطات","المحمدية","المحمدية","891","25045","MP","بوعزة قدمي","100714"
"الدار البيضاء-سطات","المحمدية","المحمدية","891","25045","FFD","عبد المولى بودمان","158125"
"الدار البيضاء-سطات","المحمدية","المحمدية","891","25045","PEDD","سهيل  ماهر ","111912"
"الدار البيضاء-سطات","المحمدية","بني يخلف","1574","28756","RNI","عمرو وهاب","2265"
"الدار البيضاء-سطات","المحمدية","بني يخلف","1574","28742","PI","موسى شعيبي","37487"
"الدار البيضاء-سطات","المحمدية","بني يخلف","1574","28742","PI","بوشرة لكميري","37524"
"الدار البيضاء-سطات","المحمدية","بني يخلف","1574","28739","PI","سعيد رفيق","47180"
"الدار البيضاء-سطات","المحمدية","بني يخلف","1574","28739","PI","تورية مسعودي","47253"
"الدار البيضاء-سطات","المحمدية","بني يخلف","1574","28738","RNI","احمد العلالي","1873"
"الدار البيضاء-سطات","المحمدية","بني يخلف","1574","28741","RNI","عبدالرحمان الخلفاوي","47904"
"الدار البيضاء-سطات","المحمدية","بني يخلف","1574","28741","RNI","حفيظة الحلو","47938"
"الدار البيضاء-سطات","المحمدية","بني يخلف","1574","28745","PI","ميلود هريم","36175"
"الدار البيضاء-سطات","المحمدية","بني يخلف","1574","28749","PI","دنيا راوي","35833"
"الدار البيضاء-سطات","المحمدية","بني يخلف","1574","28734","RNI","عبد اللطيف مخلوف","1373"
"الدار البيضاء-سطات","المحمدية","بني يخلف","1574","28740","PI","الرداد الاحمر","37784"
"الدار البيضاء-سطات","المحمدية","بني يخلف","1574","28740","PI","سميرة بولعيد","37841"
"الدار البيضاء-سطات","المحمدية","بني يخلف","1574","28737","RNI","محمد امين العطواني","100468"
"الدار البيضاء-سطات","المحمدية","بني يخلف","1574","28751","RNI","حمزة صابر","57996"
"الدار البيضاء-سطات","المحمدية","بني يخلف","1574","28735","PI","عبد الرحيم كلوطي","38365"
"الدار البيضاء-سطات","المحمدية","بني يخلف","1574","28744","PI","محمد معروفي","35531"
"الدار البيضاء-سطات","المحمدية","بني يخلف","1574","28733","PI","رشيد عوينتي","40035"
"الدار البيضاء-سطات","المحمدية","بني يخلف","1574","28748","RNI","عبادة العباوي","2200"
"الدار البيضاء-سطات","المحمدية","بني يخلف","1574","28752","RNI","المصطفى بجداد","49865"
"الدار البيضاء-سطات","المحمدية","بني يخلف","1574","28736","RNI","ادريس زناتي","1771"
"الدار البيضاء-سطات","المحمدية","بني يخلف","1574","28753","PI","محمد مويت","35290"
"الدار البيضاء-سطات","المحمدية","بني يخلف","1574","28750","RNI","رضوان شرقي","790"
"الدار البيضاء-سطات","المحمدية","بني يخلف","1574","28750","RNI","زهيرة  عرباوي","828"
"الدار البيضاء-سطات","المحمدية","بني يخلف","1574","28746","PAM","مصطفى الزان","100877"
"الدار البيضاء-سطات","المحمدية","بني يخلف","1574","28754","PI","عزيز بنعطو","36904"
"الدار البيضاء-سطات","المحمدية","بني يخلف","1574","28743","PI","نورالدين العمراني","35988"
"الدار البيضاء-سطات","المحمدية","بني يخلف","1574","28755","RNI","ياسين فرني","65507"
"الدار البيضاء-سطات","المحمدية","بني يخلف","1574","28747","RNI","عبد الرزاق الغرباوي","2138"
"الدار البيضاء-سطات","المحمدية","بني يخلف","1574","28732","RNI","حسن بورحيم","749"
"الدار البيضاء-سطات","المحمدية","سيدي موسى المجذوب","1576","19901","RNI","ميلود  عاطف","43681"
"الدار البيضاء-سطات","المحمدية","سيدي موسى المجذوب","1576","19901","RNI","فاطمة  الفلاح","43740"
"الدار البيضاء-سطات","المحمدية","سيدي موسى المجذوب","1576","19902","RNI","موسى  عيار","56020"
"الدار البيضاء-سطات","المحمدية","سيدي موسى المجذوب","1576","19902","RNI","الميلودية عيار","56046"
"الدار البيضاء-سطات","المحمدية","سيدي موسى المجذوب","1576","19904","RNI","سفيان غلال","42766"
"الدار البيضاء-سطات","المحمدية","سيدي موسى المجذوب","1576","19904","RNI","سناء الغرب","43607"
"الدار البيضاء-سطات","المحمدية","سيدي موسى المجذوب","1576","19912","RNI","احمد  صغروني","67035"
"الدار البيضاء-سطات","المحمدية","سيدي موسى المجذوب","1576","19912","RNI","وفاء التركي","67183"
"الدار البيضاء-سطات","المحمدية","سيدي موسى المجذوب","1576","19908","RNI","موسى بوشطيب","43043"
"الدار البيضاء-سطات","المحمدية","سيدي موسى المجذوب","1576","19907","RNI","حسن بوراس","44685"
"الدار البيضاء-سطات","المحمدية","سيدي موسى المجذوب","1576","19909","RNI","خالد ولدرابعة","56089"
"الدار البيضاء-سطات","المحمدية","سيدي موسى المجذوب","1576","19903","RNI","مصطفى الحرشة","43524"
"الدار البيضاء-سطات","المحمدية","سيدي موسى المجذوب","1576","19906","RNI","بوزكارن  بلعم","43080"
"الدار البيضاء-سطات","المحمدية","سيدي موسى المجذوب","1576","27801","PAM","عزيز  هريمة","56146"
"الدار البيضاء-سطات","المحمدية","سيدي موسى المجذوب","1576","19913","PI","المكي السويسي","143598"
"الدار البيضاء-سطات","المحمدية","سيدي موسى المجذوب","1576","27806","RNI","احمد  بوطرف","76993"
"الدار البيضاء-سطات","المحمدية","سيدي موسى المجذوب","1576","27807","PAM","عزيز اجميلة","56193"
"الدار البيضاء-سطات","المحمدية","سيدي موسى المجذوب","1576","27800","PAM","محمد  السويسي","66972"
"الدار البيضاء-سطات","المحمدية","سيدي موسى المجذوب","1576","19910","RNI","موسى الحاجي","42871"
"الدار البيضاء-سطات","المحمدية","سيدي موسى المجذوب","1576","19905","RNI","بوعزة  الزيتوني","76681"
"الدار البيضاء-سطات","المحمدية","سيدي موسى المجذوب","1576","27805","MP","هشام عالية","18974"
"الدار البيضاء-سطات","المحمدية","سيدي موسى المجذوب","1576","19911","PI","توفيق حيمود","123624"
"الدار البيضاء-سطات","المحمدية","سيدي موسى المجذوب","1576","19911","PI","فتيحة  راشدي","123859"
"الدار البيضاء-سطات","المحمدية","سيدي موسى المجذوب","1576","27809","PAM","محمد ابن المقدم","56297"
"الدار البيضاء-سطات","المحمدية","سيدي موسى المجذوب","1576","27804","RNI","محمد  ابن عزي ","42922"
"الدار البيضاء-سطات","المحمدية","سيدي موسى المجذوب","1576","27803","PI","محمد  رخيلة","85982"
"الدار البيضاء-سطات","المحمدية","سيدي موسى المجذوب","1576","27802","RNI","عبدالسلام بونويف","42705"
"الدار البيضاء-سطات","المحمدية","سيدي موسى المجذوب","1576","27808","PI","احمد بوزير","144404"
"الدار البيضاء-سطات","المحمدية","سيدي موسى بن علي","1575","19889","USFP","محمد قسوم","30807"
"الدار البيضاء-سطات","المحمدية","سيدي موسى بن علي","1575","19889","USFP","عائشة البغداوي","30833"
"الدار البيضاء-سطات","المحمدية","سيدي موسى بن علي","1575","19895","RNI","عبد العظيم شكير","119434"
"الدار البيضاء-سطات","المحمدية","سيدي موسى بن علي","1575","19895","RNI","السعدية  شكير","119381"
"الدار البيضاء-سطات","المحمدية","سيدي موسى بن علي","1575","19900","PI","محمد نكاي","29348"
"الدار البيضاء-سطات","المحمدية","سيدي موسى بن علي","1575","19900","PI","عتيقة عرصاوي","29408"
"الدار البيضاء-سطات","المحمدية","سيدي موسى بن علي","1575","19896","RNI","محمد العسري","66342"
"الدار البيضاء-سطات","المحمدية","سيدي موسى بن علي","1575","19896","RNI","السعدية قسو","66376"
"الدار البيضاء-سطات","المحمدية","سيدي موسى بن علي","1575","19898","USFP","مصطفى كرعة","4768"
"الدار البيضاء-سطات","المحمدية","سيدي موسى بن علي","1575","19898","USFP","العايدية لحميلي","5044"
"الدار البيضاء-سطات","المحمدية","سيدي موسى بن علي","1575","19894","RNI","لحسن الخلوفي","66099"
"الدار البيضاء-سطات","المحمدية","سيدي موسى بن علي","1575","19899","USFP","عبد الهادي قاصد","4818"
"الدار البيضاء-سطات","المحمدية","سيدي موسى بن علي","1575","19893","USFP","احليمة زروقي","18264"
"الدار البيضاء-سطات","المحمدية","سيدي موسى بن علي","1575","19897","PI","محمد كرام","29290"
"الدار البيضاء-سطات","المحمدية","سيدي موسى بن علي","1575","19892","USFP","احمد  مقدد","4604"
"الدار البيضاء-سطات","المحمدية","سيدي موسى بن علي","1575","19891","PI","المصطفى  حمصي","66165"
"الدار البيضاء-سطات","المحمدية","سيدي موسى بن علي","1575","19890","USFP","بوشعيب زوينكة","30860"
"الدار البيضاء-سطات","المحمدية","سيدي موسى بن علي","1575","19888","RNI","زكرياء رخيلة","38616"
"الدار البيضاء-سطات","المحمدية","عين حرودة","1577","1054","RNI","عبد اللطيف الجراري","10910"
"الدار البيضاء-سطات","المحمدية","عين حرودة","1577","1054","RNI","لطيفة الزين","11854"
"الدار البيضاء-سطات","المحمدية","عين حرودة","1577","1054","RNI","الميلودي قميس","10921"
"الدار البيضاء-سطات","المحمدية","عين حرودة","1577","1054","RNI","ثورية سعدي","12169"
"الدار البيضاء-سطات","المحمدية","عين حرودة","1577","1054","RNI","التهامي برد","10941"
"الدار البيضاء-سطات","المحمدية","عين حرودة","1577","1054","RNI","محمد سوكاكي","10950"
"الدار البيضاء-سطات","المحمدية","عين حرودة","1577","1054","PI","سعيد التومي","17652"
"الدار البيضاء-سطات","المحمدية","عين حرودة","1577","1054","PI","مريم  حفيان","18848"
"الدار البيضاء-سطات","المحمدية","عين حرودة","1577","1054","PI","احمد معني","17704"
"الدار البيضاء-سطات","المحمدية","عين حرودة","1577","1054","PI","سناء بشار","18886"
"الدار البيضاء-سطات","المحمدية","عين حرودة","1577","1054","PI","مصطفى برد","17769"
"الدار البيضاء-سطات","المحمدية","عين حرودة","1577","1054","PAM","محمد الضاوي","135618"
"الدار البيضاء-سطات","المحمدية","عين حرودة","1577","1054","PAM","مالكة صحيى","137548"
"الدار البيضاء-سطات","المحمدية","عين حرودة","1577","1054","PAM","الحسين كباسي","135968"
"الدار البيضاء-سطات","المحمدية","عين حرودة","1577","1054","USFP","الزيتوني مغفور","160659"
"الدار البيضاء-سطات","المحمدية","عين حرودة","1577","1054","USFP","مريم الفدواش","160833"
"الدار البيضاء-سطات","المحمدية","عين حرودة","1577","1054","USFP","بوشعيب المسيوي","160668"
"الدار البيضاء-سطات","المحمدية","عين حرودة","1577","1054","FFD","انيس الداودي","160863"
"الدار البيضاء-سطات","المحمدية","عين حرودة","1577","1054","FFD","ليلى عروش","161091"
"الدار البيضاء-سطات","المحمدية","عين حرودة","1577","1054","UC","رضوان برد","20858"
"الدار البيضاء-سطات","المحمدية","عين حرودة","1577","1054","UC","بوشرى طالبي","21161"
"الدار البيضاء-سطات","المحمدية","عين حرودة","1577","1054","PRV","طارق اللوزي","161040"
"الدار البيضاء-سطات","المحمدية","عين حرودة","1577","1054","PRV","حليمة البروجي","161101"
"الدار البيضاء-سطات","المحمدية","عين حرودة","1577","1054","PJD","العرابي  لبريكي ","79108"
"الدار البيضاء-سطات","المحمدية","عين حرودة","1577","1054","PJD","خديجة الشعناني","79259"
"الدار البيضاء-سطات","المحمدية","عين حرودة","1577","1054","MDS","صالح الجو","53961"
"الدار البيضاء-سطات","المحمدية","عين حرودة","1577","1054","MDS","كريمة هبلي","55628"
"الدار البيضاء-سطات","المحمدية","عين حرودة","1577","1054","PND","اليزيد كريم","57987"
"الدار البيضاء-سطات","المحمدية","عين حرودة","1577","1054","PPS","هشام شتوان","79992"
"الدار البيضاء-سطات","المحمدية","عين حرودة","1577","1054","MP","عبد اللطيف درعة","109264"
"الدار البيضاء-سطات","المحمدية","عين حرودة","1577","1054","PVM","الغازي خموري","160701"
"الدار البيضاء-سطات","النواصر","أولاد صالح","1573","16053","RNI","عزيز العروصي","18761"
"الدار البيضاء-سطات","النواصر","أولاد صالح","1573","16053","RNI","لالة مريم ملياني","19115"
"الدار البيضاء-سطات","النواصر","أولاد صالح","1573","16050","RNI","الحاج مصلوح","10478"
"الدار البيضاء-سطات","النواصر","أولاد صالح","1573","16050","RNI","ناصرة عبد الواحد","10486"
"الدار البيضاء-سطات","النواصر","أولاد صالح","1573","16049","RNI","نور الدين رفيق","10484"
"الدار البيضاء-سطات","النواصر","أولاد صالح","1573","16049","RNI","رابحة صالح","10496"
"الدار البيضاء-سطات","النواصر","أولاد صالح","1573","27790","RNI","عبد الرحيم غيلان","30170"
"الدار البيضاء-سطات","النواصر","أولاد صالح","1573","27790","RNI","هند اومسونت","30212"
"الدار البيضاء-سطات","النواصر","أولاد صالح","1573","16052","RNI","عبد الرحيم جدير","18888"
"الدار البيضاء-سطات","النواصر","أولاد صالح","1573","16052","RNI","حسناء بوناكي","18902"
"الدار البيضاء-سطات","النواصر","أولاد صالح","1573","16048","RNI","عبد الحق بن الطيب","10461"
"الدار البيضاء-سطات","النواصر","أولاد صالح","1573","27795","RNI","محمد معاطا","30514"
"الدار البيضاء-سطات","النواصر","أولاد صالح","1573","16060","RNI","نبيل عزاف","10479"
"الدار البيضاء-سطات","النواصر","أولاد صالح","1573","27798","RNI","عثمان العكال","10426"
"الدار البيضاء-سطات","النواصر","أولاد صالح","1573","16054","RNI","عبد الغني صلحاني","10440"
"الدار البيضاء-سطات","النواصر","أولاد صالح","1573","27791","PAM","محمد بوطربوش","10466"
"الدار البيضاء-سطات","النواصر","أولاد صالح","1573","16056","RNI","عبدالكريم المدهوص","10416"
"الدار البيضاء-سطات","النواصر","أولاد صالح","1573","27797","RNI","عبدالله مطيع","10462"
"الدار البيضاء-سطات","النواصر","أولاد صالح","1573","27794","MP","سعيد سعدان","30593"
"الدار البيضاء-سطات","النواصر","أولاد صالح","1573","16058","RNI","رشيد البلازي","10432"
"الدار البيضاء-سطات","النواصر","أولاد صالح","1573","27799","RNI","العربي هصاك","10410"
"الدار البيضاء-سطات","النواصر","أولاد صالح","1573","27796","RNI","عادل حاسين","18856"
"الدار البيضاء-سطات","النواصر","أولاد صالح","1573","16055","RNI","عبد الرحيم الحضناوي","10428"
"الدار البيضاء-سطات","النواصر","أولاد صالح","1573","16059","RNI","عز الدين بوغمرة","10413"
"الدار البيضاء-سطات","النواصر","أولاد صالح","1573","27793","RNI","محمد مرشيد","10470"
"الدار البيضاء-سطات","النواصر","أولاد صالح","1573","16057","RNI","العياشي مزو","30598"
"الدار البيضاء-سطات","النواصر","أولاد صالح","1573","16051","RNI","عبدالواحد المزاوي","10453"
"الدار البيضاء-سطات","النواصر","أولاد صالح","1573","27792","PAM","جواد الهجامي","42895"
"الدار البيضاء-سطات","النواصر","النواصر","932","25919","RNI","احمد فرصطيوي","43033"
"الدار البيضاء-سطات","النواصر","النواصر","932","25919","RNI","سومية ظريف","43118"
"الدار البيضاء-سطات","النواصر","النواصر","932","14741","RNI","الحسين  ادخيري","9092"
"الدار البيضاء-سطات","النواصر","النواصر","932","14741","RNI","شيماء بوهرارة","9140"
"الدار البيضاء-سطات","النواصر","النواصر","932","14740","RNI","حسن محبوب","8842"
"الدار البيضاء-سطات","النواصر","النواصر","932","14740","RNI","أسماء الكرشيني","8916"
"الدار البيضاء-سطات","النواصر","النواصر","932","14748","RNI","المصطفى كنزاري","9516"
"الدار البيضاء-سطات","النواصر","النواصر","932","14752","RNI","سعيد بلعباس","9676"
"الدار البيضاء-سطات","النواصر","النواصر","932","25923","RNI","المصطفى محبوب","9783"
"الدار البيضاء-سطات","النواصر","النواصر","932","14742","RNI","احمد صغير","9243"
"الدار البيضاء-سطات","النواصر","النواصر","932","14742","RNI","كريمة  امزيغ ","9298"
"الدار البيضاء-سطات","النواصر","النواصر","932","25924","RNI","المصطفى الصحراوي","9907"
"الدار البيضاء-سطات","النواصر","النواصر","932","14745","RNI","محمد غبوبي","9359"
"الدار البيضاء-سطات","النواصر","النواصر","932","14746","PAM","عثمان الزعيم الساسي","9396"
"الدار البيضاء-سطات","النواصر","النواصر","932","14751","RNI","عبد العزيز راضي","9668"
"الدار البيضاء-سطات","النواصر","النواصر","932","25925","RNI","عبد اللطيف جليل","9858"
"الدار البيضاء-سطات","النواصر","النواصر","932","25918","RNI","عبد المجيد بالبيضاء","43209"
"الدار البيضاء-سطات","النواصر","النواصر","932","25920","RNI","بوشعيب قادري","9778"
"الدار البيضاء-سطات","النواصر","النواصر","932","25922","RNI","عبد النبي جافير","9864"
"الدار البيضاء-سطات","النواصر","النواصر","932","25927","RNI","أحمد ريان","18600"
"الدار البيضاء-سطات","النواصر","النواصر","932","14747","PAM","عزيز الترغي ","9447"
"الدار البيضاء-سطات","النواصر","النواصر","932","14747","PAM","لطيفة الراوي","9485"
"الدار البيضاء-سطات","النواصر","النواصر","932","25926","RNI","رضوان  الحارتي ","9960"
"الدار البيضاء-سطات","النواصر","النواصر","932","14743","RNI","حسن مكرم","9237"
"الدار البيضاء-سطات","النواصر","النواصر","932","14744","MP","نور الدين الصغير","9480"
"الدار البيضاء-سطات","النواصر","النواصر","932","25921","RNI","خليفة  الزيطة","18651"
"الدار البيضاء-سطات","النواصر","النواصر","932","14749","RNI","الحسين درويل","9528"
"الدار البيضاء-سطات","النواصر","النواصر","932","14750","UC","محمد الكيحل","9793"
"الدار البيضاء-سطات","النواصر","اولاد عزوز","1604","28827","PAM","محمد الدغوغي","30332"
"الدار البيضاء-سطات","النواصر","اولاد عزوز","1604","28827","PAM","عائشة جروري","30390"
"الدار البيضاء-سطات","النواصر","اولاد عزوز","1604","28826","PAM","عبد القادر بن اهنية","10412"
"الدار البيضاء-سطات","النواصر","اولاد عزوز","1604","28830","RNI","رشيد العرش","10347"
"الدار البيضاء-سطات","النواصر","اولاد عزوز","1604","28829","RNI","محمد قطرب","10326"
"الدار البيضاء-سطات","النواصر","اولاد عزوز","1604","28813","RNI","التهامي البركادي","10215"
"الدار البيضاء-سطات","النواصر","اولاد عزوز","1604","28824","RNI","هشام البعمري","10377"
"الدار البيضاء-سطات","النواصر","اولاد عزوز","1604","28828","RNI","احمد ازروقي","19894"
"الدار البيضاء-سطات","النواصر","اولاد عزوز","1604","28818","RNI","عثمان الخياط","10296"
"الدار البيضاء-سطات","النواصر","اولاد عزوز","1604","28818","RNI","نزهة ريتول","10302"
"الدار البيضاء-سطات","النواصر","اولاد عزوز","1604","28815","RNI","بوشعيب يسني","43585"
"الدار البيضاء-سطات","النواصر","اولاد عزوز","1604","28819","RNI","عصام تبير","19910"
"الدار البيضاء-سطات","النواصر","اولاد عزوز","1604","28819","RNI","عزيزة وديع","19925"
"الدار البيضاء-سطات","النواصر","اولاد عزوز","1604","28825","PAM","هشام بوعمري","10391"
"الدار البيضاء-سطات","النواصر","اولاد عزوز","1604","28821","RNI","رشيد كرد","121120"
"الدار البيضاء-سطات","النواصر","اولاد عزوز","1604","28821","RNI","امال  حرشيش","121204"
"الدار البيضاء-سطات","النواصر","اولاد عزوز","1604","28823","PAM","عبد الحق شكري","10386"
"الدار البيضاء-سطات","النواصر","اولاد عزوز","1604","28814","RNI","اسماعيل مهتدي","43499"
"الدار البيضاء-سطات","النواصر","اولاد عزوز","1604","28822","PAM","الهاشمي شكري","10355"
"الدار البيضاء-سطات","النواصر","اولاد عزوز","1604","28816","PAM","محمد شبرك","10303"
"الدار البيضاء-سطات","النواصر","اولاد عزوز","1604","28812","PAM","محمد مجاهد","10188"
"الدار البيضاء-سطات","النواصر","اولاد عزوز","1604","28812","PAM","مينة ناضر","10197"
"الدار البيضاء-سطات","النواصر","اولاد عزوز","1604","28831","PAM","العربي الحدحودي","10360"
"الدار البيضاء-سطات","النواصر","اولاد عزوز","1604","28807","RNI","حميد عمدان","10156"
"الدار البيضاء-سطات","النواصر","اولاد عزوز","1604","28820","RNI","اسماعيل حارث","43918"
"الدار البيضاء-سطات","النواصر","اولاد عزوز","1604","28808","PAM","بوشعيب حري","10232"
"الدار البيضاء-سطات","النواصر","اولاد عزوز","1604","28811","RNI","يسين المرزوكي","10254"
"الدار البيضاء-سطات","النواصر","اولاد عزوز","1604","28810","PAM","ميلود بلمودن","10263"
"الدار البيضاء-سطات","النواصر","اولاد عزوز","1604","28809","PAM","التهامي قربال","10201"
"الدار البيضاء-سطات","النواصر","اولاد عزوز","1604","28817","PAM","التومي الزكراوي","10312"
"الدار البيضاء-سطات","النواصر","بوسكورة","416","26004","PI","بوشعيب طه","19985"
"الدار البيضاء-سطات","النواصر","بوسكورة","416","26004","PI","فوزية  سمان","20053"
"الدار البيضاء-سطات","النواصر","بوسكورة","416","26004","PI","احمد ماهر","19991"
"الدار البيضاء-سطات","النواصر","بوسكورة","416","26004","PI","حسنة سعدي","20066"
"الدار البيضاء-سطات","النواصر","بوسكورة","416","26004","PI","عبد الكريم المالكي","20006"
"الدار البيضاء-سطات","النواصر","بوسكورة","416","26004","PI","نجمة اقدادري","20079"
"الدار البيضاء-سطات","النواصر","بوسكورة","416","26004","PI","محمد  الكرامسي ","20015"
"الدار البيضاء-سطات","النواصر","بوسكورة","416","26004","PI","عبد الحميد سعدي","20021"
"الدار البيضاء-سطات","النواصر","بوسكورة","416","26004","PAM","احمد الشفيق","57487"
"الدار البيضاء-سطات","النواصر","بوسكورة","416","26004","PAM","رحمة رحيوي","57536"
"الدار البيضاء-سطات","النواصر","بوسكورة","416","26004","PAM","عبد الله الامين","57494"
"الدار البيضاء-سطات","النواصر","بوسكورة","416","26004","PAM","مريم املكي","57540"
"الدار البيضاء-سطات","النواصر","بوسكورة","416","26004","PAM","الحداوي الغربي","57502"
"الدار البيضاء-سطات","النواصر","بوسكورة","416","26004","PAM","عبد الهادي قريما","57508"
"الدار البيضاء-سطات","النواصر","بوسكورة","416","26004","RNI","محمد سافري","54036"
"الدار البيضاء-سطات","النواصر","بوسكورة","416","26004","RNI","هند الامين","54205"
"الدار البيضاء-سطات","النواصر","بوسكورة","416","26004","RNI","محمد السالماني","54075"
"الدار البيضاء-سطات","النواصر","بوسكورة","416","26004","RNI","وداد العجل","54306"
"الدار البيضاء-سطات","النواصر","بوسكورة","416","26004","RNI","محمد الطريق","54123"
"الدار البيضاء-سطات","النواصر","بوسكورة","416","26004","USFP","عبدالقادر غزلان","73853"
"الدار البيضاء-سطات","النواصر","بوسكورة","416","26004","USFP","خديجة كيزال","74280"
"الدار البيضاء-سطات","النواصر","بوسكورة","416","26004","USFP","نبيل السا لماني","73908"
"الدار البيضاء-سطات","النواصر","بوسكورة","416","26004","PSU","خالد بركوش","121580"
"الدار البيضاء-سطات","النواصر","بوسكورة","416","26004","PSU","خديجة كرام","121520"
"الدار البيضاء-سطات","النواصر","بوسكورة","416","26004","MP","محمد امين الداكير","63253"
"الدار البيضاء-سطات","النواصر","بوسكورة","416","26004","MP","فوزية النبجيكي","63256"
"الدار البيضاء-سطات","النواصر","بوسكورة","416","26004","P.EQUITE","عبد المولى العسري","127091"
"الدار البيضاء-سطات","النواصر","بوسكورة","416","26004","P.EQUITE","فاطمة الزهراء اسيب","127318"
"الدار البيضاء-سطات","النواصر","بوسكورة","416","26004","PJD","عبد الصمد لمعيدر","111957"
"الدار البيضاء-سطات","النواصر","بوسكورة","416","26004","PJD","فاطمة ومو","112263"
"الدار البيضاء-سطات","النواصر","بوسكورة","416","26004","PML","احمد العطار","57116"
"الدار البيضاء-سطات","النواصر","بوسكورة","416","26004","PND","نجيب  سعدي ","75359"
"الدار البيضاء-سطات","النواصر","بوسكورة","416","26004","UC","عبد الهادي السالماني","146222"
"الدار البيضاء-سطات","النواصر","بوسكورة","416","26004","UMD","عثمان احميان","98915"
"الدار البيضاء-سطات","النواصر","بوسكورة","416","26004","PPS","رضا نعور","146146"
"الدار البيضاء-سطات","النواصر","دار بوعزة","452","25044","PI","علي الزيوي","57316"
"الدار البيضاء-سطات","النواصر","دار بوعزة","452","25044","PI","هند اجوامعي","57328"
"الدار البيضاء-سطات","النواصر","دار بوعزة","452","25044","PI","عبدالعزيز لوماني","57323"
"الدار البيضاء-سطات","النواصر","دار بوعزة","452","25044","PI","فاطمة الزهراء خلوق","57337"
"الدار البيضاء-سطات","النواصر","دار بوعزة","452","25044","PI","احمد الهيشامي","57331"
"الدار البيضاء-سطات","النواصر","دار بوعزة","452","25044","PI","عبد الصمد شناني","57341"
"الدار البيضاء-سطات","النواصر","دار بوعزة","452","25044","PI","عبد الهادي الناتيجي","57349"
"الدار البيضاء-سطات","النواصر","دار بوعزة","452","25044","RNI","مصطفى مهتدي","51675"
"الدار البيضاء-سطات","النواصر","دار بوعزة","452","25044","RNI","مريم ايميس","52342"
"الدار البيضاء-سطات","النواصر","دار بوعزة","452","25044","RNI","عبدالسلام حمداشي","51736"
"الدار البيضاء-سطات","النواصر","دار بوعزة","452","25044","RNI","نعيمة الديب","52323"
"الدار البيضاء-سطات","النواصر","دار بوعزة","452","25044","RNI","عبد الرحيم عتيق","51759"
"الدار البيضاء-سطات","النواصر","دار بوعزة","452","25044","RNI","عبدالله حمدي","51801"
"الدار البيضاء-سطات","النواصر","دار بوعزة","452","25044","PAM","هشام غفير","63661"
"الدار البيضاء-سطات","النواصر","دار بوعزة","452","25044","PAM","حنان كمير","63748"
"الدار البيضاء-سطات","النواصر","دار بوعزة","452","25044","PAM","الميلودي المشكور","63729"
"الدار البيضاء-سطات","النواصر","دار بوعزة","452","25044","PAM","زينب التازي","63781"
"الدار البيضاء-سطات","النواصر","دار بوعزة","452","25044","PAM","نجيب السعودي","63779"
"الدار البيضاء-سطات","النواصر","دار بوعزة","452","25044","PAM","ادريس البوعمري ","63813"
"الدار البيضاء-سطات","النواصر","دار بوعزة","452","25044","UC","عبد الله  بن اهنية","72832"
"الدار البيضاء-سطات","النواصر","دار بوعزة","452","25044","UC","مريم  امغاد","72890"
"الدار البيضاء-سطات","النواصر","دار بوعزة","452","25044","PRV","حسن الفرقي","77846"
"الدار البيضاء-سطات","النواصر","دار بوعزة","452","25044","PRV","حليمة  الطوسي ","77871"
"الدار البيضاء-سطات","النواصر","دار بوعزة","452","25044","PUD","المصطفى  بوعمري","99470"
"الدار البيضاء-سطات","النواصر","دار بوعزة","452","25044","PUD","شيماء  بوعمري","99482"
"الدار البيضاء-سطات","النواصر","دار بوعزة","452","25044","CNI","حسام مرحل","96418"
"الدار البيضاء-سطات","النواصر","دار بوعزة","452","25044","CNI","فاطمة  ايت بوزيد","96503"
"الدار البيضاء-سطات","النواصر","دار بوعزة","452","25044","PML","اوسامة صمو","73031"
"الدار البيضاء-سطات","النواصر","دار بوعزة","452","25044","PML","الشعيبية موفيد","73532"
"الدار البيضاء-سطات","النواصر","دار بوعزة","452","25044","PJD","عبدالله حافظ","98207"
"الدار البيضاء-سطات","النواصر","دار بوعزة","452","25044","PJD","بهيجة  الوافي","98203"
"الدار البيضاء-سطات","النواصر","دار بوعزة","452","25044","FFD","لحسن العباسي","152875"
"الدار البيضاء-سطات","النواصر","دار بوعزة","452","25044","FFD","خديجة قزداوي","153184"
"الدار البيضاء-سطات","النواصر","دار بوعزة","452","25044","PPS","محمد  لومو","147650"
"الدار البيضاء-سطات","النواصر","دار بوعزة","452","25044","MP","محمد طارق الشرادي","154935"
"الدار البيضاء-سطات","النواصر","دار بوعزة","452","25044","USFP","خليل بن حميدة","114753"
"الدار البيضاء-سطات","النواصر","دار بوعزة","452","25044","MDS","نور الدين اليوسيفي","73645"
"الدار البيضاء-سطات","النواصر","دار بوعزة","452","25044","PND","مراد زين العابدين","110246"
"الدار البيضاء-سطات","النواصر","دار بوعزة","452","25044","PLJS","بوشعيب الفتحي","125500"
"الدار البيضاء-سطات","برشيد","أولاد زيان","1597","27829","PI","بوشعيب اشلف","4770"
"الدار البيضاء-سطات","برشيد","أولاد زيان","1597","26854","USFP","محمد البلدي","27141"
"الدار البيضاء-سطات","برشيد","أولاد زيان","1597","26854","USFP","اميمة سلاح","27197"
"الدار البيضاء-سطات","برشيد","أولاد زيان","1597","26852","PAM","عزيز عامر","26782"
"الدار البيضاء-سطات","برشيد","أولاد زيان","1597","26852","PAM","نورة الماحي","26869"
"الدار البيضاء-سطات","برشيد","أولاد زيان","1597","27825","RNI","محمد عابد","83520"
"الدار البيضاء-سطات","برشيد","أولاد زيان","1597","27825","RNI","كلثوم  صلاح ","83577"
"الدار البيضاء-سطات","برشيد","أولاد زيان","1597","27827","PI","التاغي زروقي","5089"
"الدار البيضاء-سطات","برشيد","أولاد زيان","1597","27826","RNI","عبد اللطيف التمار","37322"
"الدار البيضاء-سطات","برشيد","أولاد زيان","1597","27823","RNI","عزالدين قفقاف","46320"
"الدار البيضاء-سطات","برشيد","أولاد زيان","1597","27820","RNI","عبد الله فتاش","46234"
"الدار البيضاء-سطات","برشيد","أولاد زيان","1597","27828","USFP","شوقي شرقاوي","5043"
"الدار البيضاء-سطات","برشيد","أولاد زيان","1597","26857","PAM","المصطفى ابوزيان","27275"
"الدار البيضاء-سطات","برشيد","أولاد زيان","1597","26857","PAM","فاطمة  الرافعي","27319"
"الدار البيضاء-سطات","برشيد","أولاد زيان","1597","26858","RNI","فتاح بوعياد","38569"
"الدار البيضاء-سطات","برشيد","أولاد زيان","1597","26860","PI","وفاء البوعمري","4569"
"الدار البيضاء-سطات","برشيد","أولاد زيان","1597","26861","USFP","الميلودي فتاح","25951"
"الدار البيضاء-سطات","برشيد","أولاد زيان","1597","26853","RNI","هشام الطايع","36952"
"الدار البيضاء-سطات","برشيد","أولاد زيان","1597","27821","RNI","ادريس قصبي","37915"
"الدار البيضاء-سطات","برشيد","أولاد زيان","1597","26859","USFP","سمير البوعمري","25797"
"الدار البيضاء-سطات","برشيد","أولاد زيان","1597","26855","PAM","المصطفى انغاس","15986"
"الدار البيضاء-سطات","برشيد","أولاد زيان","1597","27824","PAM","محمد رشدي","26440"
"الدار البيضاء-سطات","برشيد","أولاد زيان","1597","27824","PAM","فاطمة حاجب","26470"
"الدار البيضاء-سطات","برشيد","أولاد زيان","1597","26849","PI","عبدالجبار عاتق","4942"
"الدار البيضاء-سطات","برشيد","أولاد زيان","1597","27822","RNI","فريد الحوارتي","46383"
"الدار البيضاء-سطات","برشيد","أولاد زيان","1597","26856","PI","الميلودي مرزوق","4491"
"الدار البيضاء-سطات","برشيد","أولاد زيان","1597","26851","USFP","صالح هنان","49122"
"الدار البيضاء-سطات","برشيد","أولاد زيان","1597","26850","USFP","بوشعيب العرفاوي","40229"
"الدار البيضاء-سطات","برشيد","أولاد زيدان","1059","16660","PI","عبد اللطيف العروي","3939"
"الدار البيضاء-سطات","برشيد","أولاد زيدان","1059","16660","PI","صباح سدير","4061"
"الدار البيضاء-سطات","برشيد","أولاد زيدان","1059","16657","RNI","عبدالحميد العزاب","82313"
"الدار البيضاء-سطات","برشيد","أولاد زيدان","1059","16657","RNI","حنان كنون","82628"
"الدار البيضاء-سطات","برشيد","أولاد زيدان","1059","16661","PI","محمد كنوني","2175"
"الدار البيضاء-سطات","برشيد","أولاد زيدان","1059","16661","PI","زهيرة كنوني","2279"
"الدار البيضاء-سطات","برشيد","أولاد زيدان","1059","16659","PI","المصطفى خليلي","2559"
"الدار البيضاء-سطات","برشيد","أولاد زيدان","1059","16656","PAM","ربيع الشيخ","25125"
"الدار البيضاء-سطات","برشيد","أولاد زيدان","1059","16656","PAM","عتيقة ورداني","25312"
"الدار البيضاء-سطات","برشيد","أولاد زيدان","1059","16653","PI","بوشعيب مزور","2799"
"الدار البيضاء-سطات","برشيد","أولاد زيدان","1059","16653","PI","زينب مزوز","3096"
"الدار البيضاء-سطات","برشيد","أولاد زيدان","1059","16652","PI","سعيد عنان","11421"
"الدار البيضاء-سطات","برشيد","أولاد زيدان","1059","16658","MP","احمد هاشمي","21635"
"الدار البيضاء-سطات","برشيد","أولاد زيدان","1059","16651","PI","سعيد الخرساني","2353"
"الدار البيضاء-سطات","برشيد","أولاد زيدان","1059","16655","RNI","يونس رياض","797"
"الدار البيضاء-سطات","برشيد","أولاد زيدان","1059","16654","PI","حميد مطران","3666"
"الدار البيضاء-سطات","برشيد","أولاد صباح","1041","16343","PI","محمد بندريس","12837"
"الدار البيضاء-سطات","برشيد","أولاد صباح","1041","16343","PI","فتيحة  المكاوي","12884"
"الدار البيضاء-سطات","برشيد","أولاد صباح","1041","16338","PI","عبد الرحيم حبيب الله","23041"
"الدار البيضاء-سطات","برشيد","أولاد صباح","1041","16334","PI","محمد دومة","4630"
"الدار البيضاء-سطات","برشيد","أولاد صباح","1041","16334","PI","هند رشيد","4711"
"الدار البيضاء-سطات","برشيد","أولاد صباح","1041","16332","PI","خالد الكويسي","27947"
"الدار البيضاء-سطات","برشيد","أولاد صباح","1041","16341","PI","المحجوب عياش","11563"
"الدار البيضاء-سطات","برشيد","أولاد صباح","1041","16341","PI","بهيجة  رشاق","11602"
"الدار البيضاء-سطات","برشيد","أولاد صباح","1041","16337","RNI","عبد الواحد علالي","64566"
"الدار البيضاء-سطات","برشيد","أولاد صباح","1041","16337","RNI","مينة دومة","64639"
"الدار البيضاء-سطات","برشيد","أولاد صباح","1041","16342","UC","عثمان رفيق","16888"
"الدار البيضاء-سطات","برشيد","أولاد صباح","1041","16340","PI","نورالدين الشميعات","14696"
"الدار البيضاء-سطات","برشيد","أولاد صباح","1041","16340","PI","نادية  شكير","14741"
"الدار البيضاء-سطات","برشيد","أولاد صباح","1041","16339","PI","المصطفى رشيد","49620"
"الدار البيضاء-سطات","برشيد","أولاد صباح","1041","16331","PI","عبد اللطيف اشرايبي","27837"
"الدار البيضاء-سطات","برشيد","أولاد صباح","1041","16336","PI","هشام مدكور ","32343"
"الدار البيضاء-سطات","برشيد","أولاد صباح","1041","16335","RNI","عبد الحق عبلالي","24587"
"الدار البيضاء-سطات","برشيد","أولاد صباح","1041","16333","PI","محمد فرجية","63241"
"الدار البيضاء-سطات","برشيد","أولاد عبو","974","15416","PI","العرابي دحايني ","146051"
"الدار البيضاء-سطات","برشيد","أولاد عبو","974","15416","PI","مونة دحايني","146829"
"الدار البيضاء-سطات","برشيد","أولاد عبو","974","15418","PI","سفيان  ناجي ","146582"
"الدار البيضاء-سطات","برشيد","أولاد عبو","974","15418","PI","خديجة دحايني","146673"
"الدار البيضاء-سطات","برشيد","أولاد عبو","974","15414","USFP","حمدون الخبير","83185"
"الدار البيضاء-سطات","برشيد","أولاد عبو","974","15410","PJD","عبد الرحيم رحال","84563"
"الدار البيضاء-سطات","برشيد","أولاد عبو","974","15410","PJD","بشرى ساجد","84692"
"الدار البيضاء-سطات","برشيد","أولاد عبو","974","15417","PI","سعيد العيشي","146343"
"الدار البيضاء-سطات","برشيد","أولاد عبو","974","15407","PI","المصطفى بولنوار","142731"
"الدار البيضاء-سطات","برشيد","أولاد عبو","974","15413","USFP","نور الدين الخبير","83751"
"الدار البيضاء-سطات","برشيد","أولاد عبو","974","15413","USFP","وهيبة التقي","83973"
"الدار البيضاء-سطات","برشيد","أولاد عبو","974","15412","PJD","المصطفى ادريس","35505"
"الدار البيضاء-سطات","برشيد","أولاد عبو","974","15409","PI","محمد الاطلسي","143922"
"الدار البيضاء-سطات","برشيد","أولاد عبو","974","15409","PI","وفاء العيشي","144008"
"الدار البيضاء-سطات","برشيد","أولاد عبو","974","15406","PJD","عبدالمطلب محب","35002"
"الدار البيضاء-سطات","برشيد","أولاد عبو","974","15411","PJD","عبد الواحد مخلوقي","35263"
"الدار البيضاء-سطات","برشيد","أولاد عبو","974","15408","PJD","المصطفى سعد الدين","36264"
"الدار البيضاء-سطات","برشيد","أولاد عبو","974","15415","PI","امبارك  التواجي ","147192"
"الدار البيضاء-سطات","برشيد","الدروة","468","28208","RNI","جواد الوزاني","658"
"الدار البيضاء-سطات","برشيد","الدروة","468","28208","RNI","زهور اجدي","707"
"الدار البيضاء-سطات","برشيد","الدروة","468","28214","RNI","محمد مزياني","4723"
"الدار البيضاء-سطات","برشيد","الدروة","468","28214","RNI","هاجر رفيق","4774"
"الدار البيضاء-سطات","برشيد","الدروة","468","28215","RNI","احمد السيبي","556"
"الدار البيضاء-سطات","برشيد","الدروة","468","28215","RNI","خديجة ايت بنطالب","598"
"الدار البيضاء-سطات","برشيد","الدروة","468","28230","RNI","كمال شرقاوي","383"
"الدار البيضاء-سطات","برشيد","الدروة","468","28212","PRV","عبد العزيز زروال","11858"
"الدار البيضاء-سطات","برشيد","الدروة","468","28212","PRV","لطيفة بداوي","11919"
"الدار البيضاء-سطات","برشيد","الدروة","468","28210","RNI","مصطفى مجيد","405"
"الدار البيضاء-سطات","برشيد","الدروة","468","28222","RNI","ايوب افرياط","56"
"الدار البيضاء-سطات","برشيد","الدروة","468","28213","PI","الجيلالي زروق","1916"
"الدار البيضاء-سطات","برشيد","الدروة","468","28216","RNI","رشيد المعلاوي","311"
"الدار البيضاء-سطات","برشيد","الدروة","468","28221","PAM","جواد ابشيري","15069"
"الدار البيضاء-سطات","برشيد","الدروة","468","28229","RNI","عبد الواحد قولن","6207"
"الدار البيضاء-سطات","برشيد","الدروة","468","28211","RNI","رشيد فكاك","6107"
"الدار البيضاء-سطات","برشيد","الدروة","468","28224","USFP","عبد الرحيم لغرابي","133124"
"الدار البيضاء-سطات","برشيد","الدروة","468","28227","RNI","لقمان ابوسفيان","480"
"الدار البيضاء-سطات","برشيد","الدروة","468","28225","RNI","جواد علوان","150"
"الدار البيضاء-سطات","برشيد","الدروة","468","28209","RNI","علي البوخاري","17397"
"الدار البيضاء-سطات","برشيد","الدروة","468","28226","PRV","بوجمعة انزاض","12923"
"الدار البيضاء-سطات","برشيد","الدروة","468","28217","USFP","المصطفى حوتي","11274"
"الدار البيضاء-سطات","برشيد","الدروة","468","28220","PI","حفيظ نصروالـله","269"
"الدار البيضاء-سطات","برشيد","الدروة","468","28207","PAM","عبدالغاني العراقي","16013"
"الدار البيضاء-سطات","برشيد","الدروة","468","28223","RNI","رشيد عابد","4570"
"الدار البيضاء-سطات","برشيد","الدروة","468","28223","RNI","الصالحة ظفير","4648"
"الدار البيضاء-سطات","برشيد","الدروة","468","28219","PJD","عبد الاله جلول","3031"
"الدار البيضاء-سطات","برشيد","الدروة","468","28231","RNI","المصطفى منصر","17525"
"الدار البيضاء-سطات","برشيد","الدروة","468","28218","UC","يوسف فهمي","135111"
"الدار البيضاء-سطات","برشيد","الدروة","468","28228","USFP","احمد قابيل","40090"
"الدار البيضاء-سطات","برشيد","الساحل اولاد احريز","1112","28448","RNI","عبد الاله الرفاعي","115271"
"الدار البيضاء-سطات","برشيد","الساحل اولاد احريز","1112","28449","RNI","محمد رفاعي","115591"
"الدار البيضاء-سطات","برشيد","الساحل اولاد احريز","1112","28432","RNI","عبداللطيف ولفي","9164"
"الدار البيضاء-سطات","برشيد","الساحل اولاد احريز","1112","28432","RNI","فاطمة عفيف","9204"
"الدار البيضاء-سطات","برشيد","الساحل اولاد احريز","1112","28456","PI","ادريس حجاج","29811"
"الدار البيضاء-سطات","برشيد","الساحل اولاد احريز","1112","28456","PI","عزيزة  الصايق","29865"
"الدار البيضاء-سطات","برشيد","الساحل اولاد احريز","1112","28445","RNI","حسن بغداد","9115"
"الدار البيضاء-سطات","برشيد","الساحل اولاد احريز","1112","28440","RNI","صلاح صبار","8640"
"الدار البيضاء-سطات","برشيد","الساحل اولاد احريز","1112","28447","RNI","علي الهرو","7774"
"الدار البيضاء-سطات","برشيد","الساحل اولاد احريز","1112","28444","RNI","عزيز العز","9295"
"الدار البيضاء-سطات","برشيد","الساحل اولاد احريز","1112","28433","RNI","احمد  فرشي","10076"
"الدار البيضاء-سطات","برشيد","الساحل اولاد احريز","1112","28433","RNI","تورية البرهمي","10097"
"الدار البيضاء-سطات","برشيد","الساحل اولاد احريز","1112","28451","RNI","طاريق بن التاغي ","38190"
"الدار البيضاء-سطات","برشيد","الساحل اولاد احريز","1112","28451","RNI","خديجة زهران","38239"
"الدار البيضاء-سطات","برشيد","الساحل اولاد احريز","1112","28441","RNI","امحمد حمحم","8994"
"الدار البيضاء-سطات","برشيد","الساحل اولاد احريز","1112","28452","RNI","المعطي ابوالفتح","8782"
"الدار البيضاء-سطات","برشيد","الساحل اولاد احريز","1112","28452","RNI","مريم عثماني","8873"
"الدار البيضاء-سطات","برشيد","الساحل اولاد احريز","1112","28434","RNI"," عبدالغاني فتحي","9592"
"الدار البيضاء-سطات","برشيد","الساحل اولاد احريز","1112","28455","RNI","ابوبكر القنبي","7887"
"الدار البيضاء-سطات","برشيد","الساحل اولاد احريز","1112","28442","RNI","محمد حراق","9625"
"الدار البيضاء-سطات","برشيد","الساحل اولاد احريز","1112","28454","PI","احمد الراجي","20547"
"الدار البيضاء-سطات","برشيد","الساحل اولاد احريز","1112","28437","MP","عبداللطيف مذكر","20461"
"الدار البيضاء-سطات","برشيد","الساحل اولاد احريز","1112","28453","PI","المهدي مشبال","28854"
"الدار البيضاء-سطات","برشيد","الساحل اولاد احريز","1112","28450","PI","يونس بن الضو","10183"
"الدار البيضاء-سطات","برشيد","الساحل اولاد احريز","1112","28439","MP","رشيد متوكل","9986"
"الدار البيضاء-سطات","برشيد","الساحل اولاد احريز","1112","28438","RNI","مصطفى المنصوري","7466"
"الدار البيضاء-سطات","برشيد","الساحل اولاد احريز","1112","28435","PJD","محمد رزقي","41629"
"الدار البيضاء-سطات","برشيد","الساحل اولاد احريز","1112","28443","PAM","محمد الرامي","20401"
"الدار البيضاء-سطات","برشيد","الساحل اولاد احريز","1112","28446","RNI","ادريس القبلي","30524"
"الدار البيضاء-سطات","برشيد","الساحل اولاد احريز","1112","28436","RNI","سفيان الفايجي","8939"
"الدار البيضاء-سطات","برشيد","السوالم الطريفية","1598","26883","USFP","احمد قسيمي","16578"
"الدار البيضاء-سطات","برشيد","السوالم الطريفية","1598","26880","PAM","بوبكر رضى","25435"
"الدار البيضاء-سطات","برشيد","السوالم الطريفية","1598","26880","PAM","فوزية الوهبي","25476"
"الدار البيضاء-سطات","برشيد","السوالم الطريفية","1598","26865","PI","حسن حسين","18497"
"الدار البيضاء-سطات","برشيد","السوالم الطريفية","1598","26877","USFP","مراد قاسمي","2590"
"الدار البيضاء-سطات","برشيد","السوالم الطريفية","1598","26879","USFP","عبد الخالق عصفوري","18209"
"الدار البيضاء-سطات","برشيد","السوالم الطريفية","1598","26879","USFP","ميلودة رشدي","18273"
"الدار البيضاء-سطات","برشيد","السوالم الطريفية","1598","27830","PI","رشيد رثنان","4459"
"الدار البيضاء-سطات","برشيد","السوالم الطريفية","1598","26866","PI","احمد الطاهج","17634"
"الدار البيضاء-سطات","برشيد","السوالم الطريفية","1598","27831","PI","امحمد لحيان","24310"
"الدار البيضاء-سطات","برشيد","السوالم الطريفية","1598","26876","PI","محمد حليم","5252"
"الدار البيضاء-سطات","برشيد","السوالم الطريفية","1598","26867","PI","عبد الجبار عفوت","3848"
"الدار البيضاء-سطات","برشيد","السوالم الطريفية","1598","26868","RNI","علال بندابا","66579"
"الدار البيضاء-سطات","برشيد","السوالم الطريفية","1598","26868","RNI","فاطمة حمدي","66632"
"الدار البيضاء-سطات","برشيد","السوالم الطريفية","1598","26864","USFP","عبد المجيد مفهوم","113469"
"الدار البيضاء-سطات","برشيد","السوالم الطريفية","1598","26864","USFP","زينب فكري","113542"
"الدار البيضاء-سطات","برشيد","السوالم الطريفية","1598","26878","PAM","المصطفى لمعلم","18380"
"الدار البيضاء-سطات","برشيد","السوالم الطريفية","1598","26884","USFP","محمد قسيمي","4888"
"الدار البيضاء-سطات","برشيد","السوالم الطريفية","1598","26862","PI","نور الدين حيمود","16767"
"الدار البيضاء-سطات","برشيد","السوالم الطريفية","1598","26871","USFP","مونسيف الحرجة","4225"
"الدار البيضاء-سطات","برشيد","السوالم الطريفية","1598","26870","PI","مجيد اجمامكي","22960"
"الدار البيضاء-سطات","برشيد","السوالم الطريفية","1598","26874","USFP","التهامي حنين","18866"
"الدار البيضاء-سطات","برشيد","السوالم الطريفية","1598","26873","PI","المصطفى رباح","4268"
"الدار البيضاء-سطات","برشيد","السوالم الطريفية","1598","26863","USFP","نورالدين مفهوم","114482"
"الدار البيضاء-سطات","برشيد","السوالم الطريفية","1598","26875","PI","محمد صابر ","18324"
"الدار البيضاء-سطات","برشيد","السوالم الطريفية","1598","26869","USFP","فريد الزواوي","4603"
"الدار البيضاء-سطات","برشيد","السوالم الطريفية","1598","26882","PJD","رشيد سليم","29558"
"الدار البيضاء-سطات","برشيد","السوالم الطريفية","1598","26881","USFP","عبد الكريم الرخيص","82349"
"الدار البيضاء-سطات","برشيد","السوالم الطريفية","1598","26881","USFP","وهيبة الكيرد","82396"
"الدار البيضاء-سطات","برشيد","السوالم الطريفية","1598","26872","PI","فوزي حواص","66504"
"الدار البيضاء-سطات","برشيد","الفقرا أولاد عمرو","548","8634","PI","مصطفى سعدي","74432"
"الدار البيضاء-سطات","برشيد","الفقرا أولاد عمرو","548","8634","PI","فاطمة المزراني","74512"
"الدار البيضاء-سطات","برشيد","الفقرا أولاد عمرو","548","8639","PI","العربي كريجة","74604"
"الدار البيضاء-سطات","برشيد","الفقرا أولاد عمرو","548","8639","PI","مينة المكاتف","74657"
"الدار البيضاء-سطات","برشيد","الفقرا أولاد عمرو","548","8642","PI","ابراهيم كرش ","84337"
"الدار البيضاء-سطات","برشيد","الفقرا أولاد عمرو","548","8642","PI","مينة  كرش ","84401"
"الدار البيضاء-سطات","برشيد","الفقرا أولاد عمرو","548","8643","PI","عبد الرحيم المرضي","83937"
"الدار البيضاء-سطات","برشيد","الفقرا أولاد عمرو","548","8638","PI","حسن الساهي","84086"
"الدار البيضاء-سطات","برشيد","الفقرا أولاد عمرو","548","8638","PI","ليلى المصطفى","84176"
"الدار البيضاء-سطات","برشيد","الفقرا أولاد عمرو","548","8635","PAM","المصطفى بكري","141789"
"الدار البيضاء-سطات","برشيد","الفقرا أولاد عمرو","548","8637","RNI","عبد الرحيم جوندي","87663"
"الدار البيضاء-سطات","برشيد","الفقرا أولاد عمرو","548","8637","RNI","آمال  الخطابي ","87784"
"الدار البيضاء-سطات","برشيد","الفقرا أولاد عمرو","548","8640","PAM","فؤاد مرشيد","137310"
"الدار البيضاء-سطات","برشيد","الفقرا أولاد عمرو","548","8636","PI","عيسى زهير","84748"
"الدار البيضاء-سطات","برشيد","الفقرا أولاد عمرو","548","8641","PI","عبد الحق اعبيدة","83118"
"الدار البيضاء-سطات","برشيد","الفقرا أولاد عمرو","548","8644","PAM","محمد حب العمر","138875"
"الدار البيضاء-سطات","برشيد","الكارة","494","7714","PI","محمد زايد","46698"
"الدار البيضاء-سطات","برشيد","الكارة","494","7714","PI","فاطمة تيل","46762"
"الدار البيضاء-سطات","برشيد","الكارة","494","7704","PAM","عمر  فقيهي","53478"
"الدار البيضاء-سطات","برشيد","الكارة","494","7720","RNI","رشيد البودي","25979"
"الدار البيضاء-سطات","برشيد","الكارة","494","7705","RNI","عبد الله صديق","277"
"الدار البيضاء-سطات","برشيد","الكارة","494","7722","USFP","نور الدين زهير","39484"
"الدار البيضاء-سطات","برشيد","الكارة","494","7710","MP","محمد الجوهري","90641"
"الدار البيضاء-سطات","برشيد","الكارة","494","7717","USFP","هشام بوزيان","33755"
"الدار البيضاء-سطات","برشيد","الكارة","494","7709","RNI","محمد فنون","76545"
"الدار البيضاء-سطات","برشيد","الكارة","494","7708","PI","سهيل فهمي","110877"
"الدار البيضاء-سطات","برشيد","الكارة","494","7716","PI","حسن العقادي","106345"
"الدار البيضاء-سطات","برشيد","الكارة","494","7711","RNI","محمد اليوسفي","982"
"الدار البيضاء-سطات","برشيد","الكارة","494","7711","RNI","مليكة مزواري","1054"
"الدار البيضاء-سطات","برشيد","الكارة","494","7712","MP","نادية دارك","16528"
"الدار البيضاء-سطات","برشيد","الكارة","494","7713","RNI","بوشعيب زايد","1129"
"الدار البيضاء-سطات","برشيد","الكارة","494","7715","PJD","عبد القادر عبد الحكيم","63881"
"الدار البيضاء-سطات","برشيد","الكارة","494","7721","USFP","عزيز زكرياء","90463"
"الدار البيضاء-سطات","برشيد","الكارة","494","7718","RNI","مصطفى البودي","139846"
"الدار البيضاء-سطات","برشيد","الكارة","494","7700","PI","احمد فرجية","72051"
"الدار البيضاء-سطات","برشيد","الكارة","494","7703","RNI","محسن مباركي","22706"
"الدار البيضاء-سطات","برشيد","الكارة","494","7703","RNI","حسنى شراف","22768"
"الدار البيضاء-سطات","برشيد","الكارة","494","7719","PI","رحال عيار","106520"
"الدار البيضاء-سطات","برشيد","الكارة","494","7707","PJD","عبدالحق التازي","46330"
"الدار البيضاء-سطات","برشيد","الكارة","494","7702","RNI","عبد المجيد الرياحي الادريسي","105787"
"الدار البيضاء-سطات","برشيد","الكارة","494","7702","RNI","هودى ابو الفتح","105893"
"الدار البيضاء-سطات","برشيد","الكارة","494","7706","PI","زهير رفيق","142752"
"الدار البيضاء-سطات","برشيد","الكارة","494","7701","PAM","نزار ابن الحمراء","46207"
"الدار البيضاء-سطات","برشيد","الكارة","494","7701","PAM","سعاد الكرش","46240"
"الدار البيضاء-سطات","برشيد","برشيد","297","25122","RNI","عابد بادل","24"
"الدار البيضاء-سطات","برشيد","برشيد","297","25122","RNI","منال بادل","747"
"الدار البيضاء-سطات","برشيد","برشيد","297","25122","RNI","محمد طربوز","33"
"الدار البيضاء-سطات","برشيد","برشيد","297","25122","RNI","دنيا كببرة","776"
"الدار البيضاء-سطات","برشيد","برشيد","297","25122","RNI","عثمان بادل","50"
"الدار البيضاء-سطات","برشيد","برشيد","297","25122","RNI","الزيتونية كريمي","814"
"الدار البيضاء-سطات","برشيد","برشيد","297","25122","RNI","هشام الكميري","77"
"الدار البيضاء-سطات","برشيد","برشيد","297","25122","RNI","خديجة القنبي","836"
"الدار البيضاء-سطات","برشيد","برشيد","297","25122","RNI","ربيع طابي","94"
"الدار البيضاء-سطات","برشيد","برشيد","297","25122","RNI","فوزية النواري","871"
"الدار البيضاء-سطات","برشيد","برشيد","297","25122","RNI","حسن بوصبر","123"
"الدار البيضاء-سطات","برشيد","برشيد","297","25122","RNI","مروان فونة","153"
"الدار البيضاء-سطات","برشيد","برشيد","297","25122","RNI","الحسن السعودي","186"
"الدار البيضاء-سطات","برشيد","برشيد","297","25122","RNI","المصطفى كريم","208"
"الدار البيضاء-سطات","برشيد","برشيد","297","25122","PAM","عبد الرحيم الكميلي","102078"
"الدار البيضاء-سطات","برشيد","برشيد","297","25122","PAM","نجات بنسلطانة","105386"
"الدار البيضاء-سطات","برشيد","برشيد","297","25122","PAM","نور الدين البيضي","102179"
"الدار البيضاء-سطات","برشيد","برشيد","297","25122","PAM","بشرى صفيح","105529"
"الدار البيضاء-سطات","برشيد","برشيد","297","25122","PAM","هشام عباسي","102248"
"الدار البيضاء-سطات","برشيد","برشيد","297","25122","PAM","فاطنة الكتاري","105635"
"الدار البيضاء-سطات","برشيد","برشيد","297","25122","PAM","مصطفى خليل","102308"
"الدار البيضاء-سطات","برشيد","برشيد","297","25122","PAM","عبد الاله البيضي","102432"
"الدار البيضاء-سطات","برشيد","برشيد","297","25122","PI","طارق قديري","83803"
"الدار البيضاء-سطات","برشيد","برشيد","297","25122","PI","فاطمة الزهراء عاطف","87203"
"الدار البيضاء-سطات","برشيد","برشيد","297","25122","PI","فؤاد قديري","83977"
"الدار البيضاء-سطات","برشيد","برشيد","297","25122","PI","سعيدة شكيب","87302"
"الدار البيضاء-سطات","برشيد","برشيد","297","25122","PI","محمد عبد الغني حريزي","84396"
"الدار البيضاء-سطات","برشيد","برشيد","297","25122","UC","عبدالغاني شكير","17203"
"الدار البيضاء-سطات","برشيد","برشيد","297","25122","UC","كريمة بوشاشية","18127"
"الدار البيضاء-سطات","برشيد","برشيد","297","25122","PJD","عبد السلام زاد الخير","52557"
"الدار البيضاء-سطات","برشيد","برشيد","297","25122","PJD","صفاء خيرون","57878"
"الدار البيضاء-سطات","برشيد","برشيد","297","25122","CNI","طلال الادريسي","79215"
"الدار البيضاء-سطات","برشيد","برشيد","297","25122","PPS"," علال  الناصري","46096"
"الدار البيضاء-سطات","برشيد","برشيد","297","25122","USFP","المصطفى الهادي","74948"
"الدار البيضاء-سطات","برشيد","برشيد","297","25122","MP","موسى الخضراوي","45811"
"الدار البيضاء-سطات","برشيد","بن معاشو","288","4391","PI","عمرو التباع","7226"
"الدار البيضاء-سطات","برشيد","بن معاشو","288","4391","PI","سكينة الطويل","7343"
"الدار البيضاء-سطات","برشيد","بن معاشو","288","4395","PI","لحبيب الدمايعي","6577"
"الدار البيضاء-سطات","برشيد","بن معاشو","288","4395","PI","حسناء بن البيضة","6936"
"الدار البيضاء-سطات","برشيد","بن معاشو","288","4400","RNI","عبد اللطيف حفيض","82793"
"الدار البيضاء-سطات","برشيد","بن معاشو","288","4392","PAM","الميلودي صفار","46458"
"الدار البيضاء-سطات","برشيد","بن معاشو","288","4392","PAM","ايمان صفار","46496"
"الدار البيضاء-سطات","برشيد","بن معاشو","288","4388","RNI","سعيد البرودي","46670"
"الدار البيضاء-سطات","برشيد","بن معاشو","288","4390","PI","بوشعيب القاسمي","3296"
"الدار البيضاء-سطات","برشيد","بن معاشو","288","4390","PI","فاطمة نصير","6073"
"الدار البيضاء-سطات","برشيد","بن معاشو","288","4394","PI","محمد الطابع","2036"
"الدار البيضاء-سطات","برشيد","بن معاشو","288","4393","PI","المصطفى زين العابدين","32214"
"الدار البيضاء-سطات","برشيد","بن معاشو","288","4393","PI","حنان البوعبدي","32234"
"الدار البيضاء-سطات","برشيد","بن معاشو","288","4399","RNI","عبدالله الشلخ","89322"
"الدار البيضاء-سطات","برشيد","بن معاشو","288","4389","RNI","المعاشي الكميتي","46768"
"الدار البيضاء-سطات","برشيد","بن معاشو","288","4398","RNI","سعيد امام","81993"
"الدار البيضاء-سطات","برشيد","بن معاشو","288","4396","PI","محمد زهوان","116304"
"الدار البيضاء-سطات","برشيد","بن معاشو","288","4397","PI","محمد الفارسي","1952"
"الدار البيضاء-سطات","برشيد","جاقمة","677","10578","RNI","صابر الكياف","2623"
"الدار البيضاء-سطات","برشيد","جاقمة","677","10578","RNI","سهام سعود","2766"
"الدار البيضاء-سطات","برشيد","جاقمة","677","10577","RNI","محمد السعداوي","596"
"الدار البيضاء-سطات","برشيد","جاقمة","677","10577","RNI","نهال بزيوي","662"
"الدار البيضاء-سطات","برشيد","جاقمة","677","10585","RNI","نور الدين حريزي","307"
"الدار البيضاء-سطات","برشيد","جاقمة","677","10584","RNI","محمد اصبان","25430"
"الدار البيضاء-سطات","برشيد","جاقمة","677","10584","RNI","فاطمة حريزي","25582"
"الدار البيضاء-سطات","برشيد","جاقمة","677","10587","RNI","عبد الحكيم زاهر","377"
"الدار البيضاء-سطات","برشيد","جاقمة","677","10586","RNI","عبد الدائم بعازة","1515"
"الدار البيضاء-سطات","برشيد","جاقمة","677","10586","RNI","أميمة زاهر","1593"
"الدار البيضاء-سطات","برشيد","جاقمة","677","10579","RNI","ادريس القبلي","22564"
"الدار البيضاء-سطات","برشيد","جاقمة","677","10579","RNI","دنيا بنقدور","22634"
"الدار البيضاء-سطات","برشيد","جاقمة","677","10589","RNI","محمد وليد","514"
"الدار البيضاء-سطات","برشيد","جاقمة","677","10580","RNI","عزالدين بنقدور","228"
"الدار البيضاء-سطات","برشيد","جاقمة","677","10582","RNI","دنيا لحديي","4710"
"الدار البيضاء-سطات","برشيد","جاقمة","677","10588","RNI","بوشعيب عالي","1404"
"الدار البيضاء-سطات","برشيد","جاقمة","677","10583","RNI","المصطفى حمزي","417"
"الدار البيضاء-سطات","برشيد","جاقمة","677","10581","RNI","خليد صنضالي","456"
"الدار البيضاء-سطات","برشيد","حد سوالم","1595","28758","PI","خالد الرامي","9118"
"الدار البيضاء-سطات","برشيد","حد سوالم","1595","28758","PI","وفاء الرامي","9155"
"الدار البيضاء-سطات","برشيد","حد سوالم","1595","28768","PAM","عبد الكريم الدراجي","36539"
"الدار البيضاء-سطات","برشيد","حد سوالم","1595","28768","PAM","ايمان الدراجي","34548"
"الدار البيضاء-سطات","برشيد","حد سوالم","1595","28760","PAM","بوشعيب بنشيخ","29292"
"الدار البيضاء-سطات","برشيد","حد سوالم","1595","28771","PI","سعيد الفرجي","9063"
"الدار البيضاء-سطات","برشيد","حد سوالم","1595","28771","PI","فايزة هاشم","9083"
"الدار البيضاء-سطات","برشيد","حد سوالم","1595","28769","PI","حكيم عفوت","8902"
"الدار البيضاء-سطات","برشيد","حد سوالم","1595","28774","PI","المعطي لغفيري","8855"
"الدار البيضاء-سطات","برشيد","حد سوالم","1595","28770","PI","يوسف سيومي","8371"
"الدار البيضاء-سطات","برشيد","حد سوالم","1595","28762","PI","عواطف بوطريق","48786"
"الدار البيضاء-سطات","برشيد","حد سوالم","1595","28766","PI","المصطفى بلفجوج","9309"
"الدار البيضاء-سطات","برشيد","حد سوالم","1595","28766","PI","سهام الحامي","9322"
"الدار البيضاء-سطات","برشيد","حد سوالم","1595","28773","PI","عمار فتاح","8642"
"الدار البيضاء-سطات","برشيد","حد سوالم","1595","28775","PAM","محمد وقاس","13892"
"الدار البيضاء-سطات","برشيد","حد سوالم","1595","28772","PAM","احمد لودي","27125"
"الدار البيضاء-سطات","برشيد","حد سوالم","1595","28761","PI","مراد  خمليشي","8576"
"الدار البيضاء-سطات","برشيد","حد سوالم","1595","28763","USFP","عبدالكريم لوفى","103683"
"الدار البيضاء-سطات","برشيد","حد سوالم","1595","28763","USFP","امينة لوفى","103862"
"الدار البيضاء-سطات","برشيد","حد سوالم","1595","28780","PAM","توفيق رفيق","35803"
"الدار البيضاء-سطات","برشيد","حد سوالم","1595","28776","RNI","عبد الاله كوني","17738"
"الدار البيضاء-سطات","برشيد","حد سوالم","1595","28779","PI","عمر زهاري","8695"
"الدار البيضاء-سطات","برشيد","حد سوالم","1595","28778","PAM","احمد بنطيبي","112720"
"الدار البيضاء-سطات","برشيد","حد سوالم","1595","28767","PAM","سعيد الفيز","28737"
"الدار البيضاء-سطات","برشيد","حد سوالم","1595","28781","PI","مصطفى رفيق","10923"
"الدار البيضاء-سطات","برشيد","حد سوالم","1595","28759","PAM","محمد كمال","26603"
"الدار البيضاء-سطات","برشيد","حد سوالم","1595","28764","PI","سعيد  بوشاوير","9011"
"الدار البيضاء-سطات","برشيد","حد سوالم","1595","28765","PI","الزهرة جاب رزق","8606"
"الدار البيضاء-سطات","برشيد","حد سوالم","1595","28777","PI","عبد الكبير الزهيري","8499"
"الدار البيضاء-سطات","برشيد","حد سوالم","1595","28757","PI","مجيد خدري","11281"
"الدار البيضاء-سطات","برشيد","رياح","1095","17204","PI","نور الدين بالحرار","21317"
"الدار البيضاء-سطات","برشيد","رياح","1095","17204","PI","خديجة الناجحي","68666"
"الدار البيضاء-سطات","برشيد","رياح","1095","17205","PI","الشرقي خالد","25282"
"الدار البيضاء-سطات","برشيد","رياح","1095","17205","PI","هند خالد","25356"
"الدار البيضاء-سطات","برشيد","رياح","1095","17203","PI","سليمان العرفاوي","90097"
"الدار البيضاء-سطات","برشيد","رياح","1095","17203","PI","مينة شريت","90264"
"الدار البيضاء-سطات","برشيد","رياح","1095","17210","PI","حميد الشجري","24565"
"الدار البيضاء-سطات","برشيد","رياح","1095","17209","PI","الجيلالي رفيعي","21565"
"الدار البيضاء-سطات","برشيد","رياح","1095","17212","PI","سعيد الايح","21428"
"الدار البيضاء-سطات","برشيد","رياح","1095","17201","PI","خليد مسيك","73071"
"الدار البيضاء-سطات","برشيد","رياح","1095","17201","PI","لبنى الايح","73123"
"الدار البيضاء-سطات","برشيد","رياح","1095","17207","PI","اسيف الدقوني","25709"
"الدار البيضاء-سطات","برشيد","رياح","1095","17207","PI","مها خالد","25782"
"الدار البيضاء-سطات","برشيد","رياح","1095","17202","PI","محمد عزيز","46182"
"الدار البيضاء-سطات","برشيد","رياح","1095","17206","PI","بوشعيب رحيم","24672"
"الدار البيضاء-سطات","برشيد","رياح","1095","17211","PI","الشرقي نادري","33771"
"الدار البيضاء-سطات","برشيد","رياح","1095","17208","PI","محمد مومن","25593"
"الدار البيضاء-سطات","برشيد","رياح","1095","17213","PAM","يونس لصفر","32508"
"الدار البيضاء-سطات","برشيد","زاوية سيدي بنحمدون","1527","23883","PJD","المعطي الزمراني","36451"
"الدار البيضاء-سطات","برشيد","زاوية سيدي بنحمدون","1527","23883","PJD","عائشة الفقير","36531"
"الدار البيضاء-سطات","برشيد","زاوية سيدي بنحمدون","1527","23881","PI","حسن غانم","9390"
"الدار البيضاء-سطات","برشيد","زاوية سيدي بنحمدون","1527","23881","PI","عائشة حشاد","9425"
"الدار البيضاء-سطات","برشيد","زاوية سيدي بنحمدون","1527","23880","RNI","بوشعيب السايح","23708"
"الدار البيضاء-سطات","برشيد","زاوية سيدي بنحمدون","1527","23880","RNI","نعيمة رفيق","23737"
"الدار البيضاء-سطات","برشيد","زاوية سيدي بنحمدون","1527","23877","PI","جلال صبري","139018"
"الدار البيضاء-سطات","برشيد","زاوية سيدي بنحمدون","1527","23877","PI","حليمة عبدة","139138"
"الدار البيضاء-سطات","برشيد","زاوية سيدي بنحمدون","1527","23884","PI","محمد هشماني","9496"
"الدار البيضاء-سطات","برشيد","زاوية سيدي بنحمدون","1527","23885","PI","عبد الكريم مطيع","3188"
"الدار البيضاء-سطات","برشيد","زاوية سيدي بنحمدون","1527","23879","RNI","مراد شلخ","24078"
"الدار البيضاء-سطات","برشيد","زاوية سيدي بنحمدون","1527","23879","RNI","زينب الشلخ","24117"
"الدار البيضاء-سطات","برشيد","زاوية سيدي بنحمدون","1527","23882","RNI","زهرالدين  حمداوي ","21850"
"الدار البيضاء-سطات","برشيد","زاوية سيدي بنحمدون","1527","23887","RNI","رشيد زرواليي","23851"
"الدار البيضاء-سطات","برشيد","زاوية سيدي بنحمدون","1527","23888","PI","احمد بوسيف","8270"
"الدار البيضاء-سطات","برشيد","زاوية سيدي بنحمدون","1527","23878","USFP","عزيز الحمري","15305"
"الدار البيضاء-سطات","برشيد","زاوية سيدي بنحمدون","1527","23886","PI","محمد حمداوي","12420"
"الدار البيضاء-سطات","برشيد","زاوية سيدي بنحمدون","1527","23889","RNI","عبد الله الباز","102490"
"الدار البيضاء-سطات","برشيد","سيدي المكي","1222","19295","PI","خليد  ابراهيمي","12734"
"الدار البيضاء-سطات","برشيد","سيدي المكي","1222","19295","PI","خديجة الابراهيمي","12800"
"الدار البيضاء-سطات","برشيد","سيدي المكي","1222","19297","PI","حسن بنصبار","15146"
"الدار البيضاء-سطات","برشيد","سيدي المكي","1222","19297","PI","مريم بدري","15193"
"الدار البيضاء-سطات","برشيد","سيدي المكي","1222","19299","PI","عبد الحميد بن الشيب","12875"
"الدار البيضاء-سطات","برشيد","سيدي المكي","1222","19294","PI","منير المصمودي","9449"
"الدار البيضاء-سطات","برشيد","سيدي المكي","1222","19294","PI","زهرة القلش","9482"
"الدار البيضاء-سطات","برشيد","سيدي المكي","1222","19291","PI","احمد راجي","6739"
"الدار البيضاء-سطات","برشيد","سيدي المكي","1222","19302","PI","حميد الدبيش","11237"
"الدار البيضاء-سطات","برشيد","سيدي المكي","1222","19302","PI","ماجدة القنبي","11267"
"الدار البيضاء-سطات","برشيد","سيدي المكي","1222","19293","PI","المصطفى  بن السالمية ","8314"
"الدار البيضاء-سطات","برشيد","سيدي المكي","1222","19301","PI","مصطفى الدرويش","9315"
"الدار البيضاء-سطات","برشيد","سيدي المكي","1222","19292","PI","الحسين شهيد","9122"
"الدار البيضاء-سطات","برشيد","سيدي المكي","1222","19292","PI","لطيفة السبطي","9189"
"الدار البيضاء-سطات","برشيد","سيدي المكي","1222","19300","PI","عبدالرزاق الورزازي","8249"
"الدار البيضاء-سطات","برشيد","سيدي المكي","1222","19298","PI","رشيد بنمحروكة","8179"
"الدار البيضاء-سطات","برشيد","سيدي المكي","1222","19296","RNI","عبد الرحيم عمار","21753"
"الدار البيضاء-سطات","برشيد","سيدي المكي","1222","19290","PI","عبد القادر النتك","8396"
"الدار البيضاء-سطات","برشيد","سيدي رحال الشاطئ","1269","20024","PI","ابراهيم بلمزوار","35846"
"الدار البيضاء-سطات","برشيد","سيدي رحال الشاطئ","1269","20024","PI","مباركة بلمزوار","35892"
"الدار البيضاء-سطات","برشيد","سيدي رحال الشاطئ","1269","20030","PI","التهامي الضريف","46390"
"الدار البيضاء-سطات","برشيد","سيدي رحال الشاطئ","1269","27681","PI","توفيق الهاشمي","46252"
"الدار البيضاء-سطات","برشيد","سيدي رحال الشاطئ","1269","27681","PI","مينة الورادي","46263"
"الدار البيضاء-سطات","برشيد","سيدي رحال الشاطئ","1269","27689","PI","الكبير بجيج","37392"
"الدار البيضاء-سطات","برشيد","سيدي رحال الشاطئ","1269","27689","PI","سعيدة لحمر","37349"
"الدار البيضاء-سطات","برشيد","سيدي رحال الشاطئ","1269","20025","PI","عبد العالي العلوي","35960"
"الدار البيضاء-سطات","برشيد","سيدي رحال الشاطئ","1269","27688","PI","حسن العباسي","36728"
"الدار البيضاء-سطات","برشيد","سيدي رحال الشاطئ","1269","27686","PI","خاليد بدري","46403"
"الدار البيضاء-سطات","برشيد","سيدي رحال الشاطئ","1269","27688","PI","شيماء المرضي","36761"
"الدار البيضاء-سطات","برشيد","سيدي رحال الشاطئ","1269","20026","PI","مصطفى منجي","38236"
"الدار البيضاء-سطات","برشيد","سيدي رحال الشاطئ","1269","20026","PI","كوثر  معروف","38294"
"الدار البيضاء-سطات","برشيد","سيدي رحال الشاطئ","1269","20034","PI","احمد صابر","36831"
"الدار البيضاء-سطات","برشيد","سيدي رحال الشاطئ","1269","20027","USFP","محمد مفتاح","137673"
"الدار البيضاء-سطات","برشيد","سيدي رحال الشاطئ","1269","27680","PI","يونس الورادي","46542"
"الدار البيضاء-سطات","برشيد","سيدي رحال الشاطئ","1269","20028","PI","جواد بولاق","36195"
"الدار البيضاء-سطات","برشيد","سيدي رحال الشاطئ","1269","20029","PI","عزيز متوكيل","37604"
"الدار البيضاء-سطات","برشيد","سيدي رحال الشاطئ","1269","27682","PI","توفيق العلوي","46185"
"الدار البيضاء-سطات","برشيد","سيدي رحال الشاطئ","1269","20032","PI","المصطفى جدور","35625"
"الدار البيضاء-سطات","برشيد","سيدي رحال الشاطئ","1269","20031","PI","حكيمة ورضة","36142"
"الدار البيضاء-سطات","برشيد","سيدي رحال الشاطئ","1269","20035","PI","عاديل العلوي","46439"
"الدار البيضاء-سطات","برشيد","سيدي رحال الشاطئ","1269","27687","PI","أحمد جدور","36584"
"الدار البيضاء-سطات","برشيد","سيدي رحال الشاطئ","1269","20023","PI","عبد العزيز الخطفي","37758"
"الدار البيضاء-سطات","برشيد","سيدي رحال الشاطئ","1269","20033","PI","ايوب معترف","46463"
"الدار البيضاء-سطات","برشيد","سيدي رحال الشاطئ","1269","27684","PI","عبداللطيف بشري","46510"
"الدار البيضاء-سطات","برشيد","سيدي رحال الشاطئ","1269","27683","PI","مولاي المامون النعنع العلوي","36384"
"الدار البيضاء-سطات","برشيد","سيدي رحال الشاطئ","1269","27685","USFP","بوشعيب جضور","60659"
"الدار البيضاء-سطات","برشيد","سيدي عبد الخالق","1151","18212","RNI","عبداللطيف سحباني","7679"
"الدار البيضاء-سطات","برشيد","سيدي عبد الخالق","1151","18212","RNI","جميلة  سحباني ","7979"
"الدار البيضاء-سطات","برشيد","سيدي عبد الخالق","1151","18211","PI","رضوان جادي","35859"
"الدار البيضاء-سطات","برشيد","سيدي عبد الخالق","1151","18211","PI","السعدية نادير","35939"
"الدار البيضاء-سطات","برشيد","سيدي عبد الخالق","1151","18209","PI","المصطفى  كريم","34632"
"الدار البيضاء-سطات","برشيد","سيدي عبد الخالق","1151","18209","PI","رقية جاب خير","34682"
"الدار البيضاء-سطات","برشيد","سيدي عبد الخالق","1151","18213","PI","عبد الكريم هاجير","34826"
"الدار البيضاء-سطات","برشيد","سيدي عبد الخالق","1151","18213","PI","فاطنة المهاجر","34913"
"الدار البيضاء-سطات","برشيد","سيدي عبد الخالق","1151","18219","RNI","محمد مهامكة","21671"
"الدار البيضاء-سطات","برشيد","سيدي عبد الخالق","1151","18219","RNI","فاطمة مهامكة","21697"
"الدار البيضاء-سطات","برشيد","سيدي عبد الخالق","1151","18216","PI","حسن مشماش","35556"
"الدار البيضاء-سطات","برشيد","سيدي عبد الخالق","1151","18214","RNI","سعيد زهوان","9221"
"الدار البيضاء-سطات","برشيد","سيدي عبد الخالق","1151","18215","PI","المختار المصبحي","35138"
"الدار البيضاء-سطات","برشيد","سيدي عبد الخالق","1151","18218","RNI","سعيد اليزيدي","14976"
"الدار البيضاء-سطات","برشيد","سيدي عبد الخالق","1151","18210","PI","المصطفى القرش","36274"
"الدار البيضاء-سطات","برشيد","سيدي عبد الخالق","1151","18217","RNI","عبد الله اليزيدي","15050"
"الدار البيضاء-سطات","برشيد","قصبة بن مشيش","701","10963","RNI","بوشعيب بكار","3587"
"الدار البيضاء-سطات","برشيد","قصبة بن مشيش","701","10954","RNI","الحاج عابد","2071"
"الدار البيضاء-سطات","برشيد","قصبة بن مشيش","701","10955","RNI","منير لمغرف","2290"
"الدار البيضاء-سطات","برشيد","قصبة بن مشيش","701","10955","RNI","فاطمة جواد","2360"
"الدار البيضاء-سطات","برشيد","قصبة بن مشيش","701","10958","PI","مراد شلال","2858"
"الدار البيضاء-سطات","برشيد","قصبة بن مشيش","701","10958","PI","حفيظة شلال","2922"
"الدار البيضاء-سطات","برشيد","قصبة بن مشيش","701","10953","RNI","نور الدين منير","1907"
"الدار البيضاء-سطات","برشيد","قصبة بن مشيش","701","10953","RNI","كوثر احميدوش","1940"
"الدار البيضاء-سطات","برشيد","قصبة بن مشيش","701","25800","RNI","حميد قدميري","3965"
"الدار البيضاء-سطات","برشيد","قصبة بن مشيش","701","10960","USFP","حمزة  بروين","71613"
"الدار البيضاء-سطات","برشيد","قصبة بن مشيش","701","10960","USFP","سعاد برويين","71676"
"الدار البيضاء-سطات","برشيد","قصبة بن مشيش","701","10961","PI","اليماني شفيق","3375"
"الدار البيضاء-سطات","برشيد","قصبة بن مشيش","701","10956","PI","احمد رفلي","13263"
"الدار البيضاء-سطات","برشيد","قصبة بن مشيش","701","10956","PI","خديجة لعناني","13298"
"الدار البيضاء-سطات","برشيد","قصبة بن مشيش","701","10962","RNI","ادريس المتقي","3458"
"الدار البيضاء-سطات","برشيد","قصبة بن مشيش","701","10964","RNI","عبد الحق قدميري","3757"
"الدار البيضاء-سطات","برشيد","قصبة بن مشيش","701","10957","RNI","حكيم صبار","2532"
"الدار البيضاء-سطات","برشيد","قصبة بن مشيش","701","10959","USFP","عبد الله مرزوق","3274"
"الدار البيضاء-سطات","برشيد","قصبة بن مشيش","701","25801","PI","جلال البارودي","14092"
"الدار البيضاء-سطات","برشيد","قصبة بن مشيش","701","10965","PI","فؤاد الدوح","3828"
"الدار البيضاء-سطات","برشيد","لحساسنة","765","12064","PI","البهلول ربيع","13014"
"الدار البيضاء-سطات","برشيد","لحساسنة","765","12064","PI","زهرة بشارة","13110"
"الدار البيضاء-سطات","برشيد","لحساسنة","765","12057","PAM","المعاشي بندقية","41543"
"الدار البيضاء-سطات","برشيد","لحساسنة","765","12057","PAM","حليمة جرايف","41698"
"الدار البيضاء-سطات","برشيد","لحساسنة","765","12065","PI","التهامي اخميس","36369"
"الدار البيضاء-سطات","برشيد","لحساسنة","765","12065","PI","أمال العرشي","36408"
"الدار البيضاء-سطات","برشيد","لحساسنة","765","12062","RNI","محمد المالكي","17058"
"الدار البيضاء-سطات","برشيد","لحساسنة","765","12062","RNI","ربيعة رفقي","17118"
"الدار البيضاء-سطات","برشيد","لحساسنة","765","12056","PI","ابراهيم حسنة","48717"
"الدار البيضاء-سطات","برشيد","لحساسنة","765","12067","RNI","عبد الغني بنساعد","17338"
"الدار البيضاء-سطات","برشيد","لحساسنة","765","12067","RNI","نعيمة  منيار ","17419"
"الدار البيضاء-سطات","برشيد","لحساسنة","765","12060","PI","المعطي بنصابر","21430"
"الدار البيضاء-سطات","برشيد","لحساسنة","765","12066","USFP","محمد بنعلي","23022"
"الدار البيضاء-سطات","برشيد","لحساسنة","765","12061","RNI","محمد نحمد","17495"
"الدار البيضاء-سطات","برشيد","لحساسنة","765","12063","PI","الجيلالي بلدي","11951"
"الدار البيضاء-سطات","برشيد","لحساسنة","765","12059","PI","العايدي زكرياء","46530"
"الدار البيضاء-سطات","برشيد","لحساسنة","765","12058","PAM","سعيد مشكور","105665"
"الدار البيضاء-سطات","برشيد","لحساسنة","765","12055","PI","عبد الرحيم التباري","11565"
"الدار البيضاء-سطات","برشيد","لغنيميين","757","11941","RNI","المصطفى الهبطي","7834"
"الدار البيضاء-سطات","برشيد","لغنيميين","757","11941","RNI","السعدية  راكع","7916"
"الدار البيضاء-سطات","برشيد","لغنيميين","757","11932","RNI","نبيل الكزولي","79921"
"الدار البيضاء-سطات","برشيد","لغنيميين","757","11932","RNI","ابتسام السائح","79964"
"الدار البيضاء-سطات","برشيد","لغنيميين","757","11935","RNI","عمرو ساجد","2814"
"الدار البيضاء-سطات","برشيد","لغنيميين","757","11935","RNI","ليلى الحلوي","2960"
"الدار البيضاء-سطات","برشيد","لغنيميين","757","11943","PI","محمد ديان","112118"
"الدار البيضاء-سطات","برشيد","لغنيميين","757","11943","PI","فاطمة  رشيقي","112243"
"الدار البيضاء-سطات","برشيد","لغنيميين","757","11940","RNI","نورالدين فكري","12314"
"الدار البيضاء-سطات","برشيد","لغنيميين","757","11942","PAM","مصطفى سيف","81642"
"الدار البيضاء-سطات","برشيد","لغنيميين","757","11942","PAM","فتيحة سيف","81855"
"الدار البيضاء-سطات","برشيد","لغنيميين","757","11936","PI","رشيد الرملي","101923"
"الدار البيضاء-سطات","برشيد","لغنيميين","757","11923","PAM","حسن  مغفور","80136"
"الدار البيضاء-سطات","برشيد","لغنيميين","757","11921","RNI","رضوان  لعروسي ","16491"
"الدار البيضاء-سطات","برشيد","لغنيميين","757","11924","PAM","وليد محسين","114535"
"الدار البيضاء-سطات","برشيد","لغنيميين","757","11939","PI","ميلود عبد الكامل","9686"
"الدار البيضاء-سطات","برشيد","لغنيميين","757","11927","PAM","محمد رشاد","47863"
"الدار البيضاء-سطات","برشيد","لغنيميين","757","11934","PJD","بوشعيب ابو الخير","113872"
"الدار البيضاء-سطات","برشيد","لغنيميين","757","11929","PI","المختار سياسي","1686"
"الدار البيضاء-سطات","برشيد","لغنيميين","757","11926","PAM","عبدالهادي الزاكي","32157"
"الدار البيضاء-سطات","برشيد","لغنيميين","757","11931","PAM","حسن مجوان","8188"
"الدار البيضاء-سطات","برشيد","لغنيميين","757","11938","RNI","لحسن المشرفي","46876"
"الدار البيضاء-سطات","برشيد","لغنيميين","757","11933","PJD","عبد الرحيم ابوالخير","114222"
"الدار البيضاء-سطات","برشيد","لغنيميين","757","11930","PI","محمد علوان","8628"
"الدار البيضاء-سطات","برشيد","لغنيميين","757","11922","PI","نور الدين ارزينة","46763"
"الدار البيضاء-سطات","برشيد","لغنيميين","757","11925","PI","عادل دويدي","8456"
"الدار البيضاء-سطات","برشيد","لغنيميين","757","11928","PI","رشيد علوان","7559"
"الدار البيضاء-سطات","برشيد","لغنيميين","757","11937","PI","محمد اكسيكسو","32132"
"الدار البيضاء-سطات","برشيد","لمباركيين","776","12215","RNI","عبدالنبي بن سلطانة","26646"
"الدار البيضاء-سطات","برشيد","لمباركيين","776","12215","RNI","عتيقة بن سلطانة","26751"
"الدار البيضاء-سطات","برشيد","لمباركيين","776","12217","RNI","المهدي بن السالمية","51089"
"الدار البيضاء-سطات","برشيد","لمباركيين","776","12217","RNI","مارية الصياغ","51145"
"الدار البيضاء-سطات","برشيد","لمباركيين","776","12213","RNI","رضوان سلوم","24137"
"الدار البيضاء-سطات","برشيد","لمباركيين","776","12213","RNI","حنان الحيمر","24192"
"الدار البيضاء-سطات","برشيد","لمباركيين","776","12218","RNI","رشيد الحديي","17432"
"الدار البيضاء-سطات","برشيد","لمباركيين","776","12224","RNI","حسن بغداد","17369"
"الدار البيضاء-سطات","برشيد","لمباركيين","776","12214","RNI","محمد الفكاك","170"
"الدار البيضاء-سطات","برشيد","لمباركيين","776","12216","RNI","محمد ابوالصبر","22469"
"الدار البيضاء-سطات","برشيد","لمباركيين","776","12216","RNI","بوشرى بغداد","22514"
"الدار البيضاء-سطات","برشيد","لمباركيين","776","12220","RNI","حميد  مشعل","11529"
"الدار البيضاء-سطات","برشيد","لمباركيين","776","12222","RNI","عبدالالاه المنظر","17281"
"الدار البيضاء-سطات","برشيد","لمباركيين","776","12212","PAM","علي الخضراوي","32240"
"الدار البيضاء-سطات","برشيد","لمباركيين","776","12212","PAM","سناء بلوعدودي","32298"
"الدار البيضاء-سطات","برشيد","لمباركيين","776","12221","RNI","محمد خليل","22194"
"الدار البيضاء-سطات","برشيد","لمباركيين","776","12219","PI","محمد العرابي","90526"
"الدار البيضاء-سطات","برشيد","لمباركيين","776","12223","RNI","محمد المضهوس","81802"
"الدار البيضاء-سطات","بنسليمان","أحلاف","51","754","PPS","الحسين  خودالي","10517"
"الدار البيضاء-سطات","بنسليمان","أحلاف","51","754","PPS","حنان  خيار ","10532"
"الدار البيضاء-سطات","بنسليمان","أحلاف","51","746","RNI","عادل الطبطبي","156781"
"الدار البيضاء-سطات","بنسليمان","أحلاف","51","746","RNI","أسماء الشهري","156802"
"الدار البيضاء-سطات","بنسليمان","أحلاف","51","757","PPS","عادل بنمنصور","10600"
"الدار البيضاء-سطات","بنسليمان","أحلاف","51","745","PPS","عبد الحق جابر","10422"
"الدار البيضاء-سطات","بنسليمان","أحلاف","51","745","PPS","شيماء زايد","10427"
"الدار البيضاء-سطات","بنسليمان","أحلاف","51","748","PPS","سعيد  زايد","10521"
"الدار البيضاء-سطات","بنسليمان","أحلاف","51","752","PPS","صالح حلوفي","10568"
"الدار البيضاء-سطات","بنسليمان","أحلاف","51","752","PPS","ربيعة سعيدي","10573"
"الدار البيضاء-سطات","بنسليمان","أحلاف","51","750","PPS","صالح  جبوجي","10584"
"الدار البيضاء-سطات","بنسليمان","أحلاف","51","751","RNI","عمرو  عبدالفضل","136191"
"الدار البيضاء-سطات","بنسليمان","أحلاف","51","747","RNI","الغليمي  خريشفة","139574"
"الدار البيضاء-سطات","بنسليمان","أحلاف","51","756","PPS","الجيلالي ملبي","10594"
"الدار البيضاء-سطات","بنسليمان","أحلاف","51","756","PPS","هجر ملبي","10597"
"الدار البيضاء-سطات","بنسليمان","أحلاف","51","749","RNI","احمد عزيز","135720"
"الدار البيضاء-سطات","بنسليمان","أحلاف","51","753","PPS","لشهب  بوغازي","10481"
"الدار البيضاء-سطات","بنسليمان","أحلاف","51","755","PPS","يونس شديل","10588"
"الدار البيضاء-سطات","بنسليمان","أولاد علي الطوالع","980","15495","PAM","عبد الجليل طوطو","8999"
"الدار البيضاء-سطات","بنسليمان","أولاد علي الطوالع","980","15495","PAM","رجاء العليوي","9085"
"الدار البيضاء-سطات","بنسليمان","أولاد علي الطوالع","980","15493","RNI","الحسين جهري","75061"
"الدار البيضاء-سطات","بنسليمان","أولاد علي الطوالع","980","15493","RNI","سلمى بوعبيد","75133"
"الدار البيضاء-سطات","بنسليمان","أولاد علي الطوالع","980","15491","RNI","منتصر بوعبيد","112789"
"الدار البيضاء-سطات","بنسليمان","أولاد علي الطوالع","980","15491","RNI","فتيحة حموصي","112827"
"الدار البيضاء-سطات","بنسليمان","أولاد علي الطوالع","980","15498","USFP","مصطفى حمامة","29886"
"الدار البيضاء-سطات","بنسليمان","أولاد علي الطوالع","980","15498","USFP","خديجة حميس","29858"
"الدار البيضاء-سطات","بنسليمان","أولاد علي الطوالع","980","15497","USFP","سعيد النجيمي","23900"
"الدار البيضاء-سطات","بنسليمان","أولاد علي الطوالع","980","15496","PAM","سعيد جليل","64333"
"الدار البيضاء-سطات","بنسليمان","أولاد علي الطوالع","980","15496","PAM","منار طوطو","64392"
"الدار البيضاء-سطات","بنسليمان","أولاد علي الطوالع","980","15490","RNI","الجيلالي حمومي","4499"
"الدار البيضاء-سطات","بنسليمان","أولاد علي الطوالع","980","15489","PAM","عبد الرزاق العدلاني","4458"
"الدار البيضاء-سطات","بنسليمان","أولاد علي الطوالع","980","15494","USFP","يونس صبري","23937"
"الدار البيضاء-سطات","بنسليمان","أولاد علي الطوالع","980","15488","RNI","طاريق بوعبيد","75180"
"الدار البيضاء-سطات","بنسليمان","أولاد علي الطوالع","980","15492","RNI","بلال بوعبيد","91435"
"الدار البيضاء-سطات","بنسليمان","أولاد يحيى لوطا","1035","16236","RNI","الميلودي بنشلحة","10112"
"الدار البيضاء-سطات","بنسليمان","أولاد يحيى لوطا","1035","16236","RNI","غزلان يحياوي","10126"
"الدار البيضاء-سطات","بنسليمان","أولاد يحيى لوطا","1035","16232","RNI","محمد يحياوي","10166"
"الدار البيضاء-سطات","بنسليمان","أولاد يحيى لوطا","1035","16240","RNI","رشيد الوافي","10298"
"الدار البيضاء-سطات","بنسليمان","أولاد يحيى لوطا","1035","16242","USFP","محمد الحصيني","38337"
"الدار البيضاء-سطات","بنسليمان","أولاد يحيى لوطا","1035","16242","USFP","زهيرة لغلاغ","38460"
"الدار البيضاء-سطات","بنسليمان","أولاد يحيى لوطا","1035","16238","PI","عبدالهادي خليل","17902"
"الدار البيضاء-سطات","بنسليمان","أولاد يحيى لوطا","1035","16237","RNI","عبدالرحيم بلعناية","10333"
"الدار البيضاء-سطات","بنسليمان","أولاد يحيى لوطا","1035","16239","RNI","عبدالرحيم بهلول","10228"
"الدار البيضاء-سطات","بنسليمان","أولاد يحيى لوطا","1035","16239","RNI","مريم صبري","10243"
"الدار البيضاء-سطات","بنسليمان","أولاد يحيى لوطا","1035","16243","RNI","محمد شهيد","17498"
"الدار البيضاء-سطات","بنسليمان","أولاد يحيى لوطا","1035","16234","PI","العايدي البادي","17447"
"الدار البيضاء-سطات","بنسليمان","أولاد يحيى لوطا","1035","16234","PI","عائشة النجمي","17524"
"الدار البيضاء-سطات","بنسليمان","أولاد يحيى لوطا","1035","16231","RNI","عبد اللطيف القلشي","17483"
"الدار البيضاء-سطات","بنسليمان","أولاد يحيى لوطا","1035","16241","PPS","محمد المزروعي","13812"
"الدار البيضاء-سطات","بنسليمان","أولاد يحيى لوطا","1035","16241","PPS","شيماء البحايري","13867"
"الدار البيضاء-سطات","بنسليمان","أولاد يحيى لوطا","1035","16235","PI","رشيد حاضر","24029"
"الدار البيضاء-سطات","بنسليمان","أولاد يحيى لوطا","1035","16233","RNI","محمد امجاهد","10279"
"الدار البيضاء-سطات","بنسليمان","الردادنة أولاد مالك","1089","17124","RNI","حميد  المغاري","10514"
"الدار البيضاء-سطات","بنسليمان","الردادنة أولاد مالك","1089","17124","RNI","بشرى مكاوي","10520"
"الدار البيضاء-سطات","بنسليمان","الردادنة أولاد مالك","1089","17119","USFP","جمال كاني","73252"
"الدار البيضاء-سطات","بنسليمان","الردادنة أولاد مالك","1089","17119","USFP","سكينة بنجدي","73272"
"الدار البيضاء-سطات","بنسليمان","الردادنة أولاد مالك","1089","17126","USFP","سعيد فنون","37970"
"الدار البيضاء-سطات","بنسليمان","الردادنة أولاد مالك","1089","17126","USFP","نهيلة فنون","37906"
"الدار البيضاء-سطات","بنسليمان","الردادنة أولاد مالك","1089","17127","RNI","خليل بوعبيد","20004"
"الدار البيضاء-سطات","بنسليمان","الردادنة أولاد مالك","1089","17127","RNI","كوثر الهيلة","19975"
"الدار البيضاء-سطات","بنسليمان","الردادنة أولاد مالك","1089","17123","USFP","علال فكري","37544"
"الدار البيضاء-سطات","بنسليمان","الردادنة أولاد مالك","1089","17120","RNI","عزيز الحبشي","10419"
"الدار البيضاء-سطات","بنسليمان","الردادنة أولاد مالك","1089","17125","USFP","محمد طهير","37631"
"الدار البيضاء-سطات","بنسليمان","الردادنة أولاد مالك","1089","17125","USFP"," رباب  فنون","37473"
"الدار البيضاء-سطات","بنسليمان","الردادنة أولاد مالك","1089","17122","PPS","بوعزة علم","10468"
"الدار البيضاء-سطات","بنسليمان","الردادنة أولاد مالك","1089","17121","RNI","محمد البحري","10441"
"الدار البيضاء-سطات","بنسليمان","الردادنة أولاد مالك","1089","17117","USFP","محمد الادريسي","30089"
"الدار البيضاء-سطات","بنسليمان","الردادنة أولاد مالك","1089","17118","RNI","محمد الادريسي","10388"
"الدار البيضاء-سطات","بنسليمان","الزيايدة","1537","24069","USFP","سعيد العرعاري","10336"
"الدار البيضاء-سطات","بنسليمان","الزيايدة","1537","24079","PPS","عمرو   مدين","10589"
"الدار البيضاء-سطات","بنسليمان","الزيايدة","1537","24079","PPS","كوثر مدين","10607"
"الدار البيضاء-سطات","بنسليمان","الزيايدة","1537","24067","RNI","عمرو  ساجد","19355"
"الدار البيضاء-سطات","بنسليمان","الزيايدة","1537","24067","RNI","سناء ساجد","19386"
"الدار البيضاء-سطات","بنسليمان","الزيايدة","1537","24074","PPS","احمد هزيل","10504"
"الدار البيضاء-سطات","بنسليمان","الزيايدة","1537","24074","PPS","بشرى هزيل","10507"
"الدار البيضاء-سطات","بنسليمان","الزيايدة","1537","24068","PI","الميلودي  حمامي","10277"
"الدار البيضاء-سطات","بنسليمان","الزيايدة","1537","24068","PI","زينب لحمامي","10515"
"الدار البيضاء-سطات","بنسليمان","الزيايدة","1537","24075","PPS","مصطفى عرفي","10526"
"الدار البيضاء-سطات","بنسليمان","الزيايدة","1537","24078","PI","محمد البوزاعي","10581"
"الدار البيضاء-سطات","بنسليمان","الزيايدة","1537","24073","PI","بن لحسن كساب","34480"
"الدار البيضاء-سطات","بنسليمان","الزيايدة","1537","24073","PI","بوشرى بودريس","34453"
"الدار البيضاء-سطات","بنسليمان","الزيايدة","1537","24070","PPS","حاميد   موجيد","10374"
"الدار البيضاء-سطات","بنسليمان","الزيايدة","1537","24071","PPS","الشرقي  الشان","10401"
"الدار البيضاء-سطات","بنسليمان","الزيايدة","1537","24076","RNI","السباعي السميهرو","23177"
"الدار البيضاء-سطات","بنسليمان","الزيايدة","1537","24072","PPS","علال  مرجان","10434"
"الدار البيضاء-سطات","بنسليمان","الزيايدة","1537","24065","PPS","الطاهر مسرور","10087"
"الدار البيضاء-سطات","بنسليمان","الزيايدة","1537","24077","USFP","الغايب خودي","10561"
"الدار البيضاء-سطات","بنسليمان","الزيايدة","1537","24066","PI","ادريس العزوزي","89100"
"الدار البيضاء-سطات","بنسليمان","المنصورية","1578","7967","PI","رشيد غرباوي","60301"
"الدار البيضاء-سطات","بنسليمان","المنصورية","1578","7967","PI","فتيحة الهراس","60280"
"الدار البيضاء-سطات","بنسليمان","المنصورية","1578","7966","PI","بوشعيب بوقطاية","52905"
"الدار البيضاء-سطات","بنسليمان","المنصورية","1578","7961","PI","محمد مشتري","59311"
"الدار البيضاء-سطات","بنسليمان","المنصورية","1578","7971","PI","الحسين الحمزاوي","66076"
"الدار البيضاء-سطات","بنسليمان","المنصورية","1578","7971","PI","خديجة قربالي","66000"
"الدار البيضاء-سطات","بنسليمان","المنصورية","1578","7973","PI","بوشعيب الراملي","67029"
"الدار البيضاء-سطات","بنسليمان","المنصورية","1578","7973","PI","حفيظة  عميرة","61437"
"الدار البيضاء-سطات","بنسليمان","المنصورية","1578","27812","PI","امبارك عفيري","66140"
"الدار البيضاء-سطات","بنسليمان","المنصورية","1578","27814","PI","عبدالاله النفيوي","51032"
"الدار البيضاء-سطات","بنسليمان","المنصورية","1578","27814","PI","نزهة عفيري","51057"
"الدار البيضاء-سطات","بنسليمان","المنصورية","1578","7970","PI","جواد فنان","74775"
"الدار البيضاء-سطات","بنسليمان","المنصورية","1578","7969","PI","المعطي هدبي","74877"
"الدار البيضاء-سطات","بنسليمان","المنصورية","1578","7969","PI","زينب هدبي","74920"
"الدار البيضاء-سطات","بنسليمان","المنصورية","1578","7968","PI","عبدالعزيز مزيان","74826"
"الدار البيضاء-سطات","بنسليمان","المنصورية","1578","27810","PI","يونس غازي","52725"
"الدار البيضاء-سطات","بنسليمان","المنصورية","1578","27813","PI","بوشعيب افتيحي","64111"
"الدار البيضاء-سطات","بنسليمان","المنصورية","1578","7963","PI","عبد الواحد كوال","50978"
"الدار البيضاء-سطات","بنسليمان","المنصورية","1578","7962","PI","بوشعيب التوزر","59278"
"الدار البيضاء-سطات","بنسليمان","المنصورية","1578","7964","PI","احمد لسود","51186"
"الدار البيضاء-سطات","بنسليمان","المنصورية","1578","25824","PI","محمد جباري","95095"
"الدار البيضاء-سطات","بنسليمان","المنصورية","1578","7972","PI","عبد القادر طيب","52799"
"الدار البيضاء-سطات","بنسليمان","المنصورية","1578","7965","PI","محمد رتعي","92349"
"الدار البيضاء-سطات","بنسليمان","المنصورية","1578","25825","PI","المهدي زموري","58729"
"الدار البيضاء-سطات","بنسليمان","المنصورية","1578","27817","PI","عبد العالي بونصر","60331"
"الدار البيضاء-سطات","بنسليمان","المنصورية","1578","27815","PI","فيصل ابها","65956"
"الدار البيضاء-سطات","بنسليمان","المنصورية","1578","27811","PI","محمد كريم عفيري","65990"
"الدار البيضاء-سطات","بنسليمان","المنصورية","1578","27816","PI","حسن سليكي","52727"
"الدار البيضاء-سطات","بنسليمان","بئرالنصر","304","4704","PI","المصطفي المعتصم","67962"
"الدار البيضاء-سطات","بنسليمان","بئرالنصر","304","4704","PI","لالتهم الحدادي","67969"
"الدار البيضاء-سطات","بنسليمان","بئرالنصر","304","4712","RNI","بوعزة الدرويش","54849"
"الدار البيضاء-سطات","بنسليمان","بئرالنصر","304","4712","RNI","ابتسام بنكرف","54873"
"الدار البيضاء-سطات","بنسليمان","بئرالنصر","304","4708","PJD","كريم باقيلي","106679"
"الدار البيضاء-سطات","بنسليمان","بئرالنصر","304","4708","PJD","خديجة الحبلي","106630"
"الدار البيضاء-سطات","بنسليمان","بئرالنصر","304","4713","PI","احمد العالمي","27757"
"الدار البيضاء-سطات","بنسليمان","بئرالنصر","304","4705","PI","الحاج قدور العرابي","116196"
"الدار البيضاء-سطات","بنسليمان","بئرالنصر","304","4709","RNI","عبدالاله جليل","22067"
"الدار البيضاء-سطات","بنسليمان","بئرالنصر","304","4707","PAM","بن عبدالله الحرمة","4417"
"الدار البيضاء-سطات","بنسليمان","بئرالنصر","304","4710","PAM","عبدالرحيم خليل","22959"
"الدار البيضاء-سطات","بنسليمان","بئرالنصر","304","4706","USFP","الحسين الطاهري","21960"
"الدار البيضاء-سطات","بنسليمان","بئرالنصر","304","4706","USFP","البوشتاوية العسري","21990"
"الدار البيضاء-سطات","بنسليمان","بئرالنصر","304","4714","USFP","الحسن الدير","30199"
"الدار البيضاء-سطات","بنسليمان","بئرالنصر","304","4711","RNI","محمد السوسي","41908"
"الدار البيضاء-سطات","بنسليمان","بئرالنصر","304","4711","RNI","يامنة الكبيري","41954"
"الدار البيضاء-سطات","بنسليمان","بنسليمان","295","25126","PI","محمد اجديرة","2944"
"الدار البيضاء-سطات","بنسليمان","بنسليمان","295","25126","PI","مينة حلوي","4595"
"الدار البيضاء-سطات","بنسليمان","بنسليمان","295","25126","PI","حسام اجديرة","2989"
"الدار البيضاء-سطات","بنسليمان","بنسليمان","295","25126","PI","نجاة زيدان","4657"
"الدار البيضاء-سطات","بنسليمان","بنسليمان","295","25126","PI","سعيد كاملي","3177"
"الدار البيضاء-سطات","بنسليمان","بنسليمان","295","25126","USFP","كريم الزيادي","31189"
"الدار البيضاء-سطات","بنسليمان","بنسليمان","295","25126","USFP","زينب بوبوط","31276"
"الدار البيضاء-سطات","بنسليمان","بنسليمان","295","25126","USFP","عزيز قوقي","31237"
"الدار البيضاء-سطات","بنسليمان","بنسليمان","295","25126","RNI","زهير فضلي","3196"
"الدار البيضاء-سطات","بنسليمان","بنسليمان","295","25126","RNI","هند بوعمري","4217"
"الدار البيضاء-سطات","بنسليمان","بنسليمان","295","25126","RNI","عبد الرحيم بوعمري","3245"
"الدار البيضاء-سطات","بنسليمان","بنسليمان","295","25126","PPS","المهدي ابن رحو","2824"
"الدار البيضاء-سطات","بنسليمان","بنسليمان","295","25126","PPS","وفاء المواق ","3585"
"الدار البيضاء-سطات","بنسليمان","بنسليمان","295","25126","PPS","عزيز سروتي","2941"
"الدار البيضاء-سطات","بنسليمان","بنسليمان","295","25126","PDI","محمد حمدي","63491"
"الدار البيضاء-سطات","بنسليمان","بنسليمان","295","25126","PDI","زهرة بيرتيك","63471"
"الدار البيضاء-سطات","بنسليمان","بنسليمان","295","25126","PND","حسن عابدي","71524"
"الدار البيضاء-سطات","بنسليمان","بنسليمان","295","25126","PND","هند مقدم","71552"
"الدار البيضاء-سطات","بنسليمان","بنسليمان","295","25126","PAM","محمد بنشتوكية","14005"
"الدار البيضاء-سطات","بنسليمان","بنسليمان","295","25126","PAM","احلام العماري","14508"
"الدار البيضاء-سطات","بنسليمان","بنسليمان","295","25126","PA","الكبير البرقي","44406"
"الدار البيضاء-سطات","بنسليمان","بنسليمان","295","25126","PA","لطيفة بوطالب جوطي","44717"
"الدار البيضاء-سطات","بنسليمان","بنسليمان","295","25126","PLJS","حفيظ حليوات","31195"
"الدار البيضاء-سطات","بنسليمان","بنسليمان","295","25126","PLJS","سميرة البعيلكي","31404"
"الدار البيضاء-سطات","بنسليمان","بنسليمان","295","25126","MDS","يوسف قدادري","67647"
"الدار البيضاء-سطات","بنسليمان","بنسليمان","295","25126","MDS","عائشة سميح","67651"
"الدار البيضاء-سطات","بنسليمان","بنسليمان","295","25126","UC","رشيد اجويبر","81764"
"الدار البيضاء-سطات","بنسليمان","بنسليمان","295","25126","FFD","محمد بلهلالى","53411"
"الدار البيضاء-سطات","بنسليمان","بنسليمان","295","25126","PJD","لحسن كريم","122623"
"الدار البيضاء-سطات","بنسليمان","بنسليمان","295","25126","UMD","هشام النجدي","93628"
"الدار البيضاء-سطات","بنسليمان","بنسليمان","295","25126","PVM","ابراهيم ممدوح","44280"
"الدار البيضاء-سطات","بنسليمان","بوزنيقة","423","28141","PI","المكي المحجوبي","91644"
"الدار البيضاء-سطات","بنسليمان","بوزنيقة","423","28141","PI","حبيبة التايب","91789"
"الدار البيضاء-سطات","بنسليمان","بوزنيقة","423","28154","PI","مصطفى الزهراوي","47827"
"الدار البيضاء-سطات","بنسليمان","بوزنيقة","423","28150","PI","العربي الطالعي","9949"
"الدار البيضاء-سطات","بنسليمان","بوزنيقة","423","28150","PI","عائشة  الدغمي","9970"
"الدار البيضاء-سطات","بنسليمان","بوزنيقة","423","28148","PI","محمد كريمن","81745"
"الدار البيضاء-سطات","بنسليمان","بوزنيقة","423","28132","PI","عبد السلام الصحراوي","36946"
"الدار البيضاء-سطات","بنسليمان","بوزنيقة","423","28132","PI","ربيعة شيكي","36891"
"الدار البيضاء-سطات","بنسليمان","بوزنيقة","423","28139","PPS","طارق  السعدي ","9715"
"الدار البيضاء-سطات","بنسليمان","بوزنيقة","423","28136","PPS","محمد باية","35208"
"الدار البيضاء-سطات","بنسليمان","بوزنيقة","423","28136","PPS","هند النعيمي","35309"
"الدار البيضاء-سطات","بنسليمان","بوزنيقة","423","28138","PPS","سعيد فراج","9886"
"الدار البيضاء-سطات","بنسليمان","بوزنيقة","423","28138","PPS","حنان الخاضيري","13792"
"الدار البيضاء-سطات","بنسليمان","بوزنيقة","423","28137","PI","رضوان يمو","30880"
"الدار البيضاء-سطات","بنسليمان","بوزنيقة","423","28133","PI","نورالدين النمر","91919"
"الدار البيضاء-سطات","بنسليمان","بوزنيقة","423","28152","PI","محمد الوردي","92603"
"الدار البيضاء-سطات","بنسليمان","بوزنيقة","423","28156","PI","طارق الخياري","30937"
"الدار البيضاء-سطات","بنسليمان","بوزنيقة","423","28151","PI","عبد الحميد المحجوبي","139474"
"الدار البيضاء-سطات","بنسليمان","بوزنيقة","423","28146","PI","بوشتى الخياري","30921"
"الدار البيضاء-سطات","بنسليمان","بوزنيقة","423","28135","PPS","عبد العلي نيتلحسن","32398"
"الدار البيضاء-سطات","بنسليمان","بوزنيقة","423","28143","PI","محمد ناهض","92760"
"الدار البيضاء-سطات","بنسليمان","بوزنيقة","423","28140","PI","محمد حنيني","20270"
"الدار البيضاء-سطات","بنسليمان","بوزنيقة","423","28149","PI","محمد الريحاني","20210"
"الدار البيضاء-سطات","بنسليمان","بوزنيقة","423","28134","PI","بوشعيب حميد","138260"
"الدار البيضاء-سطات","بنسليمان","بوزنيقة","423","28155","PJD","رشيد الزوبير","137505"
"الدار البيضاء-سطات","بنسليمان","بوزنيقة","423","28147","PI","عمر حلوة","81451"
"الدار البيضاء-سطات","بنسليمان","بوزنيقة","423","28144","PI","علي العتاق","91070"
"الدار البيضاء-سطات","بنسليمان","بوزنيقة","423","28142","PI","عبدالعالي بوعموت","95994"
"الدار البيضاء-سطات","بنسليمان","بوزنيقة","423","28153","PI","محمد فلاح","92282"
"الدار البيضاء-سطات","بنسليمان","بوزنيقة","423","28145","PAM","مراد خلفي","51216"
"الدار البيضاء-سطات","بنسليمان","سيدي بطاش","1189","18824","RNI","ميلود الدخيلي","6507"
"الدار البيضاء-سطات","بنسليمان","سيدي بطاش","1189","18824","RNI","حنان السعداني","6550"
"الدار البيضاء-سطات","بنسليمان","سيدي بطاش","1189","18825","RNI","حسن الفنان","18287"
"الدار البيضاء-سطات","بنسليمان","سيدي بطاش","1189","18825","RNI","زهرة الفنان ","18286"
"الدار البيضاء-سطات","بنسليمان","سيدي بطاش","1189","18823","RNI","عمار راضي","24538"
"الدار البيضاء-سطات","بنسليمان","سيدي بطاش","1189","18823","RNI","الغالية جلول","24560"
"الدار البيضاء-سطات","بنسليمان","سيدي بطاش","1189","18822","RNI","امين الحرمة","62998"
"الدار البيضاء-سطات","بنسليمان","سيدي بطاش","1189","18822","RNI","فتيحة الخياطي","63016"
"الدار البيضاء-سطات","بنسليمان","سيدي بطاش","1189","18821","RNI","عمرو لكداني","12986"
"الدار البيضاء-سطات","بنسليمان","سيدي بطاش","1189","18821","RNI","نورة العمراني","13010"
"الدار البيضاء-سطات","بنسليمان","سيدي بطاش","1189","18829","RNI","نورالدين اكريران","17640"
"الدار البيضاء-سطات","بنسليمان","سيدي بطاش","1189","18828","PPS","محمد شعيرات","33721"
"الدار البيضاء-سطات","بنسليمان","سيدي بطاش","1189","18831","UC","سعيد توفيق","138358"
"الدار البيضاء-سطات","بنسليمان","سيدي بطاش","1189","18827","PPS","المباركي حمداوي","51264"
"الدار البيضاء-سطات","بنسليمان","سيدي بطاش","1189","18826","RNI","عبدالقادر الصوالح","51451"
"الدار البيضاء-سطات","بنسليمان","سيدي بطاش","1189","18830","PDN","محمد البينون","4406"
"الدار البيضاء-سطات","بنسليمان","شراط","435","6738","PPS","سعيد الزيدي","10132"
"الدار البيضاء-سطات","بنسليمان","شراط","435","6738","PPS","حنان الشهيبي","10142"
"الدار البيضاء-سطات","بنسليمان","شراط","435","6744","PPS","بوشعيب بالكناوي","10192"
"الدار البيضاء-سطات","بنسليمان","شراط","435","6741","PPS","الكبير جلال","10179"
"الدار البيضاء-سطات","بنسليمان","شراط","435","6741","PPS","عائشة الحلوي","23690"
"الدار البيضاء-سطات","بنسليمان","شراط","435","6737","PPS","يحيى البحري","10082"
"الدار البيضاء-سطات","بنسليمان","شراط","435","6737","PPS","فاطمة الحسوني","10090"
"الدار البيضاء-سطات","بنسليمان","شراط","435","6740","PPS","المصطفى الزيدي","10167"
"الدار البيضاء-سطات","بنسليمان","شراط","435","6739","PPS","الحسين لكزولي","10152"
"الدار البيضاء-سطات","بنسليمان","شراط","435","6745","PPS","ادريس المجدوبي","12941"
"الدار البيضاء-سطات","بنسليمان","شراط","435","6745","PPS","بشرى العسراوي","12905"
"الدار البيضاء-سطات","بنسليمان","شراط","435","6743","PI","ابراهيم بلغازي","23631"
"الدار البيضاء-سطات","بنسليمان","شراط","435","6743","PI","فاطمة صادق","23606"
"الدار البيضاء-سطات","بنسليمان","شراط","435","6748","PPS","العربي الدغمي","10240"
"الدار البيضاء-سطات","بنسليمان","شراط","435","6749","PPS","عبد الله مجمع ","10256"
"الدار البيضاء-سطات","بنسليمان","شراط","435","6742","PPS","عبد الله الشاكري","14026"
"الدار البيضاء-سطات","بنسليمان","شراط","435","6746","PPS","محمد بندعيجو","10204"
"الدار البيضاء-سطات","بنسليمان","شراط","435","6747","PPS","المفضل العمري","10230"
"الدار البيضاء-سطات","بنسليمان","عين تيزغة","87","1328","USFP","عادل الناصري","10322"
"الدار البيضاء-سطات","بنسليمان","عين تيزغة","87","1328","USFP","فاطمة براشد","10335"
"الدار البيضاء-سطات","بنسليمان","عين تيزغة","87","1327","RNI","محمد  موساوي","10300"
"الدار البيضاء-سطات","بنسليمان","عين تيزغة","87","1327","RNI","السعدية  الحر","10313"
"الدار البيضاء-سطات","بنسليمان","عين تيزغة","87","27405","USFP","الميلودي البوزيري","19412"
"الدار البيضاء-سطات","بنسليمان","عين تيزغة","87","27404","USFP","رضوان مصري","10139"
"الدار البيضاء-سطات","بنسليمان","عين تيزغة","87","27405","USFP","فاطنة خليلي","19432"
"الدار البيضاء-سطات","بنسليمان","عين تيزغة","87","1320","USFP","المهدي الكاف","28977"
"الدار البيضاء-سطات","بنسليمان","عين تيزغة","87","1326","USFP","محمد  العطواني","10379"
"الدار البيضاء-سطات","بنسليمان","عين تيزغة","87","1326","USFP","سكينة قرواش","10385"
"الدار البيضاء-سطات","بنسليمان","عين تيزغة","87","25821","USFP","عبد الرحمان صدقي","19546"
"الدار البيضاء-سطات","بنسليمان","عين تيزغة","87","25821","USFP","سميرة المواق","19284"
"الدار البيضاء-سطات","بنسليمان","عين تيزغة","87","27406","PI","الميلودي بيا","113633"
"الدار البيضاء-سطات","بنسليمان","عين تيزغة","87","27403","PI","العربي اجلابن","19364"
"الدار البيضاء-سطات","بنسليمان","عين تيزغة","87","27401","USFP","الحسن عناك","19311"
"الدار البيضاء-سطات","بنسليمان","عين تيزغة","87","25820","PI","حفيظ البودي","44900"
"الدار البيضاء-سطات","بنسليمان","عين تيزغة","87","27402","PPS","عبدالنبي الشتيوي","10184"
"الدار البيضاء-سطات","بنسليمان","عين تيزغة","87","1329","PPS","عبد الاله المتقي","10370"
"الدار البيضاء-سطات","بنسليمان","عين تيزغة","87","1323","USFP","محمد النكاط","19384"
"الدار البيضاء-سطات","بنسليمان","عين تيزغة","87","27407","USFP","المصطفى رشيدي","27116"
"الدار البيضاء-سطات","بنسليمان","عين تيزغة","87","27400","PI","محمد الشتيوي","23140"
"الدار البيضاء-سطات","بنسليمان","عين تيزغة","87","1325","USFP","رضوان البهجي","10397"
"الدار البيضاء-سطات","بنسليمان","عين تيزغة","87","1321","PPS","الحسن بودمة","10443"
"الدار البيضاء-سطات","بنسليمان","عين تيزغة","87","1319","RNI","العربي الشاوي","10474"
"الدار البيضاء-سطات","بنسليمان","عين تيزغة","87","1322","PPS","الخياطي لوراوي","40700"
"الدار البيضاء-سطات","بنسليمان","عين تيزغة","87","27409","PPS","عبد الله الليموني","22799"
"الدار البيضاء-سطات","بنسليمان","عين تيزغة","87","1324","PPS","محمد امريبح","10415"
"الدار البيضاء-سطات","بنسليمان","عين تيزغة","87","27408","PI","عمرو  سلاهمي","19455"
"الدار البيضاء-سطات","بنسليمان","فضالات","537","8445","PPS","الخياطي بابا","10297"
"الدار البيضاء-سطات","بنسليمان","فضالات","537","8445","PPS","نعيمة نفيع","10304"
"الدار البيضاء-سطات","بنسليمان","فضالات","537","8453","PPS","مصطفى ملوكي","10382"
"الدار البيضاء-سطات","بنسليمان","فضالات","537","8450","RNI","محمد صدقي","10383"
"الدار البيضاء-سطات","بنسليمان","فضالات","537","8448","RNI","محمد العزوزي","13810"
"الدار البيضاء-سطات","بنسليمان","فضالات","537","8448","RNI","الكبيرة الوركي","13835"
"الدار البيضاء-سطات","بنسليمان","فضالات","537","8443","PPS","محمد الحراثي","10129"
"الدار البيضاء-سطات","بنسليمان","فضالات","537","8443","PPS","فاطمة الزهراء لكرد","10141"
"الدار البيضاء-سطات","بنسليمان","فضالات","537","8446","RNI","عبد الفتاح زردي","26896"
"الدار البيضاء-سطات","بنسليمان","فضالات","537","8446","RNI","نزهة الوافي","26927"
"الدار البيضاء-سطات","بنسليمان","فضالات","537","8444","PPS","سعيد الطاهري","13682"
"الدار البيضاء-سطات","بنسليمان","فضالات","537","8444","PPS","فاطمة لعماوي","13728"
"الدار البيضاء-سطات","بنسليمان","فضالات","537","8455","PPS","سليمان فلاح","95845"
"الدار البيضاء-سطات","بنسليمان","فضالات","537","8449","RNI","بدر مغراوي","10375"
"الدار البيضاء-سطات","بنسليمان","فضالات","537","8447","PPS","خالد الرحالي السملالي","10328"
"الدار البيضاء-سطات","بنسليمان","فضالات","537","8452","RNI","الخياطي حبيبي","13760"
"الدار البيضاء-سطات","بنسليمان","فضالات","537","8454","RNI","بوشعيب الو��دي","10429"
"الدار البيضاء-سطات","بنسليمان","فضالات","537","8451","RNI","الطيبي بنمنصر","95800"
"الدار البيضاء-سطات","بنسليمان","مليلة","864","27583","PI","ياسين طريقي","91174"
"الدار البيضاء-سطات","بنسليمان","مليلة","864","27583","PI","بوشرى الخبيري","91206"
"الدار البيضاء-سطات","بنسليمان","مليلة","864","27581","PI","حمزة بن زريع","73314"
"الدار البيضاء-سطات","بنسليمان","مليلة","864","13643","PI","رضوان  ويدان ","73414"
"الدار البيضاء-سطات","بنسليمان","مليلة","864","13640","PI","زوهير الصافي","91083"
"الدار البيضاء-سطات","بنسليمان","مليلة","864","13640","PI","فاطمة الحمراوي","91152"
"الدار البيضاء-سطات","بنسليمان","مليلة","864","13644","PI","الحسن السالك","73432"
"الدار البيضاء-سطات","بنسليمان","مليلة","864","27580","PI","سعيد جوهري","73511"
"الدار البيضاء-سطات","بنسليمان","مليلة","864","13641","PI","شفيق الفاتحي","73369"
"الدار البيضاء-سطات","بنسليمان","مليلة","864","13638","PI","محمد لطفي","73337"
"الدار البيضاء-سطات","بنسليمان","مليلة","864","13646","PI","عبدالنبي  فائد","91293"
"الدار البيضاء-سطات","بنسليمان","مليلة","864","13646","PI","سميرة مساعد","91325"
"الدار البيضاء-سطات","بنسليمان","مليلة","864","13639","PAM","محمد لسباطي","8662"
"الدار البيضاء-سطات","بنسليمان","مليلة","864","27578","PI","نور الدين مبروك","90464"
"الدار البيضاء-سطات","بنسليمان","مليلة","864","27578","PI","الهام مبروك","90820"
"الدار البيضاء-سطات","بنسليمان","مليلة","864","13647","PI","رشيد صابر","73451"
"الدار البيضاء-سطات","بنسليمان","مليلة","864","13637","PI","ربيع لكنادي","73494"
"الدار البيضاء-سطات","بنسليمان","مليلة","864","13634","PAM","بوشعيب  العالمي","28267"
"الدار البيضاء-سطات","بنسليمان","مليلة","864","13645","PI","رشيد المراكي","89268"
"الدار البيضاء-سطات","بنسليمان","مليلة","864","13645","PI","ايمان المعاشي","90937"
"الدار البيضاء-سطات","بنسليمان","مليلة","864","27585","PAM","حسن المعاشي","29821"
"الدار البيضاء-سطات","بنسليمان","مليلة","864","13648","PAM","يوسف متوكل","4520"
"الدار البيضاء-سطات","بنسليمان","مليلة","864","27584","PI","سفيان غرباوي","73524"
"الدار البيضاء-سطات","بنسليمان","مليلة","864","13635","RNI","حسن مناني","64048"
"الدار البيضاء-سطات","بنسليمان","مليلة","864","27579","PI","محمد مبروك","73493"
"الدار البيضاء-سطات","بنسليمان","مليلة","864","13636","PAM","محمد ناجم","8624"
"الدار البيضاء-سطات","بنسليمان","مليلة","864","27582","PI","عبدالغاني  لوريدي ","74092"
"الدار البيضاء-سطات","بنسليمان","مليلة","864","13642","PAM","نوفل مباركي","4688"
"الدار البيضاء-سطات","بنسليمان","موالين الواد","894","14162","RNI","عبد الحق البراد","10270"
"الدار البيضاء-سطات","بنسليمان","موالين الواد","894","14155","RNI","عبد الكريم بنلخدير","95440"
"الدار البيضاء-سطات","بنسليمان","موالين الواد","894","14155","RNI","فدوى قدوري","95501"
"الدار البيضاء-سطات","بنسليمان","موالين الواد","894","14154","RNI","عبد الحق الفناني","58689"
"الدار البيضاء-سطات","بنسليمان","موالين الواد","894","14154","RNI","خديجة رافعي","58722"
"الدار البيضاء-سطات","بنسليمان","موالين الواد","894","14153","RNI","محمد فارح","17578"
"الدار البيضاء-سطات","بنسليمان","موالين الواد","894","14153","RNI","فوزية انواوري","17604"
"الدار البيضاء-سطات","بنسليمان","موالين الواد","894","14160","RNI","ياسين عوكاشا","120680"
"الدار البيضاء-سطات","بنسليمان","موالين الواد","894","14152","RNI","احمد عبيد","113601"
"الدار البيضاء-سطات","بنسليمان","موالين الواد","894","14152","RNI","حنان قدميري","113655"
"الدار البيضاء-سطات","بنسليمان","موالين الواد","894","14156","RNI","عزيز الخدير","17739"
"الدار البيضاء-سطات","بنسليمان","موالين الواد","894","14161","RNI","عبد الاله رياض","113732"
"الدار البيضاء-سطات","بنسليمان","موالين الواد","894","14158","RNI","الكبير الاسد","10110"
"الدار البيضاء-سطات","بنسليمان","موالين الواد","894","14158","RNI","نورا العليوي","10318"
"الدار البيضاء-سطات","بنسليمان","موالين الواد","894","14151","RNI","رشيد  عبيد ","10571"
"الدار البيضاء-سطات","بنسليمان","موالين الواد","894","14157","RNI","موراد مول الخيل","13729"
"الدار البيضاء-سطات","بنسليمان","موالين الواد","894","14150","RNI","عبد الحق القا سمي","10244"
"الدار البيضاء-سطات","بنسليمان","موالين الواد","894","14159","PAM","بوشعيب زكري","23397"
"الدار البيضاء-سطات","سطات","أولاد افريحة","1004","15790","PI","عبد الحق فهيم","49046"
"الدار البيضاء-سطات","سطات","أولاد افريحة","1004","15789","PI","حميد جابر","76309"
"الدار البيضاء-سطات","سطات","أولاد افريحة","1004","15789","PI","مريم سلمان","76391"
"الدار البيضاء-سطات","سطات","أولاد افريحة","1004","15787","PI","محمد التمراني","62047"
"الدار البيضاء-سطات","سطات","أولاد افريحة","1004","15781","PI","محمد العيسي","48372"
"الدار البيضاء-سطات","سطات","أولاد افريحة","1004","15781","PI","زينب القاسمي","48443"
"الدار البيضاء-سطات","سطات","أولاد افريحة","1004","15783","PI","عباس بوحافة","62224"
"الدار البيضاء-سطات","سطات","أولاد افريحة","1004","15783","PI","نادية العكاري","63042"
"الدار البيضاء-سطات","سطات","أولاد افريحة","1004","15785","PI","ابراهيم توفيق","73397"
"الدار البيضاء-سطات","سطات","أولاد افريحة","1004","15780","UC","بوشعيب العظيمي","38060"
"الدار البيضاء-سطات","سطات","أولاد افريحة","1004","15792","PI","المصطفى الطغرائي","49236"
"الدار البيضاء-سطات","سطات","أولاد افريحة","1004","15782","UC","عبد الهادي البكار","39127"
"الدار البيضاء-سطات","سطات","أولاد افريحة","1004","15788","PI","الزيتوني فقير","63314"
"الدار البيضاء-سطات","سطات","أولاد افريحة","1004","15788","PI","السعدية الزاهي","63417"
"الدار البيضاء-سطات","سطات","أولاد افريحة","1004","15791","PI","عمر النعيمي","35179"
"الدار البيضاء-سطات","سطات","أولاد افريحة","1004","15784","UC","عبد العالي بيروك","40466"
"الدار البيضاء-سطات","سطات","أولاد افريحة","1004","15786","RNI","الميلودي السعد��ني","88684"
"الدار البيضاء-سطات","سطات","أولاد افريحة","1004","15786","RNI","خديجة السعداني","88850"
"الدار البيضاء-سطات","سطات","أولاد الصغير","1028","16123","PI","أحمد الناجي","15769"
"الدار البيضاء-سطات","سطات","أولاد الصغير","1028","16123","PI","نجاة الناجي","15853"
"الدار البيضاء-سطات","سطات","أولاد الصغير","1028","16126","PI","حسن  بنرحو","154"
"الدار البيضاء-سطات","سطات","أولاد الصغير","1028","16126","PI","نزهة بنعزوز","194"
"الدار البيضاء-سطات","سطات","أولاد الصغير","1028","25804","PAM","محمد زهير","4148"
"الدار البيضاء-سطات","سطات","أولاد الصغير","1028","25804","PAM","فاطنة خليص","4199"
"الدار البيضاء-سطات","سطات","أولاد الصغير","1028","16121","PAM","ادريس سعودي","90738"
"الدار البيضاء-سطات","سطات","أولاد الصغير","1028","25805","RNI","محمد قسمان","1843"
"الدار البيضاء-سطات","سطات","أولاد الصغير","1028","16122","RNI","عبدالاله المزهري","13226"
"الدار البيضاء-سطات","سطات","أولاد الصغير","1028","16120","PI","حسن العماري","2645"
"الدار البيضاء-سطات","سطات","أولاد الصغير","1028","16120","PI","سمية وليد","2958"
"الدار البيضاء-سطات","سطات","أولاد الصغير","1028","16124","MP","وديع المهتدي","92516"
"الدار البيضاء-سطات","سطات","أولاد الصغير","1028","16124","MP","ربيعة المهتدي","92650"
"الدار البيضاء-سطات","سطات","أولاد الصغير","1028","16130","MP","عبدالهادي بودلال","89886"
"الدار البيضاء-سطات","سطات","أولاد الصغير","1028","16125","PAM","عبد الحق ابو المير","1250"
"الدار البيضاء-سطات","سطات","أولاد الصغير","1028","25806","RNI","عبد الرحيم رافع","2569"
"الدار البيضاء-سطات","سطات","أولاد الصغير","1028","16129","MP","المصطفى حصايري","4021"
"الدار البيضاء-سطات","سطات","أولاد الصغير","1028","16127","PI","المصطفى مفتاح","1707"
"الدار البيضاء-سطات","سطات","أولاد الصغير","1028","16128","RNI","انس سيوط","672"
"الدار البيضاء-سطات","سطات","أولاد الصغير","1028","25807","RNI","الكبير رواني ","14402"
"الدار البيضاء-سطات","سطات","أولاد امحمد","1051","16515","RNI","عبدالعالي سياف","43613"
"الدار البيضاء-سطات","سطات","أولاد امحمد","1051","16515","RNI","رجاء رحمان","43701"
"الدار البيضاء-سطات","سطات","أولاد امحمد","1051","16524","PSU","الصديق لخضر","39858"
"الدار البيضاء-سطات","سطات","أولاد امحمد","1051","16517","USFP","عبد الله سربوت","38443"
"الدار البيضاء-سطات","سطات","أولاد امحمد","1051","16513","PAM","محمد        زهير ","27079"
"الدار البيضاء-سطات","سطات","أولاد امحمد","1051","16513","PAM","سومية عتوي","27193"
"الدار البيضاء-سطات","سطات","أولاد امحمد","1051","16518","PAM","سعيد رملي","40721"
"الدار البيضاء-سطات","سطات","أولاد امحمد","1051","16518","PAM","فاطمة الزهرة رملي ","40935"
"الدار البيضاء-سطات","سطات","أولاد امحمد","1051","16516","RNI","الميلودي فائز","27846"
"الدار البيضاء-سطات","سطات","أولاد امحمد","1051","16516","RNI","نعيمة حمداوي","28016"
"الدار البيضاء-سطات","سطات","أولاد امحمد","1051","16522","RNI","نور الدين الوردي","6345"
"الدار البيضاء-سطات","سطات","أولاد امحمد","1051","16523","RNI","عبدالمجيد مغني","27395"
"الدار البيضاء-سطات","سطات","أولاد امحمد","1051","16521","RNI","صالح جلان","6465"
"الدار البيضاء-سطات","سطات","أولاد امحمد","1051","16525","PAM","المعطي الشعيبي","54166"
"الدار البيضاء-سطات","سطات","أولاد امحمد","1051","16519","RNI","محمد باحمي","41966"
"الدار البيضاء-سطات","سطات","أولاد امحمد","1051","16519","RNI","فاطمة الزهراء حطبي ","42125"
"الدار البيضاء-سطات","سطات","أولاد امحمد","1051","16520","PI","محمد فريد","14831"
"الدار البيضاء-سطات","سطات","أولاد امحمد","1051","16514","RNI","ادريس بوهلال","6609"
"الدار البيضاء-سطات","سطات","أولاد بوعلي النواجة","989","15606","UC","محمد اجديرة","12076"
"الدار البيضاء-سطات","سطات","أولاد بوعلي النواجة","989","15606","UC","هدى  صابر ","12158"
"الدار البيضاء-سطات","سطات","أولاد بوعلي النواجة","989","15602","PI","الكبير عتيق","22816"
"الدار البيضاء-سطات","سطات","أولاد بوعلي النواجة","989","15602","PI","سارة ابو الخير","22879"
"الدار البيضاء-سطات","سطات","أولاد بوعلي النواجة","989","15605","PI","صالح الغرافي","3769"
"الدار البيضاء-سطات","سطات","أولاد بوعلي النواجة","989","15605","PI","فاطمة لميتي","4081"
"الدار البيضاء-سطات","سطات","أولاد بوعلي النواجة","989","15604","PI","عبدالاله ابو الخير","1980"
"الدار البيضاء-سطات","سطات","أولاد بوعلي النواجة","989","15598","PI","عبد الحق المكاوي","85317"
"الدار البيضاء-سطات","سطات","أولاد بوعلي النواجة","989","15598","PI","خديجة البودالي","85488"
"الدار البيضاء-سطات","سطات","أولاد بوعلي النواجة","989","15601","PI","رحال نصر الله","1870"
"الدار البيضاء-سطات","سطات","أولاد بوعلي النواجة","989","15603","UC","حسن لحرش","13449"
"الدار البيضاء-سطات","سطات","أولاد بوعلي النواجة","989","15607","RNI","يونس عفيف","34888"
"الدار البيضاء-سطات","سطات","أولاد بوعلي النواجة","989","15607","RNI","فاتحة كاسم","35095"
"الدار البيضاء-سطات","سطات","أولاد بوعلي النواجة","989","15600","UC","عبدالحق شراف","14749"
"الدار البيضاء-سطات","سطات","أولاد بوعلي النواجة","989","15597","RNI","الحسن جيد","34182"
"الدار البيضاء-سطات","سطات","أولاد بوعلي النواجة","989","15599","UC","بنداود الكدري","14906"
"الدار البيضاء-سطات","سطات","أولاد سعيد","1023","16046","UC","المصطفى عفيف","14147"
"الدار البيضاء-سطات","سطات","أولاد سعيد","1023","16046","UC","تورية عفيف","14215"
"الدار البيضاء-سطات","سطات","أولاد سعيد","1023","16038","PI","عبدالسلام عبدوه","83669"
"الدار البيضاء-سطات","سطات","أولاد سعيد","1023","16038","PI","زهراء قاضي","83791"
"الدار البيضاء-سطات","سطات","أولاد سعيد","1023","16045","PAM","عبد الاله حبيب","21482"
"الدار البيضاء-سطات","سطات","أولاد سعيد","1023","16045","PAM","غيتة  الوردي","21502"
"الدار البيضاء-سطات","سطات","أولاد سعيد","1023","16039","PI","عبد الإله الحبيب","25090"
"الدار البيضاء-سطات","سطات","أولاد سعيد","1023","16040","PI","محمد حسني","32599"
"الدار البيضاء-سطات","سطات","أولاد سعيد","1023","16040","PI","يامنة جبري","32628"
"الدار البيضاء-سطات","سطات","أولاد سعيد","1023","16036","PAM","علي الذاكري","50404"
"الدار البيضاء-سطات","سطات","أولاد سعيد","1023","16036","PAM","سعاد الركيبي","50616"
"الدار البيضاء-سطات","سطات","أولاد سعيد","1023","16047","PAM","امحمد صابري","135153"
"الدار البيضاء-سطات","سطات","أولاد سعيد","1023","16042","PAM","عبد الكريم نور الهادي","2076"
"الدار البيضاء-سطات","سطات","أولاد سعيد","1023","16035","PAM","عيماد ناجيمي","83539"
"الدار البيضاء-سطات","سطات","أولاد سعيد","1023","16037","UC","محمد العرش ","131775"
"الدار البيضاء-سطات","سطات","أولاد سعيد","1023","16044","PJD","الحسن قاضي","22817"
"الدار البيضاء-سطات","سطات","أولاد سعيد","1023","16043","UC","هشام الصراخ","2283"
"الدار البيضاء-سطات","سطات","أولاد سعيد","1023","16041","UC","يونس صبري","82884"
"الدار البيضاء-سطات","سطات","أولاد شبانة","994","15669","PAM","احمد بنصيام","60223"
"الدار البيضاء-سطات","سطات","أولاد شبانة","994","15669","PAM","ربيعة الديناري","60242"
"الدار البيضاء-سطات","سطات","أولاد شبانة","994","25803","PAM","محمد فنيدي","35536"
"الدار البيضاء-سطات","سطات","أولاد شبانة","994","25803","PAM","السعدية الراتع","35646"
"الدار البيضاء-سطات","سطات","أولاد شبانة","994","15668","PAM","احمد اخرشاف","589"
"الدار البيضاء-سطات","سطات","أولاد شبانة","994","15668","PAM","فريدة اللوحي","545"
"الدار البيضاء-سطات","سطات","أولاد شبانة","994","15663","PAM","بوعزة صاليح","74490"
"الدار البيضاء-سطات","سطات","أولاد شبانة","994","15663","PAM","فتيحة فيوز","74546"
"الدار البيضاء-سطات","سطات","أولاد شبانة","994","15664","PAM","محمد نوراوي","17260"
"الدار البيضاء-سطات","سطات","أولاد شبانة","994","15664","PAM","حسناء الأمدي","17340"
"الدار البيضاء-سطات","سطات","أولاد شبانة","994","15662","PAM","محمد تباع","843"
"الدار البيضاء-سطات","سطات","أولاد شبانة","994","15660","USFP","عز الدين بادي","86448"
"الدار البيضاء-سطات","سطات","أولاد شبانة","994","15666","PAM","امحمد العبادي","353"
"الدار البيضاء-سطات","سطات","أولاد شبانة","994","15670","PAM","مصطفى مكناني","40"
"الدار البيضاء-سطات","سطات","أولاد شبانة","994","15665","PAM","رشيد الزهري","34725"
"الدار البيضاء-سطات","سطات","أولاد شبانة","994","25802","PAM","خالد ولد اسعيدة","103"
"الدار البيضاء-سطات","سطات","أولاد شبانة","994","15667","PAM","محمد خشاب","398"
"الدار البيضاء-سطات","سطات","أولاد شبانة","994","15661","PAM","عبد الرحيم الصومعي","32196"
"الدار البيضاء-سطات","سطات","أولاد عامر","982","15515","UC","الزيتوني شقرون","64684"
"الدار البيضاء-سطات","سطات","أولاد عامر","982","15515","UC","فاطمة البوطي","64761"
"الدار البيضاء-سطات","سطات","أولاد عامر","982","15519","UC","رحال عتيق","64412"
"الدار البيضاء-سطات","سطات","أولاد عامر","982","15519","UC","الكبيرة الهاشمي","64509"
"الدار البيضاء-سطات","سطات","أولاد عامر","982","15520","UC","حميد جامع","63965"
"الدار البيضاء-سطات","سطات","أولاد عامر","982","15520","UC","سهام ملزم","64098"
"الدار البيضاء-سطات","سطات","أولاد عامر","982","15514","UC","محمد حسان","161969"
"الدار البيضاء-سطات","سطات","أولاد عامر","982","15514","UC","نورة السلامي","161970"
"الدار البيضاء-سطات","سطات","أولاد عامر","982","15512","UC","محمد فرساوي","65706"
"الدار البيضاء-سطات","سطات","أولاد عامر","982","15518","MP","عبد الغاني فالح","113347"
"الدار البيضاء-سطات","سطات","أولاد عامر","982","15522","UC","عبد الحق بلعساوي","63240"
"الدار البيضاء-سطات","سطات","أولاد عامر","982","15517","MP","سعيد العوادي","130852"
"الدار البيضاء-سطات","سطات","أولاد عامر","982","15513","UC","حميد فردوسي","64932"
"الدار البيضاء-سطات","سطات","أولاد عامر","982","15513","UC","نزهة الفتوحي","65012"
"الدار البيضاء-سطات","سطات","أولاد عامر","982","15516","UC","نور الدين الغاز","65577"
"الدار البيضاء-سطات","سطات","أولاد عامر","982","15521","UC","احمد الموحد","65465"
"الدار البيضاء-سطات","سطات","أولاد فارس","1001","15749","PAM","عمر  مرتضى","110897"
"الدار البيضاء-سطات","سطات","أولاد فارس","1001","15744","PAM","عبد المجيد لطفي","69293"
"الدار البيضاء-سطات","سطات","أولاد فارس","1001","15743","RNI","المهدي الفاضلي","42730"
"الدار البيضاء-سطات","سطات","أولاد فارس","1001","15743","RNI","خدوج زهير","42807"
"الدار البيضاء-سطات","سطات","أولاد فارس","1001","15753","RNI","العربي حبي","14793"
"الدار البيضاء-سطات","سطات","أولاد فارس","1001","15753","RNI","خديجة عثمان","14853"
"الدار البيضاء-سطات","سطات","أولاد فارس","1001","15747","PAM","الجيلالي صمصام","6674"
"الدار البيضاء-سطات","سطات","أولاد فارس","1001","15754","PAM","عبد الله كمال","94305"
"الدار البيضاء-سطات","سطات","أولاد فارس","1001","15748","RNI","شفيع سواني","14363"
"الدار البيضاء-سطات","سطات","أولاد فارس","1001","15748","RNI","ثوريا الروصافي","14447"
"الدار البيضاء-سطات","سطات","أولاد فارس","1001","15746","PAM","المصطفى عقلي","24505"
"الدار البيضاء-سطات","سطات","أولاد فارس","1001","15746","PAM","نزهة عقلي","24662"
"الدار البيضاء-سطات","سطات","أولاد فارس","1001","15751","PAM","احمد سهل","74212"
"الدار البيضاء-سطات","سطات","أولاد فارس","1001","15745","PAM","الطاهر فاريسي","69231"
"الدار البيضاء-سطات","سطات","أولاد فارس","1001","15755","PI","محمد راجي","162"
"الدار البيضاء-سطات","سطات","أولاد فارس","1001","15752","PAM"," محمد زازي","24036"
"الدار البيضاء-سطات","سطات","أولاد فارس","1001","15750","PAM","الحسن زهر","6079"
"الدار البيضاء-سطات","سطات","أولاد فارس","1001","15750","PAM","فاطمة ازهر","6179"
"الدار البيضاء-سطات","سطات","أولاد فارس الحلة","1002","15759","PI","نور الدين ابوفارس","127065"
"الدار البيضاء-سطات","سطات","أولاد فارس الحلة","1002","15759","PI"," نجاة ابن العباس","127090"
"الدار البيضاء-سطات","سطات","أولاد فارس الحلة","1002","15758","PI","العربي شريعي","124830"
"الدار البيضاء-سطات","سطات","أولاد فارس الحلة","1002","15758","PI","امال  نباوي","124975"
"الدار البيضاء-سطات","سطات","أولاد فارس الحلة","1002","15763","PI","عاديل ابوالعلام","125506"
"الدار البيضاء-سطات","سطات","أولاد فارس الحلة","1002","15763","PI","فاطمة رزقي","125572"
"الدار البيضاء-سطات","سطات","أولاد فارس الحلة","1002","15764","PI","مراد خلوق","125314"
"الدار البيضاء-سطات","سطات","أولاد فارس الحلة","1002","15764","PI","فدوى خلوق","125404"
"الدار البيضاء-سطات","سطات","أولاد فارس الحلة","1002","15760","PI","عبد الله خليل","13831"
"الدار البيضاء-سطات","سطات","أولاد فارس الحلة","1002","15765","RNI","منعم هلال","133039"
"الدار البيضاء-سطات","سطات","أولاد فارس الحلة","1002","15766","PI","عيسى حنفي","121339"
"الدار البيضاء-سطات","سطات","أولاد فارس الحلة","1002","15757","PI","عثمان شوقي","124581"
"الدار البيضاء-سطات","سطات","أولاد فارس الحلة","1002","15757","PI","نوال شوقي","124640"
"الدار البيضاء-سطات","سطات","أولاد فارس الحلة","1002","15761","RNI","عبدالله خليل","113770"
"الدار البيضاء-سطات","سطات","أولاد فارس الحلة","1002","15762","MDS","بوجمعة بونفاع","3649"
"الدار البيضاء-سطات","سطات","أولاد فارس الحلة","1002","15756","MDS","احمد لفساحي","1628"
"الدار البيضاء-سطات","سطات","أولاد مراح","1013","15915","PAM","المختار شافيعي","1245"
"الدار البيضاء-سطات","سطات","أولاد مراح","1013","15915","PAM","فاطمة منديلي","1303"
"الدار البيضاء-سطات","سطات","أولاد مراح","1013","15909","UC","عبد الكريم اديب","132061"
"الدار البيضاء-سطات","سطات","أولاد مراح","1013","15912","PAM","عبدالرحيم اليسمي","1024"
"الدار البيضاء-سطات","سطات","أولاد مراح","1013","15912","PAM","رشيدة سعدالله","1083"
"الدار البيضاء-سطات","سطات","أولاد مراح","1013","15906","RNI","يوسف فرحات","73507"
"الدار البيضاء-سطات","سطات","أولاد مراح","1013","15911","RNI","محمد عنترة","111274"
"الدار البيضاء-سطات","سطات","أولاد مراح","1013","15911","RNI","أميمة عياد","111458"
"الدار البيضاء-سطات","سطات","أولاد مراح","1013","15903","RNI","زهير شافيعي","109237"
"الدار البيضاء-سطات","سطات","أولاد مراح","1013","15903","RNI","اميمة هواري","109356"
"الدار البيضاء-سطات","سطات","أولاد مراح","1013","15914","RNI","الزيتوني متوكل","32647"
"الدار البيضاء-سطات","سطات","أولاد مراح","1013","15904","RNI","فؤاد الماموني","46339"
"الدار البيضاء-سطات","سطات","أولاد مراح","1013","15913","RNI","ادريس دري","22894"
"الدار البيضاء-سطات","سطات","أولاد مراح","1013","15913","RNI","فاطمة هوار","22955"
"الدار البيضاء-سطات","سطات","أولاد مراح","1013","15910","PAM","مسعود اوسار","14560"
"الدار البيضاء-سطات","سطات","أولاد مراح","1013","15905","RNI","يوسف الادريسي","135733"
"الدار البيضاء-سطات","سطات","أولاد مراح","1013","15908","RNI","حسن غازي","73270"
"الدار البيضاء-سطات","سطات","أولاد مراح","1013","15907","PAM","حجاج خربوش","537"
"الدار البيضاء-سطات","سطات","اخميسات الشاوية","714","11208","UC","المصطفى شنوان","46423"
"الدار البيضاء-سطات","سطات","اخميسات الشاوية","714","11208","UC","وفاء بحار","46456"
"الدار البيضاء-سطات","سطات","اخميسات الشاوية","714","11200","RNI","رضوان فاروق","60863"
"الدار البيضاء-سطات","سطات","اخميسات الشاوية","714","11200","RNI","البتول طويل","60891"
"الدار البيضاء-سطات","سطات","اخميسات الشاوية","714","11207","PI","عبدالصمد موسوف","112012"
"الدار البيضاء-سطات","سطات","اخميسات الشاوية","714","11207","PI","فاطنة دهبي","112175"
"الدار البيضاء-سطات","سطات","اخميسات الشاوية","714","11199","UC","عبدالرحيم بوهلال","37844"
"الدار البيضاء-سطات","سطات","اخميسات الشاوية","714","11201","RNI","المصطفى غولاب","82404"
"الدار البيضاء-سطات","سطات","اخميسات الشاوية","714","11201","RNI","خديجة محسن","82539"
"الدار البيضاء-سطات","سطات","اخميسات الشاوية","714","11198","UC","بوشعيب الذهبي","59837"
"الدار البيضاء-سطات","سطات","اخميسات الشاوية","714","11202","RNI","المصطفى حنين","112440"
"الدار البيضاء-سطات","سطات","اخميسات الشاوية","714","11206","UC","عبد الرحيم باكر","32363"
"الدار البيضاء-سطات","سطات","اخميسات الشاوية","714","11203","PI","عبد الفتاح عزوزي","104747"
"الدار البيضاء-سطات","سطات","اخميسات الشاوية","714","11205","UC","محمد حاتمي","84818"
"الدار البيضاء-سطات","سطات","اخميسات الشاوية","714","11205","UC","خديجة  حاتمي","84873"
"الدار البيضاء-سطات","سطات","اخميسات الشاوية","714","11204","PI","الميلودي الازهري","106349"
"الدار البيضاء-سطات","سطات","البروج","488","25798","PI","محمد الناشد","51691"
"الدار البيضاء-سطات","سطات","البروج","488","7608","PI","مصطفى فتاش","51417"
"الدار البيضاء-سطات","سطات","البروج","488","7612","PI","مصطفى عمار","74156"
"الدار البيضاء-سطات","سطات","البروج","488","7612","PI","سميرة خاش","74238"
"الدار البيضاء-سطات","سطات","البروج","488","25796","UC","حسن القاسمي","144519"
"الدار البيضاء-سطات","سطات","البروج","488","25794","PI","المصطفى  ارجالي","74071"
"الدار البيضاء-سطات","سطات","البروج","488","7621","UC","محمد لعماري","63217"
"الدار البيضاء-سطات","سطات","البروج","488","7620","UC","بلقاسم لعماري","51632"
"الدار البيضاء-سطات","سطات","البروج","488","7610","PJD","المصطفى الدحماني","86976"
"الدار البيضاء-سطات","سطات","البروج","488","7610","PJD","نجاة الدحماني","87037"
"الدار البيضاء-سطات","سطات","البروج","488","25793","UC","عبد الجليل الحساني","87438"
"الدار البيضاء-سطات","سطات","البروج","488","25793","UC","نعيمة الرحالي","87551"
"الدار البيضاء-سطات","سطات","البروج","488","25797","UC","عبد الجليل المرصلي","16590"
"الدار البيضاء-سطات","سطات","البروج","488","7616","UC","رشيد الغوتي","11638"
"الدار البيضاء-سطات","سطات","البروج","488","7613","PI","محمد عمار","71529"
"الدار البيضاء-سطات","سطات","البروج","488","7615","PI","أحمد جناح","147868"
"الدار البيضاء-سطات","سطات","البروج","488","25795","PI","حسن عمار","62583"
"الدار البيضاء-سطات","سطات","البروج","488","25799","MDS","لحبيب بهجة","1757"
"الدار البيضاء-سطات","سطات","البروج","488","7619","MDS","بدر الدين زهواني","138369"
"الدار البيضاء-سطات","سطات","البروج","488","7611","UC","كريم بودزا","104851"
"الدار البيضاء-سطات","سطات","البروج","488","7614","PI","طريق المرصلي","74417"
"الدار البيضاء-سطات","سطات","البروج","488","7614","PI","خديجة المهاضر","74493"
"الدار البيضاء-سطات","سطات","البروج","488","7609","PI","حسان المرصلي","51491"
"الدار البيضاء-سطات","سطات","البروج","488","7618","MDS","عبد الفاضل زهواني","137212"
"الدار البيضاء-سطات","سطات","البروج","488","7622","UC","محمد ربروب","86631"
"الدار البيضاء-سطات","سطات","البروج","488","7617","MP","أيوب فوزي","144194"
"الدار البيضاء-سطات","سطات","البروج","488","7617","MP","حنان فوزي","144337"
"الدار البيضاء-سطات","سطات","البروج","488","25792","RNI","محمد الشفعاوي","87871"
"الدار البيضاء-سطات","سطات","الثوالث","1492","23356","PI","محمد الحنيني","15755"
"الدار البيضاء-سطات","سطات","الثوالث","1492","23356","PI","امينة  البوعناني ","15941"
"الدار البيضاء-سطات","سطات","الثوالث","1492","23364","RNI","محمد عزيز","107095"
"الدار البيضاء-سطات","سطات","الثوالث","1492","23368","PI","عبد الكريم حسين","15479"
"الدار البيضاء-سطات","سطات","الثوالث","1492","23362","PI","سعيد صبري","21545"
"الدار البيضاء-سطات","سطات","الثوالث","1492","23362","PI","زهرة حجاج","21605"
"الدار البيضاء-سطات","سطات","الثوالث","1492","23357","PI","محمد الحنيني","37399"
"الدار البيضاء-سطات","سطات","الثوالث","1492","23357","PI","فوزية حسين","37533"
"الدار البيضاء-سطات","سطات","الثوالث","1492","23360","RNI","البوعزاوي المطالب","111568"
"الدار البيضاء-سطات","سطات","الثوالث","1492","23360","RNI","زهراء لخداري","111653"
"الدار البيضاء-سطات","سطات","الثوالث","1492","23367","PI","سعيد وديع","15299"
"الدار البيضاء-سطات","سطات","الثوالث","1492","23359","RNI","محمد مخلص","112526"
"الدار البيضاء-سطات","سطات","الثوالث","1492","23359","RNI","خديجة سيوطي","112984"
"الدار البيضاء-سطات","سطات","الثوالث","1492","23365","RNI","عبد العزيز شرفي","107421"
"الدار البيضاء-سطات","سطات","الثوالث","1492","23363","PI","صالح محبوب","15111"
"الدار البيضاء-سطات","سطات","الثوالث","1492","23366","PI","الحسن مالكي","15196"
"الدار البيضاء-سطات","سطات","الثوالث","1492","23358","PI","احمد دلاحي","24551"
"الدار البيضاء-سطات","سطات","الثوالث","1492","23361","MDS","محمد جلواني","33133"
"الدار البيضاء-سطات","سطات","السكامنة","1142","18078","PAM","محمد الفلاحي","53524"
"الدار البيضاء-سطات","سطات","السكامنة","1142","18078","PAM","حياة الزهري","53660"
"الدار البيضاء-سطات","سطات","السكامنة","1142","18080","PAM","عبد الرحيم الفلاحي","58562"
"الدار البيضاء-سطات","سطات","السكامنة","1142","18080","PAM","مريم لغياتي","58668"
"الدار البيضاء-سطات","سطات","السكامنة","1142","18079","PAM","عزالدين غازي","11675"
"الدار البيضاء-سطات","سطات","السكامنة","1142","18090","PAM","حجاج فنين","2813"
"الدار البيضاء-سطات","سطات","السكامنة","1142","18090","PAM","السعدية الصالحي","2872"
"الدار البيضاء-سطات","سطات","السكامنة","1142","18083","PI","محمد الفاضلي","132910"
"الدار البيضاء-سطات","سطات","السكامنة","1142","18082","PAM","صالح بحباح","2331"
"الدار البيضاء-سطات","سطات","السكامنة","1142","18082","PAM","مباركة حودة","2409"
"الدار البيضاء-سطات","سطات","السكامنة","1142","18081","PPS","الميلودي بوسلهام","82251"
"الدار البيضاء-سطات","سطات","السكامنة","1142","18087","PI","عبدالعزيز الخير","63523"
"الدار البيضاء-سطات","سطات","السكامنة","1142","18086","RNI","حميد عديوي","21449"
"الدار البيضاء-سطات","سطات","السكامنة","1142","18089","UC","حميد الطوس","71838"
"الدار البيضاء-سطات","سطات","السكامنة","1142","18089","UC","سلمى الطوس","71910"
"الدار البيضاء-سطات","سطات","السكامنة","1142","18088","PAM","محمد زهران","2662"
"الدار البيضاء-سطات","سطات","السكامنة","1142","18085","RNI","رشيد فاضلي","36124"
"الدار البيضاء-سطات","سطات","السكامنة","1142","18084","RNI","يوسف الفاضلي","42531"
"الدار البيضاء-سطات","سطات","امزورة","921","14581","UC","رضوان اسويرك","11904"
"الدار البيضاء-سطات","سطات","امزورة","921","14581","UC","السعدية الادريسي الرحالي","11997"
"الدار البيضاء-سطات","سطات","امزورة","921","14579","PAM","حميد نور السدات","60316"
"الدار البيضاء-سطات","سطات","امزورة","921","14579","PAM","سعاد لباردي","60493"
"الدار البيضاء-سطات","سطات","امزورة","921","14586","USFP","سعيد بازة","3972"
"الدار البيضاء-سطات","سطات","امزورة","921","14586","USFP","االغالمية بازة","4193"
"الدار البيضاء-سطات","سطات","امزورة","921","14578","UC","محمد الرحالي","2216"
"الدار البيضاء-سطات","سطات","امزورة","921","14584","PJD","المصطفى لكويرح","86279"
"الدار البيضاء-سطات","سطات","امزورة","921","14587","RNI","الطاهر اعريش","16297"
"الدار البيضاء-سطات","سطات","امزورة","921","14583","UC","عبد اللطيف الزكراري","61983"
"الدار البيضاء-سطات","سطات","امزورة","921","14583","UC","فاطنة  بوقراش","62053"
"الدار البيضاء-سطات","سطات","امزورة","921","14576","PAM","المصطفى صبري","63081"
"الدار البيضاء-سطات","سطات","امزورة","921","14576","PAM","لطيفة خطابي","63165"
"الدار البيضاء-سطات","سطات","امزورة","921","14577","UC","محمد الجلولي","51773"
"الدار البيضاء-سطات","سطات","امزورة","921","14575","UC","عبد الباصط حاتم","2041"
"الدار البيضاء-سطات","سطات","امزورة","921","14582","RNI","مولاي احمد صبور العلوي","12827"
"الدار البيضاء-سطات","سطات","امزورة","921","14585","RNI","يوسف زهوري","105958"
"الدار البيضاء-سطات","سطات","امزورة","921","14580","UC","احمد مساوي","3080"
"الدار البيضاء-سطات","سطات","انخيلة","922","14594","PI","حفيظ لخواتري","247"
"الدار البيضاء-سطات","سطات","انخيلة","922","14599","USFP","سعيد السكيب","89692"
"الدار البيضاء-سطات","سطات","انخيلة","922","14599","USFP","رشيدة  نفيع ","89926"
"الدار البيضاء-سطات","سطات","انخيلة","922","14595","UC","المصطفى نون","105498"
"الدار البيضاء-سطات","سطات","انخيلة","922","14588","USFP","نورالدين نشيط","59454"
"الدار البيضاء-سطات","سطات","انخيلة","922","14588","USFP","نورة مجاهد","59483"
"الدار البيضاء-سطات","سطات","انخيلة","922","14591","USFP","محمد فوضال","74361"
"الدار البيضاء-سطات","سطات","انخيلة","922","14590","PPS","عبد الهادي فيكي","87464"
"الدار البيضاء-سطات","سطات","انخيلة","922","14590","PPS","فتيحة الشوقي","87632"
"الدار البيضاء-سطات","سطات","انخيلة","922","14600","PI","عبد الرحيم قمرة","27647"
"الدار البيضاء-سطات","سطات","انخيلة","922","14589","RNI","محمد قابل","33054"
"الدار البيضاء-سطات","سطات","انخيلة","922","14589","RNI","هند بنجلول","33101"
"الدار البيضاء-سطات","سطات","انخيلة","922","14592","UC","المصطفى معاوية","89237"
"الدار البيضاء-سطات","سطات","انخيلة","922","14598","USFP","نجيب مروان","71811"
"الدار البيضاء-سطات","سطات","انخيلة","922","14593","UC","المختار لعويني","101894"
"الدار البيضاء-سطات","سطات","انخيلة","922","14596","USFP","محمد باية","139405"
"الدار البيضاء-سطات","سطات","انخيلة","922","14597","PI","مراد باعية","22869"
"الدار البيضاء-سطات","سطات","انخيلة","922","14597","PI","سليمة شتوان","22946"
"الدار البيضاء-سطات","سطات","بن احمد","284","4310","RNI","عبداللطيف دحمان","109298"
"الدار البيضاء-سطات","سطات","بن احمد","284","4310","RNI","هجار الصمكي","109440"
"الدار البيضاء-سطات","سطات","بن احمد","284","4306","USFP","هشام طالبي","919"
"الدار البيضاء-سطات","سطات","بن احمد","284","4296","PAM","حسن الحفيان","16680"
"الدار البيضاء-سطات","سطات","بن احمد","284","4307","PAM","صابير صبطي","2441"
"الدار البيضاء-سطات","سطات","بن احمد","284","4307","PAM","خديجة بوشقور","2575"
"الدار البيضاء-سطات","سطات","بن احمد","284","4305","USFP","هشام  الخطاط","49891"
"الدار البيضاء-سطات","سطات","بن احمد","284","4290","PAM","احمد كياس","1202"
"الدار البيضاء-سطات","سطات","بن احمد","284","4311","PAM","سعيد لكحل","1498"
"الدار البيضاء-سطات","سطات","بن احمد","284","4300","PAM","عبد الكريم غالي","20868"
"الدار البيضاء-سطات","سطات","بن احمد","284","4300","PAM","اسماء قطاية","20876"
"الدار البيضاء-سطات","سطات","بن احمد","284","4303","PJD","يوسف بنطيبي","64769"
"الدار البيضاء-سطات","سطات","بن احمد","284","25787","PAM","امين كرام","105775"
"الدار البيضاء-سطات","سطات","بن احمد","284","25787","PAM","امينة النجاري","105869"
"الدار البيضاء-سطات","سطات","بن احمد","284","4291","USFP","منير الحمراوي","94436"
"الدار البيضاء-سطات","سطات","بن احمد","284","4309","PI","احمد شهيد","13786"
"الدار البيضاء-سطات","سطات","بن احمد","284","25786","PI","حسن بنطيبي","141230"
"الدار البيضاء-سطات","سطات","بن احمد","284","4293","PJD","عبدالاله حيلمي","46485"
"الدار البيضاء-سطات","سطات","بن احمد","284","4299","USFP","الحاج لعناني","108160"
"الدار البيضاء-سطات","سطات","بن احمد","284","4308","PAM","محمد شرادي","1997"
"الدار البيضاء-سطات","سطات","بن احمد","284","4304","UC","محمد الخنجر","85555"
"الدار البيضاء-سطات","سطات","بن احمد","284","4297","CNI","محمد فكاك","14857"
"الدار البيضاء-سطات","سطات","بن احمد","284","4295","RNI","عبد العزيز كريم","23940"
"الدار البيضاء-سطات","سطات","بن احمد","284","4295","RNI","الكبيرة طلحة","24111"
"الدار البيضاء-سطات","سطات","بن احمد","284","4298","USFP","الحسين لعناني","109711"
"الدار البيضاء-سطات","سطات","بن احمد","284","4302","UC","مصطفى الخنجر","84880"
"الدار البيضاء-سطات","سطات","بن احمد","284","4312","CNI","محمد بنطيبي","83603"
"الدار البيضاء-سطات","سطات","بن احمد","284","4294","USFP","محمد لعناني","136270"
"الدار البيضاء-سطات","سطات","بن احمد","284","4292","USFP","حسن شوريق","135389"
"الدار البيضاء-سطات","سطات","بن احمد","284","4301","RNI","المصطفى عاشير","21640"
"الدار البيضاء-سطات","سطات","بني  يكرين","370","5699","PI","بوشعيب حميد الله","23306"
"الدار البيضاء-سطات","سطات","بني  يكرين","370","5702","PI","صالح ناجح","21868"
"الدار البيضاء-سطات","سطات","بني  يكرين","370","5702","PI","زهراء عبد اللاوي","21932"
"الدار البيضاء-سطات","سطات","بني  يكرين","370","5705","PI","رضوان الحنوني","12056"
"الدار البيضاء-سطات","سطات","بني  يكرين","370","5705","PI","احليمة الحنوني","12226"
"الدار البيضاء-سطات","سطات","بني  يكرين","370","5695","PI","ابراهيم فوزي","13815"
"الدار البيضاء-سطات","سطات","بني  يكرين","370","5696","PAM","محمد كوردي","83899"
"الدار البيضاء-سطات","سطات","بني  يكرين","370","27473","PI","هشام جرموني","13225"
"الدار البيضاء-سطات","سطات","بني  يكرين","370","5706","PI","محمد جرموني","113971"
"الدار البيضاء-سطات","سطات","بني  يكرين","370","27472","PI","بوعلي جرموني","81011"
"الدار البيضاء-سطات","سطات","بني  يكرين","370","27472","PI","سميرة جرموني","81096"
"الدار البيضاء-سطات","سطات","بني  يكرين","370","5706","PI","عائشة الوافي","114345"
"الدار البيضاء-سطات","سطات","بني  يكرين","370","5697","PAlAhdAddimocrati","الصغير خلفي","82985"
"الدار البيضاء-سطات","سطات","بني  يكرين","370","5700","PAlAhdAddimocrati","عبد الرحيم جرموني","136185"
"الدار البيضاء-سطات","سطات","بني  يكرين","370","5694","PI","بوشعيب فائق","22905"
"الدار البيضاء-سطات","سطات","بني  يكرين","370","5701","PI","الجيلالي المنتصر","24312"
"الدار البيضاء-سطات","سطات","بني  يكرين","370","5703","PI","عباس هزواني","17084"
"الدار البيضاء-سطات","سطات","بني  يكرين","370","5703","PI","زهراء جرموني","17266"
"الدار البيضاء-سطات","سطات","بني  يكرين","370","5704","PI","المصطفى حكيم","83483"
"الدار البيضاء-سطات","سطات","بني  يكرين","370","5698","PI","امحمد بنرابح","13934"
"الدار البيضاء-سطات","سطات","بني خلوك","348","5339","PI","عبد الرزاق الناجح","130602"
"الدار البيضاء-سطات","سطات","بني خلوك","348","5339","PI","خدوج  المرشد","130656"
"الدار البيضاء-سطات","سطات","بني خلوك","348","25789","PI","المصطفى الحناوي","130094"
"الدار البيضاء-سطات","سطات","بني خلوك","348","5340","PI","الجيلالي غنام","130258"
"الدار البيضاء-سطات","سطات","بني خلوك","348","5340","PI","عتيقة  معزيز","130296"
"الدار البيضاء-سطات","سطات","بني خلوك","348","5338","PI","نور الدين المناوي","135260"
"الدار البيضاء-سطات","سطات","بني خلوك","348","5338","PI","نزهة الجدياني","135412"
"الدار البيضاء-سطات","سطات","بني خلوك","348","5329","PI","المصطفى حسون","136610"
"الدار البيضاء-سطات","سطات","بني خلوك","348","5329","PI","فاتحة جلول","136818"
"الدار البيضاء-سطات","سطات","بني خلوك","348","5335","PI","محمد العروسي","131132"
"الدار البيضاء-سطات","سطات","بني خلوك","348","5335","PI","الداودية محفوظ","131255"
"الدار البيضاء-سطات","سطات","بني خلوك","348","5332","PI","سعيد الفتاشي","134275"
"الدار البيضاء-سطات","سطات","بني خلوك","348","5336","PI","محمد صالح","131588"
"الدار البيضاء-سطات","سطات","بني خلوك","348","5331","PI","محمد  القاسمي ","137932"
"الدار البيضاء-سطات","سطات","بني خلوك","348","5328","PI","الزيتوني كتاني","82033"
"الدار البيضاء-سطات","سطات","بني خلوك","348","5333","PI","سعيد الناهي","133367"
"الدار البيضاء-سطات","سطات","بني خلوك","348","5334","PI","سعيد الجدياني","135761"
"الدار البيضاء-سطات","سطات","بني خلوك","348","5337","PI","محمد عمري","132299"
"الدار البيضاء-سطات","سطات","بني خلوك","348","25788","PI","رشيد حوات ","133964"
"الدار البيضاء-سطات","سطات","بني خلوك","348","5330","PI","الجيلالي نفات","132738"
"الدار البيضاء-سطات","سطات","بوكركوح","393","6081","USFP","لشهب الشريف","17513"
"الدار البيضاء-سطات","سطات","بوكركوح","393","6082","PI","محمد الفاضل ","102687"
"الدار البيضاء-سطات","سطات","بوكركوح","393","6082","PI","الزهرة الفاضل","102789"
"الدار البيضاء-سطات","سطات","بوكركوح","393","6086","RNI","الحاج لعناني","84410"
"الدار البيضاء-سطات","سطات","بوكركوح","393","6086","RNI","سناء محسن","84497"
"الدار البيضاء-سطات","سطات","بوكركوح","393","6083","RNI","عبدالحق الخطيبي","133302"
"الدار البيضاء-سطات","سطات","بوكركوح","393","6084","RNI","محمد الخطيبي","70153"
"الدار البيضاء-سطات","سطات","بوكركوح","393","6084","RNI","عائشة  المخلوقي","70217"
"الدار البيضاء-سطات","سطات","بوكركوح","393","6080","USFP","ابراهيم الحفيان","17822"
"الدار البيضاء-سطات","سطات","بوكركوح","393","6078","USFP","حميد  فلي","17346"
"الدار البيضاء-سطات","سطات","بوكركوح","393","6078","USFP","مليكة الصبار","17421"
"الدار البيضاء-سطات","سطات","بوكركوح","393","6089","RNI","البخاري كراخي","82125"
"الدار البيضاء-سطات","سطات","بوكركوح","393","6079","PI","محمد الطيب","102043"
"الدار البيضاء-سطات","سطات","بوكركوح","393","6085","RNI","صالح عمورة","103822"
"الدار البيضاء-سطات","سطات","بوكركوح","393","6085","RNI","خديجة النعناعي","103959"
"الدار البيضاء-سطات","سطات","بوكركوح","393","6088","PI","عبدالواحد امسادية","48598"
"الدار البيضاء-سطات","سطات","بوكركوح","393","6087","PAM","��حمد الناجي","4124"
"الدار البيضاء-سطات","سطات","بوكركوح","393","6077","USFP","البهلول هرهوري","4634"
"الدار البيضاء-سطات","سطات","دار الشافعي","453","7057","UC","مسعود المسعودي الادريسي","40685"
"الدار البيضاء-سطات","سطات","دار الشافعي","453","7057","UC","خديجة غزالي","40783"
"الدار البيضاء-سطات","سطات","دار الشافعي","453","7051","PI","رشيد صادق","3835"
"الدار البيضاء-سطات","سطات","دار الشافعي","453","7051","PI","حنان العيشي","3892"
"الدار البيضاء-سطات","سطات","دار الشافعي","453","7056","UC","رحال غزالي","39527"
"الدار البيضاء-سطات","سطات","دار الشافعي","453","7056","UC","حكيمة  الصاحب","39693"
"الدار البيضاء-سطات","سطات","دار الشافعي","453","7059","PI","نور الدين القدومي","3397"
"الدار البيضاء-سطات","سطات","دار الشافعي","453","7059","PI","سعاد السباعي الادريسي","3518"
"الدار البيضاء-سطات","سطات","دار الشافعي","453","7050","PI","عبد الله الساهل","22898"
"الدار البيضاء-سطات","سطات","دار الشافعي","453","7040","UC","يوسف الحبشي","13761"
"الدار البيضاء-سطات","سطات","دار الشافعي","453","7042","UC","محمد العكاري","48789"
"الدار البيضاء-سطات","سطات","دار الشافعي","453","7042","UC","خديجة العكري","48948"
"الدار البيضاء-سطات","سطات","دار الشافعي","453","7037","UC","حسن  الريحاني ","11863"
"الدار البيضاء-سطات","سطات","دار الشافعي","453","7055","PI","سعيد الغالمي","22744"
"الدار البيضاء-سطات","سطات","دار الشافعي","453","7041","UC","ادريس المجاهد","11612"
"الدار البيضاء-سطات","سطات","دار الشافعي","453","7058","MP","نور الدين الحكيمي","12194"
"الدار البيضاء-سطات","سطات","دار الشافعي","453","7048","UC","عبد الله شكري","12052"
"الدار البيضاء-سطات","سطات","دار الشافعي","453","7054","PI","محمد الذهبي","25665"
"الدار البيضاء-سطات","سطات","دار الشافعي","453","7045","PI","الزيتوني رواصي","14254"
"الدار البيضاء-سطات","سطات","دار الشافعي","453","7052","PPS","عبد الحق الدواحدي","42198"
"الدار البيضاء-سطات","سطات","دار الشافعي","453","7053","PI","احمد الراشدي","3178"
"الدار البيضاء-سطات","سطات","دار الشافعي","453","7046","UC","المهدي هاشيم","11557"
"الدار البيضاء-سطات","سطات","دار الشافعي","453","7049","UC","رشيد العالمي","11986"
"الدار البيضاء-سطات","سطات","دار الشافعي","453","7043","MP","عبد الفتاح منير","25317"
"الدار البيضاء-سطات","سطات","دار الشافعي","453","7047","UC","المصطفى  الريحاني","11713"
"الدار البيضاء-سطات","سطات","دار الشافعي","453","7038","PPS","محمد فلول","42782"
"الدار البيضاء-سطات","سطات","دار الشافعي","453","7039","PI","محمد باجو","95405"
"الدار البيضاء-سطات","سطات","دار الشافعي","453","7044","UC","احمد الدواحدي","41413"
"الدار البيضاء-سطات","سطات","رأس العين الشاوية","1081","17000","USFP","أحمد فريق","61254"
"الدار البيضاء-سطات","سطات","رأس العين الشاوية","1081","17000","USFP","فاطمة فريق","61388"
"الدار البيضاء-سطات","سطات","رأس العين الشاوية","1081","16999","USFP","المختار سجاع","705"
"الدار البيضاء-سطات","سطات","رأس العين الشاوية","1081","17002","USFP","محمد لهلالي","48528"
"الدار البيضاء-سطات","سطات","رأس العين الشاوية","1081","17002","USFP","ليلى لهلالي","48616"
"الدار البيضاء-سطات","سطات","رأس العين الشاوية","1081","17010","UC","محمد مريوت","4120"
"الدار البيضاء-سطات","سطات","رأس العين الشاوية","1081","17008","USFP","عبد العزيز خومن","33897"
"الدار البيضاء-سطات","سطات","رأس العين الشاوية","1081","17001","USFP","احمد ساهل","60641"
"الدار البيضاء-سطات","سطات","رأس العين الشاوية","1081","17001","USFP","مليكة بداوي","60727"
"الدار البيضاء-سطات","سطات","رأس العين الشاوية","1081","16998","USFP","البهلول رشيد","62765"
"الدار البيضاء-سطات","سطات","رأس العين الشاوية","1081","16997","UC","محمد عبد العزيز الفاطيمي","4246"
"الدار البيضاء-سطات","سطات","رأس العين الشاوية","1081","16997","UC","وفاء موهيب","4352"
"الدار البيضاء-سطات","سطات","رأس العين الشاوية","1081","17006","USFP","الحسن عزيز","81453"
"الدار البيضاء-سطات","سطات","رأس العين الشاوية","1081","17007","PAM","عبد الصمد فنان","21844"
"الدار البيضاء-سطات","سطات","رأس العين الشاوية","1081","17007","PAM","زهيرة فنان","21867"
"الدار البيضاء-سطات","سطات","رأس العين الشاوية","1081","17004","USFP","الحسن بطاشي","34033"
"الدار البيضاء-سطات","سطات","رأس العين الشاوية","1081","17005","UC","حسن فتاح","74798"
"الدار البيضاء-سطات","سطات","رأس العين الشاوية","1081","17011","UC","محمد دحان","81296"
"الدار البيضاء-سطات","سطات","رأس العين الشاوية","1081","17009","UC","عبد الغاني خياري","105839"
"الدار البيضاء-سطات","سطات","رأس العين الشاوية","1081","17003","USFP","عبدالكبير بنسلام","33014"
"الدار البيضاء-سطات","سطات","ريما","1097","17233","PI","سعيد كبوري","4869"
"الدار البيضاء-سطات","سطات","ريما","1097","17233","PI","السعدية شبيب","4972"
"الدار البيضاء-سطات","سطات","ريما","1097","17236","RNI","جمال خلدوني","2160"
"الدار البيضاء-سطات","سطات","ريما","1097","17238","RNI","سعيد مومن","391"
"الدار البيضاء-سطات","سطات","ريما","1097","17235","RNI","طارق خلدوني","40893"
"الدار البيضاء-سطات","سطات","ريما","1097","17237","RNI","احمد حمزاوي","116"
"الدار البيضاء-سطات","سطات","ريما","1097","17237","RNI","السعدية توفيق","329"
"الدار البيضاء-سطات","سطات","ريما","1097","17239","UC","محمد بوسنة","133072"
"الدار البيضاء-سطات","سطات","ريما","1097","17239","UC","محجوبة اعريش","133527"
"الدار البيضاء-سطات","سطات","ريما","1097","17229","RNI","محمد جواد","12927"
"الدار البيضاء-سطات","سطات","ريما","1097","17229","RNI","نعيمة سكراتي","12967"
"الدار البيضاء-سطات","سطات","ريما","1097","17230","PI","المصطفى بنحيند","6640"
"الدار البيضاء-سطات","سطات","ريما","1097","17228","RNI","بنداود الجهاد","34680"
"الدار البيضاء-سطات","سطات","ريما","1097","17228","RNI","خدوج بيك","34771"
"الدار البيضاء-سطات","سطات","ريما","1097","17227","RNI","بوشعيب حاميم","26654"
"الدار البيضاء-سطات","سطات","ريما","1097","17232","RNI","أحمد قراسي","21925"
"الدار البيضاء-سطات","سطات","ريما","1097","17231","RNI","الميلودي خديم","38257"
"الدار البيضاء-سطات","سطات","ريما","1097","17234","RNI","بوبكر الحاجب","11940"
"الدار البيضاء-سطات","سطات","سطات","1139","25121","PJD","عبد الرحمان عزيزي","39239"
"الدار البيضاء-سطات","سطات","سطات","1139","25121","PJD","مينة راضي","41302"
"الدار البيضاء-سطات","سطات","سطات","1139","25121","PJD","عبدالقادر باكر","39389"
"الدار البيضاء-سطات","سطات","سطات","1139","25121","PJD","جهاد بودراع","41374"
"الدار البيضاء-سطات","سطات","سطات","1139","25121","PJD","رشيد متروفي","39511"
"الدار البيضاء-سطات","سطات","سطات","1139","25121","RNI","لحسن الطالبي","137897"
"الدار البيضاء-سطات","سطات","سطات","1139","25121","RNI","فاطمة قرناني","139838"
"الدار البيضاء-سطات","سطات","سطات","1139","25121","RNI","عبد اللطيف قيلش","138087"
"الدار البيضاء-سطات","سطات","سطات","1139","25121","RNI","محمد ضعلي","138535"
"الدار البيضاء-سطات","سطات","سطات","1139","25121","PI","المصطفى الثانوي","63048"
"الدار البيضاء-سطات","سطات","سطات","1139","25121","PI","ندية فضمي","63551"
"الدار البيضاء-سطات","سطات","سطات","1139","25121","PI","المصطفى القاسمي","63152"
"الدار البيضاء-سطات","سطات","سطات","1139","25121","PAM","سليمان ادريسي خضراوي","71325"
"الدار البيضاء-سطات","سطات","سطات","1139","25121","PAM","زهراء عربي","72108"
"الدار البيضاء-سطات","سطات","سطات","1139","25121","PAM","التهامي جهاد مهاب","71368"
"الدار البيضاء-سطات","سطات","سطات","1139","25121","UC","بوشعيب  الاومامي","51741"
"الدار البيضاء-سطات","سطات","سطات","1139","25121","UC","مينة ربيعي","51935"
"الدار البيضاء-سطات","سطات","سطات","1139","25121","UC","حميد  رشيد","51873"
"الدار البيضاء-سطات","سطات","سطات","1139","25121","MDS","رشيد مشماشي","65951"
"الدار البيضاء-سطات","سطات","سطات","1139","25121","MDS","خضراء داودي رغيوي","66088"
"الدار البيضاء-سطات","سطات","سطات","1139","25121","PML","جواد لفتيني","32058"
"الدار البيضاء-سطات","سطات","سطات","1139","25121","PML","أميمة علوي بلغيتي","32091"
"الدار البيضاء-سطات","سطات","سطات","1139","25121","USFP","عبد المجيد عطوف","1421"
"الدار البيضاء-سطات","سطات","سطات","1139","25121","USFP","نادية بورقيب","1625"
"الدار البيضاء-سطات","سطات","سطات","1139","25121","PPS","رحال فاروق","127559"
"الدار البيضاء-سطات","سطات","سطات","1139","25121","PPS","حبيبة بوعزة","127557"
"الدار البيضاء-سطات","سطات","سطات","1139","25121","CNI","جمال قيلش","127596"
"الدار البيضاء-سطات","سطات","سطات","1139","25121","CNI","مليكة بطاح","127919"
"الدار البيضاء-سطات","سطات","سطات","1139","25121","PLJS","يوسف منبر","91343"
"الدار البيضاء-سطات","سطات","سطات","1139","25121","PLJS","نادية بنطلحة","91775"
"الدار البيضاء-سطات","سطات","سطات","1139","25121","MP","عبدالرحيم حلوي","124648"
"الدار البيضاء-سطات","سطات","سطات","1139","25121","PAlAhdAddimocrati","المصطفى فرازي","114056"
"الدار البيضاء-سطات","سطات","سطات","1139","25121","PVM","عبدالكريم التيال","53935"
"الدار البيضاء-سطات","سطات","سطات","1139","25121","PSU","يوسف الفاضلي","55072"
"الدار البيضاء-سطات","سطات","سطات","1139","25121","PEDD","فتح الله بللو","94782"
"الدار البيضاء-سطات","سطات","سيدي احمد الخدير","1162","18375","PI","محمد الحميدي ","106635"
"الدار البيضاء-سطات","سطات","سيدي احمد الخدير","1162","18375","PI","فطومة الحميدي","106794"
"الدار البيضاء-سطات","سطات","سيدي احمد الخدير","1162","18371","PJD","محمد ماموري","103906"
"الدار البيضاء-سطات","سطات","سيدي احمد الخدير","1162","18371","PJD","نعيمة العياني","104070"
"الدار البيضاء-سطات","سطات","سيدي احمد الخدير","1162","18374","PI","حسن بو العيش","32648"
"الدار البيضاء-سطات","سطات","سيدي احمد الخدير","1162","18374","PI","سهام الصبري","32713"
"الدار البيضاء-سطات","سطات","سيدي احمد الخدير","1162","18376","PI","المصطفى قسام","82946"
"الدار البيضاء-سطات","سطات","سيدي احمد الخدير","1162","18376","PI","حسناء قسام","83045"
"الدار البيضاء-سطات","سطات","سيدي احمد الخدير","1162","18372","RNI","محمد الراوي","48961"
"الدار البيضاء-سطات","سطات","سيدي احمد الخدير","1162","18370","PJD","محمد الزاكي","102980"
"الدار البيضاء-سطات","سطات","سيدي احمد الخدير","1162","18370","PJD","خديجة الزاكي","103065"
"الدار البيضاء-سطات","سطات","سيدي احمد الخدير","1162","18382","PI","رحال اليسر","40473"
"الدار البيضاء-سطات","سطات","سيدي احمد الخدير","1162","18379","PI","الميلودي حماد","90698"
"الدار البيضاء-سطات","سطات","سيدي احمد الخدير","1162","18377","PI","احمد  السالمي ","105091"
"الدار البيضاء-سطات","سطات","سيدي احمد الخدير","1162","18373","PJD","بوعبيد الموحد","110075"
"الدار البيضاء-سطات","سطات","سيدي احمد الخدير","1162","18378","PI","محمد الصاديقي","80603"
"الدار البيضاء-سطات","سطات","سيدي احمد الخدير","1162","18380","PAM","بوعزة فهمي","32150"
"الدار البيضاء-سطات","سطات","سيدي احمد الخدير","1162","18381","PI","عبدالله عادل","107156"
"الدار البيضاء-سطات","سطات","سيدي الذهبي","1213","19161","PI","حسن القرافي","7703"
"الدار البيضاء-سطات","سطات","سيدي الذهبي","1213","19157","PI","عثمان بومحطة","12490"
"الدار البيضاء-سطات","سطات","سيدي الذهبي","1213","19157","PI","الزهرة معروف","12595"
"الدار البيضاء-سطات","سطات","سيدي الذهبي","1213","19165","RNI","المصطفى طاهيري","5032"
"الدار البيضاء-سطات","سطات","سيدي الذهبي","1213","19165","RNI","الهام بلكاس","5101"
"الدار البيضاء-سطات","سطات","سيدي الذهبي","1213","19155","RNI","عبد اللطيف فلاح","89112"
"الدار البيضاء-سطات","سطات","سيدي الذهبي","1213","19155","RNI","حفصة بوعصيد","89191"
"الدار البيضاء-سطات","سطات","سيدي الذهبي","1213","19158","RNI","رضوان زوان","7427"
"الدار البيضاء-سطات","سطات","سيدي الذهبي","1213","19163","RNI","خالد فكاك","4506"
"الدار البيضاء-سطات","سطات","سيدي الذهبي","1213","19156","PI","بوشعيب الترجي","14978"
"الدار البيضاء-سطات","سطات","سيدي الذهبي","1213","19162","PI","الفكاك بمعروف","7153"
"الدار البيضاء-سطات","سطات","سيدي الذهبي","1213","19153","RNI","حجاج  مزابي","7911"
"الدار البيضاء-سطات","سطات","سيدي الذهبي","1213","19160","PI","عبدالرزاق بومحطة","102678"
"الدار البيضاء-سطات","سطات","سيدي الذهبي","1213","19160","PI","فاطمة الزهراء العلامى","103013"
"الدار البيضاء-سطات","سطات","سيدي الذهبي","1213","19164","USFP","حجاج نعيم","6212"
"الدار البيضاء-سطات","سطات","سيدي الذهبي","1213","19159","PI","لحسن بومحطة","103534"
"الدار البيضاء-سطات","سطات","سيدي الذهبي","1213","19154","RNI","العربي بوشاري","4722"
"الدار البيضاء-سطات","سطات","سيدي الذهبي","1213","19154","RNI","دامية نجيد","4906"
"الدار البيضاء-سطات","سطات","سيدي العايدي","1218","19236","UC","عبد الهادي مطراوي","18795"
"الدار البيضاء-سطات","سطات","سيدي العايدي","1218","19236","UC","شيماء الصخري","18894"
"الدار البيضاء-سطات","سطات","سيدي العايدي","1218","19249","MDS","العلمي كناني","52038"
"الدار البيضاء-سطات","سطات","سيدي العايدي","1218","19249","MDS","الميلودية كناني","52118"
"الدار البيضاء-سطات","سطات","سيدي العايدي","1218","19237","RNI","محمد الصريدي","69669"
"الدار البيضاء-سطات","سطات","سيدي العايدي","1218","19237","RNI","سهام اجعفري","69745"
"الدار البيضاء-سطات","سطات","سيدي العايدي","1218","19241","UC","توفيق كمال","39443"
"الدار البيضاء-سطات","سطات","سيدي العايدي","1218","19241","UC","خديجة نجاح","39540"
"الدار البيضاء-سطات","سطات","سيدي العايدي","1218","19243","RNI","حميد خلفاوي","27280"
"الدار البيضاء-سطات","سطات","سيدي العايدي","1218","19242","RNI","الزيتوني اجعفري","27133"
"الدار البيضاء-سطات","سطات","سيدي العايدي","1218","19238","RNI","عبد الله شريشي","18973"
"الدار البيضاء-سطات","سطات","سيدي العايدي","1218","19238","RNI","مليكة  يمان ","18993"
"الدار البيضاء-سطات","سطات","سيدي العايدي","1218","19240","MDS","محمد راجح","51880"
"الدار البيضاء-سطات","سطات","سيدي العايدي","1218","19247","RNI","عبدالعزيز ناصر","125503"
"الدار البيضاء-سطات","سطات","سيدي العايدي","1218","19250","RNI","عبد الحق ناصر","155852"
"الدار البيضاء-سطات","سطات","سيدي العايدي","1218","19239","UC","محمد بطاني","18398"
"الدار البيضاء-سطات","سطات","سيدي العايدي","1218","19246","PI","رضوان  هواري","72589"
"الدار البيضاء-سطات","سطات","سيدي العايدي","1218","19248","MDS","بوشعيب العزوازي","125681"
"الدار البيضاء-سطات","سطات","سيدي العايدي","1218","19245","RNI","عبدالله خوشفي","41473"
"الدار البيضاء-سطات","سطات","سيدي العايدي","1218","19244","PI","رشيد لمعاشي","40363"
"الدار البيضاء-سطات","سطات","سيدي بومهدي","1204","19030","PI","رشيد نصري","36237"
"الدار البيضاء-سطات","سطات","سيدي بومهدي","1204","19030","PI","كنزة  نصري","36330"
"الدار البيضاء-سطات","سطات","سيدي بومهدي","1204","19031","RNI","عبد الحميد الكنشي","58321"
"الدار البيضاء-سطات","سطات","سيدي بومهدي","1204","19031","RNI","زهرة الكنشي","58340"
"الدار البيضاء-سطات","سطات","سيدي بومهدي","1204","19039","PI","رحال بنخية","47884"
"الدار البيضاء-سطات","سطات","سيدي بومهدي","1204","19039","PI","ايمان  عشومي ","47932"
"الدار البيضاء-سطات","سطات","سيدي بومهدي","1204","19032","PI","محمد القاسمي","33132"
"الدار البيضاء-سطات","سطات","سيدي بومهدي","1204","19032","PI","رشيدة القاسمي","33193"
"الدار البيضاء-سطات","سطات","سيدي بومهدي","1204","19036","PI","الجيلالي المعطاوي","25594"
"الدار البيضاء-سطات","سطات","سيدي بومهدي","1204","19036","PI","اسماء معطاوي","25698"
"الدار البيضاء-سطات","سطات","سيدي بومهدي","1204","19038","PI","المصطفى الدحماني","46394"
"الدار البيضاء-سطات","سطات","سيدي بومهدي","1204","19035","PAM","ياسين   الحطابي","35640"
"الدار البيضاء-سطات","سطات","سيدي بومهدي","1204","19033","PI","الميلودي بوعنان","46677"
"الدار البيضاء-سطات","سطات","سيدي بومهدي","1204","19037","PI","المعطي حيسان","85050"
"الدار البيضاء-سطات","سطات","سيدي بومهدي","1204","19034","PI","خالد الطالبي","48806"
"الدار البيضاء-سطات","سطات","سيدي بومهدي","1204","19040","PI","محمد البحراوي","34813"
"الدار البيضاء-سطات","سطات","سيدي حجاج","1231","19422","PAM","العربي هرامي","50341"
"الدار البيضاء-سطات","سطات","سيدي حجاج","1231","19424","PAM","بوعزة رقيق","3181"
"الدار البيضاء-سطات","سطات","سيدي حجاج","1231","19417","PAM","الميلودي طيب الادريسي","387"
"الدار البيضاء-سطات","سطات","سيدي حجاج","1231","19421","RNI","محمد قبة","48765"
"الدار البيضاء-سطات","سطات","سيدي حجاج","1231","19421","RNI","زهيرة قبة","48834"
"الدار البيضاء-سطات","سطات","سيدي حجاج","1231","19418","RNI","سعيد  الادريسي الهاشمي","43403"
"الدار البيضاء-سطات","سطات","سيدي حجاج","1231","19418","RNI","خديجة الفلاكي","45011"
"الدار البيضاء-سطات","سطات","سيدي حجاج","1231","19413","PAM","سعيد شهبوني","847"
"الدار البيضاء-سطات","سطات","سيدي حجاج","1231","19423","RNI","المصطفى الحاجمي","49629"
"الدار البيضاء-سطات","سطات","سيدي حجاج","1231","19423","RNI","خديجة كويرحم","49723"
"الدار البيضاء-سطات","سطات","سيدي حجاج","1231","19425","PAM","هشام هرامي","3000"
"الدار البيضاء-سطات","سطات","سيدي حجاج","1231","19425","PAM","خديجة لعسال","3051"
"الدار البيضاء-سطات","سطات","سيدي حجاج","1231","19427","PAM","بلقاسم فرح","572"
"الدار البيضاء-سطات","سطات","سيدي حجاج","1231","19414","RNI","رضوان مهاجر","105780"
"الدار البيضاء-سطات","سطات","سيدي حجاج","1231","19434","RNI","هشام لوليجات","39112"
"الدار البيضاء-سطات","سطات","سيدي حجاج","1231","19435","RNI","الزيتوني فهام","65118"
"الدار البيضاء-سطات","سطات","سيدي حجاج","1231","19420","PAM","حمزة  اله��شمي ","12435"
"الدار البيضاء-سطات","سطات","سيدي حجاج","1231","19428","PAM","المصطفى العمراني الا دريسي","13746"
"الدار البيضاء-سطات","سطات","سيدي حجاج","1231","19431","PAM","نورالدين بنان","1114"
"الدار البيضاء-سطات","سطات","سيدي حجاج","1231","19416","PAM","عبد الحق مليان","2001"
"الدار البيضاء-سطات","سطات","سيدي حجاج","1231","19430","PAM","بلقاسم شهيدات","93012"
"الدار البيضاء-سطات","سطات","سيدي حجاج","1231","19426","PAM","عبد الرحيم العيادي","23955"
"الدار البيضاء-سطات","سطات","سيدي حجاج","1231","19433","RNI","محمد بهلوان","13133"
"الدار البيضاء-سطات","سطات","سيدي حجاج","1231","19419","PAM","عبد العالي بيشوطي","1002"
"الدار البيضاء-سطات","سطات","سيدي حجاج","1231","19419","PAM","سلوى التومي","1040"
"الدار البيضاء-سطات","سطات","سيدي حجاج","1231","19429","RNI","بوعزة شهيدي","41631"
"الدار البيضاء-سطات","سطات","سيدي حجاج","1231","19432","RNI","محمد السموكي","12070"
"الدار البيضاء-سطات","سطات","سيدي حجاج","1231","19415","RNI","حميد نظيف","41890"
"الدار البيضاء-سطات","سطات","سيدي عبد الكريم","1152","27647","USFP","عزيز  نديري","85348"
"الدار البيضاء-سطات","سطات","سيدي عبد الكريم","1152","18230","RNI","محمد صفر","64406"
"الدار البيضاء-سطات","سطات","سيدي عبد الكريم","1152","18220","RNI","عبدالمجيد مختاري","25972"
"الدار البيضاء-سطات","سطات","سيدي عبد الكريم","1152","18220","RNI","فاطمة الفقير","26046"
"الدار البيضاء-سطات","سطات","سيدي عبد الكريم","1152","27646","USFP","عبد الله محب","108576"
"الدار البيضاء-سطات","سطات","سيدي عبد الكريم","1152","18229","RNI","عبدالاله التازي","21894"
"الدار البيضاء-سطات","سطات","سيدي عبد الكريم","1152","18221","CNI","العربي مخاطري","26675"
"الدار البيضاء-سطات","سطات","سيدي عبد الكريم","1152","18221","CNI","مريم باعسول","26738"
"الدار البيضاء-سطات","سطات","سيدي عبد الكريم","1152","18224","RNI","عبدالقادر الطاهري","40554"
"الدار البيضاء-سطات","سطات","سيدي عبد الكريم","1152","18231","RNI","عمرو قاسيمي","79691"
"الدار البيضاء-سطات","سطات","سيدي عبد الكريم","1152","18226","MP","الصديق بعزاوي","5510"
"الدار البيضاء-سطات","سطات","سيدي عبد الكريم","1152","18228","USFP","المصطفى فضلي","15034"
"الدار البيضاء-سطات","سطات","سيدي عبد الكريم","1152","18228","USFP","كريمة شعوري","15283"
"الدار البيضاء-سطات","سطات","سيدي عبد الكريم","1152","18223","UC","ابراهيم فؤاد","26987"
"الدار البيضاء-سطات","سطات","سيدي عبد الكريم","1152","18223","UC","حكيمة صيكوك","27041"
"الدار البيضاء-سطات","سطات","سيدي عبد الكريم","1152","18222","MP","سعيد الشاطبي","13021"
"الدار البيضاء-سطات","سطات","سيدي عبد الكريم","1152","18225","MP","عبدالرحيم ابوالفرج","52378"
"الدار البيضاء-سطات","سطات","سيدي عبد الكريم","1152","18225","MP","بوشرى العصامي","52431"
"الدار البيضاء-سطات","سطات","سيدي عبد الكريم","1152","18227","RNI","صالح مقدمي","23985"
"الدار البيضاء-سطات","سطات","سيدي عبد الكريم","1152","18232","RNI","العربي الشاوي","106206"
"الدار البيضاء-سطات","سطات","سيدي محمد بن رحال","1256","19818","RNI","حميد يمين","24721"
"الدار البيضاء-سطات","سطات","سيدي محمد بن رحال","1256","19818","RNI","نعيمة  غريب","25067"
"الدار البيضاء-سطات","سطات","سيدي محمد بن رحال","1256","19820","RNI","رشيد مسعودي","21854"
"الدار البيضاء-سطات","سطات","سيدي محمد بن رحال","1256","19820","RNI","بشرى مسعودي","21917"
"الدار البيضاء-سطات","سطات","سيدي محمد بن رحال","1256","19822","RNI","احمد كرطومي","23370"
"الدار البيضاء-سطات","سطات","سيدي محمد بن رحال","1256","19822","RNI","خديجة احسان","23462"
"الدار البيضاء-سطات","سطات","سيدي محمد بن رحال","1256","19819","RNI","بوشعيب العباري","18680"
"الدار البيضاء-سطات","سطات","سيدي محمد بن رحال","1256","19830","UC","عبد الله يوسفي","17065"
"الدار البيضاء-سطات","سطات","سيدي محمد بن رحال","1256","19821","UC","محمد عشلي","16928"
"الدار البيضاء-سطات","سطات","سيدي محمد بن رحال","1256","19826","RNI","محمد بنلحسينية","23569"
"الدار البيضاء-سطات","سطات","سيدي محمد بن رحال","1256","19826","RNI","رشيدة عصفوري","23649"
"الدار البيضاء-سطات","سطات","سيدي محمد بن رحال","1256","19824","UC","خليل بنلحسينية","18359"
"الدار البيضاء-سطات","سطات","سيدي محمد بن رحال","1256","19824","UC","نادية بنلحسينية","18476"
"الدار البيضاء-سطات","سطات","سيدي محمد بن رحال","1256","19825","RNI","محمد ساعيف","25596"
"الدار البيضاء-سطات","سطات","سيدي محمد بن رحال","1256","19827","UC","محمد السبع","17211"
"الدار البيضاء-سطات","سطات","سيدي محمد بن رحال","1256","19828","RNI","محمد عاقل","24481"
"الدار البيضاء-سطات","سطات","سيدي محمد بن رحال","1256","19823","RNI","رضوان لمسلك","33768"
"الدار البيضاء-سطات","سطات","سيدي محمد بن رحال","1256","19829","UC","محمد جوهر","16525"
"الدار البيضاء-سطات","سطات","عين الضربان - لحلاف","1594","26801","USFP","الشيخ المريني","6116"
"الدار البيضاء-سطات","سطات","عين الضربان - لحلاف","1594","26801","USFP","لكبيرة الدرويش","14143"
"الدار البيضاء-سطات","سطات","عين الضربان - لحلاف","1594","26797","USFP","محمد الغزاوي","5868"
"الدار البيضاء-سطات","سطات","عين الضربان - لحلاف","1594","26797","USFP","ريحانة الغزاوي","14347"
"الدار البيضاء-سطات","سطات","عين الضربان - لحلاف","1594","26795","USFP","سعيد انميلي","15561"
"الدار البيضاء-سطات","سطات","عين الضربان - لحلاف","1594","26796","UC","اليماني حلوم","27281"
"الدار البيضاء-سطات","سطات","عين الضربان - لحلاف","1594","26796","UC","نعيمة  فرحاوي","27435"
"الدار البيضاء-سطات","سطات","عين الضربان - لحلاف","1594","26799","UC","حجاج رداك","41052"
"الدار البيضاء-سطات","سطات","عين الضربان - لحلاف","1594","26799","UC","فاطنة ملاس","41105"
"الدار البيضاء-سطات","سطات","عين الضربان - لحلاف","1594","26798","USFP","محمد التودالي","6180"
"الدار البيضاء-سطات","سطات","عين الضربان - لحلاف","1594","26802","USFP","محمد حديد","20989"
"الدار البيضاء-سطات","سطات","عين الضربان - لحلاف","1594","26800","USFP","محمد ملول","14574"
"الدار البيضاء-سطات","سطات","عين الضربان - لحلاف","1594","26800","USFP","زوهرة الغيابي","14689"
"الدار البيضاء-سطات","سطات","عين الضربان - لحلاف","1594","26791","UC","محمد ولد ابريكة","37800"
"الدار البيضاء-سطات","سطات","عين الضربان - لحلاف","1594","26793","UC","رشيد لوزار","84075"
"الدار البيضاء-سطات","سطات","عين الضربان - لحلاف","1594","26790","UC","عبدالعالي مرزاق","63934"
"الدار البيضاء-سطات","سطات","عين الضربان - لحلاف","1594","26792","UC","عبد الكريم مصلح","38168"
"الدار البيضاء-سطات","سطات","عين الضربان - لحلاف","1594","26794","UC","هشام جلال","35904"
"الدار البيضاء-سطات","سطات","عين بلال","60","880","UC","احمد مخلف ","29219"
"الدار البيضاء-سطات","سطات","عين بلال","60","880","UC","فاطنة الشريفي","29336"
"الدار البيضاء-سطات","سطات","عين بلال","60","882","PI","العربي مجيدي","73551"
"الدار البيضاء-سطات","سطات","عين بلال","60","882","PI","نزهة مجيدي","73614"
"الدار البيضاء-سطات","سطات","عين بلال","60","881","PI","محمد بلغمي","74222"
"الدار البيضاء-سطات","سطات","عين بلال","60","881","PI","فاطنة  مبشور","74294"
"الدار البيضاء-سطات","سطات","عين بلال","60","883","PI","الهاشمي ابن الطيب","75745"
"الدار البيضاء-سطات","سطات","عين بلال","60","883","PI","فاطنة ابو الطيب","75892"
"الدار البيضاء-سطات","سطات","عين بلال","60","888","PI","عبدالعالي حمادة","76520"
"الدار البيضاء-سطات","سطات","عين بلال","60","879","UC","حميد ابو الوفاء","30656"
"الدار البيضاء-سطات","سطات","عين بلال","60","885","UC","عبد الحميد غرنيط","29791"
"الدار البيضاء-سطات","سطات","عين بلال","60","887","UC","الزيتوني عفيف","30504"
"الدار البيضاء-سطات","سطات","عين بلال","60","886","PI","حميد نزيه","75567"
"الدار البيضاء-سطات","سطات","عين بلال","60","878","UC","الطاهر ابو الوفاء ","30182"
"الدار البيضاء-سطات","سطات","عين بلال","60","878","UC","يامنة ابو الوفاء","30242"
"الدار البيضاء-سطات","سطات","عين بلال","60","884","RNI","محمد الراحلي","63544"
"الدار البيضاء-سطات","سطات","كدانة","561","8842","UC","عبد الله خوداري","107116"
"الدار البيضاء-سطات","سطات","كدانة","561","8842","UC","خديجة خوداري","107261"
"الدار البيضاء-سطات","سطات","كدانة","561","8851","PI","عبدالواحد زينون","24952"
"الدار البيضاء-سطات","سطات","كدانة","561","8851","PI","السعدية لغزاوي","25021"
"الدار البيضاء-سطات","سطات","كدانة","561","8843","UC","عبد الهادي الفضولي","68929"
"الدار البيضاء-سطات","سطات","كدانة","561","8849","UC","بوشعيب نصور","50971"
"الدار البيضاء-سطات","سطات","كدانة","561","8847","PI","عبد الهادي حريث","60021"
"الدار البيضاء-سطات","سطات","كدانة","561","8852","PI","محمد العزوزي","49739"
"الدار البيضاء-سطات","سطات","كدانة","561","8852","PI","فاطنة لهنيني","50292"
"الدار البيضاء-سطات","سطات","كدانة","561","8841","UC","محمد السمامي","51027"
"الدار البيضاء-سطات","سطات","كدانة","561","8848","UC","مسعود اوحاج","40213"
"الدار البيضاء-سطات","سطات","كدانة","561","8845","UC","احمد السعدوني","59880"
"الدار البيضاء-سطات","سطات","كدانة","561","8853","UC","عبدالحكيم خداد","51970"
"الدار البيضاء-سطات","سطات","كدانة","561","8853","UC","كوثر فنيين","52064"
"الدار البيضاء-سطات","سطات","كدانة","561","8850","PI","محمد السعدوني","23442"
"الدار البيضاء-سطات","سطات","كدانة","561","8846","PI","احمد شعيب","52999"
"الدار البيضاء-سطات","سطات","كدانة","561","8846","PI","مريم مورشيد","53089"
"الدار البيضاء-سطات","سطات","كدانة","561","8844","UC","خالد تيوك","50741"
"الدار البيضاء-سطات","سطات","كيسر","580","9142","PI","يوسف سائل","46290"
"الدار البيضاء-سطات","سطات","كيسر","580","9142","PI","سهام سائل","46400"
"الدار البيضاء-سطات","سطات","كيسر","580","9144","PI","محمد المرتجل","21071"
"الدار البيضاء-سطات","سطات","كيسر","580","9144","PI","تورية الكافي","21102"
"الدار البيضاء-سطات","سطات","كيسر","580","9148","RNI","محمد ياسين الداودي","15742"
"الدار البيضاء-سطات","سطات","كيسر","580","9146","RNI","حسن حمدي","37576"
"الدار البيضاء-سطات","سطات","كيسر","580","9146","RNI","هند  بلمدروم","37650"
"الدار البيضاء-سطات","سطات","كيسر","580","9149","RNI","عبدالمجيد العباسي","16919"
"الدار البيضاء-سطات","سطات","كيسر","580","9149","RNI","سهام حليمي","17069"
"الدار البيضاء-سطات","سطات","كيسر","580","9145","PI","عبدالعزيز الحامدي","37278"
"الدار البيضاء-سطات","سطات","كيسر","580","9141","PI","عبد الله سائل","21755"
"الدار البيضاء-سطات","سطات","كيسر","580","9140","PI","بوشعيب خليل","25395"
"الدار البيضاء-سطات","سطات","كيسر","580","9150","RNI","المصطفى غوفيري","15195"
"الدار البيضاء-سطات","سطات","كيسر","580","9150","RNI","فاطمة الرفا","15316"
"الدار البيضاء-سطات","سطات","كيسر","580","9143","PI","عبد الرحيم بنبويدة","21169"
"الدار البيضاء-سطات","سطات","كيسر","580","9147","RNI","محمد عطوف","16751"
"الدار البيضاء-سطات","سطات","كيسر","580","9151","MP","محمد نجماوي","81811"
"الدار البيضاء-سطات","سطات","كيسر","580","9152","MP","محمد سبني","34976"
"الدار البيضاء-سطات","سطات","لحوازة","763","12028","UC","رشيد لهراوي","13104"
"الدار البيضاء-سطات","سطات","لحوازة","763","12028","UC","زينب لهراوي","13145"
"الدار البيضاء-سطات","سطات","لحوازة","763","12023","UC","الطاهر النبوي","83384"
"الدار البيضاء-سطات","سطات","لحوازة","763","12023","UC","رشيدة  عرابي","83461"
"الدار البيضاء-سطات","سطات","لحوازة","763","12022","UC","عزيز الحسناوي","21683"
"الدار البيضاء-سطات","سطات","لحوازة","763","12022","UC","فاطمة ابو الطيب","21722"
"الدار البيضاء-سطات","سطات","لحوازة","763","12031","UC","المصطفى كريمي","24071"
"الدار البيضاء-سطات","سطات","لحوازة","763","12021","UC","محمد السهلي","22141"
"الدار البيضاء-سطات","سطات","لحوازة","763","12027","UC","عبد اللطيف زهير","107838"
"الدار البيضاء-سطات","سطات","لحوازة","763","12025","UC","بوشعيب شفيق","34782"
"الدار البيضاء-سطات","سطات","لحوازة","763","12025","UC","ادريسية موهيب","34860"
"الدار البيضاء-سطات","سطات","لحوازة","763","12024","UC","ياسين سجيع الدين","49708"
"الدار البيضاء-سطات","سطات","لحوازة","763","12024","UC","ايمان درويش","49794"
"الدار البيضاء-سطات","سطات","لحوازة","763","12030","UC","الكبير الرعاف","13922"
"الدار البيضاء-سطات","سطات","لحوازة","763","12026","UC","عبد النبي بنعياد","21836"
"الدار البيضاء-سطات","سطات","لحوازة","763","12029","UC","معمر امامي","21971"
"الدار البيضاء-سطات","سطات","لخزازرة","771","12143","USFP","سعيد كيران","55543"
"الدار البيضاء-سطات","سطات","لخزازرة","771","12143","USFP","مريم كفاف","55604"
"الدار البيضاء-سطات","سطات","لخزازرة","771","12146","PI","نور الدين موحريز ","61251"
"الدار البيضاء-سطات","سطات","لخزازرة","771","12146","PI","حسني وفاء نخلة","61377"
"الدار البيضاء-سطات","سطات","لخزازرة","771","12149","UC","خالد شعيب","119929"
"الدار البيضاء-سطات","سطات","لخزازرة","771","12145","PI","عبد الرزاق علالي","34250"
"الدار البيضاء-سطات","سطات","لخزازرة","771","12145","PI","نزهة  حماني ","34345"
"الدار البيضاء-سطات","سطات","لخزازرة","771","12152","PI","محمد امعيدة","87217"
"الدار البيضاء-سطات","سطات","لخزازرة","771","12144","UC","محمد  دوماس","127723"
"الدار البيضاء-سطات","سطات","لخزازرة","771","12144","UC","كوتر زكراني","127756"
"الدار البيضاء-سطات","سطات","لخزازرة","771","12150","PI","جعفر جعفر","117740"
"الدار البيضاء-سطات","سطات","لخزازرة","771","12148","PI","خليل الاشهب","94940"
"الدار البيضاء-سطات","سطات","لخزازرة","771","12148","PI","يسرى  الاشهب","95035"
"الدار البيضاء-سطات","سطات","لخزازرة","771","12151","USFP","احمد فوضال","55023"
"الدار البيضاء-سطات","سطات","لخزازرة","771","12141","USFP","الكبير محسود ","54691"
"الدار البيضاء-سطات","سطات","لخزازرة","771","12142","USFP","الحاج عزة","54851"
"الدار البيضاء-سطات","سطات","لخزازرة","771","12147","PI","الجيلالي الوسطاني","35815"
"الدار البيضاء-سطات","سطات","لخزازرة","771","12153","PI","الحاج بوبقرة","94744"
"الدار البيضاء-سطات","سطات","لقراقرة","790","12452","RNI","الميلودي عابد","79887"
"الدار البيضاء-سطات","سطات","لقراقرة","790","12452","RNI","خديجة العرشي","79952"
"الدار البيضاء-سطات","سطات","لقراقرة","790","12456","PI","محمد بوستى","11504"
"الدار البيضاء-سطات","سطات","لقراقرة","790","12456","PI","بوشرى  بوستة ","11558"
"الدار البيضاء-سطات","سطات","لقراقرة","790","12453","RNI","عبد السلام فريد","69603"
"الدار البيضاء-سطات","سطات","لقراقرة","790","12453","RNI","رقية المتقي","69627"
"الدار البيضاء-سطات","سطات","لقراقرة","790","12464","PI","احمد العرفاوي","21458"
"الدار البيضاء-سطات","سطات","لقراقرة","790","12457","PI","الحسان المدون","80591"
"الدار البيضاء-سطات","سطات","لقراقرة","790","12457","PI","فاطمة الجماعي","80664"
"الدار البيضاء-سطات","سطات","لقراقرة","790","12461","PI","سعيد المتوكل","38945"
"الدار البيضاء-سطات","سطات","لقراقرة","790","12461","PI","نجات العصامي","39089"
"الدار البيضاء-سطات","سطات","لقراقرة","790","12459","MP","سعيد سرحان","38780"
"الدار البيضاء-سطات","سطات","لقراقرة","790","12462","RNI","محمد متوكل","72755"
"الدار البيضاء-سطات","سطات","لقراقرة","790","12455","RNI","المصطفى البيطارية","49871"
"الدار البيضاء-سطات","سطات","لقراقرة","790","12458","RNI","رضوان رفيع","80757"
"الدار البيضاء-سطات","سطات","لقراقرة","790","12460","RNI","العربي فخري","49767"
"الدار البيضاء-سطات","سطات","لقراقرة","790","12463","RNI","موسى سحنون","32305"
"الدار البيضاء-سطات","سطات","لقراقرة","790","12454","PI","عبدالرحيم القاسمي","34504"
"الدار البيضاء-سطات","سطات","لولاد","806","12730","USFP","رشيد حجوبي","72941"
"الدار البيضاء-سطات","سطات","لولاد","806","12730","USFP","فاطمة لبيتي","73036"
"الدار البيضاء-سطات","سطات","لولاد","806","12725","PI","عبد الله الفاتحي","15795"
"الدار البيضاء-سطات","سطات","لولاد","806","12725","PI","سناء  علالي ","15954"
"الدار البيضاء-سطات","سطات","لولاد","806","12727","USFP","احمد  مجة","72699"
"الدار البيضاء-سطات","سطات","لولاد","806","12727","USFP"," الزهرة صبري","72763"
"الدار البيضاء-سطات","سطات","لولاد","806","12729","PI","بوشعيب الفهيد","38288"
"الدار البيضاء-سطات","سطات","لولاد","806","12729","PI","نادية وردي","38431"
"الدار البيضاء-سطات","سطات","لولاد","806","12728","PI","بوعزة  عاتق","22020"
"الدار البيضاء-سطات","سطات","لولاد","806","12728","PI","فاطمة رملي","22148"
"الدار البيضاء-سطات","سطات","لولاد","806","12724","USFP","ابراهيم نصيح","71267"
"الدار البيضاء-سطات","سطات","لولاد","806","12733","UC","حسن ناوي","84516"
"الدار البيضاء-سطات","سطات","لولاد","806","12732","USFP","محمد حجوبي","70179"
"الدار البيضاء-سطات","سطات","لولاد","806","12734","UC","الصديق لودادسي","62308"
"الدار البيضاء-سطات","سطات","لولاد","806","12726","UC","محمد ليودي","63873"
"الدار البيضاء-سطات","سطات","لولاد","806","12731","USFP","عبد الرحمان حجوبي","69862"
"الدار البيضاء-سطات","سطات","مريزيك","913","14470","PAM","حاجبة اعبودو","5062"
"الدار البيضاء-سطات","سطات","مريزيك","913","14467","USFP","بوعبيد صلاح","33236"
"الدار البيضاء-سطات","سطات","مريزيك","913","14468","USFP","الميلودي عبد النباوي","29667"
"الدار البيضاء-سطات","سطات","مريزيك","913","14468","USFP","حنان محسين","29788"
"الدار البيضاء-سطات","سطات","مريزيك","913","14477","PAM","المصطفى الصديقي","75971"
"الدار البيضاء-سطات","سطات","مريزيك","913","14477","PAM","زهراء فارس","76116"
"الدار البيضاء-سطات","سطات","مريزيك","913","14478","RNI","عبد الله غفير","21221"
"الدار البيضاء-سطات","سطات","مريزيك","913","14478","RNI","الكبيرة غفير","21244"
"الدار البيضاء-سطات","سطات","مريزيك","913","14476","PAM","ياسين صلاح","4650"
"الدار البيضاء-سطات","سطات","مريزيك","913","14479","RNI","محمد ملوز","15813"
"الدار البيضاء-سطات","سطات","مريزيك","913","14475","PAM","محمد سماح","4966"
"الدار البيضاء-سطات","سطات","مريزيك","913","14471","PAM","سعيد جمهور","5602"
"الدار البيضاء-سطات","سطات","مريزيك","913","14471","PAM","بديعة مونجي","5688"
"الدار البيضاء-سطات","سطات","مريزيك","913","14469","PAM","العربي ترابي","5209"
"الدار البيضاء-سطات","سطات","مريزيك","913","14472","PAM","هشام لمباركي","5798"
"الدار البيضاء-سطات","سطات","مريزيك","913","14472","PAM","غزلان بنان","5859"
"الدار البيضاء-سطات","سطات","مريزيك","913","14473","RNI","مصطفى اليوسفي","13570"
"الدار البيضاء-سطات","سطات","مريزيك","913","14474","PAM","احمد عياض","5433"
"الدار البيضاء-سطات","سطات","مزامزة الجنوبية","1596","26848","RNI","حسن بنزعرية","73327"
"الدار البيضاء-سطات","سطات","مزامزة الجنوبية","1596","26848","RNI","رشيدة زاهري","74235"
"الدار البيضاء-سطات","سطات","مزامزة الجنوبية","1596","26830","UC","فريد بن الأحمر","46576"
"الدار البيضاء-سطات","سطات","مزامزة الجنوبية","1596","26830","UC","فوزية بن الاحمر","46609"
"الدار البيضاء-سطات","سطات","مزامزة الجنوبية","1596","26835","MP","محمد بوحولة","36917"
"الدار البيضاء-سطات","سطات","مزامزة الجنوبية","1596","26835","MP","ليلى خليلي","37093"
"الدار البيضاء-سطات","سطات","مزامزة الجنوبية","1596","26832","UC","رشيد معروفي","46749"
"الدار البيضاء-سطات","سطات","مزامزة الجنوبية","1596","26832","UC","فاطمة  معروفي ","46804"
"الدار البيضاء-سطات","سطات","مزامزة الجنوبية","1596","26840","UC","عبد العزيز  زاهدي","29356"
"الدار البيضاء-سطات","سطات","مزامزة الجنوبية","1596","26826","UC","بنداود الكزوالي","434"
"الدار البيضاء-سطات","سطات","مزامزة الجنوبية","1596","26826","UC","سناء جغرفي","463"
"الدار البيضاء-سطات","سطات","مزامزة الجنوبية","1596","26841","UC","محمد قربال","202"
"الدار البيضاء-سطات","سطات","مزامزة الجنوبية","1596","26847","PJD","رشيد لحسوك","350"
"الدار البيضاء-سطات","سطات","مزامزة الجنوبية","1596","26828","UC","محمد جمال الدين","34092"
"الدار البيضاء-سطات","سطات","مزامزة الجنوبية","1596","26829","UC","المصطفى صبوح","29277"
"الدار البيضاء-سطات","سطات","مزامزة الجنوبية","1596","26831","MP","امحمد زهري","494"
"الدار البيضاء-سطات","سطات","مزامزة الجنوبية","1596","26839","PAM","انس وضيحي","68638"
"الدار البيضاء-سطات","سطات","مزامزة الجنوبية","1596","26837","PAM","محمد الحلوي","68671"
"الدار البيضاء-سطات","سطات","مزامزة الجنوبية","1596","26845","PAM","يونس اطمعي","49826"
"الدار البيضاء-سطات","سطات","مزامزة الجنوبية","1596","26833","UC","دغام حرشاوي","34890"
"الدار البيضاء-سطات","سطات","مزامزة الجنوبية","1596","26838","PAM","عبد الكبير وضيحي","123149"
"الدار البيضاء-سطات","سطات","مزامزة الجنوبية","1596","26834","PAM","بوشعيب مشموم","28579"
"الدار البيضاء-سطات","سطات","مزامزة الجنوبية","1596","26836","UC","محمد سماع","85099"
"الدار البيضاء-سطات","سطات","مزامزة الجنوبية","1596","26827","UC","محمد عيتاني","54126"
"الدار البيضاء-سطات","سطات","مزامزة الجنوبية","1596","26846","PAM","عبدالرحيم اطمعي","124009"
"الدار البيضاء-سطات","سطات","مزامزة الجنوبية","1596","26842","UC","هشام شهيد","42346"
"الدار البيضاء-سطات","سطات","مزامزة الجنوبية","1596","26843","PAM","عبد الهادي  الخجالي ","123529"
"الدار البيضاء-سطات","سطات","مزامزة الجنوبية","1596","26844","UC","عبدالجليل كرامي","123653"
"الدار البيضاء-سطات","سطات","مسكورة","869","13739","UC","بوشعيب الخرشفي","62196"
"الدار البيضاء-سطات","سطات","مسكورة","869","13739","UC","خديجة صاحيبي","62288"
"الدار البيضاء-سطات","سطات","مسكورة","869","13737","RNI","عبد اللطيف الخلفي","22690"
"الدار البيضاء-سطات","سطات","مسكورة","869","13737","RNI","فاطنة الكرمي","22722"
"الدار البيضاء-سطات","سطات","مسكورة","869","13745","UC","احمد كاهي","62603"
"الدار البيضاء-سطات","سطات","مسكورة","869","13740","UC","هشام غنام","62028"
"الدار البيضاء-سطات","سطات","مسكورة","869","13740","UC","سومية رؤفي","62086"
"الدار البيضاء-سطات","سطات","مسكورة","869","13746","UC","محمد غندور","53793"
"الدار البيضاء-سطات","سطات","مسكورة","869","13741","UC","محمد شهيد","54447"
"الدار البيضاء-سطات","سطات","مسكورة","869","13741","UC","فاطنة  الحبيب","54606"
"الدار البيضاء-سطات","سطات","مسكورة","869","13743","UC","نور الدين الجامعي","54232"
"الدار البيضاء-سطات","سطات","مسكورة","869","13747","UC","رحال زروق","50105"
"الدار البيضاء-سطات","سطات","مسكورة","869","13738","UC","سعيد ازعاري","54751"
"الدار البيضاء-سطات","سطات","مسكورة","869","13738","UC","فاطمة دعنون","54830"
"الدار البيضاء-سطات","سطات","مسكورة","869","13744","RNI","المصطفى ياسين","39800"
"الدار البيضاء-سطات","سطات","مسكورة","869","13742","MP","بوشعيب المخيفي","62450"
"الدار البيضاء-سطات","سطات","مشرع بن عبو","833","13131","RNI","بوشعيب مجدول","26961"
"الدار البيضاء-سطات","سطات","مشرع بن عبو","833","13131","RNI","أمال رحالي","27058"
"الدار البيضاء-سطات","سطات","مشرع بن عبو","833","13128","RNI","رحال ماهير","34011"
"الدار البيضاء-سطات","سطات","مشرع بن عبو","833","13128","RNI","خيرة ريحاني","34195"
"الدار البيضاء-سطات","سطات","مشرع بن عبو","833","13133","RNI","محمد الماوردي","28642"
"الدار البيضاء-سطات","سطات","مشرع بن عبو","833","13133","RNI","ربيعة شابو","28417"
"الدار البيضاء-سطات","سطات","مشرع بن عبو","833","13129","RNI","احمد صولاحي","13291"
"الدار البيضاء-سطات","سطات","مشرع بن عبو","833","13129","RNI","فتيحة ماهير","13420"
"الدار البيضاء-سطات","سطات","مشرع بن عبو","833","13137","RNI","عبد الرحيم كمال","13083"
"الدار البيضاء-سطات","سطات","مشرع بن عبو","833","13134","RNI","عمر مجاهد","14137"
"الدار البيضاء-سطات","سطات","مشرع بن عبو","833","13130","RNI","محمد شقراوي","15173"
"الدار البيضاء-سطات","سطات","مشرع بن عبو","833","13130","RNI","اسماء شقراوي","15280"
"الدار البيضاء-سطات","سطات","مشرع بن عبو","833","13126","RNI","هشام عمري","13622"
"الدار البيضاء-سطات","سطات","مشرع بن عبو","833","13132","RNI","بوشعيب طويل","12937"
"الدار البيضاء-سطات","سطات","مشرع بن عبو","833","13136","UC","محمد الزريبي","62300"
"الدار البيضاء-سطات","سطات","مشرع بن عبو","833","13127","RNI","عبد العالي شرفاوي","15403"
"الدار البيضاء-سطات","سطات","مشرع بن عبو","833","13125","UC","حميد مبسط","63968"
"الدار البيضاء-سطات","سطات","مشرع بن عبو","833","13135","RNI","عبدالهادي بنطلحة","15688"
"الدار البيضاء-سطات","سطات","مكارطو","813","12846","PPS","محمد نجيب بنشيخ","43957"
"الدار البيضاء-سطات","سطات","مكارطو","813","12846","PPS","الهدى شرادي","44017"
"الدار البيضاء-سطات","سطات","مكارطو","813","12842","RNI","نبيل الملياني","148506"
"الدار البيضاء-سطات","سطات","مكارطو","813","12842","RNI","مينة فهير","148607"
"الدار البيضاء-سطات","سطات","مكارطو","813","12844","PPS","بن احمد لعيالي","3633"
"الدار البيضاء-سطات","سطات","مكارطو","813","12844","PPS","عتيقة مراد","3749"
"الدار البيضاء-سطات","سطات","مكارطو","813","12849","PPS","عزوز بن الغزواني","3962"
"الدار البيضاء-سطات","سطات","مكارطو","813","12849","PPS","فاطمة ريطب","4031"
"الدار البيضاء-سطات","سطات","مكارطو","813","12843","PPS","عاديل ملياني ","107293"
"الدار البيضاء-سطات","سطات","مكارطو","813","12843","PPS","مليكة الملياني","107390"
"الدار البيضاء-سطات","سطات","مكارطو","813","12848","PPS","محمد الديمي ","6696"
"الدار البيضاء-سطات","سطات","مكارطو","813","12850","USFP","يوسف لعيالي","151"
"الدار البيضاء-سطات","سطات","مكارطو","813","12841","USFP","الجيلالي السبطي","271"
"الدار البيضاء-سطات","سطات","مكارطو","813","12847","PPS","عبدالسلام لكحل","69937"
"الدار البيضاء-سطات","سطات","مكارطو","813","12845","PPS","بوشعيب طالبي","13720"
"الدار البيضاء-سطات","سطات","مكارطو","813","12839","PPS","احمد خالد ","41223"
"الدار البيضاء-سطات","سطات","مكارطو","813","12851","USFP","لمقدم بنان ","201"
"الدار البيضاء-سطات","سطات","مكارطو","813","12840","PPS","صالح بحري","118996"
"الدار البيضاء-سطات","سطات","منيع","887","14014","RNI","عبد الرحيم  الهاشمي","70187"
"الدار البيضاء-سطات","سطات","منيع","887","14015","RNI","هشام ضفير","80251"
"الدار البيضاء-سطات","سطات","منيع","887","14015","RNI","سميرة القسموي","80320"
"الدار البيضاء-سطات","سطات","منيع","887","14023","RNI","المصطفى بنقسوم","70953"
"الدار البيضاء-سطات","سطات","منيع","887","14011","RNI","يونس سباعي","64600"
"الدار البيضاء-سطات","سطات","منيع","887","14011","RNI","نعيمة سباعي","64654"
"الدار البيضاء-سطات","سطات","منيع","887","14013","RNI","الكبير ياسين","85734"
"الدار البيضاء-سطات","سطات","منيع","887","14013","RNI","نورة ياسين","85816"
"الدار البيضاء-سطات","سطات","منيع","887","14018","RNI","مصطفى  الناجي الادريسي","72865"
"الدار البيضاء-سطات","سطات","منيع","887","14020","RNI","محمد الماموني","49375"
"الدار البيضاء-سطات","سطات","منيع","887","14016","PAM","بوشعيب زعراطي","60177"
"الدار البيضاء-سطات","سطات","منيع","887","14016","PAM","مرية  الشركي","60354"
"الدار البيضاء-سطات","سطات","منيع","887","14021","PAM","لكبير برادة","47734"
"الدار البيضاء-سطات","سطات","منيع","887","14012","RNI","ابراهيم مومن","66647"
"الدار البيضاء-سطات","سطات","منيع","887","14012","RNI","فاتحة الشتوى","66767"
"الدار البيضاء-سطات","سطات","منيع","887","14019","RNI","المصطفى متوكيل","70831"
"الدار البيضاء-سطات","سطات","منيع","887","14022","RNI","محمد البوعزاوي","74569"
"الدار البيضاء-سطات","سطات","منيع","887","14017","RNI","هشام الغيشى","52950"
"الدار البيضاء-سطات","سطات","واد النعناع","959","15146","RNI","محمد مومن ","131903"
"الدار البيضاء-سطات","سطات","واد النعناع","959","15146","RNI","مريم مومن","131767"
"الدار البيضاء-سطات","سطات","واد النعناع","959","15155","RNI","الهاشمي لعروصي","100464"
"الدار البيضاء-سطات","سطات","واد النعناع","959","15155","RNI","حليمة لعروصي","100477"
"الدار البيضاء-سطات","سطات","واد النعناع","959","15151","RNI","خالد منجد","100511"
"الدار البيضاء-سطات","سطات","واد النعناع","959","15151","RNI","نعيمة الحركاتي","100528"
"الدار البيضاء-سطات","سطات","واد النعناع","959","15154","RNI","هشام حمامة","100590"
"الدار البيضاء-سطات","سطات","واد النعناع","959","15154","RNI","السعدية  رضواني","100603"
"الدار البيضاء-سطات","سطات","واد النعناع","959","15153","USFP","عزيز بلكوشة","73257"
"الدار البيضاء-سطات","سطات","واد النعناع","959","15153","USFP","كريمة العلواني","73319"
"الدار البيضاء-سطات","سطات","واد النعناع","959","15147","RNI","أحمد مومن","132427"
"الدار البيضاء-سطات","سطات","واد النعناع","959","15145","PAM","عبد الله الكردة","12819"
"الدار البيضاء-سطات","سطات","واد النعناع","959","15152","USFP","محمد خيرات","40495"
"الدار البيضاء-سطات","سطات","واد النعناع","959","15149","USFP","محمد عزالدين","41119"
"الدار البيضاء-سطات","سطات","واد النعناع","959","15150","RNI","عبد العزيز طرمون","91138"
"الدار البيضاء-سطات","سطات","واد النعناع","959","15148","RNI","المختار حريز","133274"
"الدار البيضاء-سطات","سيدي بنور","أولاد بوساكن","993","15649","PI","التونسي الغالي","75600"
"الدار البيضاء-سطات","سيدي بنور","أولاد بوساكن","993","15649","PI","حسناء نافع","75634"
"الدار البيضاء-سطات","سيدي بنور","أولاد بوساكن","993","15647","PAM","عبد العزيز الخراف","41957"
"الدار البيضاء-سطات","سيدي بنور","أولاد بوساكن","993","15647","PAM","غنو نصر","42017"
"الدار البيضاء-سطات","سيدي بنور","أولاد بوساكن","993","15655","PI","مبارك مجدوب","16776"
"الدار البيضاء-سطات","سيدي بنور","أولاد بوساكن","993","15655","PI","عزيزة  مجدوب ","16823"
"الدار البيضاء-سطات","سيدي بنور","أولاد بوساكن","993","15656","PI","داوود النايمي ","23276"
"الدار البيضاء-سطات","سيدي بنور","أولاد بوساكن","993","15650","PI","ميلود الادريسي","24443"
"الدار البيضاء-سطات","سيدي بنور","أولاد بوساكن","993","15648","PI","يوسف سلطاني","75794"
"الدار البيضاء-سطات","سيدي بنور","أولاد بوساكن","993","15648","PI","بديعة الكيالي","75729"
"الدار البيضاء-سطات","سيدي بنور","أولاد بوساكن","993","15651","USFP","محمد الطاهري","34229"
"الدار البيضاء-سطات","سيدي بنور","أولاد بوساكن","993","15651","USFP","سناء غالم","34348"
"الدار البيضاء-سطات","سيدي بنور","أولاد بوساكن","993","15654","PAM","احمد العوني","51360"
"الدار البيضاء-سطات","سيدي بنور","أولاد بوساكن","993","15652","PI","محمد لهراوي","17268"
"الدار البيضاء-سطات","سيدي بنور","أولاد بوساكن","993","15657","PI","بوشعيب  داودي ","22379"
"الدار البيضاء-سطات","سيدي بنور","أولاد بوساكن","993","15653","USFP","المصطفى الكميري","14286"
"الدار البيضاء-سطات","سيدي بنور","أولاد سبيطة","1025","16066","USFP","عبد العزيز بن اعوينات","107009"
"الدار البيضاء-سطات","سيدي بنور","أولاد سبيطة","1025","16063","USFP","عز الدين  نشاط","8062"
"الدار البيضاء-سطات","سيدي بنور","أولاد سبيطة","1025","16063","USFP","غزلان تمري","8154"
"الدار البيضاء-سطات","سيدي بنور","أولاد سبيطة","1025","16067","UC","خالد لكرون","117712"
"الدار البيضاء-سطات","سيدي بنور","أولاد سبيطة","1025","16067","UC","مونة العسري","117754"
"الدار البيضاء-سطات","سيدي بنور","أولاد سبيطة","1025","16084","USFP","بوشعيب قائد الرحاء","12656"
"الدار البيضاء-سطات","سيدي بنور","أولاد سبيطة","1025","16079","MP","عبدالاله الزوايدي","134223"
"الدار البيضاء-سطات","سيدي بنور","أولاد سبيطة","1025","16079","MP","رشيدة الحشادي","134375"
"الدار البيضاء-سطات","سيدي بنور","أولاد سبيطة","1025","16078","USFP","البصري المعتصم","12893"
"الدار البيضاء-سطات","سيدي بنور","أولاد سبيطة","1025","16074","USFP","عبد الاله الصادري","12255"
"الدار البيضاء-سطات","سيدي بنور","أولاد سبيطة","1025","16071","USFP","بوشعيب الزلمية","12633"
"الدار البيضاء-سطات","سيدي بنور","أولاد سبيطة","1025","16065","USFP","الجيلالي التويرسي","12289"
"الدار البيضاء-سطات","سيدي بنور","أولاد سبيطة","1025","16065","USFP","أسماء التويرسي","13046"
"الدار البيضاء-سطات","سيدي بنور","أولاد سبيطة","1025","16080","PAM","عبد الرحمان  اصوالة","26334"
"الدار البيضاء-سطات","سيدي بنور","أولاد سبيطة","1025","27616","USFP","محمد قائد الرحاء","12690"
"الدار البيضاء-سطات","سيدي بنور","أولاد سبيطة","1025","16077","PAM","ابراهيم ليزول","42771"
"الدار البيضاء-سطات","سيدي بنور","أولاد سبيطة","1025","16075","USFP","عبد الفتاح قطيش","27254"
"الدار البيضاء-سطات","سيدي بنور","أولاد سبيطة","1025","16069","USFP","محمد السحنوني","23130"
"الدار البيضاء-سطات","سيدي بنور","أولاد سبيطة","1025","16068","RNI","رشيد النخيلي","29579"
"الدار البيضاء-سطات","سيدي بنور","أولاد سبيطة","1025","16082","USFP","سعيد عابيد","12458"
"الدار البيضاء-سطات","سيدي بنور","أولاد سبيطة","1025","16083","USFP","عبد الكريم كتبي","12589"
"الدار البيضاء-سطات","سيدي بنور","أولاد سبيطة","1025","16076","USFP","محمد فارس","11591"
"الدار البيضاء-سطات","سيدي بنور","أولاد سبيطة","1025","27617","USFP","محمد عمري","10881"
"الدار البيضاء-سطات","سيدي بنور","أولاد سبيطة","1025","16085","USFP","ادريس خيار","15291"
"الدار البيضاء-سطات","سيدي بنور","أولاد سبيطة","1025","16073","PAM","عبد الاله اكي","29799"
"الدار البيضاء-سطات","سيدي بنور","أولاد سبيطة","1025","16073","PAM","ليلى مضي","29737"
"الدار البيضاء-سطات","سيدي بنور","أولاد سبيطة","1025","16081","USFP","يوسف وردي","7702"
"الدار البيضاء-سطات","سيدي بنور","أولاد سبيطة","1025","16070","PI","عبد الاله السحنوني","29643"
"الدار البيضاء-سطات","سيدي بنور","أولاد سبيطة","1025","16064","USFP","علي زهران","12566"
"الدار البيضاء-سطات","سيدي بنور","أولاد سبيطة","1025","16072","USFP","ميلود الرواصي","21429"
"الدار البيضاء-سطات","سيدي بنور","أولاد سي بوحيى","1029","16141","PAM","عبد العالي اكعيش","18496"
"الدار البيضاء-سطات","سيدي بنور","أولاد سي بوحيى","1029","16141","PAM","هندة عبوبي","18473"
"الدار البيضاء-سطات","سيدي بنور","أولاد سي بوحيى","1029","16148","RNI","احمد الذهبي","91205"
"الدار البيضاء-سطات","سيدي بنور","أولاد سي بوحيى","1029","16148","RNI","مينة الخطاري","91473"
"الدار البيضاء-سطات","سيدي بنور","أولاد سي بوحيى","1029","16137","PAM","نور الدين مفضال","27453"
"الدار البيضاء-سطات","سيدي بنور","أولاد سي بوحيى","1029","16142","PAM","عبد الحكيم الادريسي","41202"
"الدار البيضاء-سطات","سيدي بنور","أولاد سي بوحيى","1029","16145","PAM","كريمة حكيمي","40894"
"الدار البيضاء-سطات","سيدي بنور","أولاد سي بوحيى","1029","16138","PJD","محمد شريف","117941"
"الدار البيضاء-سطات","سيدي بنور","أولاد سي بوحيى","1029","16134","RNI","ادريس جنان","91319"
"الدار البيضاء-سطات","سيدي بنور","أولاد سي بوحيى","1029","16147","RNI","رشيد الادريسي","91614"
"الدار البيضاء-سطات","سيدي بنور","أولاد سي بوحيى","1029","16147","RNI","بحرية بن الشلح","92181"
"الدار البيضاء-سطات","سيدي بنور","أولاد سي بوحيى","1029","16135","PAM","ابراهيم البوهالي","17720"
"الدار البيضاء-سطات","سيدي بنور","أولاد سي بوحيى","1029","16149","RNI","منير الادريسي","9389"
"الدار البيضاء-سطات","سيدي بنور","أولاد سي بوحيى","1029","16136","RNI","عبد الله شاطر","9299"
"الدار البيضاء-سطات","سيدي بنور","أولاد سي بوحيى","1029","16136","RNI","زهراء عميري","9266"
"الدار البيضاء-سطات","سيدي بنور","أولاد سي بوحيى","1029","16146","RNI","التجاني الادريسي","53617"
"الدار البيضاء-سطات","سيدي بنور","أولاد سي بوحيى","1029","16146","RNI","نجوى البحياوي","53690"
"الدار البيضاء-سطات","سيدي بنور","أولاد سي بوحيى","1029","16139","PAM","علي الادريسي","17703"
"الدار البيضاء-سطات","سيدي بنور","أولاد سي بوحيى","1029","16144","RNI","احمد الرباع","40461"
"الدار البيضاء-سطات","سيدي بنور","أولاد سي بوحيى","1029","16152","PAM","الغريب لعوج","27700"
"الدار البيضاء-سطات","سيدي بنور","أولاد سي بوحيى","1029","16140","PAM","ادريس الخدير","17637"
"الدار البيضاء-سطات","سيدي بنور","أولاد سي بوحيى","1029","16132","PAM","ادريس اقبابو","28920"
"الدار البيضاء-سطات","سيدي بنور","أولاد سي بوحيى","1029","16150","PAM","منير بن القاضي","44114"
"الدار البيضاء-سطات","سيدي بنور","أولاد سي بوحيى","1029","16143","PAM","عبد الرزاق حليم","28832"
"الدار البيضاء-سطات","سيدي بنور","أولاد سي بوحيى","1029","16131","RNI","عبد المجيد معتضد بالله","148604"
"الدار البيضاء-سطات","سيدي بنور","أولاد سي بوحيى","1029","16133","PAM","نور الدين الناصح","41351"
"الدار البيضاء-سطات","سيدي بنور","أولاد سي بوحيى","1029","16151","RNI","عبد الوهاب البوريطي","30341"
"الدار البيضاء-سطات","سيدي بنور","أولاد سي بوحيى","1029","16153","RNI","محمد الطاهري","18256"
"الدار البيضاء-سطات","سيدي بنور","أولاد عمران","984","15546","UC","عبد النبي الناصري","8701"
"الدار البيضاء-سطات","سيدي بنور","أولاد عمران","984","15537","UC","عبد الكريم امين","12244"
"الدار البيضاء-سطات","سيدي بنور","أولاد عمران","984","15535","UC","ادريس امين","8599"
"الدار البيضاء-سطات","سيدي بنور","أولاد عمران","984","15535","UC","مجيدة دهبي","8669"
"الدار البيضاء-سطات","سيدي بنور","أولاد عمران","984","15539","UC","عبد المالك الفطير","126667"
"الدار البيضاء-سطات","سيدي بنور","أولاد عمران","984","15539","UC","حورية الزيدالي","126699"
"الدار البيضاء-سطات","سيدي بنور","أولاد عمران","984","15545","UC","عبدالغني تويمة","17140"
"الدار البيضاء-سطات","سيدي بنور","أولاد عمران","984","15545","UC","صالحة السايح","17113"
"الدار البيضاء-سطات","سيدي بنور","أولاد عمران","984","15534","UC","احمد امين","5079"
"الدار البيضاء-سطات","سيدي بنور","أولاد عمران","984","15534","UC","فوزية مناصر","5183"
"الدار البيضاء-سطات","سيدي بنور","أولاد عمران","984","15541","UC","سمير  الخودايري ","4287"
"الدار البيضاء-سطات","سيدي بنور","أولاد عمران","984","15542","UC","حسن امين","5393"
"الدار البيضاء-سطات","سيدي بنور","أولاد عمران","984","15540","UC","يوسف فرسي","15947"
"الدار البيضاء-سطات","سيدي بنور","أولاد عمران","984","15542","UC","عائشة خيزران","5206"
"الدار البيضاء-سطات","سيدي بنور","أولاد عمران","984","15543","UC","سعيد اخلوصى","8316"
"الدار البيضاء-سطات","سيدي بنور","أولاد عمران","984","15536","UC","عباس الريبقي","8975"
"الدار البيضاء-سطات","سيدي بنور","أولاد عمران","984","15544","UC","عبد العالي عكرود","8269"
"الدار البيضاء-سطات","سيدي بنور","أولاد عمران","984","15538","UC","ابراهيم امين","5099"
"الدار البيضاء-سطات","سيدي بنور","الغربية","797","12584","PI","سليمان الكرادي","51350"
"الدار البيضاء-سطات","سيدي بنور","الغربية","797","12584","PI","صارة الكرادي","51500"
"الدار البيضاء-سطات","سيدي بنور","الغربية","797","12581","PAM","عبد الوهاب المتوكل","72253"
"الدار البيضاء-سطات","سيدي بنور","الغربية","797","12581","PAM","عائشة خبازي","71391"
"الدار البيضاء-سطات","سيدي بنور","الغربية","797","12586","PAM","محمد الدريع","79546"
"الدار البيضاء-سطات","سيدي بنور","الغربية","797","12579","USFP","بوشعيب بردان","25461"
"الدار البيضاء-سطات","سيدي بنور","الغربية","797","12567","PAM","سامي بوكطاية","46486"
"الدار البيضاء-سطات","سيدي بنور","الغربية","797","12567","PAM","مروة بوكطاية","46533"
"الدار البيضاء-سطات","سيدي بنور","الغربية","797","12580","USFP","التهامي بالحمراء","17458"
"الدار البيضاء-سطات","سيدي بنور","الغربية","797","12577","USFP","بوشعيب سلامة","33173"
"الدار البيضاء-سطات","سيدي بنور","الغربية","797","12577","USFP","زهراء شاكر","33203"
"الدار البيضاء-سطات","سيدي بنور","الغربية","797","12582","USFP","الوافي الجعفري","32531"
"الدار البيضاء-سطات","سيدي بنور","الغربية","797","12571","USFP","عبد الرحيم اريري","22725"
"الدار البيضاء-سطات","سيدي بنور","الغربية","797","12571","USFP","خديجة اريري","22739"
"الدار البيضاء-سطات","سيدي بنور","الغربية","797","12569","USFP","احمد المعيدن ","62752"
"الدار البيضاء-سطات","سيدي بنور","الغربية","797","12587","PI","يونس دهاج","64280"
"الدار البيضاء-سطات","سيدي بنور","الغربية","797","12568","PI","الطاهر اللبان","107429"
"الدار البيضاء-سطات","سيدي بنور","الغربية","797","12573","PI","عبد الكريم ماريغ","39909"
"الدار البيضاء-سطات","سيدي بنور","الغربية","797","12575","USFP","احمد لحبيري","91311"
"الدار البيضاء-سطات","سيدي بنور","الغربية","797","12585","USFP","الحسن اللحية","14395"
"الدار البيضاء-سطات","سيدي بنور","الغربية","797","12589","RNI","بوشعيب البوعياشي","32547"
"الدار البيضاء-سطات","سيدي بنور","الغربية","797","12570","PI","المختار امكيمل","70339"
"الدار البيضاء-سطات","سيدي بنور","الغربية","797","12578","PAM","عباس الجعفري","153788"
"الدار البيضاء-سطات","سيدي بنور","الغربية","797","12583","RNI","عبد المجيد رفيع","24673"
"الدار البيضاء-سطات","سيدي بنور","الغربية","797","12574","USFP","يوسف البغلي","58357"
"الدار البيضاء-سطات","سيدي بنور","الغربية","797","12588","USFP","عبد العزيز شهيد","15118"
"الدار البيضاء-سطات","سيدي بنور","الغربية","797","12576","PI","احمد غنام","73411"
"الدار البيضاء-سطات","سيدي بنور","الغربية","797","12572","USFP","احمد  مالكي ","21845"
"الدار البيضاء-سطات","سيدي بنور","الغنادرة","756","26510","USFP","عبد الغني مخداد","2325"
"الدار البيضاء-سطات","سيدي بنور","الغنادرة","756","26510","USFP","سعاد الصادق","2363"
"الدار البيضاء-سطات","سيدي بنور","الغنادرة","756","26504","USFP","محمد بلعروسي","10073"
"الدار البيضاء-سطات","سيدي بنور","الغنادرة","756","26504","USFP","السعدية صافي","10002"
"الدار البيضاء-سطات","سيدي بنور","الغنادرة","756","26508","USFP","سعيد الصباغ","5746"
"الدار البيضاء-سطات","سيدي بنور","الغنادرة","756","26508","USFP","زينب رفيع","6050"
"الدار البيضاء-سطات","سيدي بنور","الغنادرة","756","26515","USFP","عبد الوهاب مسطري","10912"
"الدار البيضاء-سطات","سيدي بنور","الغنادرة","756","26492","USFP","محمد دويراني","15961"
"الدار البيضاء-سطات","سيدي بنور","الغنادرة","756","26493","USFP","محمد سلامي","7351"
"الدار البيضاء-سطات","سيدي بنور","الغنادرة","756","26505","USFP","عبدالرزاق المنصوري","40959"
"الدار البيضاء-سطات","سيدي بنور","الغنادرة","756","26505","USFP","خديجة مستكفي","41060"
"الدار البيضاء-سطات","سيدي بنور","الغنادرة","756","26499","USFP","حسن اصيل","13007"
"الدار البيضاء-سطات","سيدي بنور","الغنادرة","756","26512","USFP","العيادي كروج","24466"
"الدار البيضاء-سطات","سيدي بنور","الغنادرة","756","26507","PJD","سعيد  المسكين ","142821"
"الدار البيضاء-سطات","سيدي بنور","الغنادرة","756","26507","PJD","بشرى ابن لحنين","142904"
"الدار البيضاء-سطات","سيدي بنور","الغنادرة","756","26503","USFP","عبدالمجيد مسيوي","7991"
"الدار البيضاء-سطات","سيدي بنور","الغنادرة","756","26495","USFP","عبد المالك بن التيس","12299"
"الدار البيضاء-سطات","سيدي بنور","الغنادرة","756","26516","RNI","عبد اللطيف بالرائي","27604"
"الدار البيضاء-سطات","سيدي بنور","الغنادرة","756","26497","USFP","الحسين دينون","13897"
"الدار البيضاء-سطات","سيدي بنور","الغنادرة","756","26500","USFP","عبدالرحمان نبيل","8044"
"الدار البيضاء-سطات","سيدي بنور","الغنادرة","756","26506","USFP","عبد الهادي واوا","8224"
"الدار البيضاء-سطات","سيدي بنور","الغنادرة","756","26502","PAM","المصطفى الرفيني","8031"
"الدار البيضاء-سطات","سيدي بنور","الغنادرة","756","26509","MP","العربي القطفي","24610"
"الدار البيضاء-سطات","سيدي بنور","الغنادرة","756","26496","RNI","عبد الوهاب ايغافي","13056"
"الدار البيضاء-سطات","سيدي بنور","الغنادرة","756","26494","USFP","عبد الله رحمون","7590"
"الدار البيضاء-سطات","سيدي بنور","الغنادرة","756","26514","USFP","بوشعيب ابريبر","10013"
"الدار البيضاء-سطات","سيدي بنور","الغنادرة","756","26511","USFP","نور الدين بنعبو","6699"
"الدار البيضاء-سطات","سيدي بنور","الغنادرة","756","26501","PI","نورالدين الحمدوني","62269"
"الدار البيضاء-سطات","سيدي بنور","الغنادرة","756","26498","USFP","مصطفى انعينيعة","12356"
"الدار البيضاء-سطات","سيدي بنور","الغنادرة","756","26513","USFP","يوسف  العيبود ","119294"
"الدار البيضاء-سطات","سيدي بنور","الوليدية","804","12695","PI","المختار بئر الجمل","63202"
"الدار البيضاء-سطات","سيدي بنور","الوليدية","804","12694","PI","الصديق بوريك","15720"
"الدار البيضاء-سطات","سيدي بنور","الوليدية","804","12694","PI","حليمة بلال","15691"
"الدار البيضاء-سطات","سيدي بنور","الوليدية","804","12690","USFP","بناصر صدقي","8443"
"الدار البيضاء-سطات","سيدي بنور","الوليدية","804","12693","PI","عبد العزيز عرشي","87655"
"الدار البيضاء-سطات","سيدي بنور","الوليدية","804","25751","USFP","طارق المخفي","8415"
"الدار البيضاء-سطات","سيدي بنور","الوليدية","804","25751","USFP","نعيمة روان","8484"
"الدار البيضاء-سطات","سيدي بنور","الوليدية","804","12686","USFP","ميلود البهالي","22611"
"الدار البيضاء-سطات","سيدي بنور","الوليدية","804","12686","USFP","رشيدة البوهالي","22470"
"الدار البيضاء-سطات","سيدي بنور","الوليدية","804","12691","PAM","احمد اهبارية","8886"
"الدار البيضاء-سطات","سيدي بنور","الوليدية","804","25755","PI","عبد الهادي عرشي","24413"
"الدار البيضاء-سطات","سيدي بنور","الوليدية","804","12697","PI","المصطفى اشرينبو","13589"
"الدار البيضاء-سطات","سيدي بنور","الوليدية","804","12696","PI","كمال بوزندار","25865"
"الدار البيضاء-سطات","سيدي بنور","الوليدية","804","25748","USFP","محمد ادحيم","47154"
"الدار البيضاء-سطات","سيدي بنور","الوليدية","804","25748","USFP","ثورية ادحيم","47104"
"الدار البيضاء-سطات","سيدي بنور","الوليدية","804","12692","PI","محمد السلماني","24492"
"الدار البيضاء-سطات","سيدي بنور","الوليدية","804","12689","USFP","محمد سالمي","22411"
"الدار البيضاء-سطات","سيدي بنور","الوليدية","804","25750","USFP","بدر الدين بلفقيه","15835"
"الدار البيضاء-سطات","سيدي بنور","الوليدية","804","25749","PI","هشام جوبير","8917"
"الدار البيضاء-سطات","سيدي بنور","الوليدية","804","25753","USFP","سفيان الهايل","12499"
"الدار البيضاء-سطات","سيدي بنور","الوليدية","804","12700","USFP","عبد العزيز ابروج","14694"
"الدار البيضاء-سطات","سيدي بنور","الوليدية","804","25754","PI","ادريس لعبيد","8550"
"الدار البيضاء-سطات","سيدي بنور","الوليدية","804","12699","USFP","عبدالسلام مروام","8426"
"الدار البيضاء-سطات","سيدي بنور","الوليدية","804","12688","USFP","مصطفى احمادة","8401"
"الدار البيضاء-سطات","سيدي بنور","الوليدية","804","12687","USFP","الحسن نجيب","8391"
"الدار البيضاء-سطات","سيدي بنور","الوليدية","804","12687","USFP","نادية عاقيل","8569"
"الدار البيضاء-سطات","سيدي بنور","الوليدية","804","12698","USFP","سمير وفقي","12670"
"الدار البيضاء-سطات","سيدي بنور","الوليدية","804","25752","PI","عبد الحق  الزيدي","39440"
"الدار البيضاء-سطات","سيدي بنور","امطل","825","13026","UC","عبد المجيد مؤدب","19032"
"الدار البيضاء-سطات","سيدي بنور","امطل","825","13026","UC","حسنة الوفائي ","18860"
"الدار البيضاء-سطات","سيدي بنور","امطل","825","13031","UC","عبدالاله المرني","72910"
"الدار البيضاء-سطات","سيدي بنور","امطل","825","13031","UC","بهيجة  الشواف","72981"
"الدار البيضاء-سطات","سيدي بنور","امطل","825","13023","PAM","ابراهيم اصليحي","26693"
"الدار البيضاء-سطات","سيدي بنور","امطل","825","13023","PAM","حليمة شرفالدين","26109"
"الدار البيضاء-سطات","سيدي بنور","امطل","825","13027","UC","مجيد مرتاح","25308"
"الدار البيضاء-سطات","سيدي بنور","امطل","825","13021","USFP","محمد لهلوس","119621"
"الدار البيضاء-سطات","سيدي بنور","امطل","825","13021","USFP","رجاء الباهي","119495"
"الدار البيضاء-سطات","سيدي بنور","امطل","825","13028","PAM","يونس الصالحي","25382"
"الدار البيضاء-سطات","سيدي بنور","امطل","825","13028","PAM","مليكة  الجباري","25442"
"الدار البيضاء-سطات","سيدي بنور","امطل","825","13029","PAM","محمد امين وحيد","26386"
"الدار البيضاء-سطات","سيدي بنور","امطل","825","13025","PAM","عبد الالاه زهير","26275"
"الدار البيضاء-سطات","سيدي بنور","امطل","825","13022","PAM","عبد الرزاق بنغنية","84896"
"الدار البيضاء-سطات","سيدي بنور","امطل","825","13032","UC","المصطفى السلامي","26471"
"الدار البيضاء-سطات","سيدي بنور","امطل","825","13033","UC","يوسف ليمي","18971"
"الدار البيضاء-سطات","سيدي بنور","امطل","825","13024","UC","رحال البغدادي","18782"
"الدار البيضاء-سطات","سيدي بنور","امطل","825","13030","USFP","محمد لمستف","121318"
"الدار البيضاء-سطات","سيدي بنور","بني تسيريس","369","5684","PAM","غانم القمري","4715"
"الدار البيضاء-سطات","سيدي بنور","بني تسيريس","369","5684","PAM","امينة  وردالي ","4632"
"الدار البيضاء-سطات","سيدي بنور","بني تسيريس","369","5682","PAM","عبد الفتاح شوفة","3027"
"الدار البيضاء-سطات","سيدي بنور","بني تسيريس","369","5682","PAM","رشيدة ناصر","2957"
"الدار البيضاء-سطات","سيدي بنور","بني تسيريس","369","5679","USFP","احمد سالك","3515"
"الدار البيضاء-سطات","سيدي بنور","بني تسيريس","369","5679","USFP","امينة سالك","3444"
"الدار البيضاء-سطات","سيدي بنور","بني تسيريس","369","5691","USFP","عبد الفتاح مونجي","7580"
"الدار البيضاء-سطات","سيدي بنور","بني تسيريس","369","5691","USFP","فاطمة باكر","7719"
"الدار البيضاء-سطات","سيدي بنور","بني تسيريس","369","5681","PAM","يوسف سراج الدين","41925"
"الدار البيضاء-سطات","سيدي بنور","بني تسيريس","369","5681","PAM","فاتحة الحلوي","42083"
"الدار البيضاء-سطات","سيدي بنور","بني تسيريس","369","5689","PAM","نورالدين شرموقة","6905"
"الدار البيضاء-سطات","سيدي بنور","بني تسيريس","369","5683","PAM","محمد العمراني","4359"
"الدار البيضاء-سطات","سيدي بنور","بني تسيريس","369","5688","PAM","رشيد غلام","6127"
"الدار البيضاء-سطات","سيدي بنور","بني تسيريس","369","5685","PAM","عبد الواحد شاكر","5121"
"الدار البيضاء-سطات","سيدي بنور","بني تسيريس","369","5686","PAM","محمد شفيق","5616"
"الدار البيضاء-سطات","سيدي بنور","بني تسيريس","369","5687","PAM","عبد الفتاح نحيل","5071"
"الدار البيضاء-سطات","سيدي بنور","بني تسيريس","369","5690","PAM","الحسين الزرق","7061"
"الدار البيضاء-سطات","سيدي بنور","بني تسيريس","369","5693","USFP","ميلود عبار","83839"
"الدار البيضاء-سطات","سيدي بنور","بني تسيريس","369","5680","USFP","محمد فرينة","22218"
"الدار البيضاء-سطات","سيدي بنور","بني تسيريس","369","5692","USFP","يوسف الابيض","16123"
"الدار البيضاء-سطات","سيدي بنور","بني هلال","345","5291","PAM","عبد اللطيف محفوظ","85066"
"الدار البيضاء-سطات","سيدي بنور","بني هلال","345","5291","PAM","حفيظة نشاط","85161"
"الدار البيضاء-سطات","سيدي بنور","بني هلال","345","5292","PAM","حسن الزمراني","122037"
"الدار البيضاء-سطات","سيدي بنور","بني هلال","345","5292","PAM","فاطنة العبيدي","122113"
"الدار البيضاء-سطات","سيدي بنور","بني هلال","345","5298","PAM","عبدالله الثقافي","61193"
"الدار البيضاء-سطات","سيدي بنور","بني هلال","345","5281","PAM","بوشعيب عمار","114398"
"الدار البيضاء-سطات","سيدي بنور","بني هلال","345","5285","PAM","احمد رويكات","124222"
"الدار البيضاء-سطات","سيدي بنور","بني هلال","345","5285","PAM","حبيبة الحق","125058"
"الدار البيضاء-سطات","سيدي بنور","بني هلال","345","5283","PAM","عبد اللطيف بالهراس","95891"
"الدار البيضاء-سطات","سيدي بنور","بني هلال","345","5296","PAM","محمد ثمين","63641"
"الدار البيضاء-سطات","سيدي بنور","بني هلال","345","5282","PAM","محمد نهي","61270"
"الدار البيضاء-سطات","سيدي بنور","بني هلال","345","5297","PAM","احمد الحاتيت","76026"
"الدار البيضاء-سطات","سيدي بنور","بني هلال","345","5297","PAM","حياة غومريس","76049"
"الدار البيضاء-سطات","سيدي بنور","بني هلال","345","5295","PAM","بوشعيب الجامعي","62368"
"الدار البيضاء-سطات","سيدي بنور","بني هلال","345","5293","PAM","عبدالكريم نعومي","61122"
"الدار البيضاء-سطات","سيدي بنور","بني هلال","345","5294","PAM","عبد الفتاح  عمار","121771"
"الدار البيضاء-سطات","سيدي بنور","بني هلال","345","5303","PAM","نور الدين الكراشي","61105"
"الدار البيضاء-سطات","سيدي بنور","بني هلال","345","5286","PAM","عزيز اهريوش","61308"
"الدار البيضاء-سطات","سيدي بنور","بني هلال","345","5284","PAM","عبدالحق عبد العالي","84858"
"الدار البيضاء-سطات","سيدي بنور","بني هلال","345","5288","PAM","ابراهيم صمام","61289"
"الدار البيضاء-سطات","سيدي بنور","بني هلال","345","5288","PAM","نجوة عيسوك","61325"
"الدار البيضاء-سطات","سيدي بنور","بني هلال","345","5301","PAM","محمد الرمش","61542"
"الدار البيضاء-سطات","سيدي بنور","بني هلال","345","5287","PAM","بوشعيب الخالدي","124902"
"الدار البيضاء-سطات","سيدي بنور","بني هلال","345","5290","PAM","عبد الحق عبد العالي","85414"
"الدار البيضاء-سطات","سيدي بنور","بني هلال","345","5299","PAM","المصطفى الرمش","61650"
"الدار البيضاء-سطات","سيدي بنور","بني هلال","345","5300","PAM","احمد حداوي","90362"
"الدار البيضاء-سطات","سيدي بنور","بني هلال","345","5302","PI","محمد زينابي","25839"
"الدار البيضاء-سطات","سيدي بنور","بني هلال","345","5289","PAM","احمد بوغداد","62126"
"الدار البيضاء-سطات","سيدي بنور","بوحمام","396","6143","RNI","عثمان الغروادي","32770"
"الدار البيضاء-سطات","سيدي بنور","بوحمام","396","6143","RNI","حنان الغروادي","32792"
"الدار البيضاء-سطات","سيدي بنور","بوحمام","396","6132","UC","يونس بنرابحة","13736"
"الدار البيضاء-سطات","سيدي بنور","بوحمام","396","6139","UC","لكبير الفروجي","26537"
"الدار البيضاء-سطات","سيدي بنور","بوحمام","396","6135","PAM","يونس العاطي الله","3750"
"الدار البيضاء-سطات","سيدي بنور","بوحمام","396","6135","PAM","نعيمة البدري","3686"
"الدار البيضاء-سطات","سيدي بنور","بوحمام","396","6147","UC","ميلود العساوي","44249"
"الدار البيضاء-سطات","سيدي بنور","بوحمام","396","6129","UC","رضوان  امهيدرة ","3895"
"الدار البيضاء-سطات","سيدي بنور","بوحمام","396","6144","UC","رشيد افريحة","29193"
"الدار البيضاء-سطات","سيدي بنور","بوحمام","396","6136","UC","عبد العزيز الفضيلي","26493"
"الدار البيضاء-سطات","سيدي بنور","بوحمام","396","6141","PI","هشام ايت الحاج","61327"
"الدار البيضاء-سطات","سيدي بنور","بوحمام","396","6141","PI","مينة عماد","61416"
"الدار البيضاء-سطات","سيدي بنور","بوحمام","396","6148","UC","محمد هاشمي","19172"
"الدار البيضاء-سطات","سيدي بنور","بوحمام","396","6146","PI","الحسن بوعنان","59304"
"الدار البيضاء-سطات","سيدي بنور","بوحمام","396","6140","UC","نافع ياسين","71049"
"الدار البيضاء-سطات","سيدي بنور","بوحمام","396","6138","PI","عبد العالي الصباغ","62344"
"الدار البيضاء-سطات","سيدي بنور","بوحمام","396","6128","RNI","عبد الصديق الحجامي ","1896"
"الدار البيضاء-سطات","سيدي بنور","بوحمام","396","6130","FFD","حميد ابو طالب","18949"
"الدار البيضاء-سطات","سيدي بنور","بوحمام","396","6130","FFD","حنان صبري","18914"
"الدار البيضاء-سطات","سيدي بنور","بوحمام","396","6137","PAM","احمد زفير","11315"
"الدار البيضاء-سطات","سيدي بنور","بوحمام","396","6131","UC","عبد الحكيم بلبراح","21249"
"الدار البيضاء-سطات","سيدي بنور","بوحمام","396","6131","UC","السعدية اكحيل","21271"
"الدار البيضاء-سطات","سيدي بنور","بوحمام","396","6145","PI","عبدالهادي العماري","61859"
"الدار البيضاء-سطات","سيدي بنور","بوحمام","396","6142","RNI","عمر لعربات","4967"
"الدار البيضاء-سطات","سيدي بنور","بوحمام","396","6134","PAM","رضوان لكرون","6568"
"الدار البيضاء-سطات","سيدي بنور","بوحمام","396","6133","UC","احمد امغار","118169"
"الدار البيضاء-سطات","سيدي بنور","بوحمام","396","6127","FFD","المصطفى الزموري","6234"
"الدار البيضاء-سطات","سيدي بنور","بوحمام","396","6126","UC","الغالي ورار","39186"
"الدار البيضاء-سطات","سيدي بنور","تامدة","1363","21454","PI","محمد سقري","35761"
"الدار البيضاء-سطات","سيدي بنور","تامدة","1363","21447","PI","مبارك خديري","34579"
"الدار البيضاء-سطات","سيدي بنور","تامدة","1363","21449","UC","جمال  عبادي","32923"
"الدار البيضاء-سطات","سيدي بنور","تامدة","1363","21449","UC","فاطمة سكماك","32948"
"الدار البيضاء-سطات","سيدي بنور","تامدة","1363","21445","UC","عبد الهادي الناصيري","32728"
"الدار البيضاء-سطات","سيدي بنور","تامدة","1363","21443","UC","سامي جوادي","60935"
"الدار البيضاء-سطات","سيدي بنور","تامدة","1363","21443","UC","ابتسام الخطاب","61074"
"الدار البيضاء-سطات","سيدي بنور","تامدة","1363","21446","UC","محمد بنمينة","32578"
"الدار البيضاء-سطات","سيدي بنور","تامدة","1363","21450","PI","محمد لكحائلي","39673"
"الدار البيضاء-سطات","سيدي بنور","تامدة","1363","21450","PI","لطيفة  محفوضي","39752"
"الدار البيضاء-سطات","سيدي بنور","تامدة","1363","21448","PI","رضوان  الاطرش","34930"
"الدار البيضاء-سطات","سيدي بنور","تامدة","1363","21451","RNI","عبد الحق الابيض","36981"
"الدار البيضاء-سطات","سيدي بنور","تامدة","1363","21451","RNI","زهرة  الدرقاوي","37047"
"الدار البيضاء-سطات","سيدي بنور","تامدة","1363","21444","PI","محمد هماز","40285"
"الدار البيضاء-سطات","سيدي بنور","تامدة","1363","21444","PI","فاطمة وشريح","40439"
"الدار البيضاء-سطات","سيدي بنور","تامدة","1363","21453","PI","مصطفى بهيج","136312"
"الدار البيضاء-سطات","سيدي بنور","تامدة","1363","21452","PI","رضوان بهيج","39591"
"الدار البيضاء-سطات","سيدي بنور","تامدة","1363","21455","PI","بوشعيب زواوي","35934"
"الدار البيضاء-سطات","سيدي بنور","جابرية","673","10528","RNI","عبدالله الفقير","39312"
"الدار البيضاء-سطات","سيدي بنور","جابرية","673","10528","RNI","سمية اراوي","39201"
"الدار البيضاء-سطات","سيدي بنور","جابرية","673","10535","FFD","سعيد الحافظي","64448"
"الدار البيضاء-سطات","سيدي بنور","جابرية","673","10522","FFD","محمد اراوي","14988"
"الدار البيضاء-سطات","سيدي بنور","جابرية","673","10523","UC","علال اراوي","81249"
"الدار البيضاء-سطات","سيدي بنور","جابرية","673","10519","PI","المحفوظ الطيب","64282"
"الدار البيضاء-سطات","سيدي بنور","جابرية","673","10519","PI","ايمان طيب","64381"
"الدار البيضاء-سطات","سيدي بنور","جابرية","673","10521","PI","الحسن اراوي","44069"
"الدار البيضاء-سطات","سيدي بنور","جابرية","673","10536","PI","النعمان العامري","139316"
"الدار البيضاء-سطات","سيدي بنور","جابرية","673","10536","PI","أمال الضو","139527"
"الدار البيضاء-سطات","سيدي بنور","جابرية","673","10533","FFD","محمد الاروجي","15477"
"الدار البيضاء-سطات","سيدي بنور","جابرية","673","10533","FFD","فاطمة شاكر","15574"
"الدار البيضاء-سطات","سيدي بنور","جابرية","673","10515","FFD","مبارك بوعلي","63942"
"الدار البيضاء-سطات","سيدي بنور","جابرية","673","10517","FFD","عباس القشاش","48233"
"الدار البيضاء-سطات","سيدي بنور","جابرية","673","10527","PI","احمد الاوراوي الادريسي","63861"
"الدار البيضاء-سطات","سيدي بنور","جابرية","673","10527","PI","رشيدة اراوي","63732"
"الدار البيضاء-سطات","سيدي بنور","جابرية","673","10531","FFD","الصديق شاكر","112405"
"الدار البيضاء-سطات","سيدي بنور","جابرية","673","10524","FFD","سالم اراوي","48081"
"الدار البيضاء-سطات","سيدي بنور","جابرية","673","10520","FFD","عبدالمالك لكحل","27482"
"الدار البيضاء-سطات","سيدي بنور","جابرية","673","10516","FFD","عبد النبي بلفقير","27409"
"الدار البيضاء-سطات","سيدي بنور","جابرية","673","10532","FFD","الطاهر شاكر","73151"
"الدار البيضاء-سطات","سيدي بنور","جابرية","673","10525","FFD","ابراهيم بن غربة","48149"
"الدار البيضاء-سطات","سيدي بنور","جابرية","673","10526","PI","احمد الحيدي","29018"
"الدار البيضاء-سطات","سيدي بنور","جابرية","673","10529","PI","سمير الزوين","48794"
"الدار البيضاء-سطات","سيدي بنور","جابرية","673","10537","FFD","عبد السلام اضويو","73222"
"الدار البيضاء-سطات","سيدي بنور","جابرية","673","10518","RNI","احمد ازنين","34741"
"الدار البيضاء-سطات","سيدي بنور","جابرية","673","10534","PI","توفيق الناصري","34522"
"الدار البيضاء-سطات","سيدي بنور","جابرية","673","10530","RNI","الحسن  بن الشلح","144682"
"الدار البيضاء-سطات","سيدي بنور","خميس القصيبة","717","11261","PAM","عبد القادر الصديقي","61482"
"الدار البيضاء-سطات","سيدي بنور","خميس القصيبة","717","11261","PAM","اسية النورالسعيد","61529"
"الدار البيضاء-سطات","سيدي بنور","خميس القصيبة","717","11259","PAM","عبد الله الزوين ","40317"
"الدار البيضاء-سطات","سيدي بنور","خميس القصيبة","717","11259","PAM","حياة الغزواني","40460"
"الدار البيضاء-سطات","سيدي بنور","خميس القصيبة","717","11255","PAM","المصدق الحمدوني","53080"
"الدار البيضاء-سطات","سيدي بنور","خميس القصيبة","717","11253","PAM","محمد  لطيف","53267"
"الدار البيضاء-سطات","سيدي بنور","خميس القصيبة","717","11260","RNI","عثمان بوعلام","41775"
"الدار البيضاء-سطات","سيدي بنور","خميس القصيبة","717","11260","RNI","أميمة زرهوني","41854"
"الدار البيضاء-سطات","سيدي بنور","خميس القصيبة","717","11254","PAM","مبارك العطار","55217"
"الدار البيضاء-سطات","سيدي بنور","خميس القصيبة","717","11254","PAM","سناء  كصير","55285"
"الدار البيضاء-سطات","سيدي بنور","خميس القصيبة","717","11256","PAM","علال المطيع","35804"
"الدار البيضاء-سطات","سيدي بنور","خميس القصيبة","717","11257","PAM","عبداللطيف ابن الصحراوي","59861"
"الدار البيضاء-سطات","سيدي بنور","خميس القصيبة","717","11262","MP","بوشعيب الصوفي","154501"
"الدار البيضاء-سطات","سيدي بنور","خميس القصيبة","717","11262","MP","فاطمة البيضاوي","154551"
"الدار البيضاء-سطات","سيدي بنور","خميس القصيبة","717","11258","PAM","هشام الفقير","63347"
"الدار البيضاء-سطات","سيدي بنور","خميس القصيبة","717","11263","PAM","يوسف ناصف","74243"
"الدار البيضاء-سطات","سيدي بنور","زمامرة","1540","24106","USFP","عبد الاله حيضر","95952"
"الدار البيضاء-سطات","سيدي بنور","زمامرة","1540","24109","USFP","ادريس بلخدير","120387"
"الدار البيضاء-سطات","سيدي بنور","زمامرة","1540","24109","USFP","خديجة نضيف","120453"
"الدار البيضاء-سطات","سيدي بنور","زمامرة","1540","24116","USFP","عبد السلام بلقشور","121209"
"الدار البيضاء-سطات","سيدي بنور","زمامرة","1540","24116","USFP","نجاة كمير","121139"
"الدار البيضاء-سطات","سيدي بنور","زمامرة","1540","24112","USFP","عبد الحق وجيد","40235"
"الدار البيضاء-سطات","سيدي بنور","زمامرة","1540","24110","RNI","محمد حسان","55871"
"الدار البيضاء-سطات","سيدي بنور","زمامرة","1540","24110","RNI","عزيزة حسان","55899"
"الدار البيضاء-سطات","سيدي بنور","زمامرة","1540","24107","USFP","ابراهيم طاوسي","96124"
"الدار البيضاء-سطات","سيدي بنور","زمامرة","1540","24115","USFP","عماد بلكشور","13468"
"الدار البيضاء-سطات","سيدي بنور","زمامرة","1540","24115","USFP","فاطمة النعامي","13718"
"الدار البيضاء-سطات","سيدي بنور","زمامرة","1540","24113","USFP","احمد منشور","152108"
"الدار البيضاء-سطات","سيدي بنور","زمامرة","1540","24118","RNI","عبدالرحيم هلييل","56094"
"الدار البيضاء-سطات","سيدي بنور","زمامرة","1540","24118","RNI","الزوهرة  كاسم","56125"
"الدار البيضاء-سطات","سيدي بنور","زمامرة","1540","24114","USFP","الحسين العامري","15802"
"الدار البيضاء-سطات","سيدي بنور","زمامرة","1540","27789","RNI","سعيد  ابن راتب","55930"
"الدار البيضاء-سطات","سيدي بنور","زمامرة","1540","24117","USFP","يوسف علول","43990"
"الدار البيضاء-سطات","سيدي بنور","زمامرة","1540","24111","USFP","ميلود حداد","21744"
"الدار البيضاء-سطات","سيدي بنور","زمامرة","1540","27788","USFP","كمال فتوخ","44067"
"الدار البيضاء-سطات","سيدي بنور","زمامرة","1540","24108","USFP","عباس الشهيدي","96166"
"الدار البيضاء-سطات","سيدي بنور","سانية بركيك","1123","26582","RNI","عبد الغني الوناس","107962"
"الدار البيضاء-سطات","سيدي بنور","سانية بركيك","1123","26582","RNI","زينب ابوسلامة","108307"
"الدار البيضاء-سطات","سيدي بنور","سانية بركيك","1123","26576","RNI","عبد العزيز عباد","109736"
"الدار البيضاء-سطات","سيدي بنور","سانية بركيك","1123","26576","RNI","مريم  الحاجز","109783"
"الدار البيضاء-سطات","سيدي بنور","سانية بركيك","1123","26586","PI","الحسن العمري","47098"
"الدار البيضاء-سطات","سيدي بنور","سانية بركيك","1123","26571","USFP","خالد الكرودي","37310"
"الدار البيضاء-سطات","سيدي بنور","سانية بركيك","1123","26571","USFP","راضية الكرودي","37351"
"الدار البيضاء-سطات","سيدي بنور","سانية بركيك","1123","26578","USFP","عبد الاله صاحب الدين","2347"
"الدار البيضاء-سطات","سيدي بنور","سانية بركيك","1123","26578","USFP","السعدية الشقري","2095"
"الدار البيضاء-سطات","سيدي بنور","سانية بركيك","1123","26575","PI","المصطفى لحمادي","55079"
"الدار البيضاء-سطات","سيدي بنور","سانية بركيك","1123","26570","PI","عبد الرحيم لعبودي","53694"
"الدار البيضاء-سطات","سيدي بنور","سانية بركيك","1123","26579","RNI","عبد الواحد الصقلي","107258"
"الدار البيضاء-سطات","سيدي بنور","سانية بركيك","1123","26579","RNI","نورة بعضوض","107290"
"الدار البيضاء-سطات","سيدي بنور","سانية بركيك","1123","26577","PJD","عبد الكبير العامري","146990"
"الدار البيضاء-سطات","سيدي بنور","سانية بركيك","1123","26591","PAM","محمد بنعلو","62405"
"الدار البيضاء-سطات","سيدي بنور","سانية بركيك","1123","26589","PI","سعيد الصيلي","61506"
"الدار البيضاء-سطات","سيدي بنور","سانية بركيك","1123","26590","PAM","جواد مزوز","33112"
"الدار البيضاء-سطات","سيدي بنور","سانية بركيك","1123","26573","USFP","عبد الحق بحر","53530"
"الدار البيضاء-سطات","سيدي بنور","سانية بركيك","1123","26583","USFP","ادريس ذاكر الله","920"
"الدار البيضاء-سطات","سيدي بنور","سانية بركيك","1123","26572","RNI","عبد المجيد رزوالي","109879"
"الدار البيضاء-سطات","سيدي بنور","سانية بركيك","1123","26585","PI","ياسين بلمجدوب","46789"
"الدار البيضاء-سطات","سيدي بنور","سانية بركيك","1123","26569","PI","خديجة بوردود","36702"
"الدار البيضاء-سطات","سيدي بنور","سانية بركيك","1123","26567","PI","عباس زيادي","53533"
"الدار البيضاء-سطات","سيدي بنور","سانية بركيك","1123","26568","USFP","لحبيب بركيكة","5710"
"الدار البيضاء-سطات","سيدي بنور","سانية بركيك","1123","26584","USFP","رشيد ابو زيد","83317"
"الدار البيضاء-سطات","سيدي بنور","سانية بركيك","1123","26580","PI","امحمد اكريش","53736"
"الدار البيضاء-سطات","سيدي بنور","سانية بركيك","1123","26587","RNI","رضوان البوعفيفي","135450"
"الدار البيضاء-سطات","سيدي بنور","سانية بركيك","1123","26574","PI","حميد الواثق بالله","53649"
"الدار البيضاء-سطات","سيدي بنور","سانية بركيك","1123","26588","UC","يونس المرجي","17035"
"الدار البيضاء-سطات","سيدي بنور","سانية بركيك","1123","26581","USFP","سمير الكدار","9321"
"الدار البيضاء-سطات","سيدي بنور","سيدي بنور","1187","25114","RNI","عبد المعيد اسعد","113436"
"الدار البيضاء-سطات","سيدي بنور","سيدي بنور","1187","25114","RNI","حسناء النووي","113480"
"الدار البيضاء-سطات","سيدي بنور","سيدي بنور","1187","25114","RNI","عمر  قلوبي","113497"
"الدار البيضاء-سطات","سيدي بنور","سيدي بنور","1187","25114","RNI","الطاهرة الميني","113544"
"الدار البيضاء-سطات","سيدي بنور","سيدي بنور","1187","25114","RNI","احمد حسناوي","113539"
"الدار البيضاء-سطات","سيدي بنور","سيدي بنور","1187","25114","RNI","حنان مجاهد","113612"
"الدار البيضاء-سطات","سيدي بنور","سيدي بنور","1187","25114","RNI","موسى زاهد","113644"
"الدار البيضاء-سطات","سيدي بنور","سيدي بنور","1187","25114","PPS","عز الدين بنشامة","125630"
"الدار البيضاء-سطات","سيدي بنور","سيدي بنور","1187","25114","PPS","حكيمة كحيلي","125635"
"الدار البيضاء-سطات","سيدي بنور","سيدي بنور","1187","25114","PPS","اشرف لشهب","125665"
"الدار البيضاء-سطات","سيدي بنور","سيدي بنور","1187","25114","MP","عبد اللطيف بلبوير","118875"
"الدار البيضاء-سطات","سيدي بنور","سيدي بنور","1187","25114","MP","فاطنة بواب","119173"
"الدار البيضاء-سطات","سيدي بنور","سيدي بنور","1187","25114","MP","محمد نيل","118973"
"الدار البيضاء-سطات","سيدي بنور","سيدي بنور","1187","25114","PI","محمد الناجي","154585"
"الدار البيضاء-سطات","سيدي بنور","سيدي بنور","1187","25114","PI","فاتحة حدو","154619"
"الدار البيضاء-سطات","سيدي بنور","سيدي بنور","1187","25114","PI","الحمدوني نهيد","154627"
"الدار البيضاء-سطات","سيدي بنور","سيدي بنور","1187","25114","PEDD","ادريس بن حمادي","87479"
"الدار البيضاء-سطات","سيدي بنور","سيدي بنور","1187","25114","PEDD","خديجة الدرقاوي","87522"
"الدار البيضاء-سطات","سيدي بنور","سيدي بنور","1187","25114","FFD","عبد الحليم منيار","105233"
"الدار البيضاء-سطات","سيدي بنور","سيدي بنور","1187","25114","FFD","بثينة اللهيوي","105265"
"الدار البيضاء-سطات","سيدي بنور","سيدي بنور","1187","25114","USFP","فوزي سير","52479"
"الدار البيضاء-سطات","سيدي بنور","سيدي بنور","1187","25114","USFP","خديجة غفران","52997"
"الدار البيضاء-سطات","سيدي بنور","سيدي بنور","1187","25114","UC","طارق وحيد","71779"
"الدار البيضاء-سطات","سيدي بنور","سيدي بنور","1187","25114","UC","فاطمة الحجام","71797"
"الدار البيضاء-سطات","سيدي بنور","سيدي بنور","1187","25114","PAM","عبد الاله البنوري","147646"
"الدار البيضاء-سطات","سيدي بنور","سيدي بنور","1187","25114","PAM","فاطنة القوييد","148118"
"الدار البيضاء-سطات","سيدي بنور","سيدي بنور","1187","25114","PJD","حميد يفيد","61831"
"الدار البيضاء-سطات","سيدي بنور","سيدي بنور","1187","25114","PML","محمد فكرة","151555"
"الدار البيضاء-سطات","سيدي بنور","سيدي بنور","1187","25114","PRV","بومهدي النمرود","122484"
"الدار البيضاء-سطات","سيدي بنور","سيدي بنور","1187","25114","PSU","رشيد  سعيد","124326"
"الدار البيضاء-سطات","سيدي بنور","سيدي بنور","1187","25114","PA","عباس لشهب","25606"
"الدار البيضاء-سطات","سيدي بنور","كدية بني دغوغ","723","11389","PI","محمد بوصالح","35741"
"الدار البيضاء-سطات","سيدي بنور","كدية بني دغوغ","723","11389","PI","خديجة بونان","35832"
"الدار البيضاء-سطات","سيدي بنور","كدية بني دغوغ","723","11374","PI","المصطفى الناجي","8721"
"الدار البيضاء-سطات","سيدي بنور","كدية بني دغوغ","723","11374","PI","فاطمة بحار","8743"
"الدار البيضاء-سطات","سيدي بنور","كدية بني دغوغ","723","11372","UC","رشيد جودي","27855"
"الدار البيضاء-سطات","سيدي بنور","كدية بني دغوغ","723","11388","UC","محمد بلهندة","13351"
"الدار البيضاء-سطات","سيدي بنور","كدية بني دغوغ","723","11388","UC","عتيقة الجراري","13764"
"الدار البيضاء-سطات","سيدي بنور","كدية بني دغوغ","723","11385","PAM","جمال بوزغار","73502"
"الدار البيضاء-سطات","سيدي بنور","كدية بني دغوغ","723","11384","PAM","سعيد بوزغار","73368"
"الدار البيضاء-سطات","سيدي بنور","كدية بني دغوغ","723","11384","PAM","فاطمة بونان","73422"
"الدار البيضاء-سطات","سيدي بنور","كدية بني دغوغ","723","11373","PI","عبد الحق الناجي","8793"
"الدار البيضاء-سطات","سيدي بنور","كدية بني دغوغ","723","11387","UC","عبد الرزاق طويل","134985"
"الدار البيضاء-سطات","سيدي بنور","كدية بني دغوغ","723","11387","UC","زبيدة خالدي","135109"
"الدار البيضاء-سطات","سيدي بنور","كدية بني دغوغ","723","11383","UC","محمد سعودي","9443"
"الدار البيضاء-سطات","سيدي بنور","كدية بني دغوغ","723","11382","PI","عبد المنعم العزوزي","29617"
"الدار البيضاء-سطات","سيدي بنور","كدية بني دغوغ","723","11371","UC","سعيد كريم","8754"
"الدار البيضاء-سطات","سيدي بنور","كدية بني دغوغ","723","11386","UC","رشيد الحداد","51015"
"الدار البيضاء-سطات","سيدي بنور","كدية بني دغوغ","723","11376","PI","عبد الخالق مقراسو","82739"
"الدار البيضاء-سطات","سيدي بنور","كدية بني دغوغ","723","11369","PI","الطيب حجاج","81607"
"الدار البيضاء-سطات","سيدي بنور","كدية بني دغوغ","723","11377","UC","احمد الحافظي","6416"
"الدار البيضاء-سطات","سيدي بنور","كدية بني دغوغ","723","11380","UC","مبارك عقاد","16327"
"الدار البيضاء-سطات","سيدي بنور","كدية بني دغوغ","723","11370","UC","لحسن انكادي","8612"
"الدار البيضاء-سطات","سيدي بنور","كدية بني دغوغ","723","11368","UC","عبد الفتاح سعدون","4699"
"الدار البيضاء-سطات","سيدي بنور","كدية بني دغوغ","723","11367","PI","رشيد العباسي","27886"
"الدار البيضاء-سطات","سيدي بنور","كدية بني دغوغ","723","11381","PI","عبد الفتاح الطيوبي","27980"
"الدار البيضاء-سطات","سيدي بنور","كدية بني دغوغ","723","11378","PI","عبد المولى المجيب","143628"
"الدار البيضاء-سطات","سيدي بنور","كدية بني دغوغ","723","11379","UC","سعيد  العاطف ","81698"
"الدار البيضاء-سطات","سيدي بنور","كدية بني دغوغ","723","11375","PI","عباس اسطار","47747"
"الدار البيضاء-سطات","سيدي بنور","كرديد","725","11407","MP","علال عواج","42120"
"الدار البيضاء-سطات","سيدي بنور","كرديد","725","11407","MP","فاطمة البداوي","41988"
"الدار البيضاء-سطات","سيدي بنور","كرديد","725","11401","UC","المصطفى  الكموني","11466"
"الدار البيضاء-سطات","سيدي بنور","كرديد","725","11401","UC","سميرة سعد الدين","11538"
"الدار البيضاء-سطات","سيدي بنور","كرديد","725","11408","PI","عبد العاطي الحيمد","70285"
"الدار البيضاء-سطات","سيدي بنور","كرديد","725","11408","PI","العالية صراخ","70341"
"الدار البيضاء-سطات","سيدي بنور","كرديد","725","11404","PI","هشام وردي","117278"
"الدار البيضاء-سطات","سيدي بنور","كرديد","725","11404","PI","زهراء حنان","117366"
"الدار البيضاء-سطات","سيدي بنور","كرديد","725","11405","UC","الحسن البودالي","10975"
"الدار البيضاء-سطات","سيدي بنور","كرديد","725","11410","PI","الميلودي حرمة الله","15880"
"الدار البيضاء-سطات","سيدي بنور","كرديد","725","11411","UC","سعيد الزواغي","32612"
"الدار البيضاء-سطات","سيدي بنور","كرديد","725","25721","RNI","عبدالسلام  بشاري ","36027"
"الدار البيضاء-سطات","سيدي بنور","كرديد","725","11406","PJD","بوشتى شهيد","18526"
"الدار البيضاء-سطات","سيدي بنور","كرديد","725","11403","RNI","الحبيب قراع","12773"
"الدار البيضاء-سطات","سيدي بنور","كرديد","725","11403","RNI","خديجة هروال","12826"
"الدار البيضاء-سطات","سيدي بنور","كرديد","725","11412","PJD","محمد الصلحي","117108"
"الدار البيضاء-سطات","سيدي بنور","كرديد","725","11402","PAM","ادريس ابيى","16499"
"الدار البيضاء-سطات","سيدي بنور","كرديد","725","11409","PI","منصور غواص","70207"
"الدار البيضاء-سطات","سيدي بنور","كرديد","725","11413","PI","محمد السخاوي","62623"
"الدار البيضاء-سطات","سيدي بنور","كرديد","725","25720","UC","بوشعيب حموكة","16278"
"الدار البيضاء-سطات","سيدي بنور","لعامرية","736","11590","PAM","بوشعيب النجدي","48898"
"الدار البيضاء-سطات","سيدي بنور","لعامرية","736","11590","PAM","حليمة البكاري","49399"
"الدار البيضاء-سطات","سيدي بنور","لعامرية","736","11592","PAM","محمد طالح","75991"
"الدار البيضاء-سطات","سيدي بنور","لعامرية","736","11592","PAM","خديجة الوفدي","75955"
"الدار البيضاء-سطات","سيدي بنور","لعامرية","736","11585","PAM","توفيق حميد","50886"
"الدار البيضاء-سطات","سيدي بنور","لعامرية","736","11585","PAM","سعاد البركاوي","51031"
"الدار البيضاء-سطات","سيدي بنور","لعامرية","736","11589","PAM","علي محدق","43091"
"الدار البيضاء-سطات","سيدي بنور","لعامرية","736","11591","PAM","سعيد عاطف","48829"
"الدار البيضاء-سطات","سيدي بنور","لعامرية","736","11591","PAM","الشعيبية الصافي","48938"
"الدار البيضاء-سطات","سيدي بنور","لعامرية","736","11594","RNI","عبد الرزاق  العلام ","65994"
"الدار البيضاء-سطات","سيدي بنور","لعامرية","736","11594","RNI","فاطمة الزهراء المرزوكي","66101"
"الدار البيضاء-سطات","سيدي بنور","لعامرية","736","11587","PAM","عبد المجيد دغداغ","36810"
"الدار البيضاء-سطات","سيدي بنور","لعامرية","736","11582","PAM","عبد الفتاح وهبي","49038"
"الدار البيضاء-سطات","سيدي بنور","لعامرية","736","11593","RNI","رشيد الادريسي","66073"
"الدار البيضاء-سطات","سيدي بنور","لعامرية","736","11588","PAM","احمد بلفقير","43094"
"الدار البيضاء-سطات","سيدي بنور","لعامرية","736","11584","PAM","العوني  مقداد","84361"
"الدار البيضاء-سطات","سيدي بنور","لعامرية","736","11586","PAM","ادريس عامري","61198"
"الدار البيضاء-سطات","سيدي بنور","لعامرية","736","11583","PUD","عبد الغاني بالحاضي","66015"
"الدار البيضاء-سطات","سيدي بنور","لعطاطرة","743","11689","MP","كلثوم نعيم","52427"
"الدار البيضاء-سطات","سيدي بنور","لعطاطرة","743","11689","MP","فاطمة سايك","52473"
"الدار البيضاء-سطات","سيدي بنور","لعطاطرة","743","25722","PI","خالد العقاد","157096"
"الدار البيضاء-سطات","سيدي بنور","لعطاطرة","743","25725","PAM","عبد الفتاح خلفي","4912"
"الدار البيضاء-سطات","سيدي بنور","لعطاطرة","743","11694","PI","صلاح الدين خرشش","33327"
"الدار البيضاء-سطات","سيدي بنور","لعطاطرة","743","11694","PI","فاطنة الخدلي","33296"
"الدار البيضاء-سطات","سيدي بنور","لعطاطرة","743","25726","FFD","عبد الرزاق لبداوي","15772"
"الدار البيضاء-سطات","سيدي بنور","لعطاطرة","743","25726","FFD","وصال حرشيش","33421"
"الدار البيضاء-سطات","سيدي بنور","لعطاطرة","743","11690","PAM","المصطفى الصراخ","4781"
"الدار البيضاء-سطات","سيدي بنور","لعطاطرة","743","11686","RNI","منير الفاضل","52738"
"الدار البيضاء-سطات","سيدي بنور","لعطاطرة","743","11686","RNI","خدوج الحمري","52829"
"الدار البيضاء-سطات","سيدي بنور","لعطاطرة","743","11693","PAM","محمد الشاوي","41483"
"الدار البيضاء-سطات","سيدي بنور","لعطاطرة","743","11691","PAM","رضوان السبيطي","5698"
"الدار البيضاء-سطات","سيدي بنور","لعطاطرة","743","25723","RNI","عبد الناصر شهاب","34774"
"الدار البيضاء-سطات","سيدي بنور","لعطاطرة","743","11692","RNI","يوسف عافي","34346"
"الدار البيضاء-سطات","سيدي بنور","لعطاطرة","743","11687","PAM","عبد الرزاق صادق","25869"
"الدار البيضاء-سطات","سيدي بنور","لعطاطرة","743","25724","MP","محمد كائن","21164"
"الدار البيضاء-سطات","سيدي بنور","لعطاطرة","743","11696","RNI","محمد مينار","38894"
"الدار البيضاء-سطات","سيدي بنور","لعطاطرة","743","11697","PAM","المصطفى كونين","17934"
"الدار البيضاء-سطات","سيدي بنور","لعطاطرة","743","11697","PAM","زهرة ناجح","17980"
"الدار البيضاء-سطات","سيدي بنور","لعطاطرة","743","25729","MP","محمد عريش","18624"
"الدار البيضاء-سطات","سيدي بنور","لعطاطرة","743","11685","RNI","بوشعيب الخلفي سباويه","118878"
"الدار البيضاء-سطات","سيدي بنور","لعطاطرة","743","25727","PI","عبد السلام مسكين","29312"
"الدار البيضاء-سطات","سيدي بنور","لعطاطرة","743","11699","PAM","عبد اللطيف الكصي","4575"
"الدار البيضاء-سطات","سيدي بنور","لعطاطرة","743","11698","PI","يوسف بنوار","29046"
"الدار البيضاء-سطات","سيدي بنور","لعطاطرة","743","25728","UC","عبد الرحيم  النويري ","5811"
"الدار البيضاء-سطات","سيدي بنور","لعطاطرة","743","11695","MP","عبد العزيز رجي","46578"
"الدار البيضاء-سطات","سيدي بنور","لعطاطرة","743","11688","RNI","رضوان عافي","21653"
"الدار البيضاء-سطات","سيدي بنور","لعكاكشة","733","11545","USFP","علي اسويهلي","11380"
"الدار البيضاء-سطات","سيدي بنور","لعكاكشة","733","11545","USFP","زينب  اكطيب ","19473"
"الدار البيضاء-سطات","سيدي بنور","لعكاكشة","733","11544","USFP","حسن البدوي","11190"
"الدار البيضاء-سطات","سيدي بنور","لعكاكشة","733","11539","USFP","عبد المجيد بلمهول","10966"
"الدار البيضاء-سطات","سيدي بنور","لعكاكشة","733","11539","USFP","فوزية الشرفاوي","19117"
"الدار البيضاء-سطات","سيدي بنور","لعكاكشة","733","11553","UC","محمد فنان","15764"
"الدار البيضاء-سطات","سيدي بنور","لعكاكشة","733","11543","USFP","ادريس عاطر","11072"
"الدار البيضاء-سطات","سيدي بنور","لعكاكشة","733","11543","USFP","امينة نجيب","11087"
"الدار البيضاء-سطات","سيدي بنور","لعكاكشة","733","11547","PI","اسماعيل حوزي","17287"
"الدار البيضاء-سطات","سيدي بنور","لعكاكشة","733","11552","USFP","الحبيب البشاري","29158"
"الدار البيضاء-سطات","سيدي بنور","لعكاكشة","733","11551","PI","محمد اليماني","11447"
"الدار البيضاء-سطات","سيدي بنور","لعكاكشة","733","11548","USFP","عبد الحق بوسلهام","11214"
"الدار البيضاء-سطات","سيدي بنور","لعكاكشة","733","11540","USFP","عبد الهادي العامري","10997"
"الدار البيضاء-سطات","سيدي بنور","لعكاكشة","733","11540","USFP","مريم ماهر","11004"
"الدار البيضاء-سطات","سيدي بنور","لعكاكشة","733","11549","PI","عبد الحكيم بوهاشم","18500"
"الدار البيضاء-سطات","سيدي بنور","لعكاكشة","733","11541","USFP","ابويه جناح","11021"
"الدار البيضاء-سطات","سيدي بنور","لعكاكشة","733","11542","PJD","عبد المجيد منير","113567"
"الدار البيضاء-سطات","سيدي بنور","لعكاكشة","733","11542","PJD","الكبيرة الحيطيا","113412"
"الدار البيضاء-سطات","سيدي بنور","لعكاكشة","733","11546","MP","ابراهيم الهواري","86871"
"الدار البيضاء-سطات","سيدي بنور","لعكاكشة","733","11550","PI","عبد العزيز  الشرفي","18408"
"الدار البيضاء-سطات","سيدي بنور","لعونات","740","11641","PAM","هشام الشاوي","13882"
"الدار البيضاء-سطات","سيدي بنور","لعونات","740","11641","PAM","نعيمة العيدي","13926"
"الدار البيضاء-سطات","سيدي بنور","لعونات","740","11643","USFP","يوسف  كريم ","101959"
"الدار البيضاء-سطات","سيدي بنور","لعونات","740","11643","USFP","بهيجة خليل","102004"
"الدار البيضاء-سطات","سيدي بنور","لعونات","740","11637","USFP","ادريس سراج الدين","15177"
"الدار البيضاء-سطات","سيدي بنور","لعونات","740","11650","USFP","محمد ربوح","28387"
"الدار البيضاء-سطات","سيدي بنور","لعونات","740","11646","PAM","عزالدين بكراوي","53955"
"الدار البيضاء-سطات","سيدي بنور","لعونات","740","11634","USFP","المهدي سالك","28558"
"الدار البيضاء-سطات","سيدي بنور","لعونات","740","11640","USFP","عبد الجبار عودة","38541"
"الدار البيضاء-سطات","سيدي بنور","لعونات","740","11640","USFP","اميمة المنطري","38598"
"الدار البيضاء-سطات","سيدي بنور","لعونات","740","11644","PAM","المصطفى حسبي","15136"
"الدار البيضاء-سطات","سيدي بنور","لعونات","740","11644","PAM","ناضرة محيب","15104"
"الدار البيضاء-سطات","سيدي بنور","لعونات","740","11642","USFP","عز الدين سليم","106275"
"الدار البيضاء-سطات","سيدي بنور","لعونات","740","11655","USFP","عبد الحق زمزوم","28500"
"الدار البيضاء-سطات","سيدي بنور","لعونات","740","11645","USFP","عبد الرحمان الخياطي","138726"
"الدار البيضاء-سطات","سيدي بنور","لعونات","740","11645","USFP","نبيلة زمران","139049"
"الدار البيضاء-سطات","سيدي بنور","لعونات","740","11638","USFP","ادريس المكاوي","36676"
"الدار البيضاء-سطات","سيدي بنور","لعونات","740","11635","USFP","توفيق اللوز","46519"
"الدار البيضاء-سطات","سيدي بنور","لعونات","740","11648","PAM","بوشعيب شعوبي","37969"
"الدار البيضاء-سطات","سيدي بنور","لعونات","740","11654","USFP","خالد التونسي","14700"
"الدار البيضاء-سطات","سيدي بنور","لعونات","740","11653","PAM","عبد الرحيم اكرار","79705"
"الدار البيضاء-سطات","سيدي بنور","لعونات","740","11639","USFP","عبد الباقي المكاوي","42209"
"الدار البيضاء-سطات","سيدي بنور","لعونات","740","11652","PAM","عبد الله باموس","8587"
"الدار البيضاء-سطات","سيدي بنور","لعونات","740","11656","PI","فؤاد الموضة","86550"
"الدار البيضاء-سطات","سيدي بنور","لعونات","740","11649","USFP","هشام حسون","46475"
"الدار البيضاء-سطات","سيدي بنور","لعونات","740","11647","PAM","محمد وراد","130796"
"الدار البيضاء-سطات","سيدي بنور","لعونات","740","11636","USFP","محمد عبد الحق","140380"
"الدار البيضاء-سطات","سيدي بنور","لعونات","740","11651","PAM","احمد البكامي","42163"
"الدار البيضاء-سطات","سيدي بنور","لمشرك","801","12648","RNI","عبد القادر قنديل","42954"
"الدار البيضاء-سطات","سيدي بنور","لمشرك","801","12648","RNI","سناء العامل","42991"
"الدار البيضاء-سطات","سيدي بنور","لمشرك","801","12645","RNI","نور الدين الناوي","9265"
"الدار البيضاء-سطات","سيدي بنور","لمشرك","801","12645","RNI","مريم الادريسي","9232"
"الدار البيضاء-سطات","سيدي بنور","لمشرك","801","12646","RNI","عبد الغني عبد المجيد","9219"
"الدار البيضاء-سطات","سيدي بنور","لمشرك","801","25740","RNI","ياسر قنديل","9144"
"الدار البيضاء-سطات","سيدي بنور","لمشرك","801","12657","RNI","احمد العروي","9192"
"الدار البيضاء-سطات","سيدي بنور","لمشرك","801","12654","RNI","عبد الكريم ادليوة","9208"
"الدار البيضاء-سطات","سيدي بنور","لمشرك","801","12654","RNI","نادية ادليوة","9234"
"الدار البيضاء-سطات","سيدي بنور","لمشرك","801","12653","RNI","حسن البصري","27982"
"الدار البيضاء-سطات","سيدي بنور","لمشرك","801","12653","RNI","عزيزة حسونة","28040"
"الدار البيضاء-سطات","سيدي بنور","لمشرك","801","25747","RNI","عبد الله بهاض","18674"
"الدار البيضاء-سطات","سيدي بنور","لمشرك","801","12656","RNI","الكتاني ماهري","9240"
"الدار البيضاء-سطات","سيدي بنور","لمشرك","801","12649","RNI","نور الدين الرحوحة","9247"
"الدار البيضاء-سطات","سيدي بنور","لمشرك","801","12651","RNI","عبد الحميد خياطي","9416"
"الدار البيضاء-سطات","سيدي بنور","لمشرك","801","25745","RNI","عزيز زمراوي","18620"
"الدار البيضاء-سطات","سيدي بنور","لمشرك","801","12655","RNI","بوشعيب عبد العظيم","9172"
"الدار البيضاء-سطات","سيدي بنور","لمشرك","801","12658","RNI","عبد العزيز بوجيم","9126"
"الدار البيضاء-سطات","سيدي بنور","لمشرك","801","25743","FFD","نجيم الزاوية","18703"
"الدار البيضاء-سطات","سيدي بنور","لمشرك","801","12659","RNI","ابراهيم بوجادي","109727"
"الدار البيضاء-سطات","سيدي بنور","لمشرك","801","25746","RNI","عبد العزيز بوعرفة","9260"
"الدار البيضاء-سطات","سيدي بنور","لمشرك","801","12650","RNI","الحسين حجري","53492"
"الدار البيضاء-سطات","سيدي بنور","لمشرك","801","12650","RNI","حليمة الازرق","53447"
"الدار البيضاء-سطات","سيدي بنور","لمشرك","801","12652","FFD","فريد منياوي","42904"
"الدار البيضاء-سطات","سيدي بنور","لمشرك","801","25742","RNI","المصطفى العباسي","64955"
"الدار البيضاء-سطات","سيدي بنور","لمشرك","801","12647","RNI","ابراهيم الرحوي","28078"
"الدار البيضاء-سطات","سيدي بنور","لمشرك","801","25744","RNI","عبد المالك ابو النعيم","65048"
"الدار البيضاء-سطات","سيدي بنور","لمشرك","801","25741","RNI","عبد الواحد ملين","9124"
"الدار البيضاء-سطات","سيدي بنور","مطران","874","13797","USFP","محمد الغزواني","154263"
"الدار البيضاء-سطات","سيدي بنور","مطران","874","13806","PI","علي الجزولي","110751"
"الدار البيضاء-سطات","سيدي بنور","مطران","874","13806","PI","لمياء الغزواني","110644"
"الدار البيضاء-سطات","سيدي بنور","مطران","874","13796","PAM","عبد الرحيم فوزي","36590"
"الدار البيضاء-سطات","سيدي بنور","مطران","874","13798","PAM","بوشعيب حباش","74396"
"الدار البيضاء-سطات","سيدي بنور","مطران","874","13798","PAM","كوتر حباش","74422"
"الدار البيضاء-سطات","سيدي بنور","مطران","874","13802","PAM","ادريس لحلو","36084"
"الدار البيضاء-سطات","سيدي بنور","مطران","874","13802","PAM","نعيمة ابيه","36117"
"الدار البيضاء-سطات","سيدي بنور","مطران","874","13805","PAM","عبد الرحيم  عون ","16563"
"الدار البيضاء-سطات","سيدي بنور","مطران","874","13805","PAM","حنان الموضة","16583"
"الدار البيضاء-سطات","سيدي بنور","مطران","874","13795","PAM","عبدالحكيم التونسي","22424"
"الدار البيضاء-سطات","سيدي بنور","مطران","874","13804","PAM","لحسن النايم","3949"
"الدار البيضاء-سطات","سيدي بنور","مطران","874","13800","PAM","عبد النبي عدنان","23564"
"الدار البيضاء-سطات","سيدي بنور","مطران","874","13800","PAM","فوزية فوزي","24517"
"الدار البيضاء-سطات","سيدي بنور","مطران","874","13794","PAM","عبد الواحد صابر","27789"
"الدار البيضاء-سطات","سيدي بنور","مطران","874","13799","PI","عبد الرزاق عبيد","90625"
"الدار البيضاء-سطات","سيدي بنور","مطران","874","13803","MP","مبارك بنياس","50946"
"الدار البيضاء-سطات","سيدي بنور","مطران","874","13801","USFP","عبد الله اكريش","65493"
"الدار البيضاء-سطات","عمالة مقاطعات ابن مسيك","ابن امسيك","2010","25011","UC","محمد جودار","120684"
"الدار البيضاء-سطات","عمالة مقاطعات ابن مسيك","ابن امسيك","2010","25011","UC","ناجية غالي","120928"
"الدار البيضاء-سطات","عمالة مقاطعات ابن مسيك","ابن امسيك","2010","25011","UC","بوسلام اصوصو","120896"
"الدار البيضاء-سطات","عمالة مقاطعات ابن مسيك","ابن امسيك","2010","25011","UC","ربيعة رشد","121158"
"الدار البيضاء-سطات","عمالة مقاطعات ابن مسيك","ابن امسيك","2010","25011","UC","عز الدين كرام","121099"
"الدار البيضاء-سطات","عمالة مقاطعات ابن مسيك","ابن امسيك","2010","25011","UC","عائشة ضعيف","121264"
"الدار البيضاء-سطات","عمالة مقاطعات ابن مسيك","ابن امسيك","2010","25011","UC","عبدالرحيم مشحوم","121279"
"الدار البيضاء-سطات","عمالة مقاطعات ابن مسيك","ابن امسيك","2010","25011","UC","لحسن ازهاري","121619"
"الدار البيضاء-سطات","عمالة مقاطعات ابن مسيك","ابن امسيك","2010","25011","RNI","حسن شوقي","122401"
"الدار البيضاء-سطات","عمالة مقاطعات ابن مسيك","ابن امسيك","2010","25011","RNI","جليلة مرسلي","124028"
"الدار البيضاء-سطات","عمالة مقاطعات ابن مسيك","ابن امسيك","2010","25011","RNI","سعيد محيب","122523"
"الدار البيضاء-سطات","عمالة مقاطعات ابن مسيك","ابن امسيك","2010","25011","RNI","الهام نصيح","122940"
"الدار البيضاء-سطات","عمالة مقاطعات ابن مسيك","ابن امسيك","2010","25011","RNI","محمد غريوي","122645"
"الدار البيضاء-سطات","عمالة مقاطعات ابن مسيك","ابن امسيك","2010","25011","FFD","حسن لقفيش","145962"
"الدار البيضاء-سطات","عمالة مقاطعات ابن مسيك","ابن امسيك","2010","25011","FFD","عزيزة رشيد","145609"
"الدار البيضاء-سطات","عمالة مقاطعات ابن مسيك","ابن امسيك","2010","25011","FFD","عزيز حنين","146383"
"الدار البيضاء-سطات","عمالة مقاطعات ابن مسيك","ابن امسيك","2010","25011","FFD","سارة لقفيش","145537"
"الدار البيضاء-سطات","عمالة مقاطعات ابن مسيك","ابن امسيك","2010","25011","MDS","محمد النكوطى","78039"
"الدار البيضاء-سطات","عمالة مقاطعات ابن مسيك","ابن امسيك","2010","25011","MDS","أسماء لحرش","78400"
"الدار البيضاء-سطات","عمالة مقاطعات ابن مسيك","ابن امسيك","2010","25011","PAM","بوعزة الاسباط","158852"
"الدار البيضاء-سطات","عمالة مقاطعات ابن مسيك","ابن امسيك","2010","25011","PJD","صالح امليليس","39240"
"الدار البيضاء-سطات","عمالة مقاطعات ابن مسيك","سباتة","2011","25012","RNI","توفيق كميل","96184"
"الدار البيضاء-سطات","عمالة مقاطعات ابن مسيك","سباتة","2011","25012","RNI","نبيلة ارميلي","96844"
"الدار البيضاء-سطات","عمالة مقاطعات ابن مسيك","سباتة","2011","25012","RNI","المصطفى نقاش","96223"
"الدار البيضاء-سطات","عمالة مقاطعات ابن مسيك","سباتة","2011","25012","RNI","اعتماد متواضع","96894"
"الدار البيضاء-سطات","عمالة مقاطعات ابن مسيك","سباتة","2011","25012","RNI","حسن انوار","96274"
"الدار البيضاء-سطات","عمالة مقاطعات ابن مسيك","سباتة","2011","25012","RNI","محمد واحمان","96342"
"الدار البيضاء-سطات","عمالة مقاطعات ابن مسيك","سباتة","2011","25012","PAM","المحفوظ اتهيريس","127084"
"الدار البيضاء-سطات","عمالة مقاطعات ابن مسيك","سباتة","2011","25012","PAM","رشيدة البوعناني","127558"
"الدار البيضاء-سطات","عمالة مقاطعات ابن مسيك","سباتة","2011","25012","PAM","المصطفى  جداد","127120"
"الدار البيضاء-سطات","عمالة مقاطعات ابن مسيك","سباتة","2011","25012","PAM","حياة حضار","127584"
"الدار البيضاء-سطات","عمالة مقاطعات ابن مسيك","سباتة","2011","25012","UC","احمد زكرياء حسن","148160"
"الدار البيضاء-سطات","عمالة مقاطعات ابن مسيك","سباتة","2011","25012","UC","رشيدة مغيت","148778"
"الدار البيضاء-سطات","عمالة مقاطعات ابن مسيك","سباتة","2011","25012","UC","حسن كعايش","148276"
"الدار البيضاء-سطات","عمالة مقاطعات ابن مسيك","سباتة","2011","25012","UC","فاطنة بونعناع","148148"
"الدار البيضاء-سطات","عمالة مقاطعات ابن مسيك","سباتة","2011","25012","PJD","سعيد كشاني","59822"
"الدار البيضاء-سطات","عمالة مقاطعات ابن مسيك","سباتة","2011","25012","PJD","سعدية احضار","60371"
"الدار البيضاء-سطات","عمالة مقاطعات ابن مسيك","سباتة","2011","25012","MP","احمد دغبر","129815"
"الدار البيضاء-سطات","عمالة مقاطعات ابن مسيك","سباتة","2011","25012","P.EQUITE","محمد نواس","86396"
"الدار البيضاء-سطات","عمالة مقاطعات الفداء مرس السلطان","الفداء","2008","25009","RNI","عبد الاله الصفدي","13752"
"الدار البيضاء-سطات","عمالة مقاطعات الفداء مرس السلطان","الفداء","2008","25009","RNI","بشرى دهبي","15092"
"الدار البيضاء-سطات","عمالة مقاطعات الفداء مرس السلطان","الفداء","2008","25009","RNI","التادلي الصديقي","13969"
"الدار البيضاء-سطات","عمالة مقاطعات الفداء مرس السلطان","الفداء","2008","25009","RNI","سناء جمالي","15132"
"الدار البيضاء-سطات","عمالة مقاطعات الفداء مرس السلطان","الفداء","2008","25009","RNI","عبد الهادي غندومي","14062"
"الدار البيضاء-سطات","عمالة مقاطعات الفداء مرس السلطان","الفداء","2008","25009","RNI","محجوبة الرافغي","15202"
"الدار البيضاء-سطات","عمالة مقاطعات الفداء مرس السلطان","الفداء","2008","25009","RNI","عبد الغني اهبيهب","14157"
"الدار البيضاء-سطات","عمالة مقاطعات الفداء مرس السلطان","الفداء","2008","25009","RNI","محمد ياسين ياقين","14267"
"الدار البيضاء-سطات","عمالة مقاطعات الفداء مرس السلطان","الفداء","2008","25009","PI","الحسين نصر الله","71771"
"الدار البيضاء-سطات","عمالة مقاطعات الفداء مرس السلطان","الفداء","2008","25009","PI","مينة سايسي حسني","72869"
"الدار البيضاء-سطات","عمالة مقاطعات الفداء مرس السلطان","الفداء","2008","25009","PI","ادريس منتصر الادريسي","71924"
"الدار البيضاء-سطات","عمالة مقاطعات الفداء مرس السلطان","الفداء","2008","25009","PI","السعدية عطار","72936"
"الدار البيضاء-سطات","عمالة مقاطعات الفداء مرس السلطان","الفداء","2008","25009","PAM","محمد اكليوين","407"
"الدار البيضاء-سطات","عمالة مقاطعات الفداء مرس السلطان","الفداء","2008","25009","PAM","سناء ريضى","1159"
"الدار البيضاء-سطات","عمالة مقاطعات الفداء مرس السلطان","الفداء","2008","25009","PAM","العربي  هموش","461"
"الدار البيضاء-سطات","عمالة مقاطعات الفداء مرس السلطان","الفداء","2008","25009","PAM","مريم نصر الله ","1224"
"الدار البيضاء-سطات","عمالة مقاطعات الفداء مرس السلطان","الفداء","2008","25009","PJD","رشيد وعبدالكريم","66727"
"الدار البيضاء-سطات","عمالة مقاطعات الفداء مرس السلطان","الفداء","2008","25009","PJD","غزلان لكجاج","67582"
"الدار البيضاء-سطات","عمالة مقاطعات الفداء مرس السلطان","الفداء","2008","25009","PJD","محسن موفيدي","66820"
"الدار البيضاء-سطات","عمالة مقاطعات الفداء مرس السلطان","الفداء","2008","25009","FFD","خالد بهموت","59383"
"الدار البيضاء-سطات","عمالة مقاطعات الفداء مرس السلطان","الفداء","2008","25009","FFD","امينة فرودي","60501"
"الدار البيضاء-سطات","عمالة مقاطعات الفداء مرس السلطان","الفداء","2008","25009","PRV","ياسين شهيد","62993"
"الدار البيضاء-سطات","عمالة مقاطعات الفداء مرس السلطان","الفداء","2008","25009","USFP","مصطفى عربة","135914"
"الدار البيضاء-سطات","عمالة مقاطعات الفداء مرس السلطان","الفداء","2008","25009","UC","سعيد حسبان","107628"
"الدار البيضاء-سطات","عمالة مقاطعات الفداء مرس السلطان","مرس السلطان","2009","25010","RNI","محمد بودريقة","5272"
"الدار البيضاء-سطات","عمالة مقاطعات الفداء مرس السلطان","مرس السلطان","2009","25010","RNI","حنان عمراني مراكشي","6890"
"الدار البيضاء-سطات","عمالة مقاطعات الفداء مرس السلطان","مرس السلطان","2009","25010","RNI","عبدالرحيم فاضل","5325"
"الدار البيضاء-سطات","عمالة مقاطعات الفداء مرس السلطان","مرس السلطان","2009","25010","RNI","زينب الزاوية ","7284"
"الدار البيضاء-سطات","عمالة مقاطعات الفداء مرس السلطان","مرس السلطان","2009","25010","RNI","محمد سلمي","5383"
"الدار البيضاء-سطات","عمالة مقاطعات الفداء مرس السلطان","مرس السلطان","2009","25010","RNI","خديجة الجمالي","7379"
"الدار البيضاء-سطات","عمالة مقاطعات الفداء مرس السلطان","مرس السلطان","2009","25010","RNI","عبد الحق  القباش","5447"
"الدار البيضاء-سطات","عمالة مقاطعات الفداء مرس السلطان","مرس السلطان","2009","25010","PAM","محمد التويمي بن جلون","1714"
"الدار البيضاء-سطات","عمالة مقاطعات الفداء مرس السلطان","مرس السلطان","2009","25010","PAM","نجية المغراوي","3628"
"الدار البيضاء-سطات","عمالة مقاطعات الفداء مرس السلطان","مرس السلطان","2009","25010","PAM","فؤاد عادل","1865"
"الدار البيضاء-سطات","عمالة مقاطعات الفداء مرس السلطان","مرس السلطان","2009","25010","PAM","فاطمة غالم","4341"
"الدار البيضاء-سطات","عمالة مقاطعات الفداء مرس السلطان","مرس السلطان","2009","25010","PAM","صالح المعروفي","1981"
"الدار البيضاء-سطات","عمالة مقاطعات الفداء مرس السلطان","مرس السلطان","2009","25010","PI","عبد الكبير تجديتي","78206"
"الدار البيضاء-سطات","عمالة مقاطعات الفداء مرس السلطان","مرس السلطان","2009","25010","PI","نجاة الودي","78414"
"الدار البيضاء-سطات","عمالة مقاطعات الفداء مرس السلطان","مرس السلطان","2009","25010","PI","حسن السويهب","78221"
"الدار البيضاء-سطات","عمالة مقاطعات الفداء مرس السلطان","مرس السلطان","2009","25010","PI","اسماء النائم","78431"
"الدار البيضاء-سطات","عمالة مقاطعات الفداء مرس السلطان","مرس السلطان","2009","25010","PJD","عبد الرحمان الدرعي","77015"
"الدار البيضاء-سطات","عمالة مقاطعات الفداء مرس السلطان","مرس السلطان","2009","25010","PJD","خدوج الصاديقي","77455"
"الدار البيضاء-سطات","عمالة مقاطعات الفداء مرس السلطان","مرس السلطان","2009","25010","PJD","عبد الله تمز","77129"
"الدار البيضاء-سطات","عمالة مقاطعات الفداء مرس السلطان","مرس السلطان","2009","25010","UC","رشيد بوحوص","122730"
"الدار البيضاء-سطات","عمالة مقاطعات الفداء مرس السلطان","مرس السلطان","2009","25010","USFP","مصطفى مفضال","131788"
"الدار البيضاء-سطات","عمالة مقاطعات سيدي البرنوصي","سيدي البرنوصي","2017","25018","RNI","هشام شبورة","110368"
"الدار البيضاء-سطات","عمالة مقاطعات سيدي البرنوصي","سيدي البرنوصي","2017","25018","RNI","ربيعة منصر","110705"
"الدار البيضاء-سطات","عمالة مقاطعات سيدي البرنوصي","سيدي البرنوصي","2017","25018","RNI","عصام الكمري","110812"
"الدار البيضاء-سطات","عمالة مقاطعات سيدي البرنوصي","سيدي البرنوصي","2017","25018","RNI","سناء خليل","110901"
"الدار البيضاء-سطات","عمالة مقاطعات سيدي البرنوصي","سيدي البرنوصي","2017","25018","RNI","عبدالعزيز لباتي","110905"
"الدار البيضاء-سطات","عمالة مقاطعات سيدي البرنوصي","سيدي البرنوصي","2017","25018","PAM","سعيد صابري","117491"
"الدار البيضاء-سطات","عمالة مقاطعات سيدي البرنوصي","سيدي البرنوصي","2017","25018","PAM","وفاء الشيبي","118771"
"الدار البيضاء-سطات","عمالة مقاطعات سيدي البرنوصي","سيدي البرنوصي","2017","25018","PAM","بوشعيب باز","117585"
"الدار البيضاء-سطات","عمالة مقاطعات سيدي البرنوصي","سيدي البرنوصي","2017","25018","PAM","شيماء ركيك","118885"
"الدار البيضاء-سطات","عمالة مقاطعات سيدي البرنوصي","سيدي البرنوصي","2017","25018","PJD","عبد الكريم لهوايشري","9294"
"الدار البيضاء-سطات","عمالة مقاطعات سيدي البرنوصي","سيدي البرنوصي","2017","25018","PJD","خديجة ايت مولاي","9287"
"الدار البيضاء-سطات","عمالة مقاطعات سيدي البرنوصي","سيدي البرنوصي","2017","25018","PJD","عبد المجيد ايت العديلة","9326"
"الدار البيضاء-سطات","عمالة مقاطعات سيدي البرنوصي","سيدي البرنوصي","2017","25018","PJD","سعاد لعماري","9343"
"الدار البيضاء-سطات","عمالة مقاطعات سيدي البرنوصي","سيدي البرنوصي","2017","25018","PI","المصطفى عكيدي","19148"
"الدار البيضاء-سطات","عمالة مقاطعات سيدي البرنوصي","سيدي البرنوصي","2017","25018","PI","نعيمة رباع","19295"
"الدار البيضاء-سطات","عمالة مقاطعات سيدي البرنوصي","سيدي البرنوصي","2017","25018","PI","العلمي بستاني","19223"
"الدار البيضاء-سطات","عمالة مقاطعات سيدي البرنوصي","سيدي البرنوصي","2017","25018","PPS","عبد الاله جحا","9497"
"الدار البيضاء-سطات","عمالة مقاطعات سيدي البرنوصي","سيدي البرنوصي","2017","25018","PPS","علية زياني","9661"
"الدار البيضاء-سطات","عمالة مقاطعات سيدي البرنوصي","سيدي البرنوصي","2017","25018","PPS","يونس حماما","9531"
"الدار البيضاء-سطات","عمالة مقاطعات سيدي البرنوصي","سيدي البرنوصي","2017","25018","UC","محمد الداهي","88366"
"الدار البيضاء-سطات","عمالة مقاطعات سيدي البرنوصي","سيدي البرنوصي","2017","25018","UC","امينة لثنين","88496"
"الدار البيضاء-سطات","عمالة مقاطعات سيدي البرنوصي","سيدي البرنوصي","2017","25018","MP","احمد اموري","94817"
"الدار البيضاء-سطات","عمالة مقاطعات سيدي البرنوصي","سيدي البرنوصي","2017","25018","USFP","ابراهيم رشاد","122387"
"الدار البيضاء-سطات","عمالة مقاطعات سيدي البرنوصي","سيدي البرنوصي","2017","25018","PEDD","يونس البقدوري","117615"
"الدار البيضاء-سطات","عمالة مقاطعات سيدي البرنوصي","سيدي مومن","2007","25008","RNI","عبد الرحيم اوطاس","92145"
"الدار البيضاء-سطات","عمالة مقاطعات سيدي البرنوصي","سيدي مومن","2007","25008","RNI","وردية  جاردي","93115"
"الدار البيضاء-سطات","عمالة مقاطعات سيدي البرنوصي","سيدي مومن","2007","25008","RNI","الصغير سعدي","92271"
"الدار البيضاء-سطات","عمالة مقاطعات سيدي البرنوصي","سيدي مومن","2007","25008","RNI","صباح اليازغي الزهني","93250"
"الدار البيضاء-سطات","عمالة مقاطعات سيدي البرنوصي","سيدي مومن","2007","25008","RNI","محمد فايز","92286"
"الدار البيضاء-سطات","عمالة مقاطعات سيدي البرنوصي","سيدي مومن","2007","25008","RNI","سميرة الصحراوي","93362"
"الدار البيضاء-سطات","عمالة مقاطعات سيدي البرنوصي","سيدي مومن","2007","25008","RNI","عبد الحق  بوصاليح ","92504"
"الدار البيضاء-سطات","عمالة مقاطعات سيدي البرنوصي","سيدي مومن","2007","25008","RNI","محمد  لمديلكي","92468"
"الدار البيضاء-سطات","عمالة مقاطعات سيدي البرنوصي","سيدي مومن","2007","25008","PAM","احمد بريجة","156568"
"الدار البيضاء-سطات","عمالة مقاطعات سيدي البرنوصي","سيدي مومن","2007","25008","PAM","سكينة الادريسي","156830"
"الدار البيضاء-سطات","عمالة مقاطعات سيدي البرنوصي","سيدي مومن","2007","25008","PAM","الشرقاوي  ايدار ","156677"
"الدار البيضاء-سطات","عمالة مقاطعات سيدي البرنوصي","سيدي مومن","2007","25008","PAM","كنزة كمال الادريسي","156690"
"الدار البيضاء-سطات","عمالة مقاطعات سيدي البرنوصي","سيدي مومن","2007","25008","PAM","عبدالرحيم زكراني","156764"
"الدار البيضاء-سطات","عمالة مقاطعات سيدي البرنوصي","سيدي مومن","2007","25008","PJD","حميد بن غريضو","7193"
"الدار البيضاء-سطات","عمالة مقاطعات سيدي البرنوصي","سيدي مومن","2007","25008","PJD","امينة الخشمي","7605"
"الدار البيضاء-سطات","عمالة مقاطعات سيدي البرنوصي","سيدي مومن","2007","25008","PJD","محمد سكاط","7266"
"الدار البيضاء-سطات","عمالة مقاطعات سيدي البرنوصي","سيدي مومن","2007","25008","PJD","سومية شرايبي","7700"
"الدار البيضاء-سطات","عمالة مقاطعات سيدي البرنوصي","سيدي مومن","2007","25008","PI","عبدالغني المرحاني","5981"
"الدار البيضاء-سطات","عمالة مقاطعات سيدي البرنوصي","سيدي مومن","2007","25008","PI","زهرة حنين","6164"
"الدار البيضاء-سطات","عمالة مقاطعات سيدي البرنوصي","سيدي مومن","2007","25008","PI","محمد كويس","6005"
"الدار البيضاء-سطات","عمالة مقاطعات سيدي البرنوصي","سيدي مومن","2007","25008","PI","فاطمة بن احميدة","6229"
"الدار البيضاء-سطات","عمالة مقاطعات سيدي البرنوصي","سيدي مومن","2007","25008","UC","محمد زكي","124347"
"الدار البيضاء-سطات","عمالة مقاطعات سيدي البرنوصي","سيدي مومن","2007","25008","UC","سميرة الاضميني","124609"
"الدار البيضاء-سطات","عمالة مقاطعات سيدي البرنوصي","سيدي مومن","2007","25008","UC","عبد الرحيم الاحرش","124369"
"الدار البيضاء-سطات","عمالة مقاطعات سيدي البرنوصي","سيدي مومن","2007","25008","MP","خالد مفهوم","98222"
"الدار البيضاء-سطات","عمالة مقاطعات سيدي البرنوصي","سيدي مومن","2007","25008","MP","بهية كريم","98601"
"الدار البيضاء-سطات","عمالة مقاطعات سيدي البرنوصي","سيدي مومن","2007","25008","USFP","سعيد اكردي","1026"
"الدار البيضاء-سطات","عمالة مقاطعات سيدي البرنوصي","سيدي مومن","2007","25008","CNI","يوسف السميهرو","98128"
"الدار البيضاء-سطات","عمالة مقاطعات سيدي البرنوصي","سيدي مومن","2007","25008","PPS","مراد هاني","7851"
"الدار البيضاء-سطات","عمالة مقاطعات سيدي البرنوصي","سيدي مومن","2007","25008","PEDD","عبدالحميد اكورد","121328"
"الدار البيضاء-سطات","عمالة مقاطعات عين السبع الحي المحمدي","الحي المحمدي","2006","25007","RNI","محمد غفير الادريسي","25156"
"الدار البيضاء-سطات","عمالة مقاطعات عين السبع الحي المحمدي","الحي المحمدي","2006","25007","RNI","مينة لامة","25687"
"الدار البيضاء-سطات","عمالة مقاطعات عين السبع الحي المحمدي","الحي المحمدي","2006","25007","RNI","ابراهيم مسافر","25229"
"الدار البيضاء-سطات","عمالة مقاطعات عين السبع الحي المحمدي","الحي المحمدي","2006","25007","RNI","زهرة  العمري","25608"
"الدار البيضاء-سطات","عمالة مقاطعات عين السبع الحي المحمدي","الحي المحمدي","2006","25007","PAM","عبد الجليل ابزيد","69001"
"الدار البيضاء-سطات","عمالة مقاطعات عين السبع الحي المحمدي","الحي المحمدي","2006","25007","PAM","نوفسة رمحان","69081"
"الدار البيضاء-سطات","عمالة مقاطعات عين السبع الحي المحمدي","الحي المحمدي","2006","25007","PAM","طارق مساعيد","69032"
"الدار البيضاء-سطات","عمالة مقاطعات عين السبع الحي المحمدي","الحي المحمدي","2006","25007","PAM","سعيدة عريض","69089"
"الدار البيضاء-سطات","عمالة مقاطعات عين السبع الحي المحمدي","الحي المحمدي","2006","25007","UC","يوسف الرخيص","39738"
"الدار البيضاء-سطات","عمالة مقاطعات عين السبع الحي المحمدي","الحي المحمدي","2006","25007","UC","عائشة البوعمري","40110"
"الدار البيضاء-سطات","عمالة مقاطعات عين السبع الحي المحمدي","الحي المحمدي","2006","25007","UC","عصام بالكرضة","39867"
"الدار البيضاء-سطات","عمالة مقاطعات عين السبع الحي المحمدي","الحي المحمدي","2006","25007","UC","بشرى بنرحال","39961"
"الدار البيضاء-سطات","عمالة مقاطعات عين السبع الحي المحمدي","الحي المحمدي","2006","25007","USFP","مروان راشدي","39174"
"الدار البيضاء-سطات","عمالة مقاطعات عين السبع الحي المحمدي","الحي المحمدي","2006","25007","USFP","فاطمة الزهراء ماهر","39329"
"الدار البيضاء-سطات","عمالة مقاطعات عين السبع الحي المحمدي","الحي المحمدي","2006","25007","USFP","سعيد الشتوي","39284"
"الدار البيضاء-سطات","عمالة مقاطعات عين السبع الحي المحمدي","الحي المحمدي","2006","25007","PJD","رشيد اجكيني","79853"
"الدار البيضاء-سطات","عمالة مقاطعات عين السبع الحي المحمدي","الحي المحمدي","2006","25007","PJD","السعدية بن العساوية","79924"
"الدار البيضاء-سطات","عمالة مقاطعات عين السبع الحي المحمدي","الحي المحمدي","2006","25007","MDS","عبد الرزاق مونفالوطي","81759"
"الدار البيضاء-سطات","عمالة مقاطعات عين السبع الحي المحمدي","الحي المحمدي","2006","25007","PI","سليمان زعواط","45913"
"الدار البيضاء-سطات","عمالة مقاطعات عين السبع الحي المحمدي","الحي المحمدي","2006","25007","MP","عبد الهادي توفيق","42944"
"الدار البيضاء-سطات","عمالة مقاطعات عين السبع الحي المحمدي","الحي المحمدي","2006","25007","PPS","عبد العزيز ناصر","79728"
"الدار البيضاء-سطات","عمالة مقاطعات عين السبع الحي المحمدي","الصخور السوداء","2005","25006","UC","رشيد كمال","61904"
"الدار البيضاء-سطات","عمالة مقاطعات عين السبع الحي المحمدي","الصخور السوداء","2005","25006","UC","بهيجة العسري","62069"
"الدار البيضاء-سطات","عمالة مقاطعات عين السبع الحي المحمدي","الصخور السوداء","2005","25006","UC","عبد اللطيف حرشيش","61979"
"الدار البيضاء-سطات","عمالة مقاطعات عين السبع الحي المحمدي","الصخور السوداء","2005","25006","UC","ثورية  افاسو ","62033"
"الدار البيضاء-سطات","عمالة مقاطعات عين السبع الحي المحمدي","الصخور السوداء","2005","25006","UC","رضوان رزاق","62057"
"الدار البيضاء-سطات","عمالة مقاطعات عين السبع الحي المحمدي","الصخور السوداء","2005","25006","RNI","احمد  خلفي ","126912"
"الدار البيضاء-سطات","عمالة مقاطعات عين السبع الحي المحمدي","الصخور السوداء","2005","25006","RNI","ليلى  الاسراري ","127238"
"الدار البيضاء-سطات","عمالة مقاطعات عين السبع الحي المحمدي","الصخور السوداء","2005","25006","RNI","عبد الرزاق  عامر ","126992"
"الدار البيضاء-سطات","عمالة مقاطعات عين السبع الحي المحمدي","الصخور السوداء","2005","25006","RNI","اسية ساس","127027"
"الدار البيضاء-سطات","عمالة مقاطعات عين السبع الحي المحمدي","الصخور السوداء","2005","25006","RNI","عبد الحفيظ غمام","127038"
"الدار البيضاء-سطات","عمالة مقاطعات عين السبع الحي المحمدي","الصخور السوداء","2005","25006","PJD","عبد الرحمان اليعقوبي","75438"
"الدار البيضاء-سطات","عمالة مقاطعات عين السبع الحي المحمدي","الصخور السوداء","2005","25006","PJD","فاطمة الهلالي","75639"
"الدار البيضاء-سطات","عمالة مقاطعات عين السبع الحي المحمدي","الصخور السوداء","2005","25006","PJD","حميد ايت سيدي علي","75612"
"الدار البيضاء-سطات","عمالة مقاطعات عين السبع الحي المحمدي","الصخور السوداء","2005","25006","PJD","رحمة بنور","75478"
"الدار البيضاء-سطات","عمالة مقاطعات عين السبع الحي المحمدي","الصخور السوداء","2005","25006","PPS","عبد الوهاب شيكر","65263"
"الدار البيضاء-سطات","عمالة مقاطعات عين السبع الحي المحمدي","الصخور السوداء","2005","25006","PPS","نزهة العيساوي","65426"
"الدار البيضاء-سطات","عمالة مقاطعات عين السبع الحي المحمدي","الصخور السوداء","2005","25006","PAM","عبد الجليل بكار","79623"
"الدار البيضاء-سطات","عمالة مقاطعات عين السبع الحي المحمدي","الصخور السوداء","2005","25006","MP","محمد الطالبي","52464"
"الدار البيضاء-سطات","عمالة مقاطعات عين السبع الحي المحمدي","عين السبع","2004","25005","RNI","حسن بن عمر","21344"
"الدار البيضاء-سطات","عمالة مقاطعات عين السبع الحي المحمدي","عين السبع","2004","25005","RNI","فاطمة الزهراء النكوطي","21415"
"الدار البيضاء-سطات","عمالة مقاطعات عين السبع الحي المحمدي","عين السبع","2004","25005","RNI","عبد الرحيم صوتي","21390"
"الدار البيضاء-سطات","عمالة مقاطعات عين السبع الحي المحمدي","عين السبع","2004","25005","RNI","نادية مريان","21477"
"الدار البيضاء-سطات","عمالة مقاطعات عين السبع الحي المحمدي","عين السبع","2004","25005","RNI","منير ياسر","21437"
"الدار البيضاء-سطات","عمالة مقاطعات عين السبع الحي المحمدي","عين السبع","2004","25005","RNI","خلود  معافي","21526"
"الدار البيضاء-سطات","عمالة مقاطعات عين السبع الحي المحمدي","عين السبع","2004","25005","RNI","سعيد موني","21489"
"الدار البيضاء-سطات","عمالة مقاطعات عين السبع الحي المحمدي","عين السبع","2004","25005","RNI","عبدالله تدمي","21536"
"الدار البيضاء-سطات","عمالة مقاطعات عين السبع الحي المحمدي","عين السبع","2004","25005","PAM","كريم الكلايبي","118676"
"الدار البيضاء-سطات","عمالة مقاطعات عين السبع الحي المحمدي","عين السبع","2004","25005","PAM","كلتوم هاشم","119725"
"الدار البيضاء-سطات","عمالة مقاطعات عين السبع الحي المحمدي","عين السبع","2004","25005","PAM","يسين القاسمي","118764"
"الدار البيضاء-سطات","عمالة مقاطعات عين السبع الحي المحمدي","عين السبع","2004","25005","PAM","كريمة حسام الدين","119872"
"الدار البيضاء-سطات","عمالة مقاطعات عين السبع الحي المحمدي","عين السبع","2004","25005","PAM","فؤاد سمان","118966"
"الدار البيضاء-سطات","عمالة مقاطعات عين السبع الحي المحمدي","عين السبع","2004","25005","PI","احمد افيلال العلمي الادريسي","96806"
"الدار البيضاء-سطات","عمالة مقاطعات عين السبع الحي المحمدي","عين السبع","2004","25005","PI","فاطمة الزهراء افيلال العلمي الادريسي","96986"
"الدار البيضاء-سطات","عمالة مقاطعات عين السبع الحي المحمدي","عين السبع","2004","25005","PI","مصطفى ركيبي","96904"
"الدار البيضاء-سطات","عمالة مقاطعات عين السبع الحي المحمدي","عين السبع","2004","25005","PI","فاطمة  بولحروف ","97048"
"الدار البيضاء-سطات","عمالة مقاطعات عين السبع الحي المحمدي","عين السبع","2004","25005","MP","يوسف لحسينية","67184"
"الدار البيضاء-سطات","عمالة مقاطعات عين السبع الحي المحمدي","عين السبع","2004","25005","MP","فاطمة لخيار","67344"
"الدار البيضاء-سطات","عمالة مقاطعات عين السبع الحي المحمدي","عين السبع","2004","25005","MP","عبد الله الشراط","67223"
"الدار البيضاء-سطات","عمالة مقاطعات عين السبع الحي المحمدي","عين السبع","2004","25005","UC","عبد الفتاح  مناضل","84152"
"الدار البيضاء-سطات","عمالة مقاطعات عين السبع الحي المحمدي","عين السبع","2004","25005","UC","مينة الناصري","139921"
"الدار البيضاء-سطات","عمالة مقاطعات عين السبع الحي المحمدي","عين السبع","2004","25005","PPS","عادل اوكرير","104525"
"الدار البيضاء-سطات","عمالة مقاطعات عين السبع الحي المحمدي","عين السبع","2004","25005","PJD","حكيمة فصلي","80284"
"الدار البيضاء-سطات","عمالة مقاطعات مولاي رشيد","سيدي عثمان","2016","25017","RNI","محمد حدادي","101871"
"الدار البيضاء-سطات","عمالة مقاطعات مولاي رشيد","سيدي عثمان","2016","25017","RNI","حليمة فكري","102279"
"الدار البيضاء-سطات","عمالة مقاطعات مولاي رشيد","سيدي عثمان","2016","25017","RNI","جليل بربوشي","101941"
"الدار البيضاء-سطات","عمالة مقاطعات مولاي رشيد","سيدي عثمان","2016","25017","RNI","خديجة امزيوقة","102284"
"الدار البيضاء-سطات","عمالة مقاطعات مولاي رشيد","سيدي عثمان","2016","25017","RNI","هشام النيامي المرابط","101937"
"الدار البيضاء-سطات","عمالة مقاطعات مولاي رشيد","سيدي عثمان","2016","25017","RNI","مريم  فتوخ","102428"
"الدار البيضاء-سطات","عمالة مقاطعات مولاي رشيد","سيدي عثمان","2016","25017","RNI","ياسين بوني","101951"
"الدار البيضاء-سطات","عمالة مقاطعات مولاي رشيد","سيدي عثمان","2016","25017","RNI","عائشة كوثر","102537"
"الدار البيضاء-سطات","عمالة مقاطعات مولاي رشيد","سيدي عثمان","2016","25017","RNI","لحسن فتحي","102105"
"الدار البيضاء-سطات","عمالة مقاطعات مولاي رشيد","سيدي عثمان","2016","25017","RNI","فاطمة الزهراء بندبا","102437"
"الدار البيضاء-سطات","عمالة مقاطعات مولاي رشيد","سيدي عثمان","2016","25017","RNI","مصطفى الدريع","102016"
"الدار البيضاء-سطات","عمالة مقاطعات مولاي رشيد","سيدي عثمان","2016","25017","RNI","محمد الزين","102120"
"الدار البيضاء-سطات","عمالة مقاطعات مولاي رشيد","سيدي عثمان","2016","25017","PI","عبد الاله امهدي","137261"
"الدار البيضاء-سطات","عمالة مقاطعات مولاي رشيد","سيدي عثمان","2016","25017","PI","بشرى  صبر الله ","137311"
"الدار البيضاء-سطات","عمالة مقاطعات مولاي رشيد","سيدي عثمان","2016","25017","PI","عبد المطلب مقبول","137279"
"الدار البيضاء-سطات","عمالة مقاطعات مولاي رشيد","سيدي عثمان","2016","25017","PI","حسناء مبتسيم","137446"
"الدار البيضاء-سطات","عمالة مقاطعات مولاي رشيد","سيدي عثمان","2016","25017","PPS","عبد الكريم لشهم","139067"
"الدار البيضاء-سطات","عمالة مقاطعات مولاي رشيد","سيدي عثمان","2016","25017","PPS","فاطمة الزاهر","139170"
"الدار البيضاء-سطات","عمالة مقاطعات مولاي رشيد","سيدي عثمان","2016","25017","PPS","سعيد قصبي","139213"
"الدار البيضاء-سطات","عمالة مقاطعات مولاي رشيد","سيدي عثمان","2016","25017","PPS","فتيحة الواد","139300"
"الدار البيضاء-سطات","عمالة مقاطعات مولاي رشيد","سيدي عثمان","2016","25017","PJD","محمد معايط","35790"
"الدار البيضاء-سطات","عمالة مقاطعات مولاي رشيد","سيدي عثمان","2016","25017","PJD","فاطنة مهبوت","35885"
"الدار البيضاء-سطات","عمالة مقاطعات مولاي رشيد","سيدي عثمان","2016","25017","PJD","عبد الاله فراخ","35737"
"الدار البيضاء-سطات","عمالة مقاطعات مولاي رشيد","سيدي عثمان","2016","25017","PAM","محمد حماما","151239"
"الدار البيضاء-سطات","عمالة مقاطعات مولاي رشيد","سيدي عثمان","2016","25017","PAM","نجوى ككوس","151775"
"الدار البيضاء-سطات","عمالة مقاطعات مولاي رشيد","سيدي عثمان","2016","25017","PAM","عبد اللطيف مطيب","151591"
"الدار البيضاء-سطات","عمالة مقاطعات مولاي رشيد","سيدي عثمان","2016","25017","UC","عبد المجيد فضي","107365"
"الدار البيضاء-سطات","عمالة مقاطعات مولاي رشيد","سيدي عثمان","2016","25017","USFP","عبد اللطيف مستكفي","113377"
"الدار البيضاء-سطات","عمالة مقاطعات مولاي رشيد","سيدي عثمان","2016","25017","FFD","عبد الحق المبشور","107503"
"الدار البيضاء-سطات","عمالة مقاطعات مولاي رشيد","سيدي عثمان","2016","25017","UMD","رحال شهاب","131951"
"الدار البيضاء-سطات","عمالة مقاطعات مولاي رشيد","مولاي رشيد","2015","25016","RNI","انس  حدادي","123826"
"الدار البيضاء-سطات","عمالة مقاطعات مولاي رشيد","مولاي رشيد","2015","25016","RNI","ايمان هشام","124874"
"الدار البيضاء-سطات","عمالة مقاطعات مولاي رشيد","مولاي رشيد","2015","25016","RNI","رشيد اعيش","124070"
"الدار البيضاء-سطات","عمالة مقاطعات مولاي رشيد","مولاي رشيد","2015","25016","RNI","مينة اديب","125006"
"الدار البيضاء-سطات","عمالة مقاطعات مولاي رشيد","مولاي رشيد","2015","25016","RNI","عطيف رنيخ","124147"
"الدار البيضاء-سطات","عمالة مقاطعات مولاي رشيد","مولاي رشيد","2015","25016","RNI","فاطمة انوار","125130"
"الدار البيضاء-سطات","عمالة مقاطعات مولاي رشيد","مولاي رشيد","2015","25016","RNI","يوسف حلومي","124223"
"الدار البيضاء-سطات","عمالة مقاطعات مولاي رشيد","مولاي رشيد","2015","25016","PI","حسن اخشان","126090"
"الدار البيضاء-سطات","عمالة مقاطعات مولاي رشيد","مولاي رشيد","2015","25016","PI","نعيمة لعضام","126729"
"الدار البيضاء-سطات","عمالة مقاطعات مولاي رشيد","مولاي رشيد","2015","25016","PI","عبد الحق العزاري","126211"
"الدار البيضاء-سطات","عمالة مقاطعات مولاي رشيد","مولاي رشيد","2015","25016","PI","خديجة مفهوم","126795"
"الدار البيضاء-سطات","عمالة مقاطعات مولاي رشيد","مولاي رشيد","2015","25016","PI","عبد الاله ضريح","126278"
"الدار البيضاء-سطات","عمالة مقاطعات مولاي رشيد","مولاي رشيد","2015","25016","PPS","عبدالاله شيكر ","127334"
"الدار البيضاء-سطات","عمالة مقاطعات مولاي رشيد","مولاي رشيد","2015","25016","PPS","نورة  لزعر","127361"
"الدار البيضاء-سطات","عمالة مقاطعات مولاي رشيد","مولاي رشيد","2015","25016","PPS","هشام الجوطي الطاهري","127359"
"الدار البيضاء-سطات","عمالة مقاطعات مولاي رشيد","مولاي رشيد","2015","25016","PPS","منية اهنو","127399"
"الدار البيضاء-سطات","عمالة مقاطعات مولاي رشيد","مولاي رشيد","2015","25016","PPS","عبد الهادي تواتي جلاب","127426"
"الدار البيضاء-سطات","عمالة مقاطعات مولاي رشيد","مولاي رشيد","2015","25016","PAM","محمد اجبيل","154896"
"الدار البيضاء-سطات","عمالة مقاطعات مولاي رشيد","مولاي رشيد","2015","25016","PAM","غيثة بلحاج ","155192"
"الدار البيضاء-سطات","عمالة مقاطعات مولاي رشيد","مولاي رشيد","2015","25016","PAM","يوسف مبروك","155122"
"الدار البيضاء-سطات","عمالة مقاطعات مولاي رشيد","مولاي رشيد","2015","25016","PAM","مينة الهاديل","155517"
"الدار البيضاء-سطات","عمالة مقاطعات مولاي رشيد","مولاي رشيد","2015","25016","PAM","عبد الرحيم  ازبيدة ","155219"
"الدار البيضاء-سطات","عمالة مقاطعات مولاي رشيد","مولاي رشيد","2015","25016","PJD","مصطفى الحيا","53188"
"الدار البيضاء-سطات","عمالة مقاطعات مولاي رشيد","مولاي رشيد","2015","25016","PJD","نعيمة شجاع","53357"
"الدار البيضاء-سطات","عمالة مقاطعات مولاي رشيد","مولاي رشيد","2015","25016","PJD","محمد تغزوان","53448"
"الدار البيضاء-سطات","عمالة مقاطعات مولاي رشيد","مولاي رشيد","2015","25016","MP","عبد العزيز فاضل","152099"
"الدار البيضاء-سطات","عمالة مقاطعات مولاي رشيد","مولاي رشيد","2015","25016","MP","نعيمة تيوتي","152715"
"الدار البيضاء-سطات","عمالة مقاطعات مولاي رشيد","مولاي رشيد","2015","25016","MP","احمد الوعدودي","152103"
"الدار البيضاء-سطات","عمالة مقاطعات مولاي رشيد","مولاي رشيد","2015","25016","PRV","مصطفى بومية","110687"
"الدار البيضاء-سطات","عمالة مقاطعات مولاي رشيد","مولاي رشيد","2015","25016","FFD","خليل امواكة","154327"
"الدار البيضاء-سطات","عمالة مقاطعة الحي الحسني","الحي الحسني","2003","25004","RNI","الطاهر اليوسيفي","144499"
"الدار البيضاء-سطات","عمالة مقاطعة الحي الحسني","الحي الحسني","2003","25004","RNI","لمياء لحمدي","145042"
"الدار البيضاء-سطات","عمالة مقاطعة الحي الحسني","الحي الحسني","2003","25004","RNI","سعيد عريش","144680"
"الدار البيضاء-سطات","عمالة مقاطعة الحي الحسني","الحي الحسني","2003","25004","RNI","ليلى جبيلو","145264"
"الدار البيضاء-سطات","عمالة مقاطعة الحي الحسني","الحي الحسني","2003","25004","RNI","المصطفى افعداس","144882"
"الدار البيضاء-سطات","عمالة مقاطعة الحي الحسني","الحي الحسني","2003","25004","RNI","نزهة بنعبيد","145493"
"الدار البيضاء-سطات","عمالة مقاطعة الحي الحسني","الحي الحسني","2003","25004","RNI","رضوان زروالي","145105"
"الدار البيضاء-سطات","عمالة مقاطعة الحي الحسني","الحي الحسني","2003","25004","RNI","رشيد طيان","145307"
"الدار البيضاء-سطات","عمالة مقاطعة الحي الحسني","الحي الحسني","2003","25004","RNI","يوسف مبسوط","145447"
"الدار البيضاء-سطات","عمالة مقاطعة الحي الحسني","الحي الحسني","2003","25004","PAM","عبد القادر بودراع","110061"
"الدار البيضاء-سطات","عمالة مقاطعة الحي الحسني","الحي الحسني","2003","25004","PAM","مينة لوزاني","110538"
"الدار البيضاء-سطات","عمالة مقاطعة الحي الحسني","الحي الحسني","2003","25004","PAM","صلاح الدين شنكيط","110629"
"الدار البيضاء-سطات","عمالة مقاطعة الحي الحسني","الحي الحسني","2003","25004","PAM","نادية  اعنيبات","110907"
"الدار البيضاء-سطات","عمالة مقاطعة الحي الحسني","الحي الحسني","2003","25004","PAM","حميد الكومي","110826"
"الدار البيضاء-سطات","عمالة مقاطعة الحي الحسني","الحي الحسني","2003","25004","PI","محمد الركاني","144080"
"الدار البيضاء-سطات","عمالة مقاطعة الحي الحسني","الحي الحسني","2003","25004","PI","لطيفة المتاقي","144048"
"الدار البيضاء-سطات","عمالة مقاطعة الحي الحسني","الحي الحسني","2003","25004","PI","عبد الصادق ارزال","144298"
"الدار البيضاء-سطات","عمالة مقاطعة الحي الحسني","الحي الحسني","2003","25004","PI","هند بلي","144199"
"الدار البيضاء-سطات","عمالة مقاطعة الحي الحسني","الحي الحسني","2003","25004","PI","مروان احبالو","144485"
"الدار البيضاء-سطات","عمالة مقاطعة الحي الحسني","الحي الحسني","2003","25004","PJD","عبد الرحيم مستاوي","14167"
"الدار البيضاء-سطات","عمالة مقاطعة الحي الحسني","الحي الحسني","2003","25004","PJD","سميرة رزاني","14419"
"الدار البيضاء-سطات","عمالة مقاطعة الحي الحسني","الحي الحسني","2003","25004","PJD","محمد محفاض","14281"
"الدار البيضاء-سطات","عمالة مقاطعة الحي الحسني","الحي الحسني","2003","25004","PJD","عواطف علمي رحموني","14564"
"الدار البيضاء-سطات","عمالة مقاطعة الحي الحسني","الحي الحسني","2003","25004","PPS","المصطفى منضور","74187"
"الدار البيضاء-سطات","عمالة مقاطعة الحي الحسني","الحي الحسني","2003","25004","PPS","لطيفة حريدة","74415"
"الدار البيضاء-سطات","عمالة مقاطعة الحي الحسني","الحي الحسني","2003","25004","PPS","حسن سلاهمي","74240"
"الدار البيضاء-سطات","عمالة مقاطعة الحي الحسني","الحي الحسني","2003","25004","PAlAhdAddimocrati","محمد سعد بن خير","144301"
"الدار البيضاء-سطات","عمالة مقاطعة الحي الحسني","الحي الحسني","2003","25004","PAlAhdAddimocrati","فاطمة الزهراء بن خير","144474"
"الدار البيضاء-سطات","عمالة مقاطعة الحي الحسني","الحي الحسني","2003","25004","PAlAhdAddimocrati","محمد خيدومي","144458"
"الدار البيضاء-سطات","عمالة مقاطعة الحي الحسني","الحي الحسني","2003","25004","USFP","محمد محب","87854"
"الدار البيضاء-سطات","عمالة مقاطعة الحي الحسني","الحي الحسني","2003","25004","PSU","احمد وشعيب","124441"
"الدار البيضاء-سطات","عمالة مقاطعة الدار البيضاء أنفا","المعاريف","2013","25014","RNI","عبد الصادق  مرشد ","90814"
"الدار البيضاء-سطات","عمالة مقاطعة الدار البيضاء أنفا","المعاريف","2013","25014","RNI","فاطمة الزهراء البدراوي","93324"
"الدار البيضاء-سطات","عمالة مقاطعة الدار البيضاء أنفا","المعاريف","2013","25014","RNI","عبد الحق نودير","91069"
"الدار البيضاء-سطات","عمالة مقاطعة الدار البيضاء أنفا","المعاريف","2013","25014","RNI","هدى سحايل","93484"
"الدار البيضاء-سطات","عمالة مقاطعة الدار البيضاء أنفا","المعاريف","2013","25014","RNI","البشير كوكي","91230"
"الدار البيضاء-سطات","عمالة مقاطعة الدار البيضاء أنفا","المعاريف","2013","25014","RNI","هدى عسبي","93557"
"الدار البيضاء-سطات","عمالة مقاطعة الدار البيضاء أنفا","المعاريف","2013","25014","RNI","يوسف زاهد","91321"
"الدار البيضاء-سطات","عمالة مقاطعة الدار البيضاء أنفا","المعاريف","2013","25014","RNI","يوسف فهمي","91401"
"الدار البيضاء-سطات","عمالة مقاطعة الدار البيضاء أنفا","المعاريف","2013","25014","RNI","عبدالقادر حيات","91557"
"الدار البيضاء-سطات","عمالة مقاطعة الدار البيضاء أنفا","المعاريف","2013","25014","PI","مصطفى حيكر","55312"
"الدار البيضاء-سطات","عمالة مقاطعة الدار البيضاء أنفا","المعاريف","2013","25014","PI","لبنى شريف كنوني","56458"
"الدار البيضاء-سطات","عمالة مقاطعة الدار البيضاء أنفا","المعاريف","2013","25014","PI","حسان بركاني","55770"
"الدار البيضاء-سطات","عمالة مقاطعة الدار البيضاء أنفا","المعاريف","2013","25014","PI","حسناء بوشروب","56501"
"الدار البيضاء-سطات","عمالة مقاطعة الدار البيضاء أنفا","المعاريف","2013","25014","PJD","عبد الصمد حيكر","77733"
"الدار البيضاء-سطات","عمالة مقاطعة الدار البيضاء أنفا","المعاريف","2013","25014","PJD","اميمة الاصماعي","78177"
"الدار البيضاء-سطات","عمالة مقاطعة الدار البيضاء أنفا","المعاريف","2013","25014","PJD","لخضر حمداني","77763"
"الدار البيضاء-سطات","عمالة مقاطعة الدار البيضاء أنفا","المعاريف","2013","25014","PJD","حيات الدنكير","78204"
"الدار البيضاء-سطات","عمالة مقاطعة الدار البيضاء أنفا","المعاريف","2013","25014","PAM","عبد الواحد شوقي","59948"
"الدار البيضاء-سطات","عمالة مقاطعة الدار البيضاء أنفا","المعاريف","2013","25014","PSU","عبدالله ابعقيل","159822"
"الدار البيضاء-سطات","عمالة مقاطعة الدار البيضاء أنفا","المعاريف","2013","25014","PAM","ايمان عزيزو","61097"
"الدار البيضاء-سطات","عمالة مقاطعة الدار البيضاء أنفا","المعاريف","2013","25014","PSU","صونيا بنلمليح","160501"
"الدار البيضاء-سطات","عمالة مقاطعة الدار البيضاء أنفا","المعاريف","2013","25014","PSU","عثمان الياداري","159853"
"الدار البيضاء-سطات","عمالة مقاطعة الدار البيضاء أنفا","المعاريف","2013","25014","USFP","المدني العلوي","85843"
"الدار البيضاء-سطات","عمالة مقاطعة الدار البيضاء أنفا","المعاريف","2013","25014","CNI","هشام السحيبات","140994"
"الدار البيضاء-سطات","عمالة مقاطعة الدار البيضاء أنفا","انفا","2012","25013","RNI","محمد شباك","24795"
"الدار البيضاء-سطات","عمالة مقاطعة الدار البيضاء أنفا","انفا","2012","25013","RNI","اميمة الادريسي","25217"
"الدار البيضاء-سطات","عمالة مقاطعة الدار البيضاء أنفا","انفا","2012","25013","RNI","حسن شمسي","24834"
"الدار البيضاء-سطات","عمالة مقاطعة الدار البيضاء أنفا","انفا","2012","25013","RNI","نادية توقة","25246"
"الدار البيضاء-سطات","عمالة مقاطعة الدار البيضاء أنفا","انفا","2012","25013","RNI","محمد سليمي","24856"
"الدار البيضاء-سطات","عمالة مقاطعة الدار البيضاء أنفا","انفا","2012","25013","RNI","فدوى رضواني","25267"
"الدار البيضاء-سطات","عمالة مقاطعة الدار البيضاء أنفا","انفا","2012","25013","RNI","زكرياء فضيل","24908"
"الدار البيضاء-سطات","عمالة مقاطعة الدار البيضاء أنفا","انفا","2012","25013","PI","سعيد الشرامي","109182"
"الدار البيضاء-سطات","عمالة مقاطعة الدار البيضاء أنفا","انفا","2012","25013","PI","السعدية بيض","110136"
"الدار البيضاء-سطات","عمالة مقاطعة الدار البيضاء أنفا","انفا","2012","25013","PI","ادريس صبري","109352"
"الدار البيضاء-سطات","عمالة مقاطعة الدار البيضاء أنفا","انفا","2012","25013","PI","خديجة  رجاء ","110640"
"الدار البيضاء-سطات","عمالة مقاطعة الدار البيضاء أنفا","انفا","2012","25013","PAM","محمد علي بنجلون وجدي","62677"
"الدار البيضاء-سطات","عمالة مقاطعة الدار البيضاء أنفا","انفا","2012","25013","PAM","مليكة مزور","63009"
"الدار البيضاء-سطات","عمالة مقاطعة الدار البيضاء أنفا","انفا","2012","25013","PAM","فاطمة البوهتاني","63028"
"الدار البيضاء-سطات","عمالة مقاطعة الدار البيضاء أنفا","انفا","2012","25013","PND","رضوان لحلايسي","46141"
"الدار البيضاء-سطات","عمالة مقاطعة الدار البيضاء أنفا","سيدي بليوط","2014","25015","RNI","مولاي يوسف العلوي المحمدي","43301"
"الدار البيضاء-سطات","عمالة مقاطعة الدار البيضاء أنفا","سيدي بليوط","2014","25015","RNI","سناء الجاوي","43423"
"الدار البيضاء-سطات","عمالة مقاطعة الدار البيضاء أنفا","سيدي بليوط","2014","25015","RNI","رضوان  زرندي","43462"
"الدار البيضاء-سطات","عمالة مقاطعة الدار البيضاء أنفا","سيدي بليوط","2014","25015","RNI","لطيفة مورني","43489"
"الدار البيضاء-سطات","عمالة مقاطعة الدار البيضاء أنفا","سيدي بليوط","2014","25015","RNI","زكرياء مدركة","43571"
"الدار البيضاء-سطات","عمالة مقاطعة الدار البيضاء أنفا","سيدي بليوط","2014","25015","RNI","مينة الجنزري","43592"
"الدار البيضاء-سطات","عمالة مقاطعة الدار البيضاء أنفا","سيدي بليوط","2014","25015","RNI","يوسف بوخشبة","43633"
"الدار البيضاء-سطات","عمالة مقاطعة الدار البيضاء أنفا","سيدي بليوط","2014","25015","RNI","رضوان الكرباني","43669"
"الدار البيضاء-سطات","عمالة مقاطعة الدار البيضاء أنفا","سيدي بليوط","2014","25015","PI","عزيز  شبين","107729"
"الدار البيضاء-سطات","عمالة مقاطعة الدار البيضاء أنفا","سيدي بليوط","2014","25015","PI","زكية العلوي","108460"
"الدار البيضاء-سطات","عمالة مقاطعة الدار البيضاء أنفا","سيدي بليوط","2014","25015","PI","موسى سراج الدين","107969"
"الدار البيضاء-سطات","عمالة مقاطعة الدار البيضاء أنفا","سيدي بليوط","2014","25015","PI","فاطمة اكومي","107941"
"الدار البيضاء-سطات","عمالة مقاطعة الدار البيضاء أنفا","سيدي بليوط","2014","25015","PI","محمد فارح","108089"
"الدار البيضاء-سطات","عمالة مقاطعة الدار البيضاء أنفا","سيدي بليوط","2014","25015","PAM","سعيد الناصري","70188"
"الدار البيضاء-سطات","عمالة مقاطعة الدار البيضاء أنفا","سيدي بليوط","2014","25015","PAM","كنزة شرايبي بوهالي","70821"
"الدار البيضاء-سطات","عمالة مقاطعة الدار البيضاء أنفا","سيدي بليوط","2014","25015","PAM","ناصر كرطومي","70357"
"الدار البيضاء-سطات","عمالة مقاطعة الدار البيضاء أنفا","سيدي بليوط","2014","25015","PAM","غزلان زهيري","70692"
"الدار البيضاء-سطات","عمالة مقاطعة الدار البيضاء أنفا","سيدي بليوط","2014","25015","PJD","عبد الحق الناجحي","130756"
"الدار البيضاء-سطات","عمالة مقاطعة الدار البيضاء أنفا","سيدي بليوط","2014","25015","PJD","نجية بلكحل","131232"
"الدار البيضاء-سطات","عمالة مقاطعة الدار البيضاء أنفا","سيدي بليوط","2014","25015","PJD","جهاد سلمات","130839"
"الدار البيضاء-سطات","عمالة مقاطعة الدار البيضاء أنفا","سيدي بليوط","2014","25015","PJD","أسية ايت محرابي","130889"
"الدار البيضاء-سطات","عمالة مقاطعة الدار البيضاء أنفا","سيدي بليوط","2014","25015","UC","عبد الواحد ملياني","46523"
"الدار البيضاء-سطات","عمالة مقاطعة الدار البيضاء أنفا","سيدي بليوط","2014","25015","UC","ايات كرداش","46626"
"الدار البيضاء-سطات","عمالة مقاطعة الدار البيضاء أنفا","سيدي بليوط","2014","25015","UC","فؤاد رويس","46559"
"الدار البيضاء-سطات","عمالة مقاطعة الدار البيضاء أنفا","سيدي بليوط","2014","25015","PSU","عمر نارس","139720"
"الدار البيضاء-سطات","عمالة مقاطعة الدار البيضاء أنفا","سيدي بليوط","2014","25015","PSU","وفاء بنمنصور حسني                                 ","140109"
"الدار البيضاء-سطات","عمالة مقاطعة الدار البيضاء أنفا","سيدي بليوط","2014","25015","USFP","جواد رسام","17830"
"الدار البيضاء-سطات","عمالة مقاطعة الدار البيضاء أنفا","سيدي بليوط","2014","25015","FFD","لعلى محسن","88137"
"الدار البيضاء-سطات","عمالة مقاطعة الدار البيضاء أنفا","سيدي بليوط","2014","25015","MP","سعيد الصبيطي","65852"
"الدار البيضاء-سطات","عمالة مقاطعة الدار البيضاء أنفا","سيدي بليوط","2014","25015","CNI","عبدالصمد ثابت ","130381"
"الدار البيضاء-سطات","عمالة مقاطعة عين الشق","عين الشق","2002","25003","RNI","محمد شفيق  ابن كيران","7742"
"الدار البيضاء-سطات","عمالة مقاطعة عين الشق","عين الشق","2002","25003","RNI","هند الغزالي","8974"
"الدار البيضاء-سطات","عمالة مقاطعة عين الشق","عين الشق","2002","25003","RNI","عبد اللطيف الناصري","7826"
"الدار البيضاء-سطات","عمالة مقاطعة عين الشق","عين الشق","2002","25003","RNI","لكبيرة عماري","8997"
"الدار البيضاء-سطات","عمالة مقاطعة عين الشق","عين الشق","2002","25003","RNI","محمد بحو","7910"
"الدار البيضاء-سطات","عمالة مقاطعة عين الشق","عين الشق","2002","25003","RNI","حليمة مجود","9026"
"الدار البيضاء-سطات","عمالة مقاطعة عين الشق","عين الشق","2002","25003","RNI","نورالدين الحجاوزي","7998"
"الدار البيضاء-سطات","عمالة مقاطعة عين الشق","عين الشق","2002","25003","RNI","عبد السلام الساخي","8079"
"الدار البيضاء-سطات","عمالة مقاطعة عين الشق","عين الشق","2002","25003","RNI","بنعيسى الشهبي","8132"
"الدار البيضاء-سطات","عمالة مقاطعة عين الشق","عين الشق","2002","25003","PAM","عبد الحق الشفيق","9432"
"الدار البيضاء-سطات","عمالة مقاطعة عين الشق","عين الشق","2002","25003","PAM","مريم ولهان","9947"
"الدار البيضاء-سطات","عمالة مقاطعة عين الشق","عين الشق","2002","25003","PAM","احمد مفتاح","9446"
"الدار البيضاء-سطات","عمالة مقاطعة عين الشق","عين الشق","2002","25003","PAM","حنان عباس","9954"
"الدار البيضاء-سطات","عمالة مقاطعة عين الشق","عين الشق","2002","25003","PAM","عبد الهادي محسن","9472"
"الدار البيضاء-سطات","عمالة مقاطعة عين الشق","عين الشق","2002","25003","PAM","نادية راحا","9958"
"الدار البيضاء-سطات","عمالة مقاطعة عين الشق","عين الشق","2002","25003","PAM","محمد اصويردي","9554"
"الدار البيضاء-سطات","عمالة مقاطعة عين الشق","عين الشق","2002","25003","PAM","عامر الفقير","9616"
"الدار البيضاء-سطات","عمالة مقاطعة عين الشق","عين الشق","2002","25003","PI","محمد فهيم","127580"
"الدار البيضاء-سطات","عمالة مقاطعة عين الشق","عين الشق","2002","25003","PI","نوال رشدي","127963"
"الدار البيضاء-سطات","عمالة مقاطعة عين الشق","عين الشق","2002","25003","PI","عبد المجيد ابن حنة","127611"
"الدار البيضاء-سطات","عمالة مقاطعة عين الشق","عين الشق","2002","25003","PI","نجاة  شميل ","127974"
"الدار البيضاء-سطات","عمالة مقاطعة عين الشق","عين الشق","2002","25003","PJD","رشيد القبيل","30028"
"الدار البيضاء-سطات","عمالة مقاطعة عين الشق","عين الشق","2002","25003","PJD","بوشرة وهيب","30626"
"الدار البيضاء-سطات","عمالة مقاطعة عين الشق","عين الشق","2002","25003","PJD","ايمن بصير","30058"
"الدار البيضاء-سطات","عمالة مقاطعة عين الشق","عين الشق","2002","25003","PJD","أمينة  مقران","30647"
"الدار البيضاء-سطات","عمالة مقاطعة عين الشق","عين الشق","2002","25003","USFP","بدر ابو شيخي","10061"
"الدار البيضاء-سطات","عمالة مقاطعة عين الشق","عين الشق","2002","25003","USFP","ليلى بوهو","10222"
"الدار البيضاء-سطات","عمالة مقاطعة عين الشق","عين الشق","2002","25003","PSU","عادل شاهدي","122861"
"الدار البيضاء-سطات","عمالة مقاطعة عين الشق","عين الشق","2002","25003","PPS","محمد بوسريف","149595"
"الدار البيضاء-سطات","عمالة مقاطعة عين الشق","عين الشق","2002","25003","PND","حميد كثمان","81626"
"الدار البيضاء-سطات","مديونة","المجاطية أولاد الطالب","189","2796","PI","هاشم امين الشفيق","19225"
"الدار البيضاء-سطات","مديونة","المجاطية أولاد الطالب","189","2796","PI","رشيدة شراي","19252"
"الدار البيضاء-سطات","مديونة","المجاطية أولاد الطالب","189","2793","PI","رضوان نقراشي","151188"
"الدار البيضاء-سطات","مديونة","المجاطية أولاد الطالب","189","2793","PI","سناء  ممسك","151270"
"الدار البيضاء-سطات","مديونة","المجاطية أولاد الطالب","189","2787","RNI","الركراكي لعنيبة","151479"
"الدار البيضاء-سطات","مديونة","المجاطية أولاد الطالب","189","2787","RNI","محجوبة خومن","151588"
"الدار البيضاء-سطات","مديونة","المجاطية أولاد الطالب","189","2788","RNI","سفيان المكاوي","90400"
"الدار البيضاء-سطات","مديونة","المجاطية أولاد الطالب","189","2788","RNI","نعيمة الزمراني","90504"
"الدار البيضاء-سطات","مديونة","المجاطية أولاد الطالب","189","2795","PI","محمد لعريس","19239"
"الدار البيضاء-سطات","مديونة","المجاطية أولاد الطالب","189","2795","PI","فاطمة الزهراء زاولي","19283"
"الدار البيضاء-سطات","مديونة","المجاطية أولاد الطالب","189","2786","PI","جمال كراو","19654"
"الدار البيضاء-سطات","مديونة","المجاطية أولاد الطالب","189","2783","PI","مصطفى قسبي","3050"
"الدار البيضاء-سطات","مديونة","المجاطية أولاد الطالب","189","2792","PI","زكرياء سحنون","19300"
"الدار البيضاء-سطات","مديونة","المجاطية أولاد الطالب","189","2789","PI","احمد خنون","3226"
"الدار البيضاء-سطات","مديونة","المجاطية أولاد الطالب","189","2785","PI","يونس عراق","8590"
"الدار البيضاء-سطات","مديونة","المجاطية أولاد الطالب","189","2801","PI","العربي العدناني","30281"
"الدار البيضاء-سطات","مديونة","المجاطية أولاد الطالب","189","2794","RNI","بوشعيب مساعد","29308"
"الدار البيضاء-سطات","مديونة","المجاطية أولاد الطالب","189","2797","PI","حسن الغالي","2982"
"الدار البيضاء-سطات","مديونة","المجاطية أولاد الطالب","189","2798","PI","عبد الهادي الغالي","19322"
"الدار البيضاء-سطات","مديونة","المجاطية أولاد الطالب","189","2802","PI","محمد بوخويمة","3184"
"الدار البيضاء-سطات","مديونة","المجاطية أولاد الطالب","189","2784","RNI","عبد الله جافر","29314"
"الدار البيضاء-سطات","مديونة","المجاطية أولاد الطالب","189","2799","RNI","هشام شرادي","38769"
"الدار البيضاء-سطات","مديونة","المجاطية أولاد الطالب","189","2805","PI","بوشعيب العماري","19328"
"الدار البيضاء-سطات","مديونة","المجاطية أولاد الطالب","189","27437","PI","عيسى لبيض","29243"
"الدار البيضاء-سطات","مديونة","المجاطية أولاد الطالب","189","2803","RNI","عبد الحق كمال","29383"
"الدار البيضاء-سطات","مديونة","المجاطية أولاد الطالب","189","2804","PI","المصطفى بلكرتي","29272"
"الدار البيضاء-سطات","مديونة","المجاطية أولاد الطالب","189","2791","PI","زكير لكويزي","29486"
"الدار البيضاء-سطات","مديونة","المجاطية أولاد الطالب","189","2800","PI","عبد الحكيم الغالي","8522"
"الدار البيضاء-سطات","مديونة","المجاطية أولاد الطالب","189","2790","PI","كمال الركيك","19335"
"الدار البيضاء-سطات","مديونة","المجاطية أولاد الطالب","189","27436","PI","بوشعيب الغالي","30262"
"الدار البيضاء-سطات","مديونة","تيط مليل","1472","25935","PAM","حمزة المسعودي","18170"
"الدار البيضاء-سطات","مديونة","تيط مليل","1472","25935","PAM","رشيدة الخدير","18213"
"الدار البيضاء-سطات","مديونة","تيط مليل","1472","23116","PI","جمال الصرغيني","4186"
"الدار البيضاء-سطات","مديونة","تيط مليل","1472","25934","PI","عمرو الصاخي","6165"
"الدار البيضاء-سطات","مديونة","تيط مليل","1472","23111","PAM","عبد اللطيف شموش","6427"
"الدار البيضاء-سطات","مديونة","تيط مليل","1472","23106","PAM","رضوان لمخوفي","5962"
"الدار البيضاء-سطات","مديونة","تيط مليل","1472","23115","PAM","ادريس بن الفقير","5957"
"الدار البيضاء-سطات","مديونة","تيط مليل","1472","23115","PAM","مينة بشار","6061"
"الدار البيضاء-سطات","مديونة","تيط مليل","1472","25939","PAM","محمد الخطابي","4082"
"الدار البيضاء-سطات","مديونة","تيط مليل","1472","25938","PPS","عبد الفتاح سعيد المسعودي","37014"
"الدار البيضاء-سطات","مديونة","تيط مليل","1472","25938","PPS","نعيمة عباد","37083"
"الدار البيضاء-سطات","مديونة","تيط مليل","1472","25933","PAM","المصطفى شموش","4070"
"الدار البيضاء-سطات","مديونة","تيط مليل","1472","25937","PAM","يوسف المسعودي الادريسي ","18075"
"الدار البيضاء-سطات","مديونة","تيط مليل","1472","25931","RNI","عبد العزيز عباد","118449"
"الدار البيضاء-سطات","مديونة","تيط مليل","1472","25931","RNI","فاطمة عباد","118548"
"الدار البيضاء-سطات","مديونة","تيط مليل","1472","25928","RNI","ياسين احلوش","23863"
"الدار البيضاء-سطات","مديونة","تيط مليل","1472","23110","PAM","الطيب الفشتالي","6477"
"الدار البيضاء-سطات","مديونة","تيط مليل","1472","25929","PAM","محمد حمدي","13642"
"الدار البيضاء-سطات","مديونة","تيط مليل","1472","25936","PAM","لعلى المسعودي الادريسي","18159"
"الدار البيضاء-سطات","مديونة","تيط مليل","1472","25930","RNI","نجيب الهيبة","13543"
"الدار البيضاء-سطات","مديونة","تيط مليل","1472","25932","PI","الياس شابي","5944"
"الدار البيضاء-سطات","مديونة","تيط مليل","1472","27775","PAM","محمد بوشفي","36976"
"الدار البيضاء-سطات","مديونة","تيط مليل","1472","27775","PAM","رشيدة لكحل","37048"
"الدار البيضاء-سطات","مديونة","تيط مليل","1472","27774","PI","نبيل  صبار","39291"
"الدار البيضاء-سطات","مديونة","تيط مليل","1472","23113","RNI","محمد المنور","13535"
"الدار البيضاء-سطات","مديونة","تيط مليل","1472","23114","RNI","المصطفى الحبشي","23560"
"الدار البيضاء-سطات","مديونة","تيط مليل","1472","23112","RNI","عبد الكريم صبار","23899"
"الدار البيضاء-سطات","مديونة","تيط مليل","1472","23107","PAM","حسن كرام","28548"
"الدار البيضاء-سطات","مديونة","تيط مليل","1472","23109","RNI","عماد  بلهيتاك ","23733"
"الدار البيضاء-سطات","مديونة","تيط مليل","1472","23108","PAM","عبد الكبير سعود","6289"
"الدار البيضاء-سطات","مديونة","سيدي حجاج واد حصار","1232","19441","PAM","الحداوي الكنبوشي","2882"
"الدار البيضاء-سطات","مديونة","سيدي حجاج واد حصار","1232","19441","PAM","وجدان ناصر","2939"
"الدار البيضاء-سطات","مديونة","سيدي حجاج واد حصار","1232","19444","PAM","محمد الكنبوشي","2753"
"الدار البيضاء-سطات","مديونة","سيدي حجاج واد حصار","1232","19442","PAM","الحسين الغزالي","3069"
"الدار البيضاء-سطات","مديونة","سيدي حجاج واد حصار","1232","27675","PAM","عبد الحق المسعودي","7423"
"الدار البيضاء-سطات","مديونة","سيدي حجاج واد حصار","1232","27675","PAM","مريم حدود","7505"
"الدار البيضاء-سطات","مديونة","سيدي حجاج واد حصار","1232","19445","PI","رشيد نام","3121"
"الدار البيضاء-سطات","مديونة","سيدي حجاج واد حصار","1232","19445","PI","هاجر شمس الدين الادريسي","3279"
"الدار البيضاء-سطات","مديونة","سيدي حجاج واد حصار","1232","27673","PAM","هشام الفالح","2749"
"الدار البيضاء-سطات","مديونة","سيدي حجاج واد حصار","1232","27669","PI","طارق مداقي","2634"
"الدار البيضاء-سطات","مديونة","سيدي حجاج واد حصار","1232","19439","PI","عزيز الخطابي","2819"
"الدار البيضاء-سطات","مديونة","سيدي حجاج واد حصار","1232","19439","PI","امينة مرزوق","2884"
"الدار البيضاء-سطات","مديونة","سيدي حجاج واد حصار","1232","19436","PI","رضوان نوكتي","7066"
"الدار البيضاء-سطات","مديونة","سيدي حجاج واد حصار","1232","27672","PAM","عبدالمالك لمليح","2823"
"الدار البيضاء-سطات","مديونة","سيدي حجاج واد حصار","1232","19437","PAM","محمد شموش","3212"
"الدار البيضاء-سطات","مديونة","سيدي حجاج واد حصار","1232","27668","PI","محمد البوعزيزي","2986"
"الدار البيضاء-سطات","مديونة","سيدي حجاج واد حصار","1232","19438","PAM","محمد أيت احيا","2629"
"الدار البيضاء-سطات","مديونة","سيدي حجاج واد حصار","1232","27677","PAM","كريم الفايدي","2892"
"الدار البيضاء-سطات","مديونة","سيدي حجاج واد حصار","1232","19447","PAM","عبد الكريم فوايسي","2639"
"الدار البيضاء-سطات","مديونة","سيدي حجاج واد حصار","1232","27676","PAM","عبد الرحيم لفجر","7062"
"الدار البيضاء-سطات","مديونة","سيدي حجاج واد حصار","1232","19446","PAM","التهامي عزيز","29607"
"الدار البيضاء-سطات","مديونة","سيدي حجاج واد حصار","1232","19440","PI","الحاج الخطابي","7297"
"الدار البيضاء-سطات","مديونة","سيدي حجاج واد حصار","1232","19440","PI","أسماء المرابط","7389"
"الدار البيضاء-سطات","مديونة","سيدي حجاج واد حصار","1232","27670","USFP","زكرياء ادريسي","156588"
"الدار البيضاء-سطات","مديونة","سيدي حجاج واد حصار","1232","19448","PAM","العربي عزيز","2915"
"الدار البيضاء-سطات","مديونة","سيدي حجاج واد حصار","1232","19443","PAM","الحبيب بالقدمير","3067"
"الدار البيضاء-سطات","مديونة","سيدي حجاج واد حصار","1232","27674","PI","عبد الاله كصار","2817"
"الدار البيضاء-سطات","مديونة","سيدي حجاج واد حصار","1232","27671","PAM","محمد شفيل","67137"
"الدار البيضاء-سطات","مديونة","لهراويين","764","12032","RNI","هشام شهيد","159499"
"الدار البيضاء-سطات","مديونة","لهراويين","764","12032","RNI","فتيحة الحافض","159754"
"الدار البيضاء-سطات","مديونة","لهراويين","764","12032","RNI","حسن دماحي","159534"
"الدار البيضاء-سطات","مديونة","لهراويين","764","12032","RNI","وهيبة  بلحاج ","159744"
"الدار البيضاء-سطات","مديونة","لهراويين","764","12032","RNI","الطاهر بافضيل","159565"
"الدار البيضاء-سطات","مديونة","لهراويين","764","12032","RNI","حورية لزعر","159716"
"الدار البيضاء-سطات","مديونة","لهراويين","764","12032","RNI","صالح المعطاوي","159589"
"الدار البيضاء-سطات","مديونة","لهراويين","764","12032","RNI","الكبير زيواني","159608"
"الدار البيضاء-سطات","مديونة","لهراويين","764","12032","RNI","عبد الرحيم لبيض","159624"
"الدار البيضاء-سطات","مديونة","لهراويين","764","12032","PAM","المصطفى صديق","156441"
"الدار البيضاء-سطات","مديونة","لهراويين","764","12032","PAM","نجاة مسافير","156504"
"الدار البيضاء-سطات","مديونة","لهراويين","764","12032","PAM","احمد كريمو","156537"
"الدار البيضاء-سطات","مديونة","لهراويين","764","12032","PAM","هاجر الفكرجي","156492"
"الدار البيضاء-سطات","مديونة","لهراويين","764","12032","PAM","ايعيش اسليكة","156606"
"الدار البيضاء-سطات","مديونة","لهراويين","764","12032","PI","ادريس  صديق","157284"
"الدار البيضاء-سطات","مديونة","لهراويين","764","12032","PI","نوال الدهابي","157299"
"الدار البيضاء-سطات","مديونة","لهراويين","764","12032","PI","بدر عزيز","157331"
"الدار البيضاء-سطات","مديونة","لهراويين","764","12032","P.ALAMAL","محمد ناجح","117833"
"الدار البيضاء-سطات","مديونة","لهراويين","764","12032","P.ALAMAL","مليكة الزين","119070"
"الدار البيضاء-سطات","مديونة","لهراويين","764","12032","USFP","عبد الإله شمخي","96639"
"الدار البيضاء-سطات","مديونة","لهراويين","764","12032","USFP","سهام الربعاني","96651"
"الدار البيضاء-سطات","مديونة","لهراويين","764","12032","PPS","مصطفى المعناوي","106073"
"الدار البيضاء-سطات","مديونة","لهراويين","764","12032","PPS","نادية المعناوي","104843"
"الدار البيضاء-سطات","مديونة","لهراويين","764","12032","PJD","معاد شهير","43535"
"الدار البيضاء-سطات","مديونة","لهراويين","764","12032","PJD","إيمان اطرايفي","43593"
"الدار البيضاء-سطات","مديونة","لهراويين","764","12032","UC","بوشعيب زبير","157132"
"الدار البيضاء-سطات","مديونة","لهراويين","764","12032","UC","السعدية زبير","157157"
"الدار البيضاء-سطات","مديونة","لهراويين","764","12032","MP","بلقاسم الرحايمي","124823"
"الدار البيضاء-سطات","مديونة","لهراويين","764","12032","PVM","عبد الرحيم انتاج","96683"
"الدار البيضاء-سطات","مديونة","لهراويين","764","12032","PADS","سعيد عاتيق","141122"
"الدار البيضاء-سطات","مديونة","لهراويين","764","12032","PCS","مراض جادلي","159515"
"الدار البيضاء-سطات","مديونة","مديونة","859","25917","PI","محمد لرويش","4946"
"الدار البيضاء-سطات","مديونة","مديونة","859","25917","PI","نادية  كساس ","5104"
"الدار البيضاء-سطات","مديونة","مديونة","859","13580","RNI","مصطفى الشحم","97513"
"الدار البيضاء-سطات","مديونة","مديونة","859","13580","RNI","عائشة مهتدي","97542"
"الدار البيضاء-سطات","مديونة","مديونة","859","25912","PI","رشيد بوهية","30460"
"الدار البيضاء-سطات","مديونة","مديونة","859","25912","PI","بشرى ديرا","30399"
"الدار البيضاء-سطات","مديونة","مديونة","859","13581","RNI","عبدالاله حرشي","113659"
"الدار البيضاء-سطات","مديونة","مديونة","859","13581","RNI","فتيحة هاني","113823"
"الدار البيضاء-سطات","مديونة","مديونة","859","25916","PAM","بوشعيب هامان","66777"
"الدار البيضاء-سطات","مديونة","مديونة","859","25915","PI","رشيد الرامي","52822"
"الدار البيضاء-سطات","مديونة","مديونة","859","13573","PAM","بوشعيب شكري","75949"
"الدار البيضاء-سطات","مديونة","مديونة","859","13573","PAM","سميرة العنزير","75983"
"الدار البيضاء-سطات","مديونة","مديونة","859","13574","RNI","أيوب لبيض","121977"
"الدار البيضاء-سطات","مديونة","مديونة","859","25913","PAM","عبد الحق بوخويمة","75953"
"الدار البيضاء-سطات","مديونة","مديونة","859","13577","PI","هشام العوني","5014"
"الدار البيضاء-سطات","مديونة","مديونة","859","25909","PAM","محمد بنكدا","155077"
"الدار البيضاء-سطات","مديونة","مديونة","859","13576","RNI","عبد الله بن لفريخ","114043"
"الدار البيضاء-سطات","مديونة","مديونة","859","13583","PAM","موسى لشهب","24278"
"الدار البيضاء-سطات","مديونة","مديونة","859","13579","PAM","المصطفى رزقي","24227"
"الدار البيضاء-سطات","مديونة","مديونة","859","13578","PAM","خليل هدي","154586"
"الدار البيضاء-سطات","مديونة","مديونة","859","13575","PAM","محمد موهب","114045"
"الدار البيضاء-سطات","مديونة","مديونة","859","13584","PAM","حمزة روجدي","24371"
"الدار البيضاء-سطات","مديونة","مديونة","859","25914","PAM","الشرقي بوخويمة","75997"
"الدار البيضاء-سطات","مديونة","مديونة","859","25911","PAM","عبد العزيز الكناوي","154864"
"الدار البيضاء-سطات","مديونة","مديونة","859","13582","PAM","صلاح الدين ابوالغالي","154930"
"الدار البيضاء-سطات","مديونة","مديونة","859","25910","PAM","الميلودي بوخويمة","97391"
"الدار البيضاء-سطات","مديونة","مديونة","859","25908","PAM","حسن نشاط","18544"
"الدار البيضاء-سطات","مديونة","مديونة","859","13585","RNI","محمد مستاوي","161783"