region,province,commune,id_commune,circ,parti,candidat,id_candidat
"الشرق","الدريوش","أولاد أمغار","983","15523","P Al Ahd Addimocrati","محمد بوحنو","36456"
"الشرق","الدريوش","أولاد أمغار","983","15523","P Al Ahd Addimocrati","مليكة ابلحاج","36578"
"الشرق","الدريوش","أولاد أمغار","983","15530","P Al Ahd Addimocrati","حميد الدارشي","46681"
"الشرق","الدريوش","أولاد أمغار","983","15530","P Al Ahd Addimocrati","فاطمة حموتي","46733"
"الشرق","الدريوش","أولاد أمغار","983","15525","P Al Ahd Addimocrati","محمد مهتور","98927"
"الشرق","الدريوش","أولاد أمغار","983","15525","P Al Ahd Addimocrati","مريم امغاري","98804"
"الشرق","الدريوش","أولاد أمغار","983","15524","USFP","ابو القاسم الوزاني","79489"
"الشرق","الدريوش","أولاد أمغار","983","15533","USFP","تهامي الوزاني","78920"
"الشرق","الدريوش","أولاد أمغار","983","15528","USFP","عبد الواحد بوحثيق","29897"
"الشرق","الدريوش","أولاد أمغار","983","15531","USFP","محمد الغديوي","45170"
"الشرق","الدريوش","أولاد أمغار","983","15532","PAM","المصطفى بنشعيب","45281"
"الشرق","الدريوش","أولاد أمغار","983","15526","PAM","نجيب الحموتي","65766"
"الشرق","الدريوش","أولاد أمغار","983","15526","PAM","فدوى احلوش","65875"
"الشرق","الدريوش","أولاد أمغار","983","15527","PAM","احمد زواغي","44787"
"الشرق","الدريوش","أولاد أمغار","983","15529","PAM","احمد الديواني","45003"
"الشرق","الدريوش","أولاد بوبكر","990","15620","RNI","خالد بزعنين","79333"
"الشرق","الدريوش","أولاد بوبكر","990","15617","RNI","بنعيسى معضوري","58970"
"الشرق","الدريوش","أولاد بوبكر","990","15619","RNI","احمد عبو","79640"
"الشرق","الدريوش","أولاد بوبكر","990","15619","RNI","فوزاية اسباغي","79697"
"الشرق","الدريوش","أولاد بوبكر","990","15618","RNI","احساين عسو","45816"
"الشرق","الدريوش","أولاد بوبكر","990","15616","RNI","محمد بوشلاغم","45966"
"الشرق","الدريوش","أولاد بوبكر","990","15616","RNI","حليمة القدوري","45988"
"الشرق","الدريوش","أولاد بوبكر","990","15614","RNI","ميمون التابي","36014"
"الشرق","الدريوش","أولاد بوبكر","990","15610","P Al Ahd Addimocrati","امحند المرياوي","30195"
"الشرق","الدريوش","أولاد بوبكر","990","15610","P Al Ahd Addimocrati","مريم بوعنونو","30244"
"الشرق","الدريوش","أولاد بوبكر","990","15615","P Al Ahd Addimocrati","يوشتة اسروت","35186"
"الشرق","الدريوش","أولاد بوبكر","990","27085","P Al Ahd Addimocrati","الطيب البقالي","58750"
"الشرق","الدريوش","أولاد بوبكر","990","15612","P Al Ahd Addimocrati","حمو بلوط","35242"
"الشرق","الدريوش","أولاد بوبكر","990","15612","P Al Ahd Addimocrati","امينة المنصوري","35291"
"الشرق","الدريوش","أولاد بوبكر","990","15611","P Al Ahd Addimocrati","علي بوحدايد","9636"
"الشرق","الدريوش","أولاد بوبكر","990","27084","P Al Ahd Addimocrati","عبد الله احظيظ","19407"
"الشرق","الدريوش","أولاد بوبكر","990","15613","P Al Ahd Addimocrati","يونس يشو","4564"
"الشرق","الدريوش","آيت مايت","90","1361","MP","الياس بوعزاتي","67153"
"الشرق","الدريوش","آيت مايت","90","1361","MP","زرفة بوعزاتي","67370"
"الشرق","الدريوش","آيت مايت","90","1364","MP","امحمد ارخاوي","33354"
"الشرق","الدريوش","آيت مايت","90","1363","MP","المصطفى بقالي","43457"
"الشرق","الدريوش","آيت مايت","90","1363","MP","فاطمة بقالي","43558"
"الشرق","الدريوش","آيت مايت","90","1360","MP","محمد الشبابي","45013"
"الشرق","الدريوش","آيت مايت","90","1359","MP","محمد الحمديوي","33422"
"الشرق","الدريوش","آيت مايت","90","1357","MP","محمد القدوري","24952"
"الشرق","الدريوش","آيت مايت","90","1362","RNI","احمد اشن","24858"
"الشرق","الدريوش","آيت مايت","90","1362","RNI","عبيدة بولسهوب","24900"
"الشرق","الدريوش","آيت مايت","90","1366","RNI","محمد القندوسي","18981"
"الشرق","الدريوش","آيت مايت","90","1366","RNI","فلجة اسباع","19029"
"الشرق","الدريوش","آيت مايت","90","1365","RNI","محمد بقالي","18755"
"الشرق","الدريوش","آيت مايت","90","1356","RNI","الخاضر السهلي","43637"
"الشرق","الدريوش","آيت مايت","90","1358","RNI","ميمون السقلي","89580"
"الشرق","الدريوش","اتروكوت","1507","23546","PAM","محمد اقريش","4582"
"الشرق","الدريوش","اتروكوت","1507","23545","PAM","نور الدين  الخلدوني","19086"
"الشرق","الدريوش","اتروكوت","1507","23545","PAM","سناء ازحاف","19127"
"الشرق","الدريوش","اتروكوت","1507","23554","PAM","عبدالصمد العثماني","7743"
"الشرق","الدريوش","اتروكوت","1507","23554","PAM","سهام وعلي","7653"
"الشرق","الدريوش","اتروكوت","1507","23553","PAM","عمر لمكارف","4593"
"الشرق","الدريوش","اتروكوت","1507","23553","PAM","كمالية اظهشور","4598"
"الشرق","الدريوش","اتروكوت","1507","23549","PAM","رشيد بنحدو","3361"
"الشرق","الدريوش","اتروكوت","1507","23550","P Al Ahd Addimocrati","حميد  بونيو","13169"
"الشرق","الدريوش","اتروكوت","1507","23551","P Al Ahd Addimocrati","محمد احمو","13250"
"الشرق","الدريوش","اتروكوت","1507","23547","P Al Ahd Addimocrati","عبد السلام زياني","12979"
"الشرق","الدريوش","اتروكوت","1507","23552","P Al Ahd Addimocrati","سعيد افقير","13334"
"الشرق","الدريوش","اتروكوت","1507","23557","P Al Ahd Addimocrati","محمد  اقشيشو","35488"
"الشرق","الدريوش","اتروكوت","1507","23555","RNI","محمد اظهشور","35438"
"الشرق","الدريوش","اتروكوت","1507","23548","RNI","عبد السلام المرابط","35169"
"الشرق","الدريوش","اتروكوت","1507","23548","RNI","حكيمة  اجبيلو ","35235"
"الشرق","الدريوش","اتروكوت","1507","23556","MP","احمد البقالي","33550"
"الشرق","الدريوش","اتسافت","1508","23566","PAM","عمرو البارودي","56194"
"الشرق","الدريوش","اتسافت","1508","23566","PAM","ثريا البرودي","56287"
"الشرق","الدريوش","اتسافت","1508","23558","PAM","امحمد اقرقاش","39394"
"الشرق","الدريوش","اتسافت","1508","23558","PAM","هنيدة اقريش","39425"
"الشرق","الدريوش","اتسافت","1508","23561","PAM","عبد المجيد الدرقاوي","46441"
"الشرق","الدريوش","اتسافت","1508","23562","PAM","امحمد الطويلي","35046"
"الشرق","الدريوش","اتسافت","1508","23569","PAM","محمد ابركان","35754"
"الشرق","الدريوش","اتسافت","1508","23570","PAM","مجيد اليخلوفي","55959"
"الشرق","الدريوش","اتسافت","1508","23567","PAM","ابراهيم المخوخي","35281"
"الشرق","الدريوش","اتسافت","1508","23559","PAM","الحسين المزياني","35112"
"الشرق","الدريوش","اتسافت","1508","23568","PAM","رشيد الرضواني","35212"
"الشرق","الدريوش","اتسافت","1508","23565","PI","احمد بعشمير","25548"
"الشرق","الدريوش","اتسافت","1508","23565","PI","نادية الوحشي","25567"
"الشرق","الدريوش","اتسافت","1508","23560","PI","محمد اليوسفي","37445"
"الشرق","الدريوش","اتسافت","1508","23564","PJD","خالد العزوتي","76096"
"الشرق","الدريوش","اتسافت","1508","23564","PJD","سعيدة حسيني","76135"
"الشرق","الدريوش","اتسافت","1508","23563","PRD","محمد ازروال","46366"
"الشرق","الدريوش","اجرمواس","630","9925","P Al Ahd Addimocrati","محمد مشين","109938"
"الشرق","الدريوش","اجرمواس","630","9925","P Al Ahd Addimocrati","فتيحة السبعوني","110036"
"الشرق","الدريوش","اجرمواس","630","9926","P Al Ahd Addimocrati","عزالدين البعيادي","89072"
"الشرق","الدريوش","اجرمواس","630","9926","P Al Ahd Addimocrati","هدى بنطاطو","89228"
"الشرق","الدريوش","اجرمواس","630","9927","P Al Ahd Addimocrati","امحمد القدوري","104007"
"الشرق","الدريوش","اجرمواس","630","9932","P Al Ahd Addimocrati","سفيان القدوري","104638"
"الشرق","الدريوش","اجرمواس","630","9934","P Al Ahd Addimocrati","محمد  داودي","12618"
"الشرق","الدريوش","اجرمواس","630","9924","P Al Ahd Addimocrati","علي الطاوس","88738"
"الشرق","الدريوش","اجرمواس","630","9924","P Al Ahd Addimocrati","سهام البودخاني","88924"
"الشرق","الدريوش","اجرمواس","630","9933","P Al Ahd Addimocrati","علي الحزميوي","12752"
"الشرق","الدريوش","اجرمواس","630","9930","P Al Ahd Addimocrati","احمد  السبعوني","12661"
"الشرق","الدريوش","اجرمواس","630","9931","P Al Ahd Addimocrati","احمد  العباس","12701"
"الشرق","الدريوش","اجرمواس","630","9928","P Al Ahd Addimocrati","محمد  السكوري ","104206"
"الشرق","الدريوش","اجرمواس","630","9922","RNI","عبد الحميد البنعماري","88469"
"الشرق","الدريوش","اجرمواس","630","9922","RNI","وسيمة البنعماري","88605"
"الشرق","الدريوش","اجرمواس","630","9923","MP","محمد أزعوم","61241"
"الشرق","الدريوش","اجرمواس","630","9929","PJD","عبد الحفيظ فانوي","37449"
"الشرق","الدريوش","ازلاف","270","4054","PAM","محمد اوراغ","18272"
"الشرق","الدريوش","ازلاف","270","4054","PAM","فاطمة الختولي","18304"
"الشرق","الدريوش","ازلاف","270","4050","PAM","احمد الخلفيوي","18344"
"الشرق","الدريوش","ازلاف","270","4048","PAM","احمد بوقشار","18188"
"الشرق","الدريوش","ازلاف","270","4048","PAM","نعيمة بنهدي","18221"
"الشرق","الدريوش","ازلاف","270","4045","PAM","بنعيسى اليبوحي","18040"
"الشرق","الدريوش","ازلاف","270","4045","PAM","حفيظة ساح","18090"
"الشرق","الدريوش","ازلاف","270","4047","PAM","عبد السلام اليوسفي","88477"
"الشرق","الدريوش","ازلاف","270","4047","PAM","تورية البوجدايني","88641"
"الشرق","الدريوش","ازلاف","270","4049","PAM","الراضي  بوشواري ","14612"
"الشرق","الدريوش","ازلاف","270","4046","PAM","نور الدين الشبلي","18124"
"الشرق","الدريوش","ازلاف","270","4051","PAM","عباس البوزروتي","18374"
"الشرق","الدريوش","ازلاف","270","4053","PAM","محمد بشواري","18427"
"الشرق","الدريوش","ازلاف","270","4044","PJD","نور الدين بجنان","76443"
"الشرق","الدريوش","افرني","618","9740","PAM","محمد شواري","39027"
"الشرق","الدريوش","افرني","618","9742","PAM","محمد بولخريف","61075"
"الشرق","الدريوش","افرني","618","9742","PAM","اسماء محيوتي","61133"
"الشرق","الدريوش","افرني","618","9739","PAM","احمد بلخريف","61330"
"الشرق","الدريوش","افرني","618","9739","PAM","وسيمة بلخريف","61350"
"الشرق","الدريوش","افرني","618","9747","PAM","العزيز الشلوقي","46258"
"الشرق","الدريوش","افرني","618","9747","PAM","نزيهة الفروقي","46292"
"الشرق","الدريوش","افرني","618","9738","PAM","حميد البوش","38883"
"الشرق","الدريوش","افرني","618","9746","PI","احمد العساتي","78964"
"الشرق","الدريوش","افرني","618","9743","PI","يونس انديش","35397"
"الشرق","الدريوش","افرني","618","9741","PI","عبد الحليم سعلي","46396"
"الشرق","الدريوش","افرني","618","9745","PI","بغداد ازحاف","30393"
"الشرق","الدريوش","افرني","618","9748","PPS","ادريس الهروشي","47026"
"الشرق","الدريوش","افرني","618","9748","PPS","سناء البوتكمانتي","47112"
"الشرق","الدريوش","افرني","618","9744","P Al Ahd Addimocrati","محمد امياي","25477"
"الشرق","الدريوش","الدريوش","473","27087","P Al Ahd Addimocrati","موسى قلاح","7676"
"الشرق","الدريوش","الدريوش","473","26438","P Al Ahd Addimocrati","الحسن بولعوالي","36933"
"الشرق","الدريوش","الدريوش","473","26436","P Al Ahd Addimocrati","مصطفى بنعودة","7305"
"الشرق","الدريوش","الدريوش","473","26434","P Al Ahd Addimocrati","حمو الوهداني","17339"
"الشرق","الدريوش","الدريوش","473","26433","P Al Ahd Addimocrati","الحسن ابركان","17898"
"الشرق","الدريوش","الدريوش","473","27086","P Al Ahd Addimocrati","محمد طوري","37299"
"الشرق","الدريوش","الدريوش","473","26435","P Al Ahd Addimocrati","رشيد ابركان","17364"
"الشرق","الدريوش","الدريوش","473","26437","P Al Ahd Addimocrati","علي بوحدايد","7382"
"الشرق","الدريوش","الدريوش","473","26439","RNI","عبدالله البوكيلي","47062"
"الشرق","الدريوش","الدريوش","473","26439","RNI","وفاء اجرطي","46938"
"الشرق","الدريوش","الدريوش","473","26429","RNI","ميمون  الوكيلي","88809"
"الشرق","الدريوش","الدريوش","473","26429","RNI","يمينة الوكيلي","88909"
"الشرق","الدريوش","الدريوش","473","26431","RNI","محمد البوكيلي","65193"
"الشرق","الدريوش","الدريوش","473","26431","RNI","حسناء الرياني","65244"
"الشرق","الدريوش","الدريوش","473","26432","RNI","عبدالعزيز لوكيلي","44920"
"الشرق","الدريوش","الدريوش","473","26441","RNI","محمد البوكيلي","89218"
"الشرق","الدريوش","الدريوش","473","26440","MP","الحسن  المرابط","17292"
"الشرق","الدريوش","الدريوش","473","26430","MP","جمال  مروان","63380"
"الشرق","الدريوش","الدريوش","473","26430","MP","نعيمة لمهياوي","63447"
"الشرق","الدريوش","امجاو","198","2931","RNI","محمد المرابط","49450"
"الشرق","الدريوش","امجاو","198","2931","RNI","فاطمة البوبكاري","49550"
"الشرق","الدريوش","امجاو","198","2928","RNI","عبد العزيز البوبكاري","7693"
"الشرق","الدريوش","امجاو","198","2922","RNI","امحمد ازواغ","12497"
"الشرق","الدريوش","امجاو","198","2922","RNI","سامية البوبكاري","12574"
"الشرق","الدريوش","امجاو","198","2923","RNI","محمد الراشدي","63701"
"الشرق","الدريوش","امجاو","198","2927","RNI","بلعزيز ادريسي","12083"
"الشرق","الدريوش","امجاو","198","2927","RNI","فاطمة ادريسي","12244"
"الشرق","الدريوش","امجاو","198","2926","RNI","الناصر ابكري","7529"
"الشرق","الدريوش","امجاو","198","2925","RNI","عبدالقادر قاسمي","14240"
"الشرق","الدريوش","امجاو","198","2924","RNI","محمد البغدادي","7303"
"الشرق","الدريوش","امجاو","198","2929","MP","محمد بالي","47660"
"الشرق","الدريوش","امجاو","198","2929","MP","رشيدة عدا","47805"
"الشرق","الدريوش","امجاو","198","2930","PPS","احميدة ارشكار","35996"
"الشرق","الدريوش","امجاو","198","2932","PUD","عبد الواحد بلهادي","110902"
"الشرق","الدريوش","امطالسة","1592","26776","RNI","رضوان الوكيلي","24781"
"الشرق","الدريوش","امطالسة","1592","26776","RNI","حجيرة بن موسى","24737"
"الشرق","الدريوش","امطالسة","1592","26764","RNI","بوجمعة الحدوتي","4500"
"الشرق","الدريوش","امطالسة","1592","26764","RNI","سليمة رجوعي","4537"
"الشرق","الدريوش","امطالسة","1592","26774","RNI","ادريس المسعودي","44067"
"الشرق","الدريوش","امطالسة","1592","26773","RNI","عبد العزيز الشايف","45529"
"الشرق","الدريوش","امطالسة","1592","26771","RNI","كريم لمحمدي","61101"
"الشرق","الدريوش","امطالسة","1592","26769","RNI","بوزيان الزياني","24684"
"الشرق","الدريوش","امطالسة","1592","26763","RNI","محمد ازحاف","24651"
"الشرق","الدريوش","امطالسة","1592","26768","RNI","مصطفى الزياني","24813"
"الشرق","الدريوش","امطالسة","1592","26770","RNI","ياسين البوكيلي","65508"
"الشرق","الدريوش","امطالسة","1592","26770","RNI","سعاد بن موسى","65577"
"الشرق","الدريوش","امطالسة","1592","26772","RNI","جمال محدادي","65668"
"الشرق","الدريوش","امطالسة","1592","26757","MP","محند  لمو","35796"
"الشرق","الدريوش","امطالسة","1592","26757","MP","فايزة العلالي","35926"
"الشرق","الدريوش","امطالسة","1592","26755","MP","الحسن قيشوحي","35739"
"الشرق","الدريوش","امطالسة","1592","26760","MP","عياد الدمناتي","4307"
"الشرق","الدريوش","امطالسة","1592","26756","MP","محمد اكريرش","30292"
"الشرق","الدريوش","امطالسة","1592","26765","MP","ادريس جغيط","3718"
"الشرق","الدريوش","امطالسة","1592","26754","P Al Ahd Addimocrati","علي دحوتي","43661"
"الشرق","الدريوش","امطالسة","1592","26761","P Al Ahd Addimocrati","محمد بودخانة","36392"
"الشرق","الدريوش","امطالسة","1592","26762","P Al Ahd Addimocrati","مصطفى  عاصم ","12822"
"الشرق","الدريوش","امطالسة","1592","26766","P Al Ahd Addimocrati","اسماعيل اليحياوي","12696"
"الشرق","الدريوش","امطالسة","1592","26759","PJD","بوجمعة حدوشي","7285"
"الشرق","الدريوش","امطالسة","1592","26758","PJD","علي الطاهري","36152"
"الشرق","الدريوش","امطالسة","1592","26775","UC","محمد البوكيلي","38918"
"الشرق","الدريوش","امطالسة","1592","26767","UC","المهدي المقدمي","36503"
"الشرق","الدريوش","امهاجر","814","12859","MP","ياسين  فضيلي","36631"
"الشرق","الدريوش","امهاجر","814","12854","MP","محمد الزكنوني","64330"
"الشرق","الدريوش","امهاجر","814","12854","MP","سومية دحو","64414"
"الشرق","الدريوش","امهاجر","814","12855","MP","حكيم ازحاف","7463"
"الشرق","الدريوش","امهاجر","814","12855","MP","اسماء قدريوي","7493"
"الشرق","الدريوش","امهاجر","814","12857","MP","الحسن الحفياني","12394"
"الشرق","الدريوش","امهاجر","814","12858","MP","محمد املاح","35131"
"الشرق","الدريوش","امهاجر","814","25709","MP","حليم الشارف","7628"
"الشرق","الدريوش","امهاجر","814","25708","MP","المصطفى ابنعمار","4112"
"الشرق","الدريوش","امهاجر","814","12860","MP","محمد المريني","4148"
"الشرق","الدريوش","امهاجر","814","12861","PAM","المصطفى ازعوم","7593"
"الشرق","الدريوش","امهاجر","814","12853","PAM","البشير ناجي","24660"
"الشرق","الدريوش","امهاجر","814","12853","PAM","عبيدة ناجي","24691"
"الشرق","الدريوش","امهاجر","814","12852","PAM","رشيد العبدوني","4194"
"الشرق","الدريوش","امهاجر","814","12852","PAM","خديجة العبدوني","4529"
"الشرق","الدريوش","امهاجر","814","12862","PAM","مزيان دادي","7675"
"الشرق","الدريوش","امهاجر","814","12856","PAM","عبد الرحمن حركة","3397"
"الشرق","الدريوش","بن الطيب","290","4421","MP","محمد اليندوزي","18263"
"الشرق","الدريوش","بن الطيب","290","4422","MP","محمد فضيلي","80724"
"الشرق","الدريوش","بن الطيب","290","4422","MP","سعاد دحو","80787"
"الشرق","الدريوش","بن الطيب","290","4424","MP","محمد املاح","69791"
"الشرق","الدريوش","بن الطيب","290","4424","MP","حنان افثيش","69857"
"الشرق","الدريوش","بن الطيب","290","4414","MP","المختار يطوحي","8671"
"الشرق","الدريوش","بن الطيب","290","4414","MP","صبرينة بارشوش","8699"
"الشرق","الدريوش","بن الطيب","290","4423","MP","عبد السلام بلمختار","38150"
"الشرق","الدريوش","بن الطيب","290","4423","MP","فاطمة دحو","38290"
"الشرق","الدريوش","بن الطيب","290","27089","MP","محمد المراقي","8601"
"الشرق","الدريوش","بن الطيب","290","27088","MP","جمال قدريوي","74092"
"الشرق","الدريوش","بن الطيب","290","4418","MP","عبد اللطيف القدري","69393"
"الشرق","الدريوش","بن الطيب","290","4419","MP","احمد اعميمر","13996"
"الشرق","الدريوش","بن الطيب","290","4417","MP","محمد بوستة","74115"
"الشرق","الدريوش","بن الطيب","290","4412","MP","اعمروش نونا","18323"
"الشرق","الدريوش","بن الطيب","290","4413","PAM","محمد الطالعي","3730"
"الشرق","الدريوش","بن الطيب","290","4420","PAM","محمد الزكنوني","84750"
"الشرق","الدريوش","بن الطيب","290","4416","PAM","عبد الرحيم حسان","37941"
"الشرق","الدريوش","بن الطيب","290","4415","PAM","احمد رياني","68992"
"الشرق","الدريوش","بني مرغنين","354","5456","PAM","محمد تحيش","63257"
"الشرق","الدريوش","بني مرغنين","354","5456","PAM","بشرى محيش","63103"
"الشرق","الدريوش","بني مرغنين","354","5454","PAM","محمد فوزي بنقدور","99277"
"الشرق","الدريوش","بني مرغنين","354","5454","PAM","لطيفة  الفضولي","99188"
"الشرق","الدريوش","بني مرغنين","354","5449","PAM","احمد جغو","112905"
"الشرق","الدريوش","بني مرغنين","354","5457","PAM","المصطفى صابري","99745"
"الشرق","الدريوش","بني مرغنين","354","5452","PAM","محمد الوردي","46973"
"الشرق","الدريوش","بني مرغنين","354","5450","PAM","احمد يوال","47153"
"الشرق","الدريوش","بني مرغنين","354","5452","PAM","نصيرة الوردي","47025"
"الشرق","الدريوش","بني مرغنين","354","5458","PAM","امحمد واعمر","63353"
"الشرق","الدريوش","بني مرغنين","354","5455","P Al Ahd Addimocrati","ياسين اتواتي","81984"
"الشرق","الدريوش","بني مرغنين","354","5455","P Al Ahd Addimocrati","فدوى عمراني","82056"
"الشرق","الدريوش","بني مرغنين","354","5451","P Al Ahd Addimocrati","عز الدين بوجانا","86167"
"الشرق","الدريوش","بني مرغنين","354","5448","P Al Ahd Addimocrati","عبد الحميد حمدي","86073"
"الشرق","الدريوش","بني مرغنين","354","5453","P Al Ahd Addimocrati","حسن حموتي","106262"
"الشرق","الدريوش","بودينار","389","6029","PAM","محمد عزوزي","58357"
"الشرق","الدريوش","بودينار","389","6024","PAM","سليمان بغوز","62049"
"الشرق","الدريوش","بودينار","389","6024","PAM","يسرى بحيش","62197"
"الشرق","الدريوش","بودينار","389","6025","PAM","الحسين سعيدي","61996"
"الشرق","الدريوش","بودينار","389","6022","PAM","عبدالسلام حيدا","61932"
"الشرق","الدريوش","بودينار","389","6028","PAM","يوسف واعلي","73466"
"الشرق","الدريوش","بودينار","389","6026","P Al Ahd Addimocrati","محمد افلاح الجعفاري","100858"
"الشرق","الدريوش","بودينار","389","6026","P Al Ahd Addimocrati","فضمة شعيبي","100971"
"الشرق","الدريوش","بودينار","389","6017","P Al Ahd Addimocrati","يوسف يوعلا","64176"
"الشرق","الدريوش","بودينار","389","6027","MP","احمد بوشقري","83605"
"الشرق","الدريوش","بودينار","389","6027","MP","سناء الزاهر","83678"
"الشرق","الدريوش","بودينار","389","6020","MP","رشيد سلام","85422"
"الشرق","الدريوش","بودينار","389","6020","MP","وفاء مقراوي","85478"
"الشرق","الدريوش","بودينار","389","6023","MP","عبيد اسكاك","85572"
"الشرق","الدريوش","بودينار","389","6021","MP","الحسين الزاهر","82829"
"الشرق","الدريوش","بودينار","389","6019","MP","محمد بلحاج","85335"
"الشرق","الدريوش","بودينار","389","6018","SAP","عبد الله اجعون","84906"
"الشرق","الدريوش","تزاغين","1407","22174","MP","محمد الروف","64724"
"الشرق","الدريوش","تزاغين","1407","22174","MP","حنان الفدائي","65068"
"الشرق","الدريوش","تزاغين","1407","22171","MP","محمد الخلفي","30611"
"الشرق","الدريوش","تزاغين","1407","22171","MP","رحمة صديقي","30660"
"الشرق","الدريوش","تزاغين","1407","22179","MP","محمد كلاش","65705"
"الشرق","الدريوش","تزاغين","1407","22179","MP","عائشة كلاش","66065"
"الشرق","الدريوش","تزاغين","1407","22181","MP","ميمون المراجع","85886"
"الشرق","الدريوش","تزاغين","1407","22173","MP","محمد غودان","57786"
"الشرق","الدريوش","تزاغين","1407","22173","MP","ميمونت قجوش","57847"
"الشرق","الدريوش","تزاغين","1407","22176","PAM","محمد بوحبس","35587"
"الشرق","الدريوش","تزاغين","1407","22177","PAM","احمد يعقوب","35767"
"الشرق","الدريوش","تزاغين","1407","22178","PAM","سعيد بخزو","33195"
"الشرق","الدريوش","تزاغين","1407","22175","PAM","محمد حدادي","61371"
"الشرق","الدريوش","تزاغين","1407","22172","PAM","محمد اللوخ","35869"
"الشرق","الدريوش","تزاغين","1407","22180","RNI","محمد البوجوفي","47377"
"الشرق","الدريوش","تفرسيت","1317","20852","PAM","الراضي امزلاسا","14360"
"الشرق","الدريوش","تفرسيت","1317","20852","PAM","مسيرة التقدومي","14376"
"الشرق","الدريوش","تفرسيت","1317","20850","PAM","محمد بندحمان","14478"
"الشرق","الدريوش","تفرسيت","1317","20850","PAM","يمينة لعويش","14504"
"الشرق","الدريوش","تفرسيت","1317","20853","PAM","احمد طايا","79251"
"الشرق","الدريوش","تفرسيت","1317","20853","PAM","فرح العماري","79293"
"الشرق","الدريوش","تفرسيت","1317","20848","PAM","عمر بوكريع","25512"
"الشرق","الدريوش","تفرسيت","1317","20854","PAM","الطاهر  الزرهوني","14670"
"الشرق","الدريوش","تفرسيت","1317","20849","PAM","محمد المزيد","35472"
"الشرق","الدريوش","تفرسيت","1317","20845","PAM","احمد الحسناوي","14543"
"الشرق","الدريوش","تفرسيت","1317","20847","PAM","يحي البشيري","7166"
"الشرق","الدريوش","تفرسيت","1317","20857","PAM","ادريس عاشوري","14684"
"الشرق","الدريوش","تفرسيت","1317","20855","PAM","مولود بحوت","7051"
"الشرق","الدريوش","تفرسيت","1317","20851","PJD","ميمون البالي","56673"
"الشرق","الدريوش","تفرسيت","1317","20851","PJD","فاطمة الملاحي","56725"
"الشرق","الدريوش","تفرسيت","1317","20846","MP","محمد يوب","56848"
"الشرق","الدريوش","تفرسيت","1317","20856","PPS","المختار بلخريف","46948"
"الشرق","الدريوش","تليليت","1348","21265","MP","عبد القادر بوشيحان","72867"
"الشرق","الدريوش","تليليت","1348","21265","MP","فتيحة اليندوزي","72911"
"الشرق","الدريوش","تليليت","1348","21262","MP","حميد بن علي","87694"
"الشرق","الدريوش","تليليت","1348","21262","MP","ام كلتوم بلعزيز","87838"
"الشرق","الدريوش","تليليت","1348","21270","MP","محمد بعدي","64231"
"الشرق","الدريوش","تليليت","1348","21272","MP","احمد العياشي","61393"
"الشرق","الدريوش","تليليت","1348","21272","MP","فاطمة ادريسي","61425"
"الشرق","الدريوش","تليليت","1348","21266","MP","احمد  اليندوزي ","73112"
"الشرق","الدريوش","تليليت","1348","21263","MP","خالد اليندوزي","33648"
"الشرق","الدريوش","تليليت","1348","21269","MP","عبدالرحمن الطالعي","61779"
"الشرق","الدريوش","تليليت","1348","21264","PAM","حلوش بوزكري","53593"
"الشرق","الدريوش","تليليت","1348","21268","PAM","محمد العسري","35177"
"الشرق","الدريوش","تليليت","1348","21267","PAM","علال كبري","53126"
"الشرق","الدريوش","تليليت","1348","21267","PAM","حكيمة كبري","53158"
"الشرق","الدريوش","تليليت","1348","21271","RNI","محمد المناني","35254"
"الشرق","الدريوش","تمسمان","1418","22335","P Al Ahd Addimocrati","محمد عمي","100026"
"الشرق","الدريوش","تمسمان","1418","22335","P Al Ahd Addimocrati","يمينة حاروش","99947"
"الشرق","الدريوش","تمسمان","1418","22342","P Al Ahd Addimocrati","عيشة لمريني الوهابي","107036"
"الشرق","الدريوش","تمسمان","1418","22342","P Al Ahd Addimocrati","يمينة بوميى","107122"
"الشرق","الدريوش","تمسمان","1418","22332","P Al Ahd Addimocrati","محمد كوهي","87218"
"الشرق","الدريوش","تمسمان","1418","22332","P Al Ahd Addimocrati","جميلة كوهي","87286"
"الشرق","الدريوش","تمسمان","1418","22330","P Al Ahd Addimocrati","عبدالمنعم الفتاحي","87101"
"الشرق","الدريوش","تمسمان","1418","22328","P Al Ahd Addimocrati","الحسن المهداوي","66291"
"الشرق","الدريوش","تمسمان","1418","22331","P Al Ahd Addimocrati","عبد الحميد لعروصي","100715"
"الشرق","الدريوش","تمسمان","1418","22340","P Al Ahd Addimocrati","امحمد طيف","87416"
"الشرق","الدريوش","تمسمان","1418","22339","P Al Ahd Addimocrati","شعيب ازواغ","30125"
"الشرق","الدريوش","تمسمان","1418","22333","P Al Ahd Addimocrati","عبيد مزياوي","29464"
"الشرق","الدريوش","تمسمان","1418","22334","P Al Ahd Addimocrati","محمد امقران","37338"
"الشرق","الدريوش","تمسمان","1418","22336","P Al Ahd Addimocrati","محمد الامين","30036"
"الشرق","الدريوش","تمسمان","1418","22341","P Al Ahd Addimocrati","حسن استيتو","87523"
"الشرق","الدريوش","تمسمان","1418","22338","MP","جمال علا","46482"
"الشرق","الدريوش","تمسمان","1418","22338","MP","نعيمة بويدو","46527"
"الشرق","الدريوش","تمسمان","1418","22337","MP","توفيق اينو","66230"
"الشرق","الدريوش","تمسمان","1418","22329","FFD","احمد ايمولا","47775"
"الشرق","الدريوش","دار الكبداني","449","6963","RNI","بلعيد الحجوي","29761"
"الشرق","الدريوش","دار الكبداني","449","6963","RNI","ربيعة بلغربي","29863"
"الشرق","الدريوش","دار الكبداني","449","6964","RNI","محمد بورفيس","30035"
"الشرق","الدريوش","دار الكبداني","449","6964","RNI","سعيدة ريفي سعيدي","30174"
"الشرق","الدريوش","دار الكبداني","449","6970","RNI","عبد العزيز الزراري","30369"
"الشرق","الدريوش","دار الكبداني","449","6970","RNI","سهيلة امنصور","30406"
"الشرق","الدريوش","دار الكبداني","449","6966","RNI","احمد بهاك","30491"
"الشرق","الدريوش","دار الكبداني","449","6967","RNI","عبدالسلام ازماني","25005"
"الشرق","الدريوش","دار الكبداني","449","6973","RNI","محمد حنو","30283"
"الشرق","الدريوش","دار الكبداني","449","6968","RNI","امحمد تنوتي","61328"
"الشرق","الدريوش","دار الكبداني","449","6965","PPS","سي محمد اشن","86511"
"الشرق","الدريوش","دار الكبداني","449","6965","PPS","ام كلثوم بوزكو","86604"
"الشرق","الدريوش","دار الكبداني","449","6971","PPS","بوزيان بولشيوخ","51583"
"الشرق","الدريوش","دار الكبداني","449","6974","PPS","الحسن الصغير","18525"
"الشرق","الدريوش","دار الكبداني","449","6972","PRV","سعيد بولحروز","78767"
"الشرق","الدريوش","دار الكبداني","449","6969","PRV","عبد النجيم بوسلهام","83976"
"الشرق","الدريوش","دار الكبداني","449","6975","PJD","مصطفى بوشلغام","80806"
"الشرق","الدريوش","عين الزهرة","88","1341","RNI","امحند اعزيل","24547"
"الشرق","الدريوش","عين الزهرة","88","1332","RNI","عبد الحكيم غالب","44076"
"الشرق","الدريوش","عين الزهرة","88","1332","RNI","ميلودة لخواردي","44096"
"الشرق","الدريوش","عين الزهرة","88","1334","RNI","محمد لمغاري","7057"
"الشرق","الدريوش","عين الزهرة","88","1335","RNI","العربي مسرور","36844"
"الشرق","الدريوش","عين الزهرة","88","1339","RNI","ميمون  تهبريت","59932"
"الشرق","الدريوش","عين الزهرة","88","1337","PPS","سعيد حزيون","36970"
"الشرق","الدريوش","عين الزهرة","88","1337","PPS","شوميشة ودان","37010"
"الشرق","الدريوش","عين الزهرة","88","1333","PPS","المختار مزار","30032"
"الشرق","الدريوش","عين الزهرة","88","1333","PPS","زكية مزار","30088"
"الشرق","الدريوش","عين الزهرة","88","1342","PAM","احمد العسري","18712"
"الشرق","الدريوش","عين الزهرة","88","1342","PAM","ميمونة العسري","18789"
"الشرق","الدريوش","عين الزهرة","88","1340","PAM","المختار حداوي","9510"
"الشرق","الدريوش","عين الزهرة","88","1330","MP","عبد الله اشن","79050"
"الشرق","الدريوش","عين الزهرة","88","1336","MP","عبد السلام يعلاوي","5564"
"الشرق","الدريوش","عين الزهرة","88","1338","P Al Ahd Addimocrati","احمد الزعيم","37079"
"الشرق","الدريوش","عين الزهرة","88","1331","P Al Ahd Addimocrati","محمد المرشوحي","24590"
"الشرق","الدريوش","ميضار","879","13875","PAM","خالد سلامة","48749"
"الشرق","الدريوش","ميضار","879","13875","PAM","حنان خلوقي","48802"
"الشرق","الدريوش","ميضار","879","13882","PAM","ادريس القاسمي","3854"
"الشرق","الدريوش","ميضار","879","13876","PAM","جمال الطاوس","48274"
"الشرق","الدريوش","ميضار","879","13873","PAM","مجيد الطلحي","14325"
"الشرق","الدريوش","ميضار","879","13877","PAM","عبد السلام الطاوس","83182"
"الشرق","الدريوش","ميضار","879","13881","PAM","الحسن الحدادي","48603"
"الشرق","الدريوش","ميضار","879","13881","PAM","سميرة  الشكري ","48664"
"الشرق","الدريوش","ميضار","879","13869","PAM","عبد الرحمان لعبيش","36974"
"الشرق","الدريوش","ميضار","879","13883","PAM","خميس امحسن","30728"
"الشرق","الدريوش","ميضار","879","13878","PAM","الحسن امعزت","61051"
"الشرق","الدريوش","ميضار","879","27092","PPS","يوسف السعليتي","30796"
"الشرق","الدريوش","ميضار","879","27094","PPS","عمر  شوحو ","30815"
"الشرق","الدريوش","ميضار","879","13879","PPS","بنعيسى الجروي","30550"
"الشرق","الدريوش","ميضار","879","13879","PPS","نزيهة العواري","30590"
"الشرق","الدريوش","ميضار","879","13874","PPS","اسماعيل الصباني","30507"
"الشرق","الدريوش","ميضار","879","13871","PPS","يونس شوحو","30242"
"الشرق","الدريوش","ميضار","879","13870","PPS","علي غاي","30181"
"الشرق","الدريوش","ميضار","879","13880","PPS","نزيه اقشار","61155"
"الشرق","الدريوش","ميضار","879","13872","RNI","محمادي الاسروتي","30411"
"الشرق","الدريوش","ميضار","879","13872","RNI","نادية الاسروتي","30462"
"الشرق","الدريوش","ميضار","879","27090","RNI","محمد الاسروتي","30745"
"الشرق","الدريوش","ميضار","879","27096","RNI","احمد المحوتي","12445"
"الشرق","الدريوش","ميضار","879","27091","RNI","خالد المحوتي","37180"
"الشرق","الدريوش","ميضار","879","27093","RNI","عبد السلام المساوي","48554"
"الشرق","الدريوش","ميضار","879","27097","P Al Ahd Addimocrati","حميد الوعماري","12535"
"الشرق","الدريوش","ميضار","879","27095","P Al Ahd Addimocrati","فواز لغموشي","7329"
"الشرق","الدريوش","وردانة","945","14933","PAM","محمد امزيان حسان","7109"
"الشرق","الدريوش","وردانة","945","14924","PAM","سعيد بنطاهر","61193"
"الشرق","الدريوش","وردانة","945","14924","PAM","حفيظة اشلحي","61231"
"الشرق","الدريوش","وردانة","945","14925","PAM","احمد اشباري","24749"
"الشرق","الدريوش","وردانة","945","14928","PAM","احمد كرومي","24876"
"الشرق","الدريوش","وردانة","945","14929","MP","محمد بلقاسمي","64016"
"الشرق","الدريوش","وردانة","945","14929","MP","بشرى  كرومي","64105"
"الشرق","الدريوش","وردانة","945","14931","MP","شعيب المراقي","103932"
"الشرق","الدريوش","وردانة","945","14926","MP","عبد الغني سفير","45524"
"الشرق","الدريوش","وردانة","945","14930","MP","عبدالله التوابي","12350"
"الشرق","الدريوش","وردانة","945","14932","MP","محمد العوفي","33710"
"الشرق","الدريوش","وردانة","945","14923","PJD","عبد اشلح","52871"
"الشرق","الدريوش","وردانة","945","14923","PJD","فوزية عنتر","52984"
"الشرق","الدريوش","وردانة","945","14927","SAP","محمد مكنيف","106926"
"الشرق","الدريوش","وردانة","945","14927","SAP","كريمة  بخشخاش","107014"
"الشرق","الناضور","أركمان","238","3500","MP","الراضي غازي","60753"
"الشرق","الناضور","أركمان","238","3500","MP","وفاء  الملاح ","60721"
"الشرق","الناضور","أركمان","238","3501","MP","اليماني ايراد","11369"
"الشرق","الناضور","أركمان","238","3501","MP","مونة شوعة","11391"
"الشرق","الناضور","أركمان","238","3506","MP","احمد بوخزر","10531"
"الشرق","الناضور","أركمان","238","3508","MP","احمد مختاري","10529"
"الشرق","الناضور","أركمان","238","3502","MP","نبيل شوقي","6461"
"الشرق","الناضور","أركمان","238","3502","MP","فدوى صبار","6471"
"الشرق","الناضور","أركمان","238","3513","MP","رضوان فنكوش","759"
"الشرق","الناضور","أركمان","238","3519","MP","علي الحداوي","6965"
"الشرق","الناضور","أركمان","238","3509","MP","عبدالصمد اقويس","4882"
"الشرق","الناضور","أركمان","238","3503","MP","البكاي بورجل","720"
"الشرق","الناضور","أركمان","238","3505","MP","فارس عمراوي","36341"
"الشرق","الناضور","أركمان","238","3505","MP","نجاة بوجيع","36390"
"الشرق","الناضور","أركمان","238","3510","MP","موسى الركاني","97559"
"الشرق","الناضور","أركمان","238","3520","MP","الحسين بوكراع","2500"
"الشرق","الناضور","أركمان","238","3517","MP","محمد كربيلة","769"
"الشرق","الناضور","أركمان","238","3515","MP","جمال بوتخريط","5615"
"الشرق","الناضور","أركمان","238","3518","MP","محمد عايش","37964"
"الشرق","الناضور","أركمان","238","3514","MP","صالح المدغري","6540"
"الشرق","الناضور","أركمان","238","3507","MP","خالد شكري","82677"
"الشرق","الناضور","أركمان","238","3512","PJD","محمد الوسدي","22617"
"الشرق","الناضور","أركمان","238","3521","PJD","البشير غنوي","37915"
"الشرق","الناضور","أركمان","238","3511","USFP","الحسن خويلي","22642"
"الشرق","الناضور","أركمان","238","3516","USFP","محمد بنعومر","37401"
"الشرق","الناضور","أركمان","238","3522","PAM","المصطفى  الطويل ","17185"
"الشرق","الناضور","أركمان","238","3504","PAM","احمد تعزيوت","97165"
"الشرق","الناضور","أولاد داوود ازخانين","999","15731","PAM","كمال بولهتاري","47501"
"الشرق","الناضور","أولاد داوود ازخانين","999","15731","PAM","حياة اعطياوي","47440"
"الشرق","الناضور","أولاد داوود ازخانين","999","15723","PAM","محمد اعراب","34547"
"الشرق","الناضور","أولاد داوود ازخانين","999","15723","PAM","حنان ابضرحول","34568"
"الشرق","الناضور","أولاد داوود ازخانين","999","15728","PAM","عبدالقادر موساوي","34526"
"الشرق","الناضور","أولاد داوود ازخانين","999","15725","PAM","معمر يزيدي","34628"
"الشرق","الناضور","أولاد داوود ازخانين","999","15727","PAM","محمد كموسي","61897"
"الشرق","الناضور","أولاد داوود ازخانين","999","15722","PAM","عبد الحفيظ لعوج","47564"
"الشرق","الناضور","أولاد داوود ازخانين","999","15724","PAM","مصطفى الحدوتي","61872"
"الشرق","الناضور","أولاد داوود ازخانين","999","15721","PAM","عبد الغني بوصفية","62914"
"الشرق","الناضور","أولاد داوود ازخانين","999","15730","PPS","جمال حمودي","8185"
"الشرق","الناضور","أولاد داوود ازخانين","999","15730","PPS","لمياء بوجدادي","8214"
"الشرق","الناضور","أولاد داوود ازخانين","999","15729","PPS","محمد ابضرحول","34587"
"الشرق","الناضور","أولاد داوود ازخانين","999","15726","PSU","احمد قوضاض","82183"
"الشرق","الناضور","أولاد داوود ازخانين","999","15726","PSU","ميلودة قوضاض","82227"
"الشرق","الناضور","أولاد ستوت","1027","16114","PI","سعيد  التومي ","46336"
"الشرق","الناضور","أولاد ستوت","1027","16114","PI","نسرين التومي","46357"
"الشرق","الناضور","أولاد ستوت","1027","16113","PI","عبدالرحمان عبادي","22051"
"الشرق","الناضور","أولاد ستوت","1027","16113","PI","سميرة ادريسي","22068"
"الشرق","الناضور","أولاد ستوت","1027","16105","PI","حماد دازداز","2951"
"الشرق","الناضور","أولاد ستوت","1027","16105","PI","الهام بلكحل","2977"
"الشرق","الناضور","أولاد ستوت","1027","16115","PI","عبد السلام مختاري","3000"
"الشرق","الناضور","أولاد ستوت","1027","16101","PI","المصطفى البدوي","22022"
"الشرق","الناضور","أولاد ستوت","1027","16119","PI","مخلص بلجرو","28196"
"الشرق","الناضور","أولاد ستوت","1027","16098","PI","حفيظ  مالكي","2986"
"الشرق","الناضور","أولاد ستوت","1027","16112","PI","الحسن بوقرنيعة","16917"
"الشرق","الناضور","أولاد ستوت","1027","16109","PI","محمد طلحاوي","46242"
"الشرق","الناضور","أولاد ستوت","1027","16107","PI","مومن  خضراوي ","28374"
"الشرق","الناضور","أولاد ستوت","1027","16097","PI","محمد الزوفري","6163"
"الشرق","الناضور","أولاد ستوت","1027","16117","PI","ميمون المرابط","2181"
"الشرق","الناضور","أولاد ستوت","1027","16108","PI","محمد كريمي","35007"
"الشرق","الناضور","أولاد ستوت","1027","16118","PI","رمضان معطلاوي","28302"
"الشرق","الناضور","أولاد ستوت","1027","16100","PI","ابراهيم  اليزيدي","28142"
"الشرق","الناضور","أولاد ستوت","1027","16099","PI","ميمون النهاري","16923"
"الشرق","الناضور","أولاد ستوت","1027","16111","PI","عبد الرحيم الجلولي","28335"
"الشرق","الناضور","أولاد ستوت","1027","16116","RNI","احمد بوخرص","35912"
"الشرق","الناضور","أولاد ستوت","1027","16110","RNI","عبدالمجيد اطويل","46168"
"الشرق","الناضور","أولاد ستوت","1027","16103","PJD","ميمون غداري","46022"
"الشرق","الناضور","أولاد ستوت","1027","16103","PJD","فاطمة سباعي","46046"
"الشرق","الناضور","أولاد ستوت","1027","16106","MP","عبد الخالق  العادلي ","61920"
"الشرق","الناضور","أولاد ستوت","1027","16102","PAM","حماد جرودي ","78551"
"الشرق","الناضور","أولاد ستوت","1027","16104","USFP","محمد مخفي ","35969"
"الشرق","الناضور","إيحدادن","629","9900","MP","اسماعيل بوحامد","77853"
"الشرق","الناضور","إيحدادن","629","9900","MP","مريم  الروبيو","77820"
"الشرق","الناضور","إيحدادن","629","9903","MP","ابراهيم سعيدي","77651"
"الشرق","الناضور","إيحدادن","629","9903","MP","سهام بنجلالي","77758"
"الشرق","الناضور","إيحدادن","629","9909","MP","احمد بنجلالي","59369"
"الشرق","الناضور","إيحدادن","629","9909","MP","نوال بلقاسم","59397"
"الشرق","الناضور","إيحدادن","629","9905","MP","بوعرفة اعبسلاما","24012"
"الشرق","الناضور","إيحدادن","629","27083","MP","بنعيسى اعبسلاما","34048"
"الشرق","الناضور","إيحدادن","629","9910","MP","الحسن ازكاغ","43683"
"الشرق","الناضور","إيحدادن","629","27082","MP","عبدالقادر الطويل","15890"
"الشرق","الناضور","إيحدادن","629","9901","MP","مجيد بورخا","60457"
"الشرق","الناضور","إيحدادن","629","9908","PJD","عبد الناصر اوليحي","15922"
"الشرق","الناضور","إيحدادن","629","9908","PJD","فتيحة بنعمرو","15943"
"الشرق","الناضور","إيحدادن","629","9899","PJD","سعيد عامري","64163"
"الشرق","الناضور","إيحدادن","629","9904","PJD","محمد سوط","80004"
"الشرق","الناضور","إيحدادن","629","9907","RNI","سلام اجمدار","9436"
"الشرق","الناضور","إيحدادن","629","9906","RNI","موراد امحمد","10254"
"الشرق","الناضور","إيحدادن","629","9902","PPS","احمد الحدوتي","45161"
"الشرق","الناضور","إيحدادن","629","9911","PUD","موسى الوكيلي ","5429"
"الشرق","الناضور","إيعزانن","604","9579","USFP","محمد ابركان","3310"
"الشرق","الناضور","إيعزانن","604","9579","USFP","نفيسة بوطالب","3321"
"الشرق","الناضور","إيعزانن","604","9580","USFP","جواد ابركان","3384"
"الشرق","الناضور","إيعزانن","604","9580","USFP","اسمى ابركان","3495"
"الشرق","الناضور","إيعزانن","604","9578","USFP","احمد التسغيتي","3269"
"الشرق","الناضور","إيعزانن","604","9578","USFP","عيشة التسغيتي","3276"
"الشرق","الناضور","إيعزانن","604","9590","USFP","بن يعقوب حجاري","3628"
"الشرق","الناضور","إيعزانن","604","9581","USFP","حمزة  بركوش","3717"
"الشرق","الناضور","إيعزانن","604","9585","USFP","البشير بوخزو","3658"
"الشرق","الناضور","إيعزانن","604","9586","USFP","عيسى العمراني","3420"
"الشرق","الناضور","إيعزانن","604","9586","USFP","عائشة بوخزو","3508"
"الشرق","الناضور","إيعزانن","604","9584","USFP","محمد الناشط","3679"
"الشرق","الناضور","إيعزانن","604","9582","USFP","ميمون الطالبي","3705"
"الشرق","الناضور","إيعزانن","604","9588","USFP","مصطفى التيزي","3582"
"الشرق","الناضور","إيعزانن","604","9587","USFP","مصطفى العادك","3644"
"الشرق","الناضور","إيعزانن","604","9583","USFP","مصطفى عزوز","3688"
"الشرق","الناضور","إيعزانن","604","9589","USFP","احمد شلام","3602"
"الشرق","الناضور","إيكسان","633","9969","MP","عبد الالاه بونوار","4566"
"الشرق","الناضور","إيكسان","633","9969","MP","سهام الخنوسي","4574"
"الشرق","الناضور","إيكسان","633","9966","MP","الحسن بنغاردة","9278"
"الشرق","الناضور","إيكسان","633","9970","MP","محمد بولغدان","4550"
"الشرق","الناضور","إيكسان","633","9970","MP","نهاد بولغدان","4558"
"الشرق","الناضور","إيكسان","633","9971","MP","محمد ايراد","10115"
"الشرق","الناضور","إيكسان","633","9971","MP","فاطمة بورعدة","10126"
"الشرق","الناضور","إيكسان","633","9968","MP","سليمان بنزال","6939"
"الشرق","الناضور","إيكسان","633","9972","MP","التهامي الشادلي","4534"
"الشرق","الناضور","إيكسان","633","9967","MP","عبد الكريم صبحي","6483"
"الشرق","الناضور","إيكسان","633","9967","MP","الهام صبحي","6485"
"الشرق","الناضور","إيكسان","633","9974","MP","احمد علوش","34277"
"الشرق","الناضور","إيكسان","633","9964","RNI","نجيم المراكشي","10541"
"الشرق","الناضور","إيكسان","633","9963","RNI","محمد بوحوت","4599"
"الشرق","الناضور","إيكسان","633","9965","RNI","ميمون الورياشي","9979"
"الشرق","الناضور","إيكسان","633","9975","RNI","بنعيسى الكرفوح","4587"
"الشرق","الناضور","إيكسان","633","9973","PUD","ياسين موساوي","48150"
"الشرق","الناضور","ازغنغان","1531","23936","RNI","ادريس الفردوس","45722"
"الشرق","الناضور","ازغنغان","1531","23936","RNI","فاطمة زيريو","45766"
"الشرق","الناضور","ازغنغان","1531","23945","RNI","حسين العامل","2495"
"الشرق","الناضور","ازغنغان","1531","23926","RNI","عبد القادر سلامة","49969"
"الشرق","الناضور","ازغنغان","1531","23931","RNI"," مصطفى  سلامة","50018"
"الشرق","الناضور","ازغنغان","1531","23930","RNI","عمرو همار","22118"
"الشرق","الناضور","ازغنغان","1531","23942","RNI","عبد القادر بوزوف","206"
"الشرق","الناضور","ازغنغان","1531","23929","RNI","الحبيب فانا","34336"
"الشرق","الناضور","ازغنغان","1531","23928","RNI","محمد الدرقاوي","3237"
"الشرق","الناضور","ازغنغان","1531","25719","RNI","كريم عدنان","6522"
"الشرق","الناضور","ازغنغان","1531","23939","RNI","صالح عبادة","325"
"الشرق","الناضور","ازغنغان","1531","23927","RNI","علي النعناع","2"
"الشرق","الناضور","ازغنغان","1531","23944","RNI","جمال البويحياوي","22669"
"الشرق","الناضور","ازغنغان","1531","23933","RNI","بغداد الفنوع","201"
"الشرق","الناضور","ازغنغان","1531","23946","RNI","عبد الرحمان العامل","35333"
"الشرق","الناضور","ازغنغان","1531","23937","MP","مصطفى العزوزي","47186"
"الشرق","الناضور","ازغنغان","1531","23937","MP","صونية العلالي","47229"
"الشرق","الناضور","ازغنغان","1531","23940","MP","منير الفنوع","73395"
"الشرق","الناضور","ازغنغان","1531","23940","MP","سميرة العلاوي","73410"
"الشرق","الناضور","ازغنغان","1531","23925","PJD","نورالدين مرابيط","1"
"الشرق","الناضور","ازغنغان","1531","23943","PJD","احميدة المرابط","35246"
"الشرق","الناضور","ازغنغان","1531","25718","PI","رشيد الحسناوي","211"
"الشرق","الناضور","ازغنغان","1531","23935","PI","محمد اريزاض","82806"
"الشرق","الناضور","ازغنغان","1531","23938","PRV","محمد المرابط","12562"
"الشرق","الناضور","ازغنغان","1531","23938","PRV","بشرى الخلفيوي","12581"
"الشرق","الناضور","ازغنغان","1531","23934","PRV","محمد ارهراوي","28725"
"الشرق","الناضور","ازغنغان","1531","23941","PRV","يسين بيلال","12164"
"الشرق","الناضور","ازغنغان","1531","23932","PUD","خليفة الادريسي","12"
"الشرق","الناضور","ازغنغان","1531","23947","USFP","الحسن بنطلحة","339"
"الشرق","الناضور","افسو","21","268","MP","عبد العزيز  جربوع ","81655"
"الشرق","الناضور","افسو","21","268","MP","فطومة جربوع","81683"
"الشرق","الناضور","افسو","21","264","MP","محمد البوزياني","23095"
"الشرق","الناضور","افسو","21","264","MP","راضية منواش","23121"
"الشرق","الناضور","افسو","21","271","MP","الحرش سلوم","22989"
"الشرق","الناضور","افسو","21","266","MP","علال عثماني","23015"
"الشرق","الناضور","افسو","21","270","MP","علي ملالي","36759"
"الشرق","الناضور","افسو","21","266","MP","حسنة اسريخ","23031"
"الشرق","الناضور","افسو","21","265","MP","عمر الناصري","36612"
"الشرق","الناضور","افسو","21","263","MP","الطاهر منواش","23057"
"الشرق","الناضور","افسو","21","269","PI","محمد اشن","61336"
"الشرق","الناضور","افسو","21","272","PRV","محمد الادريسي","38269"
"الشرق","الناضور","افسو","21","272","PRV","اذهيبة صلحي","38220"
"الشرق","الناضور","افسو","21","273","PRV","عبد الكريم الرشاك","37924"
"الشرق","الناضور","افسو","21","267","PJD","قدور  استيتو ","38335"
"الشرق","الناضور","البركانيين","180","2588","PI","عبد الحميد بزطوط","102195"
"الشرق","الناضور","البركانيين","180","2588","PI","منال بوجطوي","102266"
"الشرق","الناضور","البركانيين","180","2593","PI","شعيب علالي","17693"
"الشرق","الناضور","البركانيين","180","2591","PI","محمد المرابط","85097"
"الشرق","الناضور","البركانيين","180","2591","PI","مليكة البجاوي","85132"
"الشرق","الناضور","البركانيين","180","2595","PI","محمد زهري","17720"
"الشرق","الناضور","البركانيين","180","2589","PI","احمد كلموع","17120"
"الشرق","الناضور","البركانيين","180","2598","PI","محمد البجاوي","17484"
"الشرق","الناضور","البركانيين","180","2597","PI","المكي اسماعيلي","17450"
"الشرق","الناضور","البركانيين","180","2592","CNI","عبد الرزاق امحمدي","50125"
"الشرق","الناضور","البركانيين","180","2592","CNI","سمية عكروطي","50155"
"الشرق","الناضور","البركانيين","180","2596","CNI","جمال اسماعيل","38121"
"الشرق","الناضور","البركانيين","180","2590","PJD","احمد  ضرضور","12532"
"الشرق","الناضور","البركانيين","180","2590","PJD","اميمة ضرضور","12555"
"الشرق","الناضور","البركانيين","180","2594","PJD","ياسر اعنونو","50210"
"الشرق","الناضور","العروي","178","25108","MP","عبدالقادر قوضاض","85802"
"الشرق","الناضور","العروي","178","25108","MP","رحمة  بن احمد","87326"
"الشرق","الناضور","العروي","178","25108","MP","محند بلخيري","85859"
"الشرق","الناضور","العروي","178","25108","MP","فوزية الرحموني","87377"
"الشرق","الناضور","العروي","178","25108","MP","رشيد بدور","85918"
"الشرق","الناضور","العروي","178","25108","MP","محمد الحامدي","85954"
"الشرق","الناضور","العروي","178","25108","MP","بلقاسم الطلحاوي","85998"
"الشرق","الناضور","العروي","178","25108","MP","عبد العزيز قوضاض","86052"
"الشرق","الناضور","العروي","178","25108","MP","صديق حمديوي","86126"
"الشرق","الناضور","العروي","178","25108","MP","علي كشاف","86169"
"الشرق","الناضور","العروي","178","25108","RNI","المصطفى المنصوري","97497"
"الشرق","الناضور","العروي","178","25108","RNI","صوفية العداك","98418"
"الشرق","الناضور","العروي","178","25108","RNI","ادريس بلفقيه","97541"
"الشرق","الناضور","العروي","178","25108","RNI","رشيد  الحمداوي","97570"
"الشرق","الناضور","العروي","178","25108","RNI","بنعبد الله المنصوري","97596"
"الشرق","الناضور","العروي","178","25108","PJD","ادريس الشمس","33194"
"الشرق","الناضور","العروي","178","25108","PJD","خديجة عبد المالكي","33588"
"الشرق","الناضور","العروي","178","25108","PJD","كريم اليعقوبي","33226"
"الشرق","الناضور","العروي","178","25108","PJD","يوسف زكاغ","33244"
"الشرق","الناضور","العروي","178","25108","PRD","عمرو بولهمث","9747"
"الشرق","الناضور","العروي","178","25108","PRD","خديجة اسنوسي","10003"
"الشرق","الناضور","العروي","178","25108","PRD","محمد العزاوي","9756"
"الشرق","الناضور","العروي","178","25108","PRD","عبد الوهاب بوينزار","9764"
"الشرق","الناضور","العروي","178","25108","UMD","محمد الصغير البوديحي","42818"
"الشرق","الناضور","العروي","178","25108","UMD","امال مغزاوي","43507"
"الشرق","الناضور","العروي","178","25108","UMD","سامي الشاوش","42837"
"الشرق","الناضور","العروي","178","25108","UMD","محمد اليوسفي","42864"
"الشرق","الناضور","العروي","178","25108","P Al Ahd Addimocrati","محمد السالمي","58515"
"الشرق","الناضور","العروي","178","25108","P Al Ahd Addimocrati","احمد سالمي","58548"
"الشرق","الناضور","الناضور","925","25107","PAM","سليمان حوليش","112426"
"الشرق","الناضور","الناضور","925","25107","PAM","فاطمة علالي","111679"
"الشرق","الناضور","الناضور","925","25107","PAM","رفيق مجعيط ","112557"
"الشرق","الناضور","الناضور","925","25107","PAM","مليكة حوليش","111733"
"الشرق","الناضور","الناضور","925","25107","PAM","احمد فلاح","112683"
"الشرق","الناضور","الناضور","925","25107","PAM","سمير املاح","112719"
"الشرق","الناضور","الناضور","925","25107","PAM","الحسين اوحلي","112798"
"الشرق","الناضور","الناضور","925","25107","PAM","عبد الرحيم حمداوي","112872"
"الشرق","الناضور","الناضور","925","25107","PAM","مالك ازواغ","113000"
"الشرق","الناضور","الناضور","925","25107","PAM","ادريس احكيم","113066"
"الشرق","الناضور","الناضور","925","25107","PAM","شعيب بن قدور","113202"
"الشرق","الناضور","الناضور","925","25107","PAM","محمد المجاطي","113328"
"الشرق","الناضور","الناضور","925","25107","PAM","ميمون بوخو","113506"
"الشرق","الناضور","الناضور","925","25107","PAM","سهيل هوبان","113560"
"الشرق","الناضور","الناضور","925","25107","PAM","داود ادرغال","113611"
"الشرق","الناضور","الناضور","925","25107","PAM","ياسر التزيتي","113721"
"الشرق","الناضور","الناضور","925","25107","MP","سعيد الرحموني","610"
"الشرق","الناضور","الناضور","925","25107","MP","ليلى احكيم","649"
"الشرق","الناضور","الناضور","925","25107","MP","محمد ازواغ","621"
"الشرق","الناضور","الناضور","925","25107","MP","وفاء الرحموني","711"
"الشرق","الناضور","الناضور","925","25107","MP","نورالدين صبار","380"
"الشرق","الناضور","الناضور","925","25107","MP","الطاهر مزديم","384"
"الشرق","الناضور","الناضور","925","25107","MP","رشيد لموي","392"
"الشرق","الناضور","الناضور","925","25107","MP","ميمون بوعرورو","399"
"الشرق","الناضور","الناضور","925","25107","MP","هشام الفايدة","407"
"الشرق","الناضور","الناضور","925","25107","MP","طارق اعاشي","414"
"الشرق","الناضور","الناضور","925","25107","MP","احمد والقاضي","428"
"الشرق","الناضور","الناضور","925","25107","MP","محمد الدودي","454"
"الشرق","الناضور","الناضور","925","25107","MP","بنعيسى بويذونان","460"
"الشرق","الناضور","الناضور","925","25107","RNI","سليمان ازواغ","53854"
"الشرق","الناضور","الناضور","925","25107","RNI","سعيدة بلخير","54506"
"الشرق","الناضور","الناضور","925","25107","RNI","سمير ابريغش","53893"
"الشرق","الناضور","الناضور","925","25107","RNI","محمد دراز","53917"
"الشرق","الناضور","الناضور","925","25107","RNI","ميمون بوشيخ","53946"
"الشرق","الناضور","الناضور","925","25107","RNI","الحسن الضرضوري","53971"
"الشرق","الناضور","الناضور","925","25107","RNI","فريد ازواغ","53994"
"الشرق","الناضور","الناضور","925","25107","RNI","خالد الجاي","54057"
"الشرق","الناضور","الناضور","925","25107","PJD","عبدالقادر المقدم","62443"
"الشرق","الناضور","الناضور","925","25107","PJD","امينة الوليد","64288"
"الشرق","الناضور","الناضور","925","25107","PJD","علال فارس","62474"
"الشرق","الناضور","الناضور","925","25107","PJD","احمد ثوري","62553"
"الشرق","الناضور","الناضور","925","25107","PJD","نورالدين البركاني","62608"
"الشرق","الناضور","الناضور","925","25107","PJD","حسن رشدي","62653"
"الشرق","الناضور","بني انصار","323","26002","PAM","عبد الحليم فوطاط","47266"
"الشرق","الناضور","بني انصار","323","26002","PAM","سارة  الناصري ","50973"
"الشرق","الناضور","بني انصار","323","26002","PAM","عمر بركان","47296"
"الشرق","الناضور","بني انصار","323","26002","PAM","فريدة وكيل","51009"
"الشرق","الناضور","بني انصار","323","26002","PAM","مصطفى فكري","47407"
"الشرق","الناضور","بني انصار","323","26002","PAM","مصطفى الناصري","47443"
"الشرق","الناضور","بني انصار","323","26002","PAM","محمد كرحيو","47479"
"الشرق","الناضور","بني انصار","323","26002","PAM","الهواري جيمي","47520"
"الشرق","الناضور","بني انصار","323","26002","PAM","فواز اعراب","47722"
"الشرق","الناضور","بني انصار","323","26002","PAM","عبد القادر الوزغاري","47755"
"الشرق","الناضور","بني انصار","323","26002","PAM","عبد الصمد الدودي","47678"
"الشرق","الناضور","بني انصار","323","26002","RNI","جمال بنعلي","21167"
"الشرق","الناضور","بني انصار","323","26002","RNI","فريدة اتراري","21095"
"الشرق","الناضور","بني انصار","323","26002","RNI","هشام اليحياوي ","21466"
"الشرق","الناضور","بني انصار","323","26002","RNI","محمد الورياشي","21194"
"الشرق","الناضور","بني انصار","323","26002","RNI","عبد القادر يشو","21213"
"الشرق","الناضور","بني انصار","323","26002","RNI","محمد الرايس","21230"
"الشرق","الناضور","بني انصار","323","26002","RNI","احميدو الغرس","21250"
"الشرق","الناضور","بني انصار","323","26002","RNI","عبد الواحد زريوح","21266"
"الشرق","الناضور","بني انصار","323","26002","PJD","سعيد بوزيدي","47799"
"الشرق","الناضور","بني انصار","323","26002","PJD","وفاء عيكش","49334"
"الشرق","الناضور","بني انصار","323","26002","PJD","عبد الواحد اوراغ","47862"
"الشرق","الناضور","بني انصار","323","26002","PJD","فواد سقساق","47932"
"الشرق","الناضور","بني انصار","323","26002","PJD","محمد العصفوري","47984"
"الشرق","الناضور","بني انصار","323","26002","PJD","مصطفى بويباون","48031"
"الشرق","الناضور","بني انصار","323","26002","PI","محمد اهلال","42466"
"الشرق","الناضور","بني انصار","323","26002","PI","نبيلة بوسيوم","43740"
"الشرق","الناضور","بني انصار","323","26002","PI","عمرو اوعاس","42491"
"الشرق","الناضور","بني انصار","323","26002","PI","احمد زريوح","42511"
"الشرق","الناضور","بني انصار","323","26002","PI","نور الدين الرماني","42547"
"الشرق","الناضور","بني انصار","323","26002","MP","فروق الحموتي","18795"
"الشرق","الناضور","بني انصار","323","26002","MP","مجدلين الحموتي","19943"
"الشرق","الناضور","بني انصار","323","26002","MP","مصطفى وعلي","18826"
"الشرق","الناضور","بني انصار","323","26002","PUD","ميمون العيساوي","59608"
"الشرق","الناضور","بني انصار","323","26002","PUD","محمد الحموتي","59628"
"الشرق","الناضور","بني بويفرور","312","4808","RNI","مصطفى الفونتي","34253"
"الشرق","الناضور","بني بويفرور","312","4808","RNI","ربيعة مريخ","34241"
"الشرق","الناضور","بني بويفرور","312","4809","RNI","عبدالقادر بودو","60172"
"الشرق","الناضور","بني بويفرور","312","4809","RNI","الويزة بنعلي","60199"
"الشرق","الناضور","بني بويفرور","312","4814","RNI","فيصل فوزي","7087"
"الشرق","الناضور","بني بويفرور","312","4814","RNI","حبيبة ممعي","7108"
"الشرق","الناضور","بني بويفرور","312","4810","RNI","محمد الزكريتي","7956"
"الشرق","الناضور","بني بويفرور","312","4811","RNI","محمد صلحيوي","37805"
"الشرق","الناضور","بني بويفرور","312","4804","RNI","محمد بوشيخ","9958"
"الشرق","الناضور","بني بويفرور","312","4807","RNI","يونس زريوح","7839"
"الشرق","الناضور","بني بويفرور","312","4812","PPS","المامون فاشرو","45197"
"الشرق","الناضور","بني بويفرور","312","4812","PPS","اكرام بوخايدة","45188"
"الشرق","الناضور","بني بويفرور","312","4813","PI","محمد بوحمارة","37437"
"الشرق","الناضور","بني بويفرور","312","4806","PUD","عبد الرحمان زكور","7596"
"الشرق","الناضور","بني بويفرور","312","4805","PAM","محمد بوجيدة","96801"
"الشرق","الناضور","بني سيدال الجبل","314","4848","RNI","محمادي اغلالة","16391"
"الشرق","الناضور","بني سيدال الجبل","314","4848","RNI","كريمة الحراوي","16410"
"الشرق","الناضور","بني سيدال الجبل","314","4849","RNI","عبد القادر العمراني","16829"
"الشرق","الناضور","بني سيدال الجبل","314","4849","RNI","فتيحة العروسي","16838"
"الشرق","الناضور","بني سيدال الجبل","314","4850","RNI","احميدة بنعدو","16054"
"الشرق","الناضور","بني سيدال الجبل","314","4850","RNI","فاطمة بوحميدي","16080"
"الشرق","الناضور","بني سيدال الجبل","314","4842","RNI","عبد السلام بشيري","23182"
"الشرق","الناضور","بني سيدال الجبل","314","4853","RNI","محمد القراشي","5303"
"الشرق","الناضور","بني سيدال الجبل","314","4843","RNI","محمادي علالي","6178"
"الشرق","الناضور","بني سيدال الجبل","314","4851","USFP","عمر التوري","47617"
"الشرق","الناضور","بني سيدال الجبل","314","4854","USFP","احمد ازدوفال","2748"
"الشرق","الناضور","بني سيدال الجبل","314","4844","USFP","المامون الماموني","63335"
"الشرق","الناضور","بني سيدال الجبل","314","4847","USFP","يوسف اغميري","45882"
"الشرق","الناضور","بني سيدال الجبل","314","4852","PAM","طارق  ازدوفال","73459"
"الشرق","الناضور","بني سيدال الجبل","314","4852","PAM","سهام اعراب","73467"
"الشرق","الناضور","بني سيدال الجبل","314","4845","PAM","عمر السقالي","10101"
"الشرق","الناضور","بني سيدال الجبل","314","4846","PPS","فريد عزاوي","132"
"الشرق","الناضور","بني سيدال لوطا","315","4859","PI","محمد باجة","16847"
"الشرق","الناضور","بني سيدال لوطا","315","4859","PI","نعيمة اسباعي","16852"
"الشرق","الناضور","بني سيدال لوطا","315","4864","PI","بنعيسى دراح","10536"
"الشرق","الناضور","بني سيدال لوطا","315","4863","PI","الحسن اسباعي","10549"
"الشرق","الناضور","بني سيدال لوطا","315","4858","PI","عبد القادر  المالكي","23213"
"الشرق","الناضور","بني سيدال لوطا","315","4858","PI","نعيمة  الشليوي","23247"
"الشرق","الناضور","بني سيدال لوطا","315","4862","PI","الوافي  بوشيح","16113"
"الشرق","الناضور","بني سيدال لوطا","315","4857","PI","سعيد الهروني","37850"
"الشرق","الناضور","بني سيدال لوطا","315","4860","PI"," نجيم العمراني","15974"
"الشرق","الناضور","بني سيدال لوطا","315","4855","PJD","احمد  العراسي","23661"
"الشرق","الناضور","بني سيدال لوطا","315","4855","PJD","نورة  صديقي ","23687"
"الشرق","الناضور","بني سيدال لوطا","315","4856","MP","ميمون حمداوي","47745"
"الشرق","الناضور","بني سيدال لوطا","315","4856","MP","وهيبة عباس","47807"
"الشرق","الناضور","بني سيدال لوطا","315","4861","RNI","سعيد بيلال","34009"
"الشرق","الناضور","بني شيكر","313","4831","PJD","علي هلهل","44328"
"الشرق","الناضور","بني شيكر","313","4831","PJD","سهيلة صبار","44654"
"الشرق","الناضور","بني شيكر","313","4832","PJD","عبدالعزيز حمزة","85729"
"الشرق","الناضور","بني شيكر","313","4821","PJD","محمد لغزاوي","3826"
"الشرق","الناضور","بني شيكر","313","4833","PJD","الناصر الصنهاجي","37335"
"الشرق","الناضور","بني شيكر","313","4833","PJD","غزلان اعزيزي","37313"
"الشرق","الناضور","بني شيكر","313","4839","PJD","عبد القادر البوعزاوي","12659"
"الشرق","الناضور","بني شيكر","313","25706","PJD","يوسف قبوش","13056"
"الشرق","الناضور","بني شيكر","313","4819","USFP","ملود اليوسفي","27374"
"الشرق","الناضور","بني شيكر","313","4827","USFP","محمد  الزغاوي ","49123"
"الشرق","الناضور","بني شيكر","313","4834","USFP","عبد المنعم امغار","16255"
"الشرق","الناضور","بني شيكر","313","25707","USFP","محمد اوراغ","12584"
"الشرق","الناضور","بني شيكر","313","4837","USFP","الورداني اغربي","12789"
"الشرق","الناضور","بني شيكر","313","4829","USFP","البشير الوهبي ","64416"
"الشرق","الناضور","بني شيكر","313","4829","USFP","عزيزة زريوح","64377"
"الشرق","الناضور","بني شيكر","313","4828","USFP","سلام اجواوي","6508"
"الشرق","الناضور","بني شيكر","313","4820","USFP","احمد الوعليتي","11375"
"الشرق","الناضور","بني شيكر","313","4840","PAM","شعيب احنين","59861"
"الشرق","الناضور","بني شيكر","313","4836","PAM","محمد البغدادي","11451"
"الشرق","الناضور","بني شيكر","313","4841","PAM","الهواري  شعبان ","6136"
"الشرق","الناضور","بني شيكر","313","4825","PAM","سلام رشدي","60121"
"الشرق","الناضور","بني شيكر","313","4838","PAM","مصطفى المساوي","3863"
"الشرق","الناضور","بني شيكر","313","4835","PAM","محمد بادي","16932"
"الشرق","الناضور","بني شيكر","313","4826","PPS","عبد الله البودوحي","49310"
"الشرق","الناضور","بني شيكر","313","4826","PPS","فاطمة البدوحي","49235"
"الشرق","الناضور","بني شيكر","313","4822","P Al Amal","عبد الحكيم البنيحياتي","18234"
"الشرق","الناضور","بني شيكر","313","4823","P Al Amal","محمد الفحصي","28023"
"الشرق","الناضور","بني شيكر","313","4830","PUD","عبد الله رائس","62042"
"الشرق","الناضور","بني شيكر","313","4824","PUD","عبدالصماد يخلف","12487"
"الشرق","الناضور","بني وكيل أولاد محاند","358","5511","PAM","احمد المحمودي","50545"
"الشرق","الناضور","بني وكيل أولاد محاند","358","5519","PAM","نورالدين  الدهري ","48092"
"الشرق","الناضور","بني وكيل أولاد محاند","358","5520","PAM","عبد الكريم فكراش","48365"
"الشرق","الناضور","بني وكيل أولاد محاند","358","5517","PAM","حفيظ اكراشي","78654"
"الشرق","الناضور","بني وكيل أولاد محاند","358","5517","PAM","فاتحة سابق","78687"
"الشرق","الناضور","بني وكيل أولاد محاند","358","5516","PAM","محند بولهرود","61362"
"الشرق","الناضور","بني وكيل أولاد محاند","358","5518","PAM","عبد الواحد الطاهري","48170"
"الشرق","الناضور","بني وكيل أولاد محاند","358","5514","PAM","عبد الحميد زهدي","105050"
"الشرق","الناضور","بني وكيل أولاد محاند","358","5514","PAM","حفيظة اليعقوبي","105428"
"الشرق","الناضور","بني وكيل أولاد محاند","358","5512","PAM","محمد اليعقوبي","48289"
"الشرق","الناضور","بني وكيل أولاد محاند","358","5508","RNI","لحسن البوعزاتي","11749"
"الشرق","الناضور","بني وكيل أولاد محاند","358","5508","RNI","سعاد البنعيساتي","11809"
"الشرق","الناضور","بني وكيل أولاد محاند","358","5510","RNI","علي زروال","23443"
"الشرق","الناضور","بني وكيل أولاد محاند","358","5509","RNI","ميمون المنصوري","11991"
"الشرق","الناضور","بني وكيل أولاد محاند","358","5515","MP","محمد القدوري","23147"
"الشرق","الناضور","بني وكيل أولاد محاند","358","5515","MP","سعيدة اعراب","23164"
"الشرق","الناضور","بني وكيل أولاد محاند","358","5513","MP","حمو لمقدمي","11947"
"الشرق","الناضور","بوعرك","382","5874","RNI","محمادي توحتوح","42512"
"الشرق","الناضور","بوعرك","382","5874","RNI","نجاة بوعلام","43825"
"الشرق","الناضور","بوعرك","382","5874","RNI","عبدالقادر الحدادي","42556"
"الشرق","الناضور","بوعرك","382","5874","RNI","بشرى مسكوض","43681"
"الشرق","الناضور","بوعرك","382","5874","RNI","بومدين مسكوض","42597"
"الشرق","الناضور","بوعرك","382","5874","RNI","ادريس بويقوارن","42638"
"الشرق","الناضور","بوعرك","382","5874","RNI","الحسين اسباعي","42719"
"الشرق","الناضور","بوعرك","382","5874","RNI","الطاهر بوعرورو","42860"
"الشرق","الناضور","بوعرك","382","5874","RNI","محمد لكموش","42906"
"الشرق","الناضور","بوعرك","382","5874","RNI","بوزيان اسباع","42976"
"الشرق","الناضور","بوعرك","382","5874","PI","ميمون بنعمرو","34632"
"الشرق","الناضور","بوعرك","382","5874","PI","اكرام الحداد","35659"
"الشرق","الناضور","بوعرك","382","5874","PI","بوجمعة واسعيد","34664"
"الشرق","الناضور","بوعرك","382","5874","PI","عصام بروم","34796"
"الشرق","الناضور","بوعرك","382","5874","PI","ميمون الزخنيني","34761"
"الشرق","الناضور","بوعرك","382","5874","PI","عبد السلام اليعكوبي","34837"
"الشرق","الناضور","بوعرك","382","5874","PAM","ميمون اوسار","63505"
"الشرق","الناضور","بوعرك","382","5874","PAM","كريمة اغداد","64264"
"الشرق","الناضور","بوعرك","382","5874","PAM","عبد الحميد  التباع","63553"
"الشرق","الناضور","بوعرك","382","5874","PAM","محمد اليعقوبي","63585"
"الشرق","الناضور","بوعرك","382","5874","PAM","احميدة اوسار","63619"
"الشرق","الناضور","بوعرك","382","5874","PJD","محمد الغازي","72849"
"الشرق","الناضور","بوعرك","382","5874","PJD","فاطمة الزهراء اعزيز","73018"
"الشرق","الناضور","بوعرك","382","5874","PJD","مراد بودياب","72881"
"الشرق","الناضور","بوعرك","382","5874","P Al Ahd Addimocrati","عبدالرحمان بندردر","99108"
"الشرق","الناضور","بوعرك","382","5874","P Al Ahd Addimocrati","ليلى  فونونو","98665"
"الشرق","الناضور","بوعرك","382","5874","P Al Ahd Addimocrati","مصطفى الصافي","99195"
"الشرق","الناضور","بوعرك","382","5874","PPS","جواد بنعلي","117777"
"الشرق","الناضور","بوعرك","382","5874","PPS","ميمون غدوزي","117849"
"الشرق","الناضور","تزطوطين","1486","23286","MP","مزيان احريكة","97421"
"الشرق","الناضور","تزطوطين","1486","23286","MP","فتيحة حريكة","97446"
"الشرق","الناضور","تزطوطين","1486","23287","MP","علال علالي","23723"
"الشرق","الناضور","تزطوطين","1486","23287","MP","حنان علالي","23738"
"الشرق","الناضور","تزطوطين","1486","23289","MP","يوسف  العرباوي","6325"
"الشرق","الناضور","تزطوطين","1486","23290","MP","موسى الحبشي","49586"
"الشرق","الناضور","تزطوطين","1486","23283","MP","عبد السلام  البدالي","81570"
"الشرق","الناضور","تزطوطين","1486","23294","MP","امحند امجاهد","36539"
"الشرق","الناضور","تزطوطين","1486","23293","MP","عبد الله راحو","6341"
"الشرق","الناضور","تزطوطين","1486","23285","PAM","محمد مومني","59441"
"الشرق","الناضور","تزطوطين","1486","23284","PAM","محمادي ارشيدي","37479"
"الشرق","الناضور","تزطوطين","1486","23291","PJD","عبد الحفيظ رمداني","106177"
"الشرق","الناضور","تزطوطين","1486","23291","PJD","الهام اسيد","106355"
"الشرق","الناضور","تزطوطين","1486","23288","PJD","محمد الرمضاني","106042"
"الشرق","الناضور","تزطوطين","1486","23288","PJD","سعدية الرشدي","106114"
"الشرق","الناضور","تزطوطين","1486","23292","P Al Ahd Addimocrati","جمال بوحاميد","2276"
"الشرق","الناضور","تزطوطين","1486","23282","P Al Ahd Addimocrati","الهواري بوزعدلة","6300"
"الشرق","الناضور","حاسي بركان","593","9361","PJD","محمادي المصباحي","50477"
"الشرق","الناضور","حاسي بركان","593","9361","PJD","نزيهة بلهادي","50560"
"الشرق","الناضور","حاسي بركان","593","9354","PJD","ادريس برحو","73486"
"الشرق","الناضور","حاسي بركان","593","9354","PJD","هند بشيري","74022"
"الشرق","الناضور","حاسي بركان","593","9360","PJD","سعيد  زروالي","38127"
"الشرق","الناضور","حاسي بركان","593","9356","PJD","محمد دالي","37728"
"الشرق","الناضور","حاسي بركان","593","9353","MP","عمرو لغزاوي","61170"
"الشرق","الناضور","حاسي بركان","593","9353","MP","فضيلة عميروش","61206"
"الشرق","الناضور","حاسي بركان","593","9350","MP","عبد الواحد بدور","49618"
"الشرق","الناضور","حاسي بركان","593","9359","MP","الحسن بوستة","51518"
"الشرق","الناضور","حاسي بركان","593","9357","MP","علال مخلوفي","50038"
"الشرق","الناضور","حاسي بركان","593","9351","MP","عمر العمر","49661"
"الشرق","الناضور","حاسي بركان","593","9355","MP","مصطفى مزياني","49951"
"الشرق","الناضور","حاسي بركان","593","9349","RNI","رفيق مقراني","50659"
"الشرق","الناضور","حاسي بركان","593","9349","RNI","سلوى مقراني","50741"
"الشرق","الناضور","حاسي بركان","593","9358","PI","ميمون بونجوع","36468"
"الشرق","الناضور","حاسي بركان","593","9352","UC","محمد بهلول","81463"
"الشرق","الناضور","رأس الماء","1077","16937","PI","عبد الرحمان قيلول","99437"
"الشرق","الناضور","رأس الماء","1077","16937","PI","نوال  النا ظوري","99496"
"الشرق","الناضور","رأس الماء","1077","16938","PI","حسام البصري","28536"
"الشرق","الناضور","رأس الماء","1077","16938","PI","فاطمة تكفى","28553"
"الشرق","الناضور","رأس الماء","1077","16942","PI","الصبحي الجلالي","42501"
"الشرق","الناضور","رأس الماء","1077","16945","PI","عبد الرحمان مغنوج","42361"
"الشرق","الناضور","رأس الماء","1077","16947","PI","محمد  بكو","34604"
"الشرق","الناضور","رأس الماء","1077","16946","PI","احمد الجلالي","42469"
"الشرق","الناضور","رأس الماء","1077","16940","PAM","محمد  الحداوي","22750"
"الشرق","الناضور","رأس الماء","1077","16940","PAM","فدوى قيلولي","22755"
"الشرق","الناضور","رأس الماء","1077","16943","PAM","عبد الرحمان بوستة","6077"
"الشرق","الناضور","رأس الماء","1077","16941","PAM","محمد   الرحموني","42331"
"الشرق","الناضور","رأس الماء","1077","16939","PJD","عبد الرحيم السارح","50308"
"الشرق","الناضور","رأس الماء","1077","16939","PJD","وفاء ربيع","50370"
"الشرق","الناضور","رأس الماء","1077","27080","PJD","فؤاد  شاشا ","42397"
"الشرق","الناضور","رأس الماء","1077","16944","PJD","منير بودخان","50107"
"الشرق","الناضور","رأس الماء","1077","27081","PPS","محمد لهمام","2678"
"الشرق","الناضور","زايو","1517","26442","PI","محمد الطيبي","46133"
"الشرق","الناضور","زايو","1517","26442","PI","امال عراس","46818"
"الشرق","الناضور","زايو","1517","26442","PI","احمد بزعين","46147"
"الشرق","الناضور","زايو","1517","26442","PI","الزهرة  بعيري ","46894"
"الشرق","الناضور","زايو","1517","26442","PI","حسن الناصري","46170"
"الشرق","الناضور","زايو","1517","26442","PI","يمنة عمراوي","46928"
"الشرق","الناضور","زايو","1517","26442","PI","عبد الكريم الصلحيوي","46195"
"الشرق","الناضور","زايو","1517","26442","PI","ميمون نملي","46217"
"الشرق","الناضور","زايو","1517","26442","PI","محمد عنوري ","46248"
"الشرق","الناضور","زايو","1517","26442","PI","محمد لبراهيمي","46280"
"الشرق","الناضور","زايو","1517","26442","PI","سعيد عنوري","46301"
"الشرق","الناضور","زايو","1517","26442","PI","منعم بوهدوز","46318"
"الشرق","الناضور","زايو","1517","26442","PI","هشام البدوي","46344"
"الشرق","الناضور","زايو","1517","26442","PI","علي دازداز","46376"
"الشرق","الناضور","زايو","1517","26442","PI","خليد جعوان","46403"
"الشرق","الناضور","زايو","1517","26442","MP","وديع تينملالي","107362"
"الشرق","الناضور","زايو","1517","26442","MP","امينة  حمودي ","110159"
"الشرق","الناضور","زايو","1517","26442","MP","محمد شوراق","107394"
"الشرق","الناضور","زايو","1517","26442","MP","فاطمة مروش","110238"
"الشرق","الناضور","زايو","1517","26442","MP","محمد بوحوت","107429"
"الشرق","الناضور","زايو","1517","26442","MP","ميلود بوبوح","107474"
"الشرق","الناضور","زايو","1517","26442","MP","محمد الدرقاوي","107490"
"الشرق","الناضور","زايو","1517","26442","MP","عبد اللطيف  رحو ","107515"
"الشرق","الناضور","زايو","1517","26442","RNI","محمد قدوري","83411"
"الشرق","الناضور","زايو","1517","26442","RNI","خديجة منصوري","85395"
"الشرق","الناضور","زايو","1517","26442","RNI","عزيز  نوري","83523"
"الشرق","الناضور","زايو","1517","26442","RNI","محمد برحو","83569"
"الشرق","الناضور","زايو","1517","26442","PJD","عمرو ازعيم","52762"
"الشرق","الناضور","زايو","1517","26442","PJD","كريم العمراوي","52791"
"الشرق","الناضور","سلوان","1135","17969","PI","علي شيخي","43753"
"الشرق","الناضور","سلوان","1135","17969","PI","مليكة عزوزي","43781"
"الشرق","الناضور","سلوان","1135","17954","PI","حسن الغريسي","43843"
"الشرق","الناضور","سلوان","1135","17953","PI","سمير بوسخاف","64109"
"الشرق","الناضور","سلوان","1135","17972","PI","ميلود عزوز","43908"
"الشرق","الناضور","سلوان","1135","17956","PI","سعيد لولو","43868"
"الشرق","الناضور","سلوان","1135","17952","PI","محمد ابركان","49373"
"الشرق","الناضور","سلوان","1135","17967","PI","محمد طاهري","49007"
"الشرق","الناضور","سلوان","1135","17960","PI","لحبيب لمنور","48848"
"الشرق","الناضور","سلوان","1135","17951","PI","محمد بنشلال","49534"
"الشرق","الناضور","سلوان","1135","17973","PI","محمد عزوز","48693"
"الشرق","الناضور","سلوان","1135","17959","PI","احمد حفحاف","48626"
"الشرق","الناضور","سلوان","1135","17971","PAM","احمد الملكي","59746"
"الشرق","الناضور","سلوان","1135","17963","PAM","جمال حمزاوي","13340"
"الشرق","الناضور","سلوان","1135","17962","PAM","احميدة الدرقاوي","46544"
"الشرق","الناضور","سلوان","1135","17962","PAM","سارة فنيش","46566"
"الشرق","الناضور","سلوان","1135","17966","PAM","عبد الله  بويغرضاين ","15162"
"الشرق","الناضور","سلوان","1135","17965","PAM","احمد هنو","60521"
"الشرق","الناضور","سلوان","1135","17957","PAM","جليل عباسي","13190"
"الشرق","الناضور","سلوان","1135","17957","PAM","شهيناز العمارتي","13234"
"الشرق","الناضور","سلوان","1135","17970","PAM","حسن الملكي","59962"
"الشرق","الناضور","سلوان","1135","17964","PAM","الحسين المسعودي","60091"
"الشرق","الناضور","سلوان","1135","17968","PAM","عبد العالي حمزاوي","17519"
"الشرق","الناضور","سلوان","1135","17955","MP","محمد الكشوتي","32273"
"الشرق","الناضور","سلوان","1135","17958","MP","احمد  الكشوتي","32257"
"الشرق","الناضور","سلوان","1135","17958","MP","فاطمة  الكشوتي ","32265"
"الشرق","الناضور","سلوان","1135","17961","PPS","عبدالحفيظ الدرقاوي","60854"
"الشرق","بركان","أحفير","44","652","UC","محمد زردالي","111888"
"الشرق","بركان","أحفير","44","648","UC","محمد بقال","7778"
"الشرق","بركان","أحفير","44","655","UC","رشيد قضاض","111813"
"الشرق","بركان","أحفير","44","655","UC","الهام حفيظي","111984"
"الشرق","بركان","أحفير","44","636","UC","عبد العزيز دكيك","871"
"الشرق","بركان","أحفير","44","650","UC","عبد الحفيظ سليماني","7644"
"الشرق","بركان","أحفير","44","634","UC","الحسن زاوي","12524"
"الشرق","بركان","أحفير","44","641","RNI","زين العابدين رحماني","85446"
"الشرق","بركان","أحفير","44","641","RNI","خاليدة قادا","85579"
"الشرق","بركان","أحفير","44","646","RNI","الحسن عزاوي","7761"
"الشرق","بركان","أحفير","44","646","RNI","خديجة صديقي","7837"
"الشرق","بركان","أحفير","44","643","RNI","محمد اشرف هبري","47015"
"الشرق","بركان","أحفير","44","653","RNI","عمرو وشاني","3287"
"الشرق","بركان","أحفير","44","640","RNI","عبد الرحيم حساني","909"
"الشرق","بركان","أحفير","44","647","RNI","محمد الدوزي","948"
"الشرق","بركان","أحفير","44","642","PI","يحي زروق","18401"
"الشرق","بركان","أحفير","44","637","PI","الحسن مرزوقي","46947"
"الشرق","بركان","أحفير","44","635","PI","ميمون بربوش","1080"
"الشرق","بركان","أحفير","44","639","PI","هشام شهيد","3301"
"الشرق","بركان","أحفير","44","654","MP","عبدالالاه وهاب","119095"
"الشرق","بركان","أحفير","44","649","MP","نور الدين عباسي","113845"
"الشرق","بركان","أحفير","44","638","MP","مراد عمران","113905"
"الشرق","بركان","أحفير","44","656","USFP","نور الدين مداح","38432"
"الشرق","بركان","أحفير","44","656","USFP","الطاوس علاوي","40262"
"الشرق","بركان","أحفير","44","645","PSU","محمد سلام","112468"
"الشرق","بركان","أحفير","44","644","PAM","احمد البشروري","988"
"الشرق","بركان","أحفير","44","651","PRV","محمد بلمير","114167"
"الشرق","بركان","أغبال","28","425","PAM","عمرو برقوقي","13538"
"الشرق","بركان","أغبال","28","25695","PJD","رفيق اوباشير","8178"
"الشرق","بركان","أغبال","28","25695","PJD","فاطمة الزهراء اجبارة","8233"
"الشرق","بركان","أغبال","28","423","PJD","محمد بالي","8158"
"الشرق","بركان","أغبال","28","423","PJD","صباح عجرودي","8220"
"الشرق","بركان","أغبال","28","422","PJD","عادل بوجمعاوي","8141"
"الشرق","بركان","أغبال","28","421","PJD","عمر بنعبيد","13662"
"الشرق","بركان","أغبال","28","418","RNI","عبد المالك بنهاري","13581"
"الشرق","بركان","أغبال","28","418","RNI","وهيبة امحمدي","13603"
"الشرق","بركان","أغبال","28","427","RNI","ادريس هبري","108604"
"الشرق","بركان","أغبال","28","426","RNI","محمد صادقي","24994"
"الشرق","بركان","أغبال","28","428","RNI","الحسن  عدي ","93238"
"الشرق","بركان","أغبال","28","419","UC","مصطفى مزغاب","71851"
"الشرق","بركان","أغبال","28","420","UC","احمد بوعلاوي","71652"
"الشرق","بركان","أغبال","28","417","USFP","محمد دحماني","519"
"الشرق","بركان","أغبال","28","416","PEDD","محمد لزعر","108703"
"الشرق","بركان","أغبال","28","424","PEDD","محمد عباسي","38228"
"الشرق","بركان","أغبال","28","424","PEDD","نوال عباس","38277"
"الشرق","بركان","أغبال","28","25694","PI","رشيد والحاج","19068"
"الشرق","بركان","أكليم","175","2505","PI","محمد اقسوي","38831"
"الشرق","بركان","أكليم","175","2505","PI","ميمونة شافي","38896"
"الشرق","بركان","أكليم","175","2493","PI","احمد بوبوح","4419"
"الشرق","بركان","أكليم","175","2496","PI","فتحي علاوي","14094"
"الشرق","بركان","أكليم","175","2499","PI","الحسين مبطول","4402"
"الشرق","بركان","أكليم","175","2499","PI","اسماء بوعبدلاوي","4404"
"الشرق","بركان","أكليم","175","2501","PI","محمد لحبيب","54273"
"الشرق","بركان","أكليم","175","2501","PI","رشيدة علا","54321"
"الشرق","بركان","أكليم","175","2498","PI","زكي الحرشة","14053"
"الشرق","بركان","أكليم","175","2494","PI","رابح مزروعي","4443"
"الشرق","بركان","أكليم","175","2502","PI","هشام الكفيف","38758"
"الشرق","بركان","أكليم","175","2497","PI","احمد حبجاوي","4428"
"الشرق","بركان","أكليم","175","2500","PI","المفضل الذهبي","38040"
"الشرق","بركان","أكليم","175","2495","PI","سلام موشيح","4472"
"الشرق","بركان","أكليم","175","2503","PI","بوطيب قاسمي","4444"
"الشرق","بركان","أكليم","175","2504","PPS","بوطيب بنعمرو","54513"
"الشرق","بركان","أكليم","175","2504","PPS","فضيلة نوالي","54532"
"الشرق","بركان","السعيدية","1115","17501","PAM","حسان بن مومن","25330"
"الشرق","بركان","السعيدية","1115","17501","PAM","رحمة مغراوي","25383"
"الشرق","بركان","السعيدية","1115","27110","PAM","طارق  اجميل","25500"
"الشرق","بركان","السعيدية","1115","17500","PAM","عبد المالك حمان","25427"
"الشرق","بركان","السعيدية","1115","17498","PAM","محمد الشعيبي","25248"
"الشرق","بركان","السعيدية","1115","17504","PAM","زين العابدين بومنصور","25493"
"الشرق","بركان","السعيدية","1115","17506","PJD","طارق بوجناح","24938"
"الشرق","بركان","السعيدية","1115","17506","PJD","مليكة شهلاوي","24977"
"الشرق","بركان","السعيدية","1115","17499","RNI","عومر بن اسماعيل","25160"
"الشرق","بركان","السعيدية","1115","17499","RNI","حنان زللي","25189"
"الشرق","بركان","السعيدية","1115","17497","RNI","عبد المالك الصفراوي","25046"
"الشرق","بركان","السعيدية","1115","17503","PPS","خليد عزوزي","93428"
"الشرق","بركان","السعيدية","1115","17507","PPS","البشير بنسالم","49415"
"الشرق","بركان","السعيدية","1115","17502","PSU","عبد المومن الشريفي","93693"
"الشرق","بركان","السعيدية","1115","17502","PSU","ربيعة فراجي","93721"
"الشرق","بركان","السعيدية","1115","17505","UC","عبد القادر السنوسي","69660"
"الشرق","بركان","السعيدية","1115","27111","FFD","محمد الشرابي","49296"
"الشرق","بركان","الشويحية","444","6882","PI","خليفة بداوي","12013"
"الشرق","بركان","الشويحية","444","6884","PI","عبد العزيز عزيزي","37889"
"الشرق","بركان","الشويحية","444","6884","PI","اسماء بداوي","37951"
"الشرق","بركان","الشويحية","444","6875","PI","عبد النبي رابحي","964"
"الشرق","بركان","الشويحية","444","6876","PI","عبد الكريم حرود","952"
"الشرق","بركان","الشويحية","444","6881","PI","رشيد يوسفي","12126"
"الشرق","بركان","الشويحية","444","6886","PI","عمر مزياني","11954"
"الشرق","بركان","الشويحية","444","6877","PJD","احمد اولالي","12012"
"الشرق","بركان","الشويحية","444","6880","PJD","عبدالقادر بوطة","11952"
"الشرق","بركان","الشويحية","444","6878","PJD","لخضر قاسمي","48992"
"الشرق","بركان","الشويحية","444","6878","PJD","فاطمة يزيدي","49094"
"الشرق","بركان","الشويحية","444","6883","PJD","مصطفى الدرويش","11985"
"الشرق","بركان","الشويحية","444","6885","MP","عبد المالك زعراوي","68124"
"الشرق","بركان","الشويحية","444","6885","MP","حكيمة حيدة","68174"
"الشرق","بركان","الشويحية","444","6879","MP","بن عيسى وجيط","29109"
"الشرق","بركان","الشويحية","444","6879","MP","لطيفة بوترفاس","29133"
"الشرق","بركان","الشويحية","444","6874","MP","عمر سعيدي","29872"
"الشرق","بركان","بركان","296","25104","PAM","محمد ابراهيمي","30572"
"الشرق","بركان","بركان","296","25104","PAM","مليكة بنطيبة","30669"
"الشرق","بركان","بركان","296","25104","PAM","عبد الله رابحي","30644"
"الشرق","بركان","بركان","296","25104","PAM","زليخة الشاوي","30725"
"الشرق","بركان","بركان","296","25104","PAM","زهير طيبي","30682"
"الشرق","بركان","بركان","296","25104","PAM","احمد نجيب","30721"
"الشرق","بركان","بركان","296","25104","PAM","فاتحة اكراعي","30748"
"الشرق","بركان","بركان","296","25104","PAM","عبد العزيز داودي","30771"
"الشرق","بركان","بركان","296","25104","PAM","محمد عامري","30795"
"الشرق","بركان","بركان","296","25104","PAM","بنيونس  محروك","30811"
"الشرق","بركان","بركان","296","25104","PAM","هشام وعلي","30830"
"الشرق","بركان","بركان","296","25104","PAM","محمد الزاهري","30849"
"الشرق","بركان","بركان","296","25104","PAM","توفيق عفيف","30882"
"الشرق","بركان","بركان","296","25104","PAM","ابراهيم فاتشات","30907"
"الشرق","بركان","بركان","296","25104","PJD","المصطفى القوري","35731"
"الشرق","بركان","بركان","296","25104","PJD","دليلة عامري","36868"
"الشرق","بركان","بركان","296","25104","PJD","مصطفى رفاعي","35801"
"الشرق","بركان","بركان","296","25104","PJD","رابحة لبرازي","36941"
"الشرق","بركان","بركان","296","25104","PJD","عبد الغاني كيلي","35807"
"الشرق","بركان","بركان","296","25104","PJD","يوسف لوكيلي","35839"
"الشرق","بركان","بركان","296","25104","PJD","احمد مصلوح ","35860"
"الشرق","بركان","بركان","296","25104","PJD","يوسف بنطالب","35872"
"الشرق","بركان","بركان","296","25104","PJD","محمد رابحي","35931"
"الشرق","بركان","بركان","296","25104","PJD","البكاي بوفرة","35979"
"الشرق","بركان","بركان","296","25104","PJD","مصطفى الصباني","35977"
"الشرق","بركان","بركان","296","25104","PJD","الحسين حمداوي","36009"
"الشرق","بركان","بركان","296","25104","USFP","عزيز بنته","1269"
"الشرق","بركان","بركان","296","25104","USFP","سعاد قادة","1274"
"الشرق","بركان","بركان","296","25104","USFP","يمينة بوعيادي","1286"
"الشرق","بركان","بركان","296","25104","USFP","فريد بنته","1308"
"الشرق","بركان","بركان","296","25104","USFP","عبد الرحمان بوطيب","1320"
"الشرق","بركان","بركان","296","25104","USFP","احمد مغيس","1329"
"الشرق","بركان","بركان","296","25104","PPS","محمد بويعلاوي","8666"
"الشرق","بركان","بركان","296","25104","PPS","زهرة حنافي","8693"
"الشرق","بركان","بركان","296","25104","PPS","رشيد الندلوسي","8744"
"الشرق","بركان","بركان","296","25104","PPS","عبد الوهاب الاحمادي","8779"
"الشرق","بركان","بركان","296","25104","PI","احمد عبادي","99212"
"الشرق","بركان","بركان","296","25104","PI","مراد زبوح","101155"
"الشرق","بركان","بركان","296","25104","PI","محمد البكاوي","101281"
"الشرق","بركان","بوغريبة","392","6054","PAM","بلعيد رابحي","50429"
"الشرق","بركان","بوغريبة","392","6063","PAM","محمد خموس","69131"
"الشرق","بركان","بوغريبة","392","6062","PAM","الراضي مختاري","29743"
"الشرق","بركان","بوغريبة","392","6056","PAM","الناجم الزياني","25344"
"الشرق","بركان","بوغريبة","392","6066","PAM","عبد الرحمان قاسمي","68844"
"الشرق","بركان","بوغريبة","392","6064","PAM","عبد الرحمن عونه","12838"
"الشرق","بركان","بوغريبة","392","6061","PAM","الخثير الغربي","90565"
"الشرق","بركان","بوغريبة","392","6060","PAM","ميمون كرماوي","25391"
"الشرق","بركان","بوغريبة","392","6060","PAM","فتيحة الصايفي","25419"
"الشرق","بركان","بوغريبة","392","6076","PAM","ميمون وادي","29723"
"الشرق","بركان","بوغريبة","392","6076","PAM","حفيظة حبجة","30487"
"الشرق","بركان","بوغريبة","392","6057","PAM","موراد حمودي","29813"
"الشرق","بركان","بوغريبة","392","6073","PAM","جمال السنوسي","12732"
"الشرق","بركان","بوغريبة","392","6068","PAM","احمد غلوش","38001"
"الشرق","بركان","بوغريبة","392","6059","PAM","سعيد داد","18248"
"الشرق","بركان","بوغريبة","392","6070","PAM","ميمون وسعيدي","50207"
"الشرق","بركان","بوغريبة","392","6067","PAM","رحال بوعزاوي","69282"
"الشرق","بركان","بوغريبة","392","6075","PJD","يحي مشيشي","92471"
"الشرق","بركان","بوغريبة","392","6075","PJD","الوازنة مشيشي","92519"
"الشرق","بركان","بوغريبة","392","6069","PJD","محمد امباركي","68166"
"الشرق","بركان","بوغريبة","392","6074","PJD","عبد اللطيف امباركي","90836"
"الشرق","بركان","بوغريبة","392","6074","PJD","حسناء معاش","90879"
"الشرق","بركان","بوغريبة","392","6072","PJD","احمد قرضال","68521"
"الشرق","بركان","بوغريبة","392","6071","PI","البكاي صادقي","16869"
"الشرق","بركان","بوغريبة","392","6058","PI","محمد البداوي","3125"
"الشرق","بركان","بوغريبة","392","6065","UC","خالد خرباش","16880"
"الشرق","بركان","بوغريبة","392","6055","MP","الميلود زوزو","25465"
"الشرق","بركان","تافوغالت","1320","20885","MP","عبد الرحمان الهبيل","2931"
"الشرق","بركان","تافوغالت","1320","20885","MP","جميلة اشرقي","3015"
"الشرق","بركان","تافوغالت","1320","20880","MP","الحسين ملاكي","7680"
"الشرق","بركان","تافوغالت","1320","20880","MP","زكية منصور","7718"
"الشرق","بركان","تافوغالت","1320","20881","MP","محمد  بنشعو","6693"
"الشرق","بركان","تافوغالت","1320","20881","MP","مروة بنشعو","6664"
"الشرق","بركان","تافوغالت","1320","20884","MP","ميمون  يعقوبي","2877"
"الشرق","بركان","تافوغالت","1320","20887","MP","الراضي مركوم","49027"
"الشرق","بركان","تافوغالت","1320","20889","MP","امجاهد عزماني","11070"
"الشرق","بركان","تافوغالت","1320","20890","MP","احميدان كريمي","6688"
"الشرق","بركان","تافوغالت","1320","20888","PI","بلعيد عمروش","51992"
"الشرق","بركان","تافوغالت","1320","20888","PI","كريمة  عمروش","52057"
"الشرق","بركان","تافوغالت","1320","20883","PI","الحسن وسعيدي","36487"
"الشرق","بركان","تافوغالت","1320","20886","PAM","محمد الدرويش","36851"
"الشرق","بركان","تافوغالت","1320","20882","PJD","جمال الرمضاني","90473"
"الشرق","بركان","رسلان","1098","17250","MP","عبد الوهاب اليزيدي","2980"
"الشرق","بركان","رسلان","1098","17250","MP","سعاد جامعي","2915"
"الشرق","بركان","رسلان","1098","17242","MP","عزيز لطرش","2957"
"الشرق","بركان","رسلان","1098","17242","MP","نجاة مجاطي","2906"
"الشرق","بركان","رسلان","1098","17243","MP","بنيونس طرشوني","48622"
"الشرق","بركان","رسلان","1098","17247","MP","جمال زريوحي","2928"
"الشرق","بركان","رسلان","1098","17244","MP","بنعياد مختاري","11150"
"الشرق","بركان","رسلان","1098","17246","MP","سليمان المؤذين","6668"
"الشرق","بركان","رسلان","1098","17248","MP","الميلود جامعي","6711"
"الشرق","بركان","رسلان","1098","17245","MP","عبدالصمد بوجمعاوي","6820"
"الشرق","بركان","رسلان","1098","17241","MP","عبد الوحيد عبد الاوي","29013"
"الشرق","بركان","رسلان","1098","17240","PJD","الحسن بنشعو","36900"
"الشرق","بركان","رسلان","1098","17240","PJD","حسنة امجون","37255"
"الشرق","بركان","رسلان","1098","17249","PAM","بوجمعة بوطة","23456"
"الشرق","بركان","رسلان","1098","17249","PAM","كريمة بوطة","23507"
"الشرق","بركان","زكزل","1532","27116","PAM","رشيدة مسكيني","7119"
"الشرق","بركان","زكزل","1532","27116","PAM","فطيمة غرافي","7143"
"الشرق","بركان","زكزل","1532","23953","PAM","احمد الهدار","7187"
"الشرق","بركان","زكزل","1532","23955","PAM","نصرالدين مديوني","684"
"الشرق","بركان","زكزل","1532","27114","PAM","رابح مهلة","674"
"الشرق","بركان","زكزل","1532","23957","PAM","يوسف غرافي","2796"
"الشرق","بركان","زكزل","1532","27121","PAM","محمد جلولي","7114"
"الشرق","بركان","زكزل","1532","27121","PAM","مونية غرافي","7179"
"الشرق","بركان","زكزل","1532","23952","PAM","ميمون صديقي","3153"
"الشرق","بركان","زكزل","1532","23951","PAM","عمرو بوشيبة","7258"
"الشرق","بركان","زكزل","1532","23958","PAM","محمد بندرا","3149"
"الشرق","بركان","زكزل","1532","23960","PI","وسام فلالي","2795"
"الشرق","بركان","زكزل","1532","23948","PI","مصطفى مهداوي","38998"
"الشرق","بركان","زكزل","1532","23948","PI","اسماء مهداوي","39040"
"الشرق","بركان","زكزل","1532","27119","PI","محمد منصري","7232"
"الشرق","بركان","زكزل","1532","23961","PI","موسى رابحي","3215"
"الشرق","بركان","زكزل","1532","23949","PI","محمد نصيري","63535"
"الشرق","بركان","زكزل","1532","27117","PI","البكاي انفناف","7161"
"الشرق","بركان","زكزل","1532","27117","PI","خديجة قادة","7204"
"الشرق","بركان","زكزل","1532","23959","PI","زهير بالعيد","3116"
"الشرق","بركان","زكزل","1532","23954","PI","نصر الدين الوادي","38761"
"الشرق","بركان","زكزل","1532","27118","PI","عمرو قادري","3326"
"الشرق","بركان","زكزل","1532","23962","PI","محمد فلوق","2813"
"الشرق","بركان","زكزل","1532","27115","PI","عبد الحفيظ مسعودي","116125"
"الشرق","بركان","زكزل","1532","23950","USFP","حسن لومدين","10573"
"الشرق","بركان","زكزل","1532","23956","RNI","عبد الرحيم عرباوي","10577"
"الشرق","بركان","زكزل","1532","27120","PPS","محمد عطية","22865"
"الشرق","بركان","سيدي بوهرية","1198","18956","PI","المصطفى راشدي","11052"
"الشرق","بركان","سيدي بوهرية","1198","18952","MP","عبد القادر بوغالب","51362"
"الشرق","بركان","سيدي بوهرية","1198","18950","MP","محمد سويدي","51470"
"الشرق","بركان","سيدي بوهرية","1198","18949","MP","محمد اسويدي","52181"
"الشرق","بركان","سيدي بوهرية","1198","18949","MP","ليلى اسويدي","51717"
"الشرق","بركان","سيدي بوهرية","1198","18958","MP","عبد السلام البزازي","68903"
"الشرق","بركان","سيدي بوهرية","1198","18955","MP","محمد زلوفي","51405"
"الشرق","بركان","سيدي بوهرية","1198","18954","PAM","الحبيب البشيري","29054"
"الشرق","بركان","سيدي بوهرية","1198","18954","PAM","حفيظة عمارة","29915"
"الشرق","بركان","سيدي بوهرية","1198","18957","PAM","الحسن البزازي","29419"
"الشرق","بركان","سيدي بوهرية","1198","18948","PJD","عبد الحميد قدوري","37554"
"الشرق","بركان","سيدي بوهرية","1198","18948","PJD","نظيرة اسويدي","37592"
"الشرق","بركان","سيدي بوهرية","1198","18953","USFP","الحسن صالحي","68764"
"الشرق","بركان","سيدي بوهرية","1198","18951","USFP","المصطفى اسويدي ","23343"
"الشرق","بركان","سيدي بوهرية","1198","18951","USFP","بادية البشيري","23391"
"الشرق","بركان","سيدي سليمان - الشراعة","1272","20108","PAM","محمد بلقاسمي","18592"
"الشرق","بركان","سيدي سليمان - الشراعة","1272","20108","PAM","فريدة النكاوي","18522"
"الشرق","بركان","سيدي سليمان - الشراعة","1272","20116","PAM","مراد قدوري","3531"
"الشرق","بركان","سيدي سليمان - الشراعة","1272","25696","PAM","المبروك المريني","3593"
"الشرق","بركان","سيدي سليمان - الشراعة","1272","20110","PAM","محمد بوراس","8086"
"الشرق","بركان","سيدي سليمان - الشراعة","1272","20117","PAM","محمد جامعي","12587"
"الشرق","بركان","سيدي سليمان - الشراعة","1272","20109","PAM","عبد الرحيم الصحمودي","18572"
"الشرق","بركان","سيدي سليمان - الشراعة","1272","20121","PAM","محمد دغدوغ","12552"
"الشرق","بركان","سيدي سليمان - الشراعة","1272","20121","PAM","احلام البداوي","12642"
"الشرق","بركان","سيدي سليمان - الشراعة","1272","20118","PAM","محسن مغيز","3545"
"الشرق","بركان","سيدي سليمان - الشراعة","1272","20120","MP","يحي جباري","18639"
"الشرق","بركان","سيدي سليمان - الشراعة","1272","20120","MP","الزهرة جلولي","18723"
"الشرق","بركان","سيدي سليمان - الشراعة","1272","20102","MP","اليماني رحاوي","7996"
"الشرق","بركان","سيدي سليمان - الشراعة","1272","20122","MP","محمد  عبد الجبار ","12663"
"الشرق","بركان","سيدي سليمان - الشراعة","1272","20101","MP","مولاي علي صحراوي","3506"
"الشرق","بركان","سيدي سليمان - الشراعة","1272","20111","MP","بدر اليزيدي","12537"
"الشرق","بركان","سيدي سليمان - الشراعة","1272","20105","MP","سعيد كمكامي","3595"
"الشرق","بركان","سيدي سليمان - الشراعة","1272","20112","MP","ادريس زخنيني","7944"
"الشرق","بركان","سيدي سليمان - الشراعة","1272","20119","MP","يحي يعقوبي","3554"
"الشرق","بركان","سيدي سليمان - الشراعة","1272","25697","MP","لمنور كاهري","3515"
"الشرق","بركان","سيدي سليمان - الشراعة","1272","20115","MP","عبدالواحد بوقو","23180"
"الشرق","بركان","سيدي سليمان - الشراعة","1272","20103","PJD","لحسن كرباوي","1111"
"الشرق","بركان","سيدي سليمان - الشراعة","1272","20103","PJD","رشيدة الستوتي","1126"
"الشرق","بركان","سيدي سليمان - الشراعة","1272","20113","PJD","الحسين هيشور","8057"
"الشرق","بركان","سيدي سليمان - الشراعة","1272","20104","PJD","حمزة بوبكري","12675"
"الشرق","بركان","سيدي سليمان - الشراعة","1272","20100","PJD","الحسين مساوي","13674"
"الشرق","بركان","سيدي سليمان - الشراعة","1272","20114","PJD","محمد ماحي","1154"
"الشرق","بركان","سيدي سليمان - الشراعة","1272","20107","RNI","لمنور بوشاوش","30217"
"الشرق","بركان","سيدي سليمان - الشراعة","1272","20106","RNI","محمد البدري","29956"
"الشرق","بركان","عين الركادة","69","1049","PI","ميمون برزال","58078"
"الشرق","بركان","عين الركادة","69","1049","PI","فتيحة برزال","58139"
"الشرق","بركان","عين الركادة","69","1050","PI","بنيونس زياني","58399"
"الشرق","بركان","عين الركادة","69","1050","PI","لطيفة مغراوي","58424"
"الشرق","بركان","عين الركادة","69","1052","PI","فهيم مجاوي","63971"
"الشرق","بركان","عين الركادة","69","1052","PI","حسناء عزيز","64078"
"الشرق","بركان","عين الركادة","69","1044","PI","عبد المجيد هراوي","35920"
"الشرق","بركان","عين الركادة","69","1047","PI","عبد الحفيظ بركاوي","35567"
"الشرق","بركان","عين الركادة","69","1053","PI","عماد ينعوري","57972"
"الشرق","بركان","عين الركادة","69","1053","PI","ابتسام عثماني","58022"
"الشرق","بركان","عين الركادة","69","1048","PI","محمد الكحودي","35669"
"الشرق","بركان","عين الركادة","69","1043","PI","عمر ورداني","35443"
"الشرق","بركان","عين الركادة","69","1046","PI","العيد جفالي","46011"
"الشرق","بركان","عين الركادة","69","1051","PI","احمد بوعلي","46049"
"الشرق","بركان","عين الركادة","69","1045","SAP","معاد يعقوبي","43807"
"الشرق","بركان","فزوان","543","8560","PI","احمد الهندوز","30384"
"الشرق","بركان","فزوان","543","8560","PI","سميرة التهمي","30413"
"الشرق","بركان","فزوان","543","8561","PI","العيد  مركوم","25085"
"الشرق","بركان","فزوان","543","8559","PI","الناجم بونوح","30329"
"الشرق","بركان","فزوان","543","8559","PI","صادقة سالمي ","30359"
"الشرق","بركان","فزوان","543","8566","PI","محمد جفالي","30397"
"الشرق","بركان","فزوان","543","8566","PI","حنان قاسمي","30428"
"الشرق","بركان","فزوان","543","8565","PI","محمد قادى","24964"
"الشرق","بركان","فزوان","543","8569","PI","مصطفى جدايني","30340"
"الشرق","بركان","فزوان","543","8562","PI","عبد الحق قادة","30249"
"الشرق","بركان","فزوان","543","8562","PI","راضية عمراوي","30286"
"الشرق","بركان","فزوان","543","8564","PI","محمد حدوي","30367"
"الشرق","بركان","فزوان","543","8563","PI","الحبيب ملحي","25145"
"الشرق","بركان","فزوان","543","8567","USFP","عبد الرحيم حمو علي","25240"
"الشرق","بركان","فزوان","543","8568","USFP","احمد رمضاني","25287"
"الشرق","بركان","لعثامنة","742","11679","PI","مصطفى بنقدور","28689"
"الشرق","بركان","لعثامنة","742","11679","PI","بهية عبد المومن","28727"
"الشرق","بركان","لعثامنة","742","11682","PI","عبد القادر بالمدني","10903"
"الشرق","بركان","لعثامنة","742","11674","PI","رشيد مداني","116288"
"الشرق","بركان","لعثامنة","742","11671","PI","رابح الدرويش","91724"
"الشرق","بركان","لعثامنة","742","27112","PI","محمد تجيني","101700"
"الشرق","بركان","لعثامنة","742","11675","PI","محمد ابو رشيد ","18332"
"الشرق","بركان","لعثامنة","742","11673","RNI","محمد بن علي","7250"
"الشرق","بركان","لعثامنة","742","11676","RNI","البكاي بوبكر","101518"
"الشرق","بركان","لعثامنة","742","11676","RNI","رشيدة مجدوب","101407"
"الشرق","بركان","لعثامنة","742","11680","RNI","احمد بن الاحسن","7256"
"الشرق","بركان","لعثامنة","742","27113","RNI","محمد نعومي","7267"
"الشرق","بركان","لعثامنة","742","11672","RNI","رشيد بن زيان","17567"
"الشرق","بركان","لعثامنة","742","11672","RNI","وهيبة برحاب","17690"
"الشرق","بركان","لعثامنة","742","11670","PPS","البكاي سيدهم","49589"
"الشرق","بركان","لعثامنة","742","11678","MP","محمد الحداد","24209"
"الشرق","بركان","لعثامنة","742","11677","USFP","بومدين بنمريم","69342"
"الشرق","بركان","لعثامنة","742","11681","PRV","علال امباركي","68835"
"الشرق","بركان","لعثامنة","742","11681","PRV","حورية رزاق","68889"
"الشرق","بركان","مداغ","835","13165","FFD","محمد شهلاوي","46508"
"الشرق","بركان","مداغ","835","13165","FFD","فاطمة الزهراء منتبه","46539"
"الشرق","بركان","مداغ","835","13159","FFD","الطيب السعيدي","110497"
"الشرق","بركان","مداغ","835","13161","FFD","محمد البشيري","65472"
"الشرق","بركان","مداغ","835","13161","FFD","فاطمة لشهب","65527"
"الشرق","بركان","مداغ","835","13162","FFD","بوجمعة عوكاشة","65932"
"الشرق","بركان","مداغ","835","13162","FFD","نعيمة بونوة","65991"
"الشرق","بركان","مداغ","835","13151","FFD","بكاي بركاوي","46599"
"الشرق","بركان","مداغ","835","13164","FFD","نورالدين بلكناني","34743"
"الشرق","بركان","مداغ","835","13156","FFD","عبد الوهاب بكاوي","16891"
"الشرق","بركان","مداغ","835","13154","FFD","محمد طهراوي","34821"
"الشرق","بركان","مداغ","835","13153","FFD","حسن غماري","77776"
"الشرق","بركان","مداغ","835","13158","FFD","قدور محياوي","22781"
"الشرق","بركان","مداغ","835","13152","FFD","الملود بلعيش","110355"
"الشرق","بركان","مداغ","835","13163","FFD","الميلود غيلان","34960"
"الشرق","بركان","مداغ","835","13160","RNI","محي الدين القادري بوتشيش","65512"
"الشرق","بركان","مداغ","835","13160","RNI","نادية رشيدي","65579"
"الشرق","بركان","مداغ","835","13157","RNI","يوسف مركوم","46745"
"الشرق","بركان","مداغ","835","13155","RNI","عبد الصادق زاكي","6717"
"الشرق","تاوريرت","أهل وادزا","47","699","UC","خليد بن الطالب","7576"
"الشرق","تاوريرت","أهل وادزا","47","704","UC","محمد المختاري","24034"
"الشرق","تاوريرت","أهل وادزا","47","700","UC","عبد العزيز معمر","7538"
"الشرق","تاوريرت","أهل وادزا","47","705","RNI","الحسن مسعودي","56057"
"الشرق","تاوريرت","أهل وادزا","47","705","RNI","جمعة بلقاسمي","56115"
"الشرق","تاوريرت","أهل وادزا","47","697","RNI","محمد ممروش","86337"
"الشرق","تاوريرت","أهل وادزا","47","697","RNI","فطيمة المكاوي","86393"
"الشرق","تاوريرت","أهل وادزا","47","707","RNI","ميمون عبد السميع","69809"
"الشرق","تاوريرت","أهل وادزا","47","698","PAM","محمد التاج","23940"
"الشرق","تاوريرت","أهل وادزا","47","698","PAM","نورة ديب","55824"
"الشرق","تاوريرت","أهل وادزا","47","706","PAM","محمد بلعزيز","55662"
"الشرق","تاوريرت","أهل وادزا","47","696","PAM","عبد الله بالدن","55641"
"الشرق","تاوريرت","أهل وادزا","47","702","PAM","حميمي بوضة","86012"
"الشرق","تاوريرت","أهل وادزا","47","701","PAM","عبد السلام زمري","7536"
"الشرق","تاوريرت","أهل وادزا","47","695","PI","عبدالقادر سمير","70006"
"الشرق","تاوريرت","أهل وادزا","47","695","PI","فريدة عويدات","70044"
"الشرق","تاوريرت","أهل وادزا","47","703","FFD","محمد سويدي","86155"
"الشرق","تاوريرت","أولاد امحمد","1050","16507","RNI","بلقاسم  بوضمكي","430"
"الشرق","تاوريرت","أولاد امحمد","1050","16507","RNI","فاطمة بوضمكي","448"
"الشرق","تاوريرت","أولاد امحمد","1050","16505","RNI","محمد اركيك","45572"
"الشرق","تاوريرت","أولاد امحمد","1050","16505","RNI","حفيضة البيض","45580"
"الشرق","تاوريرت","أولاد امحمد","1050","16502","RNI","محمد لمقادم","24349"
"الشرق","تاوريرت","أولاد امحمد","1050","16502","RNI","جميلة لمقدم","24382"
"الشرق","تاوريرت","أولاد امحمد","1050","16503","RNI","احمد  بودربالة ","11176"
"الشرق","تاوريرت","أولاد امحمد","1050","16508","RNI","محمد  عزي","48690"
"الشرق","تاوريرت","أولاد امحمد","1050","16509","RNI","احمد  عزي","32332"
"الشرق","تاوريرت","أولاد امحمد","1050","16511","RNI","الجيلالي لبيض","45482"
"الشرق","تاوريرت","أولاد امحمد","1050","16512","UC","ادريس خربوش","45502"
"الشرق","تاوريرت","أولاد امحمد","1050","16506","USFP","محمد  بوكابوس","48614"
"الشرق","تاوريرت","أولاد امحمد","1050","16506","USFP","خديجة عزي","48672"
"الشرق","تاوريرت","أولاد امحمد","1050","16504","USFP","الطيب  ساهل","48649"
"الشرق","تاوريرت","أولاد امحمد","1050","16510","PI","احمد  بالبكري","11219"
"الشرق","تاوريرت","العاطف","484","7569","RNI","البشير بيضي","67386"
"الشرق","تاوريرت","العاطف","484","7569","RNI","فاطمة بليماني","67424"
"الشرق","تاوريرت","العاطف","484","7570","RNI","عبد العزيز  الشيكر","81330"
"الشرق","تاوريرت","العاطف","484","7570","RNI","التالية الشيكر","81354"
"الشرق","تاوريرت","العاطف","484","7567","RNI","محمد بلمدني","81718"
"الشرق","تاوريرت","العاطف","484","7562","RNI","دحمان  بنلحبيب","81769"
"الشرق","تاوريرت","العاطف","484","7566","RNI","محمد  مبروك","45556"
"الشرق","تاوريرت","العاطف","484","7572","USFP","عبد القادر بنهاشم","65444"
"الشرق","تاوريرت","العاطف","484","7572","USFP","حليمة بنهاشم","65550"
"الشرق","تاوريرت","العاطف","484","7564","USFP","محمد بوطاهري","6832"
"الشرق","تاوريرت","العاطف","484","7568","USFP","محمد الطيبي ","11605"
"الشرق","تاوريرت","العاطف","484","7568","USFP","حليمة طيبي ","11632"
"الشرق","تاوريرت","العاطف","484","7563","USFP","احمد قدري","24418"
"الشرق","تاوريرت","العاطف","484","7571","USFP","المامون  بلعسري","11602"
"الشرق","تاوريرت","العاطف","484","7565","UC","محمد البضري","45602"
"الشرق","تاوريرت","العيون-سيدي ملوك","482","25106","RNI","الحسن احسايني","25316"
"الشرق","تاوريرت","العيون-سيدي ملوك","482","25106","RNI","كريمة اعبوش","25310"
"الشرق","تاوريرت","العيون-سيدي ملوك","482","25106","RNI","محمد  خطاب","25337"
"الشرق","تاوريرت","العيون-سيدي ملوك","482","25106","RNI","فاطمة التاج","25327"
"الشرق","تاوريرت","العيون-سيدي ملوك","482","25106","RNI","احمد الابيض","25352"
"الشرق","تاوريرت","العيون-سيدي ملوك","482","25106","RNI","امبارك معراض","25367"
"الشرق","تاوريرت","العيون-سيدي ملوك","482","25106","RNI","حسن الصدقية","25381"
"الشرق","تاوريرت","العيون-سيدي ملوك","482","25106","RNI","عبدالرحيم حنتارة","25401"
"الشرق","تاوريرت","العيون-سيدي ملوك","482","25106","RNI","جمال التدموتي","25421"
"الشرق","تاوريرت","العيون-سيدي ملوك","482","25106","PAM","خليد جابي","97404"
"الشرق","تاوريرت","العيون-سيدي ملوك","482","25106","PAM","خديجة كرام","98639"
"الشرق","تاوريرت","العيون-سيدي ملوك","482","25106","PAM","محمد بودرجة","97437"
"الشرق","تاوريرت","العيون-سيدي ملوك","482","25106","PAM","محمد بدودو","97463"
"الشرق","تاوريرت","العيون-سيدي ملوك","482","25106","PAM","ادريس بودرجة","97485"
"الشرق","تاوريرت","العيون-سيدي ملوك","482","25106","PAM","محمد بركي","97509"
"الشرق","تاوريرت","العيون-سيدي ملوك","482","25106","PJD","محمد نجمي","18822"
"الشرق","تاوريرت","العيون-سيدي ملوك","482","25106","PJD","مجيدة  ناصري ","19439"
"الشرق","تاوريرت","العيون-سيدي ملوك","482","25106","PJD","سليمان بلقاسمي","18870"
"الشرق","تاوريرت","العيون-سيدي ملوك","482","25106","PJD","بلقاسم المحب","18937"
"الشرق","تاوريرت","العيون-سيدي ملوك","482","25106","PJD","عبدالكريم معراض","18963"
"الشرق","تاوريرت","العيون-سيدي ملوك","482","25106","PI","عبد الحق مربوح","41827"
"الشرق","تاوريرت","العيون-سيدي ملوك","482","25106","PI","صليحة  حاجي ","41945"
"الشرق","تاوريرت","العيون-سيدي ملوك","482","25106","PI","المختار ازداد","41841"
"الشرق","تاوريرت","العيون-سيدي ملوك","482","25106","PI","عبد الحليم النيلي","41861"
"الشرق","تاوريرت","العيون-سيدي ملوك","482","25106","PRD","البشير الغينوسي","113388"
"الشرق","تاوريرت","العيون-سيدي ملوك","482","25106","PRD","نوال الصوتي","113993"
"الشرق","تاوريرت","العيون-سيدي ملوك","482","25106","PRD","حمزة  غناي ","113496"
"الشرق","تاوريرت","العيون-سيدي ملوك","482","25106","PPS","وديع عطاف","24908"
"الشرق","تاوريرت","العيون-سيدي ملوك","482","25106","PPS","محمد بوشراوط","24929"
"الشرق","تاوريرت","تاوريرت","1386","25105","MP","البشير بوخريص","82554"
"الشرق","تاوريرت","تاوريرت","1386","25105","MP","رشيدة برودي","85129"
"الشرق","تاوريرت","تاوريرت","1386","25105","MP","المختار بلا","82618"
"الشرق","تاوريرت","تاوريرت","1386","25105","MP","بشرى زدوري","85194"
"الشرق","تاوريرت","تاوريرت","1386","25105","MP","عبد القادر غزيلي","82706"
"الشرق","تاوريرت","تاوريرت","1386","25105","MP","محمد بالرابح","82772"
"الشرق","تاوريرت","تاوريرت","1386","25105","MP","محمد زنوتي","82856"
"الشرق","تاوريرت","تاوريرت","1386","25105","MP","البشير مصباحي","82906"
"الشرق","تاوريرت","تاوريرت","1386","25105","MP","بوعلام وسعيد","82968"
"الشرق","تاوريرت","تاوريرت","1386","25105","MP","عبدالعزيز بلا","83030"
"الشرق","تاوريرت","تاوريرت","1386","25105","MP","محمد كروم","83098"
"الشرق","تاوريرت","تاوريرت","1386","25105","MP","عاشور مديش","83184"
"الشرق","تاوريرت","تاوريرت","1386","25105","MP","البشير زروالي","83392"
"الشرق","تاوريرت","تاوريرت","1386","25105","UC","محمد صغير ناصري","4849"
"الشرق","تاوريرت","تاوريرت","1386","25105","UC","فاطنة كروج","5357"
"الشرق","تاوريرت","تاوريرت","1386","25105","UC","عبد الكريم زنوتي","4869"
"الشرق","تاوريرت","تاوريرت","1386","25105","UC","محمد حطاب","4890"
"الشرق","تاوريرت","تاوريرت","1386","25105","UC","محمد  ناصر ","4914"
"الشرق","تاوريرت","تاوريرت","1386","25105","UC","قدور الكوال","4926"
"الشرق","تاوريرت","تاوريرت","1386","25105","UC","محمد زنوتي","4951"
"الشرق","تاوريرت","تاوريرت","1386","25105","UC","العربي زنوتي","4967"
"الشرق","تاوريرت","تاوريرت","1386","25105","UC","عبد العزيز دوز","4992"
"الشرق","تاوريرت","تاوريرت","1386","25105","PAM","الميلود ناصر","4814"
"الشرق","تاوريرت","تاوريرت","1386","25105","PAM","فطيمة ريسي","6703"
"الشرق","تاوريرت","تاوريرت","1386","25105","PAM","عبدالله بنزقطيط","4830"
"الشرق","تاوريرت","تاوريرت","1386","25105","PAM","عبد الكريم صادقي","4841"
"الشرق","تاوريرت","تاوريرت","1386","25105","PAM","عبد القادر دموشي","4860"
"الشرق","تاوريرت","تاوريرت","1386","25105","PAM","بن عبد الله كركري","4880"
"الشرق","تاوريرت","تاوريرت","1386","25105","RNI","محمد جدي","22786"
"الشرق","تاوريرت","تاوريرت","1386","25105","RNI","فطيمة قسو","22904"
"الشرق","تاوريرت","تاوريرت","1386","25105","RNI","مولاي احفيظ عزي","22796"
"الشرق","تاوريرت","تاوريرت","1386","25105","RNI","علال بوكابوس","22810"
"الشرق","تاوريرت","تاوريرت","1386","25105","PJD","بنيونس دباب","55573"
"الشرق","تاوريرت","تاوريرت","1386","25105","PJD","امال مرزوقي","56639"
"الشرق","تاوريرت","تاوريرت","1386","25105","PJD","نور الدين بنهاري","55585"
"الشرق","تاوريرت","تاوريرت","1386","25105","PJD","رمضان حران","55593"
"الشرق","تاوريرت","تاوريرت","1386","25105","PI","خالد سبيع","66621"
"الشرق","تاوريرت","تاوريرت","1386","25105","PI","رحال زياني","66690"
"الشرق","تاوريرت","تاوريرت","1386","25105","PI","رمضان ختيري","66733"
"الشرق","تاوريرت","تنشرفي","1376","21672","PAM","عبد الله بقديد","23363"
"الشرق","تاوريرت","تنشرفي","1376","21672","PAM","فطيمة بلقاسمي","23394"
"الشرق","تاوريرت","تنشرفي","1376","21680","PAM","محمد غشوة","17475"
"الشرق","تاوريرت","تنشرفي","1376","21680","PAM","لطيفة زروال","17495"
"الشرق","تاوريرت","تنشرفي","1376","21678","PAM","احمد  تيزي ","17540"
"الشرق","تاوريرت","تنشرفي","1376","21677","PAM","محمد لمسلك","3117"
"الشرق","تاوريرت","تنشرفي","1376","21676","PAM","الميلود عزيز","64670"
"الشرق","تاوريرت","تنشرفي","1376","21670","PI","سعيد دوز","48708"
"الشرق","تاوريرت","تنشرفي","1376","21670","PI","يمينة دحمان","48758"
"الشرق","تاوريرت","تنشرفي","1376","21675","PI","الطيب اوفقير","34194"
"الشرق","تاوريرت","تنشرفي","1376","21679","PI","ميمون سماعلي","34268"
"الشرق","تاوريرت","تنشرفي","1376","21673","PI","بلقاسم  عينوس ","23547"
"الشرق","تاوريرت","تنشرفي","1376","21674","UC","جيلالي تباتيت","9420"
"الشرق","تاوريرت","تنشرفي","1376","21671","UC","الميلود الفخاري","48408"
"الشرق","تاوريرت","تنشرفي","1376","21671","UC","ليلى الفخاري","48486"
"الشرق","تاوريرت","دبدو","465","7234","PI","القرش  قدوري","87347"
"الشرق","تاوريرت","دبدو","465","7234","PI","عائشة  مقطب","87400"
"الشرق","تاوريرت","دبدو","465","7237","PI","اليماني عبيدي","70748"
"الشرق","تاوريرت","دبدو","465","7237","PI","رجاء بوزيدي","70777"
"الشرق","تاوريرت","دبدو","465","7236","PI","عبد الغفار  بوسات","34161"
"الشرق","تاوريرت","دبدو","465","7229","PI","عبد القادر  مومو","17372"
"الشرق","تاوريرت","دبدو","465","7231","PI","رشيد  خلوف","2712"
"الشرق","تاوريرت","دبدو","465","7235","PI","الجلالي  ازبائر","565"
"الشرق","تاوريرت","دبدو","465","7238","PI","الحاج  قرمون","548"
"الشرق","تاوريرت","دبدو","465","7239","USFP","إسماعيل فيلالي","70848"
"الشرق","تاوريرت","دبدو","465","7239","USFP","سمية علاوي","70909"
"الشرق","تاوريرت","دبدو","465","7230","USFP","سعيد قلعي","71112"
"الشرق","تاوريرت","دبدو","465","7230","USFP","هدى بيبيش","71142"
"الشرق","تاوريرت","دبدو","465","7232","USFP","بلقاسم عماري ","587"
"الشرق","تاوريرت","دبدو","465","7233","USFP","احمد  بلفرمة","45480"
"الشرق","تاوريرت","سيدي علي بلقاسم","1174","18553","MP","محمد  بوخريص","57028"
"الشرق","تاوريرت","سيدي علي بلقاسم","1174","18553","MP","منية بوخريص","57065"
"الشرق","تاوريرت","سيدي علي بلقاسم","1174","18554","MP","الحسين لمحمدي","87623"
"الشرق","تاوريرت","سيدي علي بلقاسم","1174","18554","MP","فاطمة لمحمدي","87667"
"الشرق","تاوريرت","سيدي علي بلقاسم","1174","18550","MP","الحسين  بنعمر","56612"
"الشرق","تاوريرت","سيدي علي بلقاسم","1174","18557","PJD","احميدة محجوبي","10950"
"الشرق","تاوريرت","سيدي علي بلقاسم","1174","18551","PJD","احمد القاسمي","87554"
"الشرق","تاوريرت","سيدي علي بلقاسم","1174","18551","PJD","حليمة القاسمي","87489"
"الشرق","تاوريرت","سيدي علي بلقاسم","1174","25700","PJD","محمد براهمي","37548"
"الشرق","تاوريرت","سيدي علي بلقاسم","1174","18549","PI","الصغير حسناوي","37475"
"الشرق","تاوريرت","سيدي علي بلقاسم","1174","18548","PI","محمد قرشاوي","64773"
"الشرق","تاوريرت","سيدي علي بلقاسم","1174","18552","RNI","بوجمعة مسعودي","67312"
"الشرق","تاوريرت","سيدي علي بلقاسم","1174","18552","RNI","مونية مسعودي","67367"
"الشرق","تاوريرت","سيدي علي بلقاسم","1174","25701","RNI","محمد بوعزة","159"
"الشرق","تاوريرت","سيدي علي بلقاسم","1174","18546","USFP","احمد عمر","37720"
"الشرق","تاوريرت","سيدي علي بلقاسم","1174","18547","USFP","بوبكر بنحماد","56529"
"الشرق","تاوريرت","سيدي علي بلقاسم","1174","18555","UC","احمد العجاني","37658"
"الشرق","تاوريرت","سيدي علي بلقاسم","1174","18556","PPS","عبد القادر زروق","37754"
"الشرق","تاوريرت","سيدي علي بلقاسم","1174","18558","PAM","المامون قدوحي","64599"
"الشرق","تاوريرت","سيدي لحسن","1244","19635","MP","محمد شحلال","11316"
"الشرق","تاوريرت","سيدي لحسن","1244","19630","MP","رابح ايناوو","68558"
"الشرق","تاوريرت","سيدي لحسن","1244","19631","MP","احمد حمداي","11251"
"الشرق","تاوريرت","سيدي لحسن","1244","19636","PI","احمد لوكيلي","11371"
"الشرق","تاوريرت","سيدي لحسن","1244","19636","PI","لطيفة الكيحل","11399"
"الشرق","تاوريرت","سيدي لحسن","1244","19637","PI","محمد الباي","23472"
"الشرق","تاوريرت","سيدي لحسن","1244","19637","PI","محجوبة لكحل","23498"
"الشرق","تاوريرت","سيدي لحسن","1244","19633","PI","محمد  ميموني","52731"
"الشرق","تاوريرت","سيدي لحسن","1244","19638","UC","البشير اليزيدي","65075"
"الشرق","تاوريرت","سيدي لحسن","1244","19626","UC","عبد القادر السامحي","55804"
"الشرق","تاوريرت","سيدي لحسن","1244","19626","UC","خديجة تيكنت","55784"
"الشرق","تاوريرت","سيدي لحسن","1244","19629","UC","محمد ميلاد","11155"
"الشرق","تاوريرت","سيدي لحسن","1244","19632","RNI","ادريس معيزي","56273"
"الشرق","تاوريرت","سيدي لحسن","1244","19632","RNI","جميلة معيزي","56317"
"الشرق","تاوريرت","سيدي لحسن","1244","19627","RNI","فاتح اوبديل","56209"
"الشرق","تاوريرت","سيدي لحسن","1244","19634","PPS","بنعلي بلحاجي","23334"
"الشرق","تاوريرت","سيدي لحسن","1244","19628","PJD","الطيب شلحاوي","23409"
"الشرق","تاوريرت","عين الحجر","76","27122","PI","سليمان  حسناوي ","63370"
"الشرق","تاوريرت","عين الحجر","76","27122","PI","خديجة  بحوصي ","63454"
"الشرق","تاوريرت","عين الحجر","76","1142","PI","محمد ماخوخي","10969"
"الشرق","تاوريرت","عين الحجر","76","1142","PI","ليلى ماموني","11024"
"الشرق","تاوريرت","عين الحجر","76","1144","PI","مصطفى الحاجي","63726"
"الشرق","تاوريرت","عين الحجر","76","1144","PI","لطيفة ناجي","63756"
"الشرق","تاوريرت","عين الحجر","76","1150","PPS","اعراب  دحو ","101761"
"الشرق","تاوريرت","عين الحجر","76","1151","PPS","العيد حداوي","82170"
"الشرق","تاوريرت","عين الحجر","76","1146","PPS","العيد خيا","82433"
"الشرق","تاوريرت","عين الحجر","76","1148","PPS","محمد  ازلاف ","82041"
"الشرق","تاوريرت","عين الحجر","76","27123","PAM","ابراهيم بوخالفة ","17726"
"الشرق","تاوريرت","عين الحجر","76","27123","PAM","فاطمة بوشاوش","17688"
"الشرق","تاوريرت","عين الحجر","76","1145","PAM","العياشي رمضاني","99821"
"الشرق","تاوريرت","عين الحجر","76","1152","PAM","عبد الله بوراص","10929"
"الشرق","تاوريرت","عين الحجر","76","1147","PAM","منير فكروش","17595"
"الشرق","تاوريرت","عين الحجر","76","1149","PJD","يحيى ساهل","17763"
"الشرق","تاوريرت","عين الحجر","76","1143","UC","مصطفى مباركي","34179"
"الشرق","تاوريرت","كطيطير","571","8995","RNI","بن علي اتلاغي","17935"
"الشرق","تاوريرت","كطيطير","571","8995","RNI","لمياء اتلاغي","17864"
"الشرق","تاوريرت","كطيطير","571","8991","RNI","عبد الله ابو القاسم","34546"
"الشرق","تاوريرت","كطيطير","571","8989","RNI","حسان بنجلاول","10807"
"الشرق","تاوريرت","كطيطير","571","8992","UC","عبد القادر كليبي","6602"
"الشرق","تاوريرت","كطيطير","571","8992","UC","نجاة كليبي","6617"
"الشرق","تاوريرت","كطيطير","571","8994","UC","محمد تلاغي","6531"
"الشرق","تاوريرت","كطيطير","571","8990","UC","الحسين ازكاني","10849"
"الشرق","تاوريرت","كطيطير","571","8990","UC","مسعودة ازكاني","48042"
"الشرق","تاوريرت","كطيطير","571","8997","UC","محمد لحرش","6357"
"الشرق","تاوريرت","كطيطير","571","8993","PI","علال علالي","6295"
"الشرق","تاوريرت","كطيطير","571","8993","PI","يمينة علالي","6313"
"الشرق","تاوريرت","كطيطير","571","8996","PI","حماد حران","3213"
"الشرق","تاوريرت","كطيطير","571","8998","PI","بلعيد ختيري","6682"
"الشرق","تاوريرت","كطيطير","571","8999","PI","عبد السلام المصطادي","9674"
"الشرق","تاوريرت","مستكمر","871","13771","PAM","الميلود السحيمي","46244"
"الشرق","تاوريرت","مستكمر","871","13771","PAM","نعيمة السحيمي","46274"
"الشرق","تاوريرت","مستكمر","871","13767","PAM","نبيل عيادي","23257"
"الشرق","تاوريرت","مستكمر","871","13767","PAM","كريمة برعيش","23282"
"الشرق","تاوريرت","مستكمر","871","13768","PAM","محمد ابركان","6854"
"الشرق","تاوريرت","مستكمر","871","13770","PAM","محمد سماحة","28396"
"الشرق","تاوريرت","مستكمر","871","13765","PAM","الحسين كروني","6848"
"الشرق","تاوريرت","مستكمر","871","13769","PAM","محمد بوجمعاوي","6888"
"الشرق","تاوريرت","مستكمر","871","13762","PAM","محمد فحشوش","2626"
"الشرق","تاوريرت","مستكمر","871","13764","PAM","محمد حامد","371"
"الشرق","تاوريرت","مستكمر","871","13763","PAM","عبد الله طالب","386"
"الشرق","تاوريرت","مستكمر","871","13766","UC","حميد الجنفي","17645"
"الشرق","تاوريرت","مستكمر","871","13766","UC","رحمة قندوسي","17666"
"الشرق","تاوريرت","مستكمر","871","13761","PI","غريب فارس","35029"
"الشرق","تاوريرت","مستكمر","871","13761","PI","لطيفة فارس","35070"
"الشرق","تاوريرت","مشرع حمادي","858","13570","PI","محمد شرعي","10895"
"الشرق","تاوريرت","مشرع حمادي","858","13569","PI","ميمون عبدالمومني","10872"
"الشرق","تاوريرت","مشرع حمادي","858","13563","PI","العربي الصنوبري","6565"
"الشرق","تاوريرت","مشرع حمادي","858","13560","PJD","ميمون الشاوش","46263"
"الشرق","تاوريرت","مشرع حمادي","858","13560","PJD","ياسمينة اشان","46302"
"الشرق","تاوريرت","مشرع حمادي","858","13562","PAM","سعيد زاهري","28295"
"الشرق","تاوريرت","مشرع حمادي","858","13562","PAM","ءامنة  شرعي ","28313"
"الشرق","تاوريرت","مشرع حمادي","858","13565","PPS","سعيد يعكوبي","64045"
"الشرق","تاوريرت","مشرع حمادي","858","13565","PPS","بشرى التدموتي","64094"
"الشرق","تاوريرت","مشرع حمادي","858","13566","MP","الهواري سفيون","17908"
"الشرق","تاوريرت","مشرع حمادي","858","13568","MP","محمد  عايش ","17868"
"الشرق","تاوريرت","مشرع حمادي","858","13567","PSU","عبد العزيز  البيسيس ","34148"
"الشرق","تاوريرت","مشرع حمادي","858","13567","PSU","كريمة عطاف","87097"
"الشرق","تاوريرت","مشرع حمادي","858","13564","RNI","عبد القادر فارس","63156"
"الشرق","تاوريرت","مشرع حمادي","858","13561","FFD","حسن غريب","81576"
"الشرق","تاوريرت","ملك الويدان","863","13625","PI","بنيوساف البداوي","6943"
"الشرق","تاوريرت","ملك الويدان","863","13625","PI","سميرة البداوي","6967"
"الشرق","تاوريرت","ملك الويدان","863","13626","PI","علال البداوي","6955"
"الشرق","تاوريرت","ملك الويدان","863","13627","PI","محمد لعرج","4015"
"الشرق","تاوريرت","ملك الويدان","863","13631","PI","المصطفى بالوالي","13021"
"الشرق","تاوريرت","ملك الويدان","863","13630","PI","محمد الطاهري","13091"
"الشرق","تاوريرت","ملك الويدان","863","13623","PJD","محمد قالو","57034"
"الشرق","تاوريرت","ملك الويدان","863","13623","PJD","مروة البوكيلي","57077"
"الشرق","تاوريرت","ملك الويدان","863","13624","PJD","محمد البوكيلي","57214"
"الشرق","تاوريرت","ملك الويدان","863","13624","PJD","حفيظة عرجي","57246"
"الشرق","تاوريرت","ملك الويدان","863","25699","PJD","عبد القادر الوكيلي","57160"
"الشرق","تاوريرت","ملك الويدان","863","13628","RNI","عبدالحفيظ ثلاتي","3589"
"الشرق","تاوريرت","ملك الويدان","863","13629","RNI","الطيب تومي","37459"
"الشرق","تاوريرت","ملك الويدان","863","25698","PSU","نور الدين اسماعيلي","57235"
"الشرق","تاوريرت","ملك الويدان","863","25698","PSU","نادية رشيدي","57287"
"الشرق","تاوريرت","ملك الويدان","863","13633","MP","جمال  الزيريني ","57202"
"الشرق","تاوريرت","ملك الويدان","863","13632","PAM","علال زرارة","55614"
"الشرق","جرادة","أولاد سيدي عبد الحاكم","1055","16597","PI","محمدين بن عطاش","131228"
"الشرق","جرادة","أولاد سيدي عبد الحاكم","1055","16597","PI","كريمة بنعطاش","131244"
"الشرق","جرادة","أولاد سيدي عبد الحاكم","1055","16589","PI","عبد القادر خليفي","90597"
"الشرق","جرادة","أولاد سيدي عبد الحاكم","1055","16589","PI","ميلودة اخليفي","90683"
"الشرق","جرادة","أولاد سيدي عبد الحاكم","1055","16594","PI","عبد الواحد بنساعد","131215"
"الشرق","جرادة","أولاد سيدي عبد الحاكم","1055","16593","PI","بوعزة ابهاليل","48425"
"الشرق","جرادة","أولاد سيدي عبد الحاكم","1055","16592","PI","عبد الرحمان بن الطيب","35811"
"الشرق","جرادة","أولاد سيدي عبد الحاكم","1055","16590","PJD","عبد الله بنيعقاد","81153"
"الشرق","جرادة","أولاد سيدي عبد الحاكم","1055","16590","PJD","كريمة بنيعقاد","81198"
"الشرق","جرادة","أولاد سيدي عبد الحاكم","1055","16588","PJD","بوعمامة قادفي","130684"
"الشرق","جرادة","أولاد سيدي عبد الحاكم","1055","16587","PAM","شعبان حاجي","91079"
"الشرق","جرادة","أولاد سيدي عبد الحاكم","1055","16587","PAM","الكاملة حاجي","91106"
"الشرق","جرادة","أولاد سيدي عبد الحاكم","1055","16591","PAM","محمد برهمي","49230"
"الشرق","جرادة","أولاد سيدي عبد الحاكم","1055","16596","PAM","سعيد حاكمي ","131230"
"الشرق","جرادة","أولاد سيدي عبد الحاكم","1055","16595","PAM","محمد عادل","131239"
"الشرق","جرادة","أولاد غزييل","1045","16414","USFP","حسن هموري","76986"
"الشرق","جرادة","أولاد غزييل","1045","16414","USFP","رحمة هموري","77013"
"الشرق","جرادة","أولاد غزييل","1045","16412","USFP","المصطفى  الصادقي","76904"
"الشرق","جرادة","أولاد غزييل","1045","16412","USFP","امال مومني","76934"
"الشرق","جرادة","أولاد غزييل","1045","16407","USFP","امبارك  جبور","76810"
"الشرق","جرادة","أولاد غزييل","1045","16406","USFP","بوجمعة التامي","77216"
"الشرق","جرادة","أولاد غزييل","1045","27100","USFP","عامر لمحمدى","48432"
"الشرق","جرادة","أولاد غزييل","1045","16411","USFP","ادريس جلولي","76615"
"الشرق","جرادة","أولاد غزييل","1045","16409","PAM","ادريس بياض","48171"
"الشرق","جرادة","أولاد غزييل","1045","16409","PAM","حفيضة بحدي","48250"
"الشرق","جرادة","أولاد غزييل","1045","16405","PAM","حمو يعكوبي","77612"
"الشرق","جرادة","أولاد غزييل","1045","16405","PAM","كريمة الكراري","77696"
"الشرق","جرادة","أولاد غزييل","1045","27101","PAM","المير ميري","131655"
"الشرق","جرادة","أولاد غزييل","1045","16413","PAM","المداني  بحدي","77259"
"الشرق","جرادة","أولاد غزييل","1045","16415","PAM","محمد الكوال","77125"
"الشرق","جرادة","أولاد غزييل","1045","16408","PAM","بوشتة  مردود","80980"
"الشرق","جرادة","أولاد غزييل","1045","16410","PAM","المداني  رواض","81011"
"الشرق","جرادة","بني مطهر","355","27098","USFP","محمد الداودي","81588"
"الشرق","جرادة","بني مطهر","355","27098","USFP","سامية ملوكي","81617"
"الشرق","جرادة","بني مطهر","355","5462","USFP","السهلي دحماني","35128"
"الشرق","جرادة","بني مطهر","355","5462","USFP","جميلة قدوري","35337"
"الشرق","جرادة","بني مطهر","355","5464","USFP","عبد العزيز داودي","16930"
"الشرق","جرادة","بني مطهر","355","5470","USFP","عبد الرحمان مهايي","63639"
"الشرق","جرادة","بني مطهر","355","5466","USFP","بنيوسف بوحفص","16914"
"الشرق","جرادة","بني مطهر","355","5471","PAM","محمد الداودي","63500"
"الشرق","جرادة","بني مطهر","355","5471","PAM","سمية ملوكي","63533"
"الشرق","جرادة","بني مطهر","355","5465","PAM","بلقاسم موهوب","48709"
"الشرق","جرادة","بني مطهر","355","5465","PAM","الزهرة بنسعدون","48855"
"الشرق","جرادة","بني مطهر","355","5468","PAM","محمد منصوري","45369"
"الشرق","جرادة","بني مطهر","355","5463","PAM","بوعمامة زايدي","17188"
"الشرق","جرادة","بني مطهر","355","27099","PAM","الميلود بوحفص","13233"
"الشرق","جرادة","بني مطهر","355","5469","PAM","ابراهيم بوخبيزة","13264"
"الشرق","جرادة","بني مطهر","355","5461","MP","الشيخ عياد","17166"
"الشرق","جرادة","بني مطهر","355","5467","MP","عبد الرزاق عابد","2714"
"الشرق","جرادة","تويسيت","1500","23464","PJD","المختار بنشريط","44486"
"الشرق","جرادة","تويسيت","1500","23464","PJD","فطيمة مشماشي","44520"
"الشرق","جرادة","تويسيت","1500","23463","PJD","محمد نوار","45987"
"الشرق","جرادة","تويسيت","1500","23463","PJD","فتيحة موغلي","46010"
"الشرق","جرادة","تويسيت","1500","23462","PJD","ربيع لحدودي","45896"
"الشرق","جرادة","تويسيت","1500","23462","PJD","سعاد رحموني","45906"
"الشرق","جرادة","تويسيت","1500","23458","PJD","العيد سفاح","45800"
"الشرق","جرادة","تويسيت","1500","23460","PJD","الميلود اعرج","45835"
"الشرق","جرادة","تويسيت","1500","23461","PI","محمد زيرار","45938"
"الشرق","جرادة","تويسيت","1500","23461","PI","وفاء بنمرة","45944"
"الشرق","جرادة","تويسيت","1500","23459","PI","محمد كمال الخليلي","12594"
"الشرق","جرادة","تويسيت","1500","23465","PI","الميلود خلوة","29532"
"الشرق","جرادة","تويسيت","1500","23466","PI","التهامي العابد","33174"
"الشرق","جرادة","تويسيت","1500","23467","PI","سليمان بوعزي","9390"
"الشرق","جرادة","تويسيت","1500","23468","USFP","الشيخ بوعزي","10463"
"الشرق","جرادة","تيولي","1463","23011","PAM","سعيد الصادقي","22986"
"الشرق","جرادة","تيولي","1463","23011","PAM","رشيدة بوعبيد","23035"
"الشرق","جرادة","تيولي","1463","23009","PAM","الشيخ المحلحل","22838"
"الشرق","جرادة","تيولي","1463","23009","PAM","مليكة الجلطي","22852"
"الشرق","جرادة","تيولي","1463","23006","PAM","عبد الرزاق ميساوي","23146"
"الشرق","جرادة","تيولي","1463","23002","PAM","محمد الداودي","65349"
"الشرق","جرادة","تيولي","1463","23004","PAM","اقويدر الاحمر","22811"
"الشرق","جرادة","تيولي","1463","23004","PAM","صارة مسلمي","22825"
"الشرق","جرادة","تيولي","1463","23003","USFP","محمد بالرسون","78312"
"الشرق","جرادة","تيولي","1463","23003","USFP","سليمة فريندي","78349"
"الشرق","جرادة","تيولي","1463","23001","USFP","عبد المومن بلحضري","83170"
"الشرق","جرادة","تيولي","1463","23007","USFP","الشيخ بالرافعي","51589"
"الشرق","جرادة","تيولي","1463","23010","USFP","عبد الرحيم بوخلخال","78480"
"الشرق","جرادة","تيولي","1463","23005","MP","محمد عبدالاوي","133129"
"الشرق","جرادة","تيولي","1463","23008","PRV","الشيخ بوترفاس","133115"
"الشرق","جرادة","جرادة","685","25103","PI","محمد دغو","120376"
"الشرق","جرادة","جرادة","685","25103","PI","نصيرة موساوي","120390"
"الشرق","جرادة","جرادة","685","25103","PI","علي بوناكة","120370"
"الشرق","جرادة","جرادة","685","25103","PI","فاطنة البرهمي","120444"
"الشرق","جرادة","جرادة","685","25103","PI","الدرقاوي بوكطاية","120401"
"الشرق","جرادة","جرادة","685","25103","PI","رحال البريني","120455"
"الشرق","جرادة","جرادة","685","25103","PI","محمد زروالي","120585"
"الشرق","جرادة","جرادة","685","25103","PI","رابح ازيلى","120646"
"الشرق","جرادة","جرادة","685","25103","PI","رشيد كحوشي","120688"
"الشرق","جرادة","جرادة","685","25103","PAM","حسن بييا","103325"
"الشرق","جرادة","جرادة","685","25103","PAM","امباركة توتو","105397"
"الشرق","جرادة","جرادة","685","25103","PAM","بوعزة موسي","103401"
"الشرق","جرادة","جرادة","685","25103","PAM","محمد بناوي","103462"
"الشرق","جرادة","جرادة","685","25103","PAM","عبد العزيز اخليفي","103526"
"الشرق","جرادة","جرادة","685","25103","PAM","الحسين لعرج","103571"
"الشرق","جرادة","جرادة","685","25103","PJD","المصطفى العلوي","58608"
"الشرق","جرادة","جرادة","685","25103","PJD","فاطمة السالمي","59543"
"الشرق","جرادة","جرادة","685","25103","PJD","محمد البخاري","58724"
"الشرق","جرادة","جرادة","685","25103","PJD","توفيق ووشبل","58892"
"الشرق","جرادة","جرادة","685","25103","PJD","عبد الله مجدوبي","58689"
"الشرق","جرادة","جرادة","685","25103","UC","البشير امنون","107469"
"الشرق","جرادة","جرادة","685","25103","UC","مليكة  شتكو","107509"
"الشرق","جرادة","جرادة","685","25103","UC","احمد جاكوم","107499"
"الشرق","جرادة","جرادة","685","25103","UC","اسماعيل امنون","107522"
"الشرق","جرادة","جرادة","685","25103","MP","عبد القادر مزوزي","102537"
"الشرق","جرادة","جرادة","685","25103","MP","عيادة موساوي","103233"
"الشرق","جرادة","جرادة","685","25103","MP","عزيز  افرقيش","102698"
"الشرق","جرادة","جرادة","685","25103","PPS","سعيد صلحي","17506"
"الشرق","جرادة","جرادة","685","25103","PPS","الحسين هيلمي","17546"
"الشرق","جرادة","راس عصفور","1079","16965","PI","محمد بوعشير","58916"
"الشرق","جرادة","راس عصفور","1079","16965","PI","كريمة  خلوة","59090"
"الشرق","جرادة","راس عصفور","1079","16966","PI","بن احمد هاشمي","33107"
"الشرق","جرادة","راس عصفور","1079","16966","PI","العالية  هاشمي ","33125"
"الشرق","جرادة","راس عصفور","1079","16964","PI","رمضان خلوة","41648"
"الشرق","جرادة","راس عصفور","1079","16969","PI","محمد عفاني","41788"
"الشرق","جرادة","راس عصفور","1079","16963","PI","جابر جبيلو","41668"
"الشرق","جرادة","راس عصفور","1079","16972","PJD","عبد الكريم سرجي","64630"
"الشرق","جرادة","راس عصفور","1079","16970","PJD","الحسن خوخي","62776"
"الشرق","جرادة","راس عصفور","1079","16967","PAM","محمد مرصلي","63235"
"الشرق","جرادة","راس عصفور","1079","16967","PAM","فاطمة الرملي","63287"
"الشرق","جرادة","راس عصفور","1079","16973","PAM","حميد سرجي","62913"
"الشرق","جرادة","راس عصفور","1079","16971","RNI","صالح بوفلجة","82931"
"الشرق","جرادة","راس عصفور","1079","16971","RNI","مريم مقامي","82982"
"الشرق","جرادة","راس عصفور","1079","16968","PPS","عبد الرحمان غافس","33011"
"الشرق","جرادة","سيدي بوبكر","1196","18928","PI","الميلود العابد","6780"
"الشرق","جرادة","سيدي بوبكر","1196","18925","PI","يحي عكار","41596"
"الشرق","جرادة","سيدي بوبكر","1196","18925","PI","النخلة قاسمي","41601"
"الشرق","جرادة","سيدي بوبكر","1196","18932","PI","الجيلالي زيرار","6845"
"الشرق","جرادة","سيدي بوبكر","1196","18930","PI","محمد البغدادي","49729"
"الشرق","جرادة","سيدي بوبكر","1196","18927","PJD","ميمون قطاري","81819"
"الشرق","جرادة","سيدي بوبكر","1196","18927","PJD","هاجر بكاوي","81856"
"الشرق","جرادة","سيدي بوبكر","1196","18922","PJD","يحي بكاوي","59058"
"الشرق","جرادة","سيدي بوبكر","1196","18922","PJD","زينب بومهراز","59123"
"الشرق","جرادة","سيدي بوبكر","1196","18929","PJD","اسماعيل زياني","33594"
"الشرق","جرادة","سيدي بوبكر","1196","18931","PJD","كمال الرافعي","45310"
"الشرق","جرادة","سيدي بوبكر","1196","18924","USFP","العيد الوس","58627"
"الشرق","جرادة","سيدي بوبكر","1196","18926","USFP","علي الرميلي","10025"
"الشرق","جرادة","سيدي بوبكر","1196","18926","USFP","نورية حفصاوي","10058"
"الشرق","جرادة","سيدي بوبكر","1196","18923","MP","بوبكر الصادقي","33082"
"الشرق","جرادة","عين بني مطهر","61","27108","PAM","علال حاجي","75908"
"الشرق","جرادة","عين بني مطهر","61","898","PAM","الشيخ لخليفي","16066"
"الشرق","جرادة","عين بني مطهر","61","898","PAM","مرضية بنيعقد","16087"
"الشرق","جرادة","عين بني مطهر","61","900","PAM","محمد بوتشيش","28017"
"الشرق","جرادة","عين بني مطهر","61","27109","PAM","لخضر حاكمي","11015"
"الشرق","جرادة","عين بني مطهر","61","900","PAM","بشرى لغزايلي","28025"
"الشرق","جرادة","عين بني مطهر","61","27104","PAM","محمد ايناو","75771"
"الشرق","جرادة","عين بني مطهر","61","894","PAM","عبد الجبار بقالي","10168"
"الشرق","جرادة","عين بني مطهر","61","896","PAM","عمر الزيركي","16444"
"الشرق","جرادة","عين بني مطهر","61","27107","PI","ابراهيم بنسعاد","35899"
"الشرق","جرادة","عين بني مطهر","61","889","PI","بوحفص بن الطيب","57457"
"الشرق","جرادة","عين بني مطهر","61","27105","PI","محمد دحماني","45336"
"الشرق","جرادة","عين بني مطهر","61","901","PI","عبد اللطيف وسلتي","5961"
"الشرق","جرادة","عين بني مطهر","61","891","PI","اسماعين ابهاليل","45252"
"الشرق","جرادة","عين بني مطهر","61","25693","USFP","احمد الكنفود","81296"
"الشرق","جرادة","عين بني مطهر","61","25693","USFP","مغنية الكنفود","83459"
"الشرق","جرادة","عين بني مطهر","61","893","USFP","الجيلالي عياد","28055"
"الشرق","جرادة","عين بني مطهر","61","27103","USFP","ابراهيم مهايي","46966"
"الشرق","جرادة","عين بني مطهر","61","27102","USFP","السهلي بونوة","60780"
"الشرق","جرادة","عين بني مطهر","61","25692","PJD","لحسن اسماعيلي","10359"
"الشرق","جرادة","عين بني مطهر","61","899","PJD","اليماني قاظفي","10194"
"الشرق","جرادة","عين بني مطهر","61","892","PPS","رشيد بن الطيب","2735"
"الشرق","جرادة","عين بني مطهر","61","27106","PPS","عبد الواحد بنطيب","2749"
"الشرق","جرادة","عين بني مطهر","61","897","MP","عبد الكريم ورقيا","11059"
"الشرق","جرادة","عين بني مطهر","61","897","MP","خديجة  ورقية","11077"
"الشرق","جرادة","عين بني مطهر","61","895","MP","السهلي الدكالي","32674"
"الشرق","جرادة","عين بني مطهر","61","890","MP","عبد الله بوكريت","46970"
"الشرق","جرادة","كفايت","558","8784","PAM","عبد القادر حمزاوي","78764"
"الشرق","جرادة","كفايت","558","8784","PAM","سلوى حمزاوي","88529"
"الشرق","جرادة","كفايت","558","8793","PAM","الطيب رزوكي","45397"
"الشرق","جرادة","كفايت","558","8785","PAM","محمد حمزاوي","105455"
"الشرق","جرادة","كفايت","558","8792","PAM","محمد جفالي","34147"
"الشرق","جرادة","كفايت","558","8787","PI","عبد الرحمان حمزاوي ","99946"
"الشرق","جرادة","كفايت","558","8787","PI","فاطنة  حمزاوي","100021"
"الشرق","جرادة","كفايت","558","8790","PI","نصر الدين  حمزاوي","45371"
"الشرق","جرادة","كفايت","558","8786","USFP","عبد المنعم حمزاوي","58041"
"الشرق","جرادة","كفايت","558","8789","USFP","العربي حمزاوي","35424"
"الشرق","جرادة","كفايت","558","8788","PSU","محمد  حمزاوي","89495"
"الشرق","جرادة","كفايت","558","8788","PSU","الزهرة  دشاني","89596"
"الشرق","جرادة","كفايت","558","8791","PPS","عبد المجيد الدرويش","91165"
"الشرق","جرادة","كفايت","558","8791","PPS","رشيدة  نكلافي","91200"
"الشرق","جرادة","كفايت","558","8794","RNI","عمار بالخيري","35521"
"الشرق","جرادة","كنفودة","574","9044","PAM","محمد ماحي","88530"
"الشرق","جرادة","كنفودة","574","9044","PAM","نصيرة لمطي","88587"
"الشرق","جرادة","كنفودة","574","9048","PAM","الطيب راشدي","71508"
"الشرق","جرادة","كنفودة","574","9047","PAM","عبد العزيز ابراهيم","71509"
"الشرق","جرادة","كنفودة","574","9042","UC","ابراهيم جلطي","64961"
"الشرق","جرادة","كنفودة","574","9042","UC","مبروكة بنسعد","64999"
"الشرق","جرادة","كنفودة","574","9050","UC","الماحي هنشي","71576"
"الشرق","جرادة","كنفودة","574","9045","UC","رشيد مقدمي","38215"
"الشرق","جرادة","كنفودة","574","9046","UC","عبد الله بوسعادة","133533"
"الشرق","جرادة","كنفودة","574","9051","USFP","عبد القادر عبد العالي","23183"
"الشرق","جرادة","كنفودة","574","9051","USFP","حنان ابراهمي","23200"
"الشرق","جرادة","كنفودة","574","9049","USFP","حبيب مهدي","6861"
"الشرق","جرادة","كنفودة","574","9043","PI","عبد القادر رحماني","4902"
"الشرق","جرادة","كنفودة","574","9043","PI","فاطمة مجروبي","4911"
"الشرق","جرادة","كنفودة","574","9052","PI","اسليمان بوعيشات","71633"
"الشرق","جرادة","لبخاتة","795","12553","PJD","محمد قجوي","12355"
"الشرق","جرادة","لبخاتة","795","12553","PJD","فطيمة حباشي","12385"
"الشرق","جرادة","لبخاتة","795","12549","PJD","عبد الرحيم جلولي","58194"
"الشرق","جرادة","لبخاتة","795","12549","PJD","نجية الطيبي","58228"
"الشرق","جرادة","لبخاتة","795","12547","PJD","الطيب كتوي","2892"
"الشرق","جرادة","لبخاتة","795","12547","PJD","سمية مهداوي","2912"
"الشرق","جرادة","لبخاتة","795","12551","PJD","محمد عبادي","13738"
"الشرق","جرادة","لبخاتة","795","12552","PJD","محمد سلامي","6937"
"الشرق","جرادة","لبخاتة","795","12545","PJD","احمد قروع","77952"
"الشرق","جرادة","لبخاتة","795","12548","PJD","البشير طيبي","7495"
"الشرق","جرادة","لبخاتة","795","12550","USFP","محمد الطيبي","78882"
"الشرق","جرادة","لبخاتة","795","12550","USFP","مونة الطيبي","78903"
"الشرق","جرادة","لبخاتة","795","12544","UC","محمد بلخيري","81010"
"الشرق","جرادة","لبخاتة","795","12546","UC","محمد بالخيري","105643"
"الشرق","جرادة","لبخاتة","795","12543","MP","ابراهيم فاتحي","107904"
"الشرق","جرادة","لعوينات","739","11626","USFP","محمد عباسي","36450"
"الشرق","جرادة","لعوينات","739","11626","USFP","حنان هواري","36491"
"الشرق","جرادة","لعوينات","739","11623","USFP","محمد عماري","42029"
"الشرق","جرادة","لعوينات","739","11623","USFP","الزهرة ابخيتات","42054"
"الشرق","جرادة","لعوينات","739","11629","USFP","محمد ابخيتات","41979"
"الشرق","جرادة","لعوينات","739","11630","USFP","الميلود برخلي","42007"
"الشرق","جرادة","لعوينات","739","11627","USFP","العربي نوري","35865"
"الشرق","جرادة","لعوينات","739","11632","PI","لحبيب الراشدي","41576"
"الشرق","جرادة","لعوينات","739","11632","PI","خادة حموية","41577"
"الشرق","جرادة","لعوينات","739","11633","PI","البكاي زكاغ","61713"
"الشرق","جرادة","لعوينات","739","11633","PI","سليمة زكاغ","61749"
"الشرق","جرادة","لعوينات","739","11625","PAM","البشير  هباين","133374"
"الشرق","جرادة","لعوينات","739","11624","PAM","صلح الدين اعمامو","133663"
"الشرق","جرادة","لعوينات","739","11628","PAM","عبد الرحمان  اسعيدي ","58880"
"الشرق","جرادة","لعوينات","739","11631","PJD","بوبكر معزوزي","41578"
"الشرق","جرادة","مريجة","912","14460","PAM","محمد  يحياوي","58797"
"الشرق","جرادة","مريجة","912","14460","PAM","افضيلة عوشاب","58906"
"الشرق","جرادة","مريجة","912","14462","PAM","رابح قادري","35675"
"الشرق","جرادة","مريجة","912","14462","PAM","شافية قادري","35696"
"الشرق","جرادة","مريجة","912","14457","PAM","بن عبد الله  اعوشاب","131129"
"الشرق","جرادة","مريجة","912","14456","PAM","محمد  اعويشي","103068"
"الشرق","جرادة","مريجة","912","14456","PAM","نجاة بوشنافة","103127"
"الشرق","جرادة","مريجة","912","14466","PAM","عبد الوهاب بلمشيش","35622"
"الشرق","جرادة","مريجة","912","14458","PAM","محمد الجعوني","76014"
"الشرق","جرادة","مريجة","912","14459","PAM","رضوان درفوفي","81059"
"الشرق","جرادة","مريجة","912","14461","USFP","الميلود  بنسرية","131150"
"الشرق","جرادة","مريجة","912","14461","USFP","نوال بنسرية","131170"
"الشرق","جرادة","مريجة","912","14465","USFP","لخضر الذارحي","131121"
"الشرق","جرادة","مريجة","912","14464","USFP","بن عبد الله  قاسمي","80855"
"الشرق","جرادة","مريجة","912","14463","UC","الطيب  حجاج","80824"
"الشرق","جرسيف","الصباب","254","3795","PAM","عبدالحنين عزون","74759"
"الشرق","جرسيف","الصباب","254","3795","PAM","وفاء  مدكوري ","74771"
"الشرق","جرسيف","الصباب","254","3788","PAM","ميمون  المنصوري","74706"
"الشرق","جرسيف","الصباب","254","3797","PAM","احميدة جمال","27328"
"الشرق","جرسيف","الصباب","254","3797","PAM","فاطيمة زيدان","27375"
"الشرق","جرسيف","الصباب","254","3796","PAM","عبد المنعم ازمري","82494"
"الشرق","جرسيف","الصباب","254","3796","PAM","عزيزة موساوي","74690"
"الشرق","جرسيف","الصباب","254","3798","PJD","عبد الواحد اخطاب","74720"
"الشرق","جرسيف","الصباب","254","3798","PJD","مجيدة بسول","74736"
"الشرق","جرسيف","الصباب","254","3791","PJD","بلقاسم  يوسفي","74691"
"الشرق","جرسيف","الصباب","254","3792","PJD","أحمد بوتجلابت","40403"
"الشرق","جرسيف","الصباب","254","3789","PJD","محمدين كعكوع ","74743"
"الشرق","جرسيف","الصباب","254","3790","PJD","كريم الكلالي","74692"
"الشرق","جرسيف","الصباب","254","3793","PI","محمد كريمي","93369"
"الشرق","جرسيف","الصباب","254","3794","PI","بوزيان الحمداوي","93507"
"الشرق","جرسيف","اولاد بوريمة","992","15637","RNI","المحجوب المحجوبى","124110"
"الشرق","جرسيف","اولاد بوريمة","992","15637","RNI","اكرام اليعكوبي","124199"
"الشرق","جرسيف","اولاد بوريمة","992","15646","RNI","عبد القادر الشابوش","74614"
"الشرق","جرسيف","اولاد بوريمة","992","15646","RNI","رقية  شابوش ","74627"
"الشرق","جرسيف","اولاد بوريمة","992","15638","RNI","مصطفى اطيبات","74639"
"الشرق","جرسيف","اولاد بوريمة","992","15638","RNI","فاطمة الطيبات","74603"
"الشرق","جرسيف","اولاد بوريمة","992","15636","RNI","منصور زروالي","124134"
"الشرق","جرسيف","اولاد بوريمة","992","15636","RNI","سكينة زروالي","124303"
"الشرق","جرسيف","اولاد بوريمة","992","15640","RNI","لحسن بوهدون","58458"
"الشرق","جرسيف","اولاد بوريمة","992","15639","PPS","محمد بنحمدة","35301"
"الشرق","جرسيف","اولاد بوريمة","992","15643","PPS","محمد العباسي","35402"
"الشرق","جرسيف","اولاد بوريمة","992","15641","PI","الجيلالي بريعش","59479"
"الشرق","جرسيف","اولاد بوريمة","992","15642","PAM","قدور مخفي","124224"
"الشرق","جرسيف","اولاد بوريمة","992","15644","PAM","يوسف  العربي ","91899"
"الشرق","جرسيف","اولاد بوريمة","992","15645","USFP","عبد اللطيف تكرومت","58697"
"الشرق","جرسيف","بركين","281","4234","PJD","بوجمعة بالي","9591"
"الشرق","جرسيف","بركين","281","4232","PJD","احمد  يزوح","40459"
"الشرق","جرسيف","بركين","281","4232","PJD","تورية كيريس","40482"
"الشرق","جرسيف","بركين","281","4229","PJD","محمد مهدي ","16883"
"الشرق","جرسيف","بركين","281","4229","PJD","القايمة معروف","16895"
"الشرق","جرسيف","بركين","281","4233","PJD","محمد قرواش","40410"
"الشرق","جرسيف","بركين","281","4233","PJD","كريمة جيلاد","40434"
"الشرق","جرسيف","بركين","281","4238","PJD","محمد خزرون","9569"
"الشرق","جرسيف","بركين","281","4241","PJD","قدور الكرش","114010"
"الشرق","جرسيف","بركين","281","4237","USFP","لحسن  زكري","16345"
"الشرق","جرسيف","بركين","281","4230","USFP","احمد ارهجي","40431"
"الشرق","جرسيف","بركين","281","4235","USFP","محمد  ازروال","74599"
"الشرق","جرسيف","بركين","281","4231","USFP","علي  البزياني","1732"
"الشرق","جرسيف","بركين","281","4240","USFP","عسو كرعون","93161"
"الشرق","جرسيف","بركين","281","4239","PAM","عبد الحميد الحسني","34638"
"الشرق","جرسيف","بركين","281","4239","PAM","راضية خطاب","37642"
"الشرق","جرسيف","بركين","281","4236","PAM","محمد معزوز","27525"
"الشرق","جرسيف","تادرت","1312","20793","PJD","محمد عباد","9489"
"الشرق","جرسيف","تادرت","1312","20792","PJD","محمد قرو ","4828"
"الشرق","جرسيف","تادرت","1312","20785","PJD","ادريس بريك","4989"
"الشرق","جرسيف","تادرت","1312","20783","PJD","الجيلالي لوكيلي","4940"
"الشرق","جرسيف","تادرت","1312","20776","PJD","عبد الحق لعوج","9601"
"الشرق","جرسيف","تادرت","1312","20787","PJD","عبد السلام بنعمارات","12035"
"الشرق","جرسيف","تادرت","1312","20790","PJD","حفيظ شعول","124435"
"الشرق","جرسيف","تادرت","1312","20786","PJD","عبد القادر عباد","53697"
"الشرق","جرسيف","تادرت","1312","20786","PJD","عائشة القنين","53694"
"الشرق","جرسيف","تادرت","1312","20796","PJD","محمد لعفو","53560"
"الشرق","جرسيف","تادرت","1312","20780","PJD","ادريس لمرابط","4802"
"الشرق","جرسيف","تادرت","1312","20781","PJD","ادريس ارطايلي","4842"
"الشرق","جرسيف","تادرت","1312","20777","MP","عبدالله بشيري","5027"
"الشرق","جرسيف","تادرت","1312","20779","MP","عبد الرحمان  مكروط","19173"
"الشرق","جرسيف","تادرت","1312","20778","MP","سعيد شرادي","4918"
"الشرق","جرسيف","تادرت","1312","20784","MP","ابراهم طايع","9459"
"الشرق","جرسيف","تادرت","1312","20797","USFP","سعيد بعزيز","1697"
"الشرق","جرسيف","تادرت","1312","20782","USFP","محمد الصفصافي","1591"
"الشرق","جرسيف","تادرت","1312","20782","USFP","بوشرة الساسي","1619"
"الشرق","جرسيف","تادرت","1312","20791","USFP","محمد عيادي","11892"
"الشرق","جرسيف","تادرت","1312","20795","USFP","عز الدين زمامو","124773"
"الشرق","جرسيف","تادرت","1312","20795","USFP","الزهرة سغروشني","124124"
"الشرق","جرسيف","تادرت","1312","20798","USFP","احميدى بوراصي","9566"
"الشرق","جرسيف","تادرت","1312","20789","PI","ميلود مداح","4868"
"الشرق","جرسيف","تادرت","1312","20789","PI","شهيدة  صديق","5113"
"الشرق","جرسيف","تادرت","1312","20794","PSU","عبد السلام اغمير","80642"
"الشرق","جرسيف","تادرت","1312","20788","PRV","نورالدين مزردة","11879"
"الشرق","جرسيف","جرسيف","575","25059","PAM","محمد البرنيشي","90238"
"الشرق","جرسيف","جرسيف","575","25059","PAM","مليكة حريولي","90363"
"الشرق","جرسيف","جرسيف","575","25059","PAM","عبد الله المنصوري","90395"
"الشرق","جرسيف","جرسيف","575","25059","PAM","نجاة بغدادي","91047"
"الشرق","جرسيف","جرسيف","575","25059","PAM","عبد المجيد بوراس","91264"
"الشرق","جرسيف","جرسيف","575","25059","PAM","احميدة امين","91317"
"الشرق","جرسيف","جرسيف","575","25059","PAM","حفيظ علوي","91384"
"الشرق","جرسيف","جرسيف","575","25059","PAM","محمد  الطيبي","91426"
"الشرق","جرسيف","جرسيف","575","25059","PAM","طاريق التازي","91496"
"الشرق","جرسيف","جرسيف","575","25059","PAM","محمد الفلالي","90382"
"الشرق","جرسيف","جرسيف","575","25059","PAM","محمد الطويل","91233"
"الشرق","جرسيف","جرسيف","575","25059","PAM","الحسين اسويح","90120"
"الشرق","جرسيف","جرسيف","575","25059","PI","علي الجغاوي","62335"
"الشرق","جرسيف","جرسيف","575","25059","PI","فاطمة الزهراء انكادي","62787"
"الشرق","جرسيف","جرسيف","575","25059","PI","عبد المجيد مداح","62451"
"الشرق","جرسيف","جرسيف","575","25059","PI","يامنة اهروش","62868"
"الشرق","جرسيف","جرسيف","575","25059","PI","نورالدين عمير","62566"
"الشرق","جرسيف","جرسيف","575","25059","PI","قدور عبدربي","62645"
"الشرق","جرسيف","جرسيف","575","25059","PI","سعيد الحافة","63079"
"الشرق","جرسيف","جرسيف","575","25059","PI","بالقاسم اليعقوبي","63067"
"الشرق","جرسيف","جرسيف","575","25059","PI","محمد بركاني","63038"
"الشرق","جرسيف","جرسيف","575","25059","PI","السهلي سكحال","63084"
"الشرق","جرسيف","جرسيف","575","25059","PJD","احمد عزوزي","122722"
"الشرق","جرسيف","جرسيف","575","25059","PJD","زبيدة الطك","123341"
"الشرق","جرسيف","جرسيف","575","25059","PJD","محمد المساعف","122965"
"الشرق","جرسيف","جرسيف","575","25059","PJD","مراد سعيدي","123095"
"الشرق","جرسيف","جرسيف","575","25059","PJD","محمد خدادة","123178"
"الشرق","جرسيف","جرسيف","575","25059","PJD","جعفر الضيفي","123276"
"الشرق","جرسيف","جرسيف","575","25059","PJD","عبد الرحمان البرودي","123356"
"الشرق","جرسيف","جرسيف","575","25059","PJD","محمد ازياش","122735"
"الشرق","جرسيف","جرسيف","575","25059","PJD","يعكوب الصادقي","122868"
"الشرق","جرسيف","جرسيف","575","25059","USFP","عبدالله بن عثمان","39102"
"الشرق","جرسيف","جرسيف","575","25059","USFP","عتيقة ازولاي","39428"
"الشرق","جرسيف","جرسيف","575","25059","USFP","بوشعيب زوين","39174"
"الشرق","جرسيف","جرسيف","575","25059","USFP","الحسين العسري","39260"
"الشرق","جرسيف","راس القصر","1084","17064","PJD","علي بل فرح","79572"
"الشرق","جرسيف","راس القصر","1084","17064","PJD","كريمة  امهاوي","79794"
"الشرق","جرسيف","راس القصر","1084","17055","PJD","احمد باهدي","42282"
"الشرق","جرسيف","راس القصر","1084","17058","PJD","عبد القادر  قرطيط","110696"
"الشرق","جرسيف","راس القصر","1084","17056","PJD","يوسف سال","53670"
"الشرق","جرسيف","راس القصر","1084","17066","PAM","حفيظ نصيح","42340"
"الشرق","جرسيف","راس القصر","1084","17062","PAM","يوسف هشمي","42271"
"الشرق","جرسيف","راس القصر","1084","17063","PI","عبد النبي البرني","42293"
"الشرق","جرسيف","راس القصر","1084","17060","PI","عز الدين الدريوش","52669"
"الشرق","جرسيف","راس القصر","1084","17054","PI","محمد  قارا","16604"
"الشرق","جرسيف","راس القصر","1084","17061","PI","حافيظ حميميد","76299"
"الشرق","جرسيف","راس القصر","1084","17059","MP","ادريس حجار","42431"
"الشرق","جرسيف","راس القصر","1084","17059","MP","اسماء مكروم","42258"
"الشرق","جرسيف","راس القصر","1084","17057","MP","علي مقران","27029"
"الشرق","جرسيف","راس القصر","1084","17057","MP","خديجة اسفاح","27033"
"الشرق","جرسيف","راس القصر","1084","17065","FFD","مولود الوزاني","26945"
"الشرق","جرسيف","راس القصر","1084","17065","FFD","حسناء كركيط","26963"
"الشرق","جرسيف","صاكة","1117","17558","PJD","محمادي  شيهب","18253"
"الشرق","جرسيف","صاكة","1117","17543","PJD","يعقوب  فيسون","18126"
"الشرق","جرسيف","صاكة","1117","17544","PJD","ميمون مطروح","18292"
"الشرق","جرسيف","صاكة","1117","17543","PJD","كريمة الشيهب","19261"
"الشرق","جرسيف","صاكة","1117","17554","PJD","خالد غداري","18754"
"الشرق","جرسيف","صاكة","1117","17552","PJD","بوجمع حدوتي","18185"
"الشرق","جرسيف","صاكة","1117","17556","PJD","يوسف معروفي","74746"
"الشرق","جرسيف","صاكة","1117","17557","PJD","مصطفى فردي","52485"
"الشرق","جرسيف","صاكة","1117","17559","PJD","عياد الرايسي","52654"
"الشرق","جرسيف","صاكة","1117","17546","PAM","سعيد الحسيني","121488"
"الشرق","جرسيف","صاكة","1117","17546","PAM","رحمة بلهادي","121548"
"الشرق","جرسيف","صاكة","1117","17548","PAM","محمد زعوم","18421"
"الشرق","جرسيف","صاكة","1117","17541","PAM","عبد العزيز  مركعي","121355"
"الشرق","جرسيف","صاكة","1117","17541","PAM","البتول بالهادي","121439"
"الشرق","جرسيف","صاكة","1117","17540","PAM","الحسن  نبوتي","18713"
"الشرق","جرسيف","صاكة","1117","17542","PAM","عمر زكاغي","74758"
"الشرق","جرسيف","صاكة","1117","17539","PAM","لحسن خلوفي","121643"
"الشرق","جرسيف","صاكة","1117","17545","USFP","احميداش بخاخ","53064"
"الشرق","جرسيف","صاكة","1117","17547","USFP","محمد بنشيخ","74683"
"الشرق","جرسيف","صاكة","1117","17553","USFP","حماد حاجي","18573"
"الشرق","جرسيف","صاكة","1117","17560","USFP","صالح ازعوم","52484"
"الشرق","جرسيف","صاكة","1117","17549","PI","مصطفى بوشطيطة","121541"
"الشرق","جرسيف","صاكة","1117","17549","PI","حسناء حموكة","121660"
"الشرق","جرسيف","صاكة","1117","17550","PI","علي حفاري","18267"
"الشرق","جرسيف","صاكة","1117","17551","PPS","عبد النبي معينيش","52390"
"الشرق","جرسيف","صاكة","1117","17561","PPS","محمد معروفي","52512"
"الشرق","جرسيف","صاكة","1117","17555","UC","المصطفى زنوتي","74763"
"الشرق","جرسيف","لمريجة","785","25293","USFP","محمد  الفلالي","69424"
"الشرق","جرسيف","لمريجة","785","25293","USFP","مريم غلاب","69611"
"الشرق","جرسيف","لمريجة","785","12377","USFP","محمد بن حادين","91718"
"الشرق","جرسيف","لمريجة","785","12377","USFP","حبيبة الريصي","91769"
"الشرق","جرسيف","لمريجة","785","12373","USFP","بوجمعة هريش","69201"
"الشرق","جرسيف","لمريجة","785","12369","USFP","عبد القادر خلوق","40551"
"الشرق","جرسيف","لمريجة","785","12374","USFP","بلقاسم الوهابي","40505"
"الشرق","جرسيف","لمريجة","785","12370","PAM","محمد خيار","91620"
"الشرق","جرسيف","لمريجة","785","12372","PAM","عبد القادر مازوز","40625"
"الشرق","جرسيف","لمريجة","785","12372","PAM","تورية اغنينو","40612"
"الشرق","جرسيف","لمريجة","785","12371","PJD","محمد الفاسي","40574"
"الشرق","جرسيف","لمريجة","785","12371","PJD","فاطمة الغمراسني ","40595"
"الشرق","جرسيف","لمريجة","785","12367","PJD","احمد اليتيم","122464"
"الشرق","جرسيف","لمريجة","785","12375","PJD","محمد استاتي","40568"
"الشرق","جرسيف","لمريجة","785","12378","PJD","مصطفى رشيدي ","40631"
"الشرق","جرسيف","لمريجة","785","12379","PJD","غنية البودراوي","40529"
"الشرق","جرسيف","لمريجة","785","12368","PJD","محمد بن شاطر","121490"
"الشرق","جرسيف","لمريجة","785","25292","PI","محمد برحو","91080"
"الشرق","جرسيف","لمريجة","785","12376","PI","منير لزعر","15975"
"الشرق","جرسيف","مزكيتام","853","13464","PI","ميمون حموتن","124472"
"الشرق","جرسيف","مزكيتام","853","13464","PI","فاطيمة زروال","124162"
"الشرق","جرسيف","مزكيتام","853","13475","PI","احمد حيدة","35758"
"الشرق","جرسيف","مزكيتام","853","13469","PI","اعمر فارس","35618"
"الشرق","جرسيف","مزكيتام","853","13471","PI","مصطفى بزكور","124878"
"الشرق","جرسيف","مزكيتام","853","13468","PI","الكبير اخدادا","49674"
"الشرق","جرسيف","مزكيتام","853","13474","PI","ادريس مزيان","58877"
"الشرق","جرسيف","مزكيتام","853","13467","PAM","عمرو احبرش","35542"
"الشرق","جرسيف","مزكيتام","853","13467","PAM","حياة احبرش","35583"
"الشرق","جرسيف","مزكيتام","853","13465","PAM","اسمعيل تبرنوست","61952"
"الشرق","جرسيف","مزكيتام","853","13470","PAM","مصطفى حسني","35667"
"الشرق","جرسيف","مزكيتام","853","13473","PJD","عمرو منوش","35442"
"الشرق","جرسيف","مزكيتام","853","13472","PJD","عبد الرحمن مصغار","124335"
"الشرق","جرسيف","مزكيتام","853","13472","PJD","فاطمة الزهراء ربوحي","124428"
"الشرق","جرسيف","مزكيتام","853","13466","CNI","محمد كحكوح","58632"
"الشرق","جرسيف","مزكيتام","853","13463","MP","اعمرو الرشدي","92046"
"الشرق","جرسيف","مزكيتام","853","13463","MP","ميمونة  علاش ","92364"
"الشرق","جرسيف","هوارة أولاد رحو","600","9499","MP","مولاي احمد سنوسي","16868"
"الشرق","جرسيف","هوارة أولاد رحو","600","9499","MP","انسة سنوسي","16619"
"الشرق","جرسيف","هوارة أولاد رحو","600","9508","MP","الجيلالي قنوبي","16335"
"الشرق","جرسيف","هوارة أولاد رحو","600","9508","MP","جمعة عريان الراس","16364"
"الشرق","جرسيف","هوارة أولاد رحو","600","9496","MP","نورالدين القندسي","16828"
"الشرق","جرسيف","هوارة أولاد رحو","600","9496","MP","حورية لحمر","16547"
"الشرق","جرسيف","هوارة أولاد رحو","600","9501","MP","محمد لعرج","19410"
"الشرق","جرسيف","هوارة أولاد رحو","600","9497","MP","علي حيحي","15994"
"الشرق","جرسيف","هوارة أولاد رحو","600","9498","MP","محمد شفيق","19490"
"الشرق","جرسيف","هوارة أولاد رحو","600","9500","MP","محمد بدوري","32235"
"الشرق","جرسيف","هوارة أولاد رحو","600","9511","MP","حسن ازوير","9897"
"الشرق","جرسيف","هوارة أولاد رحو","600","9502","MP","عبد القادر الفلالي","9870"
"الشرق","جرسيف","هوارة أولاد رحو","600","9505","MP","الميلود حشحاش","16274"
"الشرق","جرسيف","هوارة أولاد رحو","600","9512","MP","عبد السلام الكحص","41793"
"الشرق","جرسيف","هوارة أولاد رحو","600","9494","PAM","محمد عادلي","19470"
"الشرق","جرسيف","هوارة أولاد رحو","600","9507","PAM","احمد بغدادي","16685"
"الشرق","جرسيف","هوارة أولاد رحو","600","9507","PAM","خديجة بغدادي","15963"
"الشرق","جرسيف","هوارة أولاد رحو","600","9510","PAM","سعيد لكرد","41787"
"الشرق","جرسيف","هوارة أولاد رحو","600","9504","PAM","الطاهر معمري","32326"
"الشرق","جرسيف","هوارة أولاد رحو","600","9503","PAM","محمد بوطالب","19491"
"الشرق","جرسيف","هوارة أولاد رحو","600","9493","PJD","الحسين امغار","53028"
"الشرق","جرسيف","هوارة أولاد رحو","600","9495","PJD","المحجوب العلوي","32245"
"الشرق","جرسيف","هوارة أولاد رحو","600","9490","PJD","موسى بخاخ","51273"
"الشرق","جرسيف","هوارة أولاد رحو","600","9509","PJD","رشيد قريوحي","132996"
"الشرق","جرسيف","هوارة أولاد رحو","600","9491","USFP","احمد اليوسفي","41951"
"الشرق","جرسيف","هوارة أولاد رحو","600","9492","USFP","اعلي شهبة","32310"
"الشرق","جرسيف","هوارة أولاد رحو","600","27125","USFP","نور الدين المنصوري","9919"
"الشرق","جرسيف","هوارة أولاد رحو","600","27124","USFP","مصطف بوحريبة","52146"
"الشرق","جرسيف","هوارة أولاد رحو","600","9506","PI","كريم  اكرادة","108360"
"الشرق","فجيج","بني تدجيت","316","27144","MP","عبد القادر غامالي","72079"
"الشرق","فجيج","بني تدجيت","316","27144","MP","السعدية طالحى","72117"
"الشرق","فجيج","بني تدجيت","316","4880","MP","حماد امعلي","130591"
"الشرق","فجيج","بني تدجيت","316","4876","MP","امبارك رابحي","33425"
"الشرق","فجيج","بني تدجيت","316","4870","MP","محمد يكن","130511"
"الشرق","فجيج","بني تدجيت","316","4870","MP","رحمة عقى","130514"
"الشرق","فجيج","بني تدجيت","316","4874","MP","الحسن مرش","42040"
"الشرق","فجيج","بني تدجيت","316","27146","MP","لحسن معطر","96653"
"الشرق","فجيج","بني تدجيت","316","27146","MP","فتيحة باكزا","96656"
"الشرق","فجيج","بني تدجيت","316","4873","MP","ادريس باري","71704"
"الشرق","فجيج","بني تدجيت","316","4869","MP","محمد عماري","130473"
"الشرق","فجيج","بني تدجيت","316","27142","MP","حمو اللوي","96685"
"الشرق","فجيج","بني تدجيت","316","4872","MP","احمد كوز","33376"
"الشرق","فجيج","بني تدجيت","316","25703","MP","مولاي المهدي قاسمي","42087"
"الشرق","فجيج","بني تدجيت","316","4879","MP","سي عبد الكريم بوغود","71800"
"الشرق","فجيج","بني تدجيت","316","25702","PJD","سعيد اخديجة","31171"
"الشرق","فجيج","بني تدجيت","316","4871","PI","الحسين مبروك","42024"
"الشرق","فجيج","بني تدجيت","316","27145","RNI","سعيد احواري","130745"
"الشرق","فجيج","بني تدجيت","316","27147","RNI","احمد ميلودي","99487"
"الشرق","فجيج","بني تدجيت","316","27143","USFP","امبارك امنيعي","130708"
"الشرق","فجيج","بني تدجيت","316","4877","USFP","محمد امنعي","109289"
"الشرق","فجيج","بني تدجيت","316","27141","PSU","امبارك الحسني","130672"
"الشرق","فجيج","بني تدجيت","316","4878","PSU","ادريس محمدي","81135"
"الشرق","فجيج","بني تدجيت","316","4875","PSU","علي بلغود","130552"
"الشرق","فجيج","بني تدجيت","316","4868","P Al Ahd Addimocrati","حمو اخريض","130456"
"الشرق","فجيج","بني تدجيت","316","4868","P Al Ahd Addimocrati","جميلة كبوس","130459"
"الشرق","فجيج","بني تدجيت","316","27140","P Al Ahd Addimocrati","عسو عزوزو","130645"
"الشرق","فجيج","بني كيل","341","5235","PI","لكبير دحماني","733"
"الشرق","فجيج","بني كيل","341","5233","PI","ابراهيم  اعمير ","56714"
"الشرق","فجيج","بني كيل","341","5234","PI","البشير كربوب","130946"
"الشرق","فجيج","بني كيل","341","5234","PI","مريم شنو","130957"
"الشرق","فجيج","بني كيل","341","5241","PI","بن  عيسى كرنيك","56901"
"الشرق","فجيج","بني كيل","341","5237","PI","صالح ويشن","772"
"الشرق","فجيج","بني كيل","341","5239","PPS","عبد الله  بنعلي ","130951"
"الشرق","فجيج","بني كيل","341","5239","PPS","حفيظة لعور","131171"
"الشرق","فجيج","بني كيل","341","5236","PPS","عبد النبي  الماحي ","130977"
"الشرق","فجيج","بني كيل","341","5240","PPS","ابراهيم الحرمة","15246"
"الشرق","فجيج","بني كيل","341","5232","MP","احمد زروال","130921"
"الشرق","فجيج","بني كيل","341","5232","MP","بهيجة وخاض","130935"
"الشرق","فجيج","بني كيل","341","5231","PSU","بوعلام سباعي","56410"
"الشرق","فجيج","بني كيل","341","5231","PSU","فاطنة علا","56672"
"الشرق","فجيج","بني كيل","341","5238","RNI","عامر بنعبو","130937"
"الشرق","فجيج","بوشاون","386","5965","MP","الحسين اوحليس","132130"
"الشرق","فجيج","بوشاون","386","5965","MP","عائشة  الهادي","132148"
"الشرق","فجيج","بوشاون","386","5959","MP","الحسين  طية ","131611"
"الشرق","فجيج","بوشاون","386","5964","MP","بوجمعة عكادا","131983"
"الشرق","فجيج","بوشاون","386","5964","MP","الزهراء الشليح","132013"
"الشرق","فجيج","بوشاون","386","27129","MP","الجيلالي عيعاي","77342"
"الشرق","فجيج","بوشاون","386","5967","MP","بولعيد ازعري","30187"
"الشرق","فجيج","بوشاون","386","5966","MP","احمد بوبلاد","15703"
"الشرق","فجيج","بوشاون","386","5960","MP","عبد القادر  بلاح","57692"
"الشرق","فجيج","بوشاون","386","5958","MP","الحسين احمال","15584"
"الشرق","فجيج","بوشاون","386","5961","PAM","مبارك هلالة","131670"
"الشرق","فجيج","بوشاون","386","5961","PAM","فاطمة امزيان","131684"
"الشرق","فجيج","بوشاون","386","5963","PAM","خالد  اوحنشبيل ","57720"
"الشرق","فجيج","بوشاون","386","5968","PAM","بوجمعة حربة","15735"
"الشرق","فجيج","بوشاون","386","5957","PJD","احمد مرابط","131407"
"الشرق","فجيج","بوشاون","386","5957","PJD","الباتول المنديل","131421"
"الشرق","فجيج","بوشاون","386","5956","PJD","يوسف طيبي","131338"
"الشرق","فجيج","بوشاون","386","27128","RNI","حمو بولهجا","8088"
"الشرق","فجيج","بوشاون","386","5962","PI","سعيد لخضر","99412"
"الشرق","فجيج","بوعرفة","381","5864","PI","محمد رمضاني","3895"
"الشرق","فجيج","بوعرفة","381","5864","PI","زليخة لبيض","3939"
"الشرق","فجيج","بوعرفة","381","5862","PI","محمد شنو","3857"
"الشرق","فجيج","بوعرفة","381","5868","PI","احمد بورزمة","63577"
"الشرق","فجيج","بوعرفة","381","5863","PI","الحسين امزيان","21598"
"الشرق","فجيج","بوعرفة","381","5870","PI","بوعلام بلعطواني","10000"
"الشرق","فجيج","بوعرفة","381","5851","PI","زكرياء امنسو","9592"
"الشرق","فجيج","بوعرفة","381","5855","PI","احمد صابر","58079"
"الشرق","فجيج","بوعرفة","381","5867","PI","الطاهر جبوري","21653"
"الشرق","فجيج","بوعرفة","381","5873","PSU","محمد بوضبية ","33221"
"الشرق","فجيج","بوعرفة","381","5873","PSU","صليحة بورزمة","33233"
"الشرق","فجيج","بوعرفة","381","5856","PSU","صالح زروالي","132964"
"الشرق","فجيج","بوعرفة","381","5854","PSU","مصطفى كبوري","63363"
"الشرق","فجيج","بوعرفة","381","5865","PSU","عبد المجيد بوسكين","98411"
"الشرق","فجيج","بوعرفة","381","5865","PSU","رجاء زروال","98468"
"الشرق","فجيج","بوعرفة","381","5861","PSU","محمد كربوب","71381"
"الشرق","فجيج","بوعرفة","381","5859","PSU","عبد الكريم صرفقة","41867"
"الشرق","فجيج","بوعرفة","381","25705","PSU","قويدر نبكاوي","15463"
"الشرق","فجيج","بوعرفة","381","5853","PSU","سقيان بريش","96677"
"الشرق","فجيج","بوعرفة","381","5857","PSU","عبد النبي بوحسون","9866"
"الشرق","فجيج","بوعرفة","381","5869","PSU","محمد بعيليش","58547"
"الشرق","فجيج","بوعرفة","381","25704","PPS","الميلود بوضبية","133142"
"الشرق","فجيج","بوعرفة","381","5858","PPS","محمد بن الحداد","15344"
"الشرق","فجيج","بوعرفة","381","5852","RNI","النعيمي علال","41813"
"الشرق","فجيج","بوعرفة","381","5871","RNI","عبد العزيز بنعبو","15441"
"الشرق","فجيج","بوعرفة","381","5866","MP","امبارك سليماني علوي","96701"
"الشرق","فجيج","بوعرفة","381","5866","MP","كلتوم فارس","96703"
"الشرق","فجيج","بوعرفة","381","5872","PJD","بوزيان سكور","4077"
"الشرق","فجيج","بوعرفة","381","5860","PAM","عبد المجيد حسوني","31014"
"الشرق","فجيج","بوعنان","380","5838","PAM","نور الدين النوايتي","99024"
"الشرق","فجيج","بوعنان","380","5838","PAM","يامنة عرجاوي","99115"
"الشرق","فجيج","بوعنان","380","5840","PAM","عبد الكريم العرج","124163"
"الشرق","فجيج","بوعنان","380","5840","PAM","تورية قاسو","124222"
"الشرق","فجيج","بوعنان","380","5845","PAM","الحسين السعداوي","123471"
"الشرق","فجيج","بوعنان","380","5849","PAM","علي بنسعيد","96710"
"الشرق","فجيج","بوعنان","380","5844","PAM","العيد حمداوي","56994"
"الشرق","فجيج","بوعنان","380","5848","RNI","محمد بوطالب","100065"
"الشرق","فجيج","بوعنان","380","5846","PI","محمد الدرويش","98514"
"الشرق","فجيج","بوعنان","380","5846","PI","جميلة الحمري","98566"
"الشرق","فجيج","بوعنان","380","5843","PI","الحسن قاسيمي","72444"
"الشرق","فجيج","بوعنان","380","5850","PI","الحبيب عزوز","123663"
"الشرق","فجيج","بوعنان","380","5839","PI","عبد القادر بودخيلي","96711"
"الشرق","فجيج","بوعنان","380","5842","PI","عبد العزيز جعفر","108215"
"الشرق","فجيج","بوعنان","380","5847","PJD","محمد العيد دلفي","124915"
"الشرق","فجيج","بوعنان","380","5847","PJD","فاطمة  عبيدي ","124949"
"الشرق","فجيج","بوعنان","380","5841","SAP","عبد الحافيظ بوشتاوي","123256"
"الشرق","فجيج","بومريم","409","6350","PAM","ادريس اوقمني","131836"
"الشرق","فجيج","بومريم","409","6350","PAM","فاطمة هيو","131848"
"الشرق","فجيج","بومريم","409","6345","PAM","لحسن اعزاب","77499"
"الشرق","فجيج","بومريم","409","6345","PAM","فطوشة ايوجيل","77562"
"الشرق","فجيج","بومريم","409","27126","PAM","لحسن  فقراوي","77932"
"الشرق","فجيج","بومريم","409","6347","PAM","عبد الله زكاغ","131524"
"الشرق","فجيج","بومريم","409","6347","PAM","خديجة زكاغ","131531"
"الشرق","فجيج","بومريم","409","6346","PAM","لحسن لعرج","77636"
"الشرق","فجيج","بومريم","409","6352","PAM","احمد اورقية","131897"
"الشرق","فجيج","بومريم","409","27127","PAM","محمد بوهو","132108"
"الشرق","فجيج","بومريم","409","6354","RNI","لحسن اولخشيش","132037"
"الشرق","فجيج","بومريم","409","6354","RNI","فاطمة زوكاغ","132050"
"الشرق","فجيج","بومريم","409","6353","RNI","محمد اشعشاع","131967"
"الشرق","فجيج","بومريم","409","6355","RNI","احماد اوقسو","132087"
"الشرق","فجيج","بومريم","409","6349","RNI","محمد بن علا","131800"
"الشرق","فجيج","بومريم","409","6351","PJD","الحسين مرشيش","30684"
"الشرق","فجيج","بومريم","409","6348","PI","عزاز عامر","22388"
"الشرق","فجيج","تالسينت","1353","27155","RNI","لحسن اوضلي","133031"
"الشرق","فجيج","تالسينت","1353","27149","RNI","ادريس اوجرار","8747"
"الشرق","فجيج","تالسينت","1353","27149","RNI","فاطمة شعنون","8754"
"الشرق","فجيج","تالسينت","1353","21320","RNI","محمد اغراي","5341"
"الشرق","فجيج","تالسينت","1353","27154","RNI","حمو اوملي","5533"
"الشرق","فجيج","تالسينت","1353","21324","RNI","حسان اهنان","8711"
"الشرق","فجيج","تالسينت","1353","21324","RNI","فاطمة اوعريب","8727"
"الشرق","فجيج","تالسينت","1353","21321","RNI","يدير  سنحنود","30380"
"الشرق","فجيج","تالسينت","1353","21321","RNI","فتيحة مراد","30399"
"الشرق","فجيج","تالسينت","1353","21329","RNI","محمد امرجيج","5361"
"الشرق","فجيج","تالسينت","1353","21330","RNI","محمد بوينسميرن","132962"
"الشرق","فجيج","تالسينت","1353","27151","RNI","محمد ابوعزام","8768"
"الشرق","فجيج","تالسينت","1353","27152","RNI","عبد القادر شكوش","133011"
"الشرق","فجيج","تالسينت","1353","27148","RNI","رشيد جفجاف","22423"
"الشرق","فجيج","تالسينت","1353","21323","MP","محمد اوتيفى","132868"
"الشرق","فجيج","تالسينت","1353","21318","MP","حسن احدجي","132831"
"الشرق","فجيج","تالسينت","1353","21331","MP","محمد بزعاير","57295"
"الشرق","فجيج","تالسينت","1353","21322","MP","عبد العزيز دريسي","132855"
"الشرق","فجيج","تالسينت","1353","27153","MP","لحسن انبو","99977"
"الشرق","فجيج","تالسينت","1353","21319","MP","عبد القادر  احيزون","33491"
"الشرق","فجيج","تالسينت","1353","21317","MP","حسن ادى","21443"
"الشرق","فجيج","تالسينت","1353","21326","PAM","امحمد قرجديد","132952"
"الشرق","فجيج","تالسينت","1353","21327","PAM","محمد امهرة","57177"
"الشرق","فجيج","تالسينت","1353","21325","USFP","عبد القادر ني","132946"
"الشرق","فجيج","تالسينت","1353","21325","USFP","كريمة ني","132948"
"الشرق","فجيج","تالسينت","1353","21328","PJD","ادريس مداني","30542"
"الشرق","فجيج","تالسينت","1353","27150","PSU","صالح اعبوبو","57485"
"الشرق","فجيج","تندرارة","1420","22381","PI","محمد المالكي","130408"
"الشرق","فجيج","تندرارة","1420","22381","PI","كريمة عبد اللوي","130410"
"الشرق","فجيج","تندرارة","1420","22382","PI","عبد الحاكم حيدة","132210"
"الشرق","فجيج","تندرارة","1420","22382","PI","حورية  المالكي ","132217"
"الشرق","فجيج","تندرارة","1420","22380","PI","عبد الرحمان حساس","130401"
"الشرق","فجيج","تندرارة","1420","22380","PI","فاطمة عبيد","130404"
"الشرق","فجيج","تندرارة","1420","27136","PI","رمضان الربعي","130500"
"الشرق","فجيج","تندرارة","1420","22378","PI","الشيخ بودشيش","109126"
"الشرق","فجيج","تندرارة","1420","27137","PI","بوعمامة قدوري","97071"
"الشرق","فجيج","تندرارة","1420","27135","PI","عبد الرحمان جباري","130483"
"الشرق","فجيج","تندرارة","1420","22384","PI","ادريس سلماني","96834"
"الشرق","فجيج","تندرارة","1420","22379","PI","مجيد عريف","96763"
"الشرق","فجيج","تندرارة","1420","27134","PI","احمد خضراوي","33343"
"الشرق","فجيج","تندرارة","1420","22375","PI","عبد القادر الركادي","130378"
"الشرق","فجيج","تندرارة","1420","22376","PI","الفاضل بوعزة","96755"
"الشرق","فجيج","تندرارة","1420","27133","PI","عبد النبي بودشيش","98309"
"الشرق","فجيج","تندرارة","1420","22383","PAM","محمد رونة","96813"
"الشرق","فجيج","تندرارة","1420","22385","PAM","الحسن البداوي","22547"
"الشرق","فجيج","تندرارة","1420","27130","PAM","مجدوب حماني","96852"
"الشرق","فجيج","تندرارة","1420","22386","PAM","عبد الحفيظ غازي","22578"
"الشرق","فجيج","تندرارة","1420","27131","PAM","الميلود اجليط","72301"
"الشرق","فجيج","تندرارة","1420","22377","PSU","احمد شكري","96751"
"الشرق","فجيج","تندرارة","1420","27138","PSU","عبد الفتاح عزاوي","130520"
"الشرق","فجيج","تندرارة","1420","27132","RNI","التهامي حيدة","96907"
"الشرق","فجيج","تندرارة","1420","27139","RNI","بوعلام حميد","56243"
"الشرق","فجيج","تندرارة","1420","22374","PPS","عبد الجبار الابيض","130373"
"الشرق","فجيج","تندرارة","1420","22374","PPS","حليمة مكطوف","130375"
"الشرق","فجيج","عبو لكحل","6","80","RNI","قويدر سعد","130358"
"الشرق","فجيج","عبو لكحل","6","80","RNI","حسناء زكنون","130359"
"الشرق","فجيج","عبو لكحل","6","78","RNI","الحاج لمقلش","84514"
"الشرق","فجيج","عبو لكحل","6","77","RNI","محمد بندودة","130354"
"الشرق","فجيج","عبو لكحل","6","82","RNI","الميلود سعد","130361"
"الشرق","فجيج","عبو لكحل","6","74","RNI","محمد امغيني","84212"
"الشرق","فجيج","عبو لكحل","6","79","PI","عبد الرحمان مصباح","130356"
"الشرق","فجيج","عبو لكحل","6","79","PI","جمعة  مهيدي","130357"
"الشرق","فجيج","عبو لكحل","6","73","PI","بندودة بندودة","99585"
"الشرق","فجيج","عبو لكحل","6","73","PI","عتيقة العيداوي","99624"
"الشرق","فجيج","عبو لكحل","6","72","PI","الغازي البعزاوي","99694"
"الشرق","فجيج","عبو لكحل","6","72","PI","جمعة سكور","99744"
"الشرق","فجيج","عبو لكحل","6","81","PI","الشيخ مصباح","130360"
"الشرق","فجيج","عبو لكحل","6","76","PI","عبد الله دهنون","30102"
"الشرق","فجيج","عبو لكحل","6","75","PPS","محمد صرفقة","130351"
"الشرق","فجيج","عين الشعير","1591","26753","PAM","محمد قاسو وعلي","97908"
"الشرق","فجيج","عين الشعير","1591","26753","PAM","العالية حراش","97956"
"الشرق","فجيج","عين الشعير","1591","26743","PAM","محمد قاسو وعلي","59178"
"الشرق","فجيج","عين الشعير","1591","26743","PAM","سعادة عياد","59629"
"الشرق","فجيج","عين الشعير","1591","26747","PAM","بوجمعة حفار","72767"
"الشرق","فجيج","عين الشعير","1591","26747","PAM","حبيبة هدان","72793"
"الشرق","فجيج","عين الشعير","1591","26744","PAM","فراجي حفار","72659"
"الشرق","فجيج","عين الشعير","1591","26744","PAM","ملكة قاسو وعلي","72677"
"الشرق","فجيج","عين الشعير","1591","26749","PAM","ادريس افقير","72899"
"الشرق","فجيج","عين الشعير","1591","26748","PAM","بوعبد الله افقير","97600"
"الشرق","فجيج","عين الشعير","1591","26746","PI","مبارك بوعبد اللوي","41955"
"الشرق","فجيج","عين الشعير","1591","26751","PI","المصطفى التيفوري","30939"
"الشرق","فجيج","عين الشعير","1591","26745","MP","محمد زكورة","22592"
"الشرق","فجيج","عين الشعير","1591","26752","MP","عبد السلام بنوة","22510"
"الشرق","فجيج","عين الشعير","1591","26750","RNI","عبد الحفيظ افقير","72938"
"الشرق","فجيج","عين الشواطر","53","779","PI","العيد مومني","56318"
"الشرق","فجيج","عين الشواطر","53","771","PI","حميد الشاية","72507"
"الشرق","فجيج","عين الشواطر","53","771","PI","غربية  بن قادة ","76631"
"الشرق","فجيج","عين الشواطر","53","779","PI","مبريكة بلحاج","56334"
"الشرق","فجيج","عين الشواطر","53","775","PI","احمد  رزوكي ","30150"
"الشرق","فجيج","عين الشواطر","53","773","PI","محمد بنشغلوف","22290"
"الشرق","فجيج","عين الشواطر","53","772","PI","البشير عبدالمولى","21977"
"الشرق","فجيج","عين الشواطر","53","772","PI","زوليخة عبد المولى","22024"
"الشرق","فجيج","عين الشواطر","53","781","PI","نور الدين سوليماني","59528"
"الشرق","فجيج","عين الشواطر","53","778","PI","حسن هنانا","59377"
"الشرق","فجيج","عين الشواطر","53","778","PI","يامينة كريمي","59491"
"الشرق","فجيج","عين الشواطر","53","777","PI","يحي بنعبو","15763"
"الشرق","فجيج","عين الشواطر","53","776","PI","مبيريك السالمي","22044"
"الشرق","فجيج","عين الشواطر","53","780","PI","رشيد المالكي","100159"
"الشرق","فجيج","عين الشواطر","53","774","PI","ادريس سليماني","121129"
"الشرق","فجيج","فجيج","546","8594","USFP","عمر بوزيان","111507"
"الشرق","فجيج","فجيج","546","8594","USFP","لطيفة دبشي","111592"
"الشرق","فجيج","فجيج","546","8595","USFP","عمرو عبو","111935"
"الشرق","فجيج","فجيج","546","8597","USFP","فاتحة قادي","112029"
"الشرق","فجيج","فجيج","546","8598","USFP","محمد هكو","112101"
"الشرق","فجيج","فجيج","546","8602","RNI","محمد العبدلي","96636"
"الشرق","فجيج","فجيج","546","8602","RNI","نوزهة الداودي","96640"
"الشرق","فجيج","فجيج","546","8601","RNI","عبد النبي عافي","114090"
"الشرق","فجيج","فجيج","546","8603","RNI","محمد بوولي","114383"
"الشرق","فجيج","فجيج","546","8605","RNI","المصطفى كراب","113604"
"الشرق","فجيج","فجيج","546","8604","PPS","حسان بن الصديق","30713"
"الشرق","فجيج","فجيج","546","8604","PPS","عفاف بزة","30774"
"الشرق","فجيج","فجيج","546","8596","PI","مصطفى بوراسي","111674"
"الشرق","فجيج","فجيج","546","8606","SAP","خالد هنشي","113738"
"الشرق","فجيج","فجيج","546","8606","SAP","زينب داودي","113889"
"الشرق","فجيج","فجيج","546","8599","SAP","افضل كروض","112221"
"الشرق","فجيج","فجيج","546","8600","PJD","محمد السهلاوي","110835"
"الشرق","فجيج","معتركة","831","13103","PI","الكبير جنفي","130367"
"الشرق","فجيج","معتركة","831","13103","PI","خديجة  الشيبي","130368"
"الشرق","فجيج","معتركة","831","13104","PI","بشير لبيض","130370"
"الشرق","فجيج","معتركة","831","13104","PI","فاطنة الابيض","130372"
"الشرق","فجيج","معتركة","831","13102","PI","عبد الله بادة","72373"
"الشرق","فجيج","معتركة","831","13101","PI","امبارك الصغيري","8596"
"الشرق","فجيج","معتركة","831","13100","PI","حسن قوطيط","22533"
"الشرق","فجيج","معتركة","831","13111","PI","امعمر العيرج","130407"
"الشرق","فجيج","معتركة","831","13105","PI","الصايم بوعيشة","130377"
"الشرق","فجيج","معتركة","831","13099","PSU","مبارك  شكري ","98280"
"الشرق","فجيج","معتركة","831","13108","PAM","الحسان موساوي","4244"
"الشرق","فجيج","معتركة","831","13106","PAM","ابراهيم  رمضاني","130381"
"الشرق","فجيج","معتركة","831","13106","PAM","سعاد محمدي","130383"
"الشرق","فجيج","معتركة","831","13110","PAM","بنعيسى خاضري","72398"
"الشرق","فجيج","معتركة","831","13107","PPS","عكاشة العادل","130393"
"الشرق","فجيج","معتركة","831","13107","PPS","يامنة الغزايلي","130398"
"الشرق","فجيج","معتركة","831","13109","PPS","محمد لحلال","8569"
"الشرق","وجدة أنكاد","إسلي","664","10406","PAM","الميلود احتيت","45883"
"الشرق","وجدة أنكاد","إسلي","664","10406","PAM","فوزية المدني","45910"
"الشرق","وجدة أنكاد","إسلي","664","10408","PAM","عبد القادر ليتيم","33462"
"الشرق","وجدة أنكاد","إسلي","664","10408","PAM","نوال خيري","33482"
"الشرق","وجدة أنكاد","إسلي","664","10405","PAM","رمضان مزوز","10973"
"الشرق","وجدة أنكاد","إسلي","664","10405","PAM","ايمان التاقي","11007"
"الشرق","وجدة أنكاد","إسلي","664","10410","PAM","ابراهيم التاقي","11047"
"الشرق","وجدة أنكاد","إسلي","664","10409","PAM","رمضان حدوش","15874"
"الشرق","وجدة أنكاد","إسلي","664","10403","PAM","محمد قرداشي","2935"
"الشرق","وجدة أنكاد","إسلي","664","10412","PAM","موسى بالحاج","2984"
"الشرق","وجدة أنكاد","إسلي","664","10402","PAM","قدور مالو","3066"
"الشرق","وجدة أنكاد","إسلي","664","10411","RNI","محمد  لطرش ","22897"
"الشرق","وجدة أنكاد","إسلي","664","10411","RNI","كريمة لطرش","22919"
"الشرق","وجدة أنكاد","إسلي","664","10407","PI","احمد  عاقل ","33702"
"الشرق","وجدة أنكاد","إسلي","664","10404","PI","محمد بوترفاس","45952"
"الشرق","وجدة أنكاد","أهل انكاد","45","662","PAM","علي الناصر","59863"
"الشرق","وجدة أنكاد","أهل انكاد","45","662","PAM","صباح خالدي","59938"
"الشرق","وجدة أنكاد","أهل انكاد","45","661","PAM","مولاي عبد الله السماعلي","64582"
"الشرق","وجدة أنكاد","أهل انكاد","45","661","PAM","سونية حرار","64687"
"الشرق","وجدة أنكاد","أهل انكاد","45","667","PAM","عبد القادر حظوري","107731"
"الشرق","وجدة أنكاد","أهل انكاد","45","657","PAM","الحسن واصطي","60269"
"الشرق","وجدة أنكاد","أهل انكاد","45","659","PAM","مبارك بوزوايل","64774"
"الشرق","وجدة أنكاد","أهل انكاد","45","664","PAM","عبد القادر العادلي","65022"
"الشرق","وجدة أنكاد","أهل انكاد","45","669","PAM","عبد اللطيف كروي","65980"
"الشرق","وجدة أنكاد","أهل انكاد","45","27078","PAM","عبد القادر بنجعوط","66006"
"الشرق","وجدة أنكاد","أهل انكاد","45","660","PAM","عشور بالعمري","60036"
"الشرق","وجدة أنكاد","أهل انكاد","45","666","PAM","محمد محامدي","65620"
"الشرق","وجدة أنكاد","أهل انكاد","45","665","PI","بن اسعيد لكناني","98709"
"الشرق","وجدة أنكاد","أهل انكاد","45","665","PI","ميمونة الموسط","98802"
"الشرق","وجدة أنكاد","أهل انكاد","45","668","PI","احمد فزازي","60990"
"الشرق","وجدة أنكاد","أهل انكاد","45","658","PI","عمار بوهراوة","77626"
"الشرق","وجدة أنكاد","أهل انكاد","45","663","RNI","بالحاج يماني","22316"
"الشرق","وجدة أنكاد","أهل انكاد","45","663","RNI","حسناء صدوق","22362"
"الشرق","وجدة أنكاد","أهل انكاد","45","27079","RNI","احمد فريكين","45143"
"الشرق","وجدة أنكاد","النعيمة","927","14686","PAM","فتح الله بوعزاوي","102246"
"الشرق","وجدة أنكاد","النعيمة","927","14686","PAM","شيماء شبار","102363"
"الشرق","وجدة أنكاد","النعيمة","927","14689","PAM","البكاي رايح","82978"
"الشرق","وجدة أنكاد","النعيمة","927","14689","PAM","نزهة شبار","83077"
"الشرق","وجدة أنكاد","النعيمة","927","14691","PAM","أحمد رضى شبار","103083"
"الشرق","وجدة أنكاد","النعيمة","927","14690","PAM","فتح الله نمر","85883"
"الشرق","وجدة أنكاد","النعيمة","927","14685","PAM","عبد الحكيم مجدوبي","60455"
"الشرق","وجدة أنكاد","النعيمة","927","14684","PAM","محمد بودلال","100781"
"الشرق","وجدة أنكاد","النعيمة","927","14683","PJD","الحسان مزوري","67018"
"الشرق","وجدة أنكاد","النعيمة","927","14683","PJD","وسام ارقييق","67164"
"الشرق","وجدة أنكاد","النعيمة","927","14693","PJD","حفيد صرابو","3537"
"الشرق","وجدة أنكاد","النعيمة","927","14693","PJD","سهام جرظان","3572"
"الشرق","وجدة أنكاد","النعيمة","927","14692","PJD","عبد الاله بوخريسي","3484"
"الشرق","وجدة أنكاد","النعيمة","927","14688","PJD","احمد جعفري","10919"
"الشرق","وجدة أنكاد","النعيمة","927","14687","PI","حسن رحموني","33209"
"الشرق","وجدة أنكاد","بني خالد","347","5325","PAM","الحسان بنعودة","36699"
"الشرق","وجدة أنكاد","بني خالد","347","5317","PAM","رابح الزروقي","35682"
"الشرق","وجدة أنكاد","بني خالد","347","5317","PAM","نجاة المختاري","35765"
"الشرق","وجدة أنكاد","بني خالد","347","5319","PAM","قدور غماري","36349"
"الشرق","وجدة أنكاد","بني خالد","347","5315","PAM","عبد العزيز جعواني","47681"
"الشرق","وجدة أنكاد","بني خالد","347","5324","PAM","نورالدين درويش","36530"
"الشرق","وجدة أنكاد","بني خالد","347","5318","PAM","العابد  بنعبد القادر","35760"
"الشرق","وجدة أنكاد","بني خالد","347","5318","PAM","حورية  بنعبد القادر","35824"
"الشرق","وجدة أنكاد","بني خالد","347","5321","PJD","عبد الحليم حموتي","43905"
"الشرق","وجدة أنكاد","بني خالد","347","5321","PJD","سناء اخليفي","44024"
"الشرق","وجدة أنكاد","بني خالد","347","5323","PJD","محمد زياني","16570"
"الشرق","وجدة أنكاد","بني خالد","347","5316","PJD","عبد الرحيم مباركي","16586"
"الشرق","وجدة أنكاد","بني خالد","347","5322","MP","عبد الله دخيسي","37041"
"الشرق","وجدة أنكاد","بني خالد","347","5322","MP","حفيظة صالحي","36813"
"الشرق","وجدة أنكاد","بني خالد","347","5320","MP","عبد المجيد صالحي","83615"
"الشرق","وجدة أنكاد","بني درار","334","5128","PAM","الواسني بنعبد القادر","33252"
"الشرق","وجدة أنكاد","بني درار","334","5128","PAM","فاطمة ناصري","33284"
"الشرق","وجدة أنكاد","بني درار","334","25690","PAM","اليزيد  بنعربية","46765"
"الشرق","وجدة أنكاد","بني درار","334","5122","PAM","فتح الله  قيسي","46172"
"الشرق","وجدة أنكاد","بني درار","334","5123","PAM","عبد المجيد عزيزي","33164"
"الشرق","وجدة أنكاد","بني درار","334","5121","PAM","محمد غربي","33316"
"الشرق","وجدة أنكاد","بني درار","334","5126","MP","محمد  زروقي","2750"
"الشرق","وجدة أنكاد","بني درار","334","5124","MP","عمار  بولغشة","32627"
"الشرق","وجدة أنكاد","بني درار","334","5124","MP","رابحة  بولغشة","32585"
"الشرق","وجدة أنكاد","بني درار","334","5127","MP","محمد اسماعيل","6992"
"الشرق","وجدة أنكاد","بني درار","334","5127","MP","نفيسة مريمي","7012"
"الشرق","وجدة أنكاد","بني درار","334","25691","MP","احمد زياني","5853"
"الشرق","وجدة أنكاد","بني درار","334","5120","MP","المصطفى مباركي","5818"
"الشرق","وجدة أنكاد","بني درار","334","5125","PJD","عمر قيسي","5377"
"الشرق","وجدة أنكاد","بني درار","334","5125","PJD","سعاد  مستاري","5407"
"الشرق","وجدة أنكاد","بني درار","334","5119","PJD","مصطفى قيسي","2239"
"الشرق","وجدة أنكاد","بني درار","334","5118","USFP","العيد حمداوي","41723"
"الشرق","وجدة أنكاد","سيدي بولنوار","1202","19006","PAM","عبد الرحمان سامر","60192"
"الشرق","وجدة أنكاد","سيدي بولنوار","1202","19006","PAM","عائشة مهادة","60302"
"الشرق","وجدة أنكاد","سيدي بولنوار","1202","19007","PAM","عز الدين  رهدوني","45431"
"الشرق","وجدة أنكاد","سيدي بولنوار","1202","19007","PAM","سعاد رهدوني","45404"
"الشرق","وجدة أنكاد","سيدي بولنوار","1202","19014","PAM","عيسى زريكي","62308"
"الشرق","وجدة أنكاد","سيدي بولنوار","1202","19014","PAM","كريمة الحسايني","80781"
"الشرق","وجدة أنكاد","سيدي بولنوار","1202","19010","PAM","رمضان دغوس","45949"
"الشرق","وجدة أنكاد","سيدي بولنوار","1202","19016","PAM","الطيب حساين","60077"
"الشرق","وجدة أنكاد","سيدي بولنوار","1202","19016","PAM","صليحة زرهوني","60161"
"الشرق","وجدة أنكاد","سيدي بولنوار","1202","19009","PAM","مصطفى قروعي","45876"
"الشرق","وجدة أنكاد","سيدي بولنوار","1202","19013","PAM","عبد القادر بوطريكي","45348"
"الشرق","وجدة أنكاد","سيدي بولنوار","1202","19012","PAM","الميلود موخو","46018"
"الشرق","وجدة أنكاد","سيدي بولنوار","1202","19015","PAM","ميمون العابدي","45329"
"الشرق","وجدة أنكاد","سيدي بولنوار","1202","19011","PJD","عبد القادر  مصباح","46126"
"الشرق","وجدة أنكاد","سيدي بولنوار","1202","19008","PI","الملياني اساسي","62175"
"الشرق","وجدة أنكاد","سيدي موسى - لمهاية","1262","19924","PAM","عبد الغاني  ميساوي","45671"
"الشرق","وجدة أنكاد","سيدي موسى - لمهاية","1262","19924","PAM","خديجة ميساوي","45714"
"الشرق","وجدة أنكاد","سيدي موسى - لمهاية","1262","19920","PAM","الطيب اجديد","45745"
"الشرق","وجدة أنكاد","سيدي موسى - لمهاية","1262","19920","PAM","مريم السحيمي","58193"
"الشرق","وجدة أنكاد","سيدي موسى - لمهاية","1262","19923","PAM","عبد الله بدوي","45794"
"الشرق","وجدة أنكاد","سيدي موسى - لمهاية","1262","19921","PAM","الميلود صادق","45596"
"الشرق","وجدة أنكاد","سيدي موسى - لمهاية","1262","19916","PAM","بوشتة السكولي","45877"
"الشرق","وجدة أنكاد","سيدي موسى - لمهاية","1262","19915","PAM","عبد العزيز رابحي","45850"
"الشرق","وجدة أنكاد","سيدي موسى - لمهاية","1262","19918","PI","حماد ميمون الخير","61019"
"الشرق","وجدة أنكاد","سيدي موسى - لمهاية","1262","19918","PI","رقية  ميساوي","61091"
"الشرق","وجدة أنكاد","سيدي موسى - لمهاية","1262","19922","PI","عبد الله مدسني","76302"
"الشرق","وجدة أنكاد","سيدي موسى - لمهاية","1262","19922","PI","زبيدة الطواهري","76886"
"الشرق","وجدة أنكاد","سيدي موسى - لمهاية","1262","19914","PI","نورالدين صالحي","60894"
"الشرق","وجدة أنكاد","سيدي موسى - لمهاية","1262","19919","PI","نورالدين زريف","45994"
"الشرق","وجدة أنكاد","سيدي موسى - لمهاية","1262","19917","PI","عبد العالي فاطمي","82705"
"الشرق","وجدة أنكاد","عين الصفا","83","1268","PAM","أحمد  مرزوقي","46392"
"الشرق","وجدة أنكاد","عين الصفا","83","1268","PAM","زكية امحمدي","46430"
"الشرق","وجدة أنكاد","عين الصفا","83","1263","PAM","عبد الرحيم بعوي","99787"
"الشرق","وجدة أنكاد","عين الصفا","83","1263","PAM","فاطمة الزهراء يحياوي","99888"
"الشرق","وجدة أنكاد","عين الصفا","83","1270","PAM","احمد ادخيسي","22697"
"الشرق","وجدة أنكاد","عين الصفا","83","1265","PAM","عبد القادر صالحي","16624"
"الشرق","وجدة أنكاد","عين الصفا","83","1271","PAM","لخضر كعواشي","63811"
"الشرق","وجدة أنكاد","عين الصفا","83","1266","PAM","عبد القادر  بنسعيد","24682"
"الشرق","وجدة أنكاد","عين الصفا","83","1273","PAM","محمد عيادي","16600"
"الشرق","وجدة أنكاد","عين الصفا","83","1264","PAM","محمد ميري","16783"
"الشرق","وجدة أنكاد","عين الصفا","83","1272","PAM","احمد قروشي","16762"
"الشرق","وجدة أنكاد","عين الصفا","83","1267","RNI","لخضر  سنوسي","276"
"الشرق","وجدة أنكاد","عين الصفا","83","1267","RNI","ميمونة سنوسي","401"
"الشرق","وجدة أنكاد","عين الصفا","83","1269","PJD","نور الدين حساين","24516"
"الشرق","وجدة أنكاد","عين الصفا","83","1269","PJD","جميلة زعزوعي","24554"
"الشرق","وجدة أنكاد","لبصارة","429","6637","PAM","عبد الله  موسى","48951"
"الشرق","وجدة أنكاد","لبصارة","429","6637","PAM","نزيهة عيساوي","75957"
"الشرق","وجدة أنكاد","لبصارة","429","6632","PAM","احمد فراجي","16794"
"الشرق","وجدة أنكاد","لبصارة","429","6632","PAM","الزهرة فراجي","16803"
"الشرق","وجدة أنكاد","لبصارة","429","6627","PAM","عبد الغاني الناصري","46634"
"الشرق","وجدة أنكاد","لبصارة","429","6634","PAM","حفيظ يوسفي","116829"
"الشرق","وجدة أنكاد","لبصارة","429","6634","PAM","عائشة كريمي","117052"
"الشرق","وجدة أنكاد","لبصارة","429","6635","PAM","يحي صالحي","77524"
"الشرق","وجدة أنكاد","لبصارة","429","6633","PAM","جمال  بصراوي ","101061"
"الشرق","وجدة أنكاد","لبصارة","429","6629","PAM","محمد عيساوي","85736"
"الشرق","وجدة أنكاد","لبصارة","429","6631","PI","عبد الحق جعالي","78648"
"الشرق","وجدة أنكاد","لبصارة","429","6631","PI","فطيمة عرباوي","78701"
"الشرق","وجدة أنكاد","لبصارة","429","6636","PI","عبد الوهاب يوسفي","81034"
"الشرق","وجدة أنكاد","لبصارة","429","6628","PI","الشيخ  شتواني","80456"
"الشرق","وجدة أنكاد","لبصارة","429","6630","PI","يحي عباوي","44480"
"الشرق","وجدة أنكاد","مستفركي","872","13777","PAM","قادة مهوبي","46078"
"الشرق","وجدة أنكاد","مستفركي","872","13774","PAM","عبد الله حالي","45851"
"الشرق","وجدة أنكاد","مستفركي","872","13774","PAM","خديجة خليفي","46112"
"الشرق","وجدة أنكاد","مستفركي","872","13779","PAM","عكاشة مهوبي","58342"
"الشرق","وجدة أنكاد","مستفركي","872","13772","PAM","محمد المحب","112864"
"الشرق","وجدة أنكاد","مستفركي","872","13772","PAM","خديجة  حالي ","48720"
"الشرق","وجدة أنكاد","مستفركي","872","13775","PAM","محمد المحب ","48512"
"الشرق","وجدة أنكاد","مستفركي","872","13775","PAM","نضال حالي","48562"
"الشرق","وجدة أنكاد","مستفركي","872","13773","PAM","عبد الرحمان  سالمي ","49126"
"الشرق","وجدة أنكاد","مستفركي","872","13773","PAM","إلهام السالمي","49185"
"الشرق","وجدة أنكاد","مستفركي","872","13782","PAM","نور الدين خليفي","63851"
"الشرق","وجدة أنكاد","مستفركي","872","13780","PAM","محمد مسعودي","45753"
"الشرق","وجدة أنكاد","مستفركي","872","13781","PAM","بنيوسف عيساوي","46012"
"الشرق","وجدة أنكاد","مستفركي","872","13776","PAM","عبد المومن حالي","48277"
"الشرق","وجدة أنكاد","مستفركي","872","13778","PAM","عمرو منصوري","46892"
"الشرق","وجدة أنكاد","وجدة","1567","25036","PAM","هشام الصغير","66271"
"الشرق","وجدة أنكاد","وجدة","1567","25036","PAM","حورية عراض","67767"
"الشرق","وجدة أنكاد","وجدة","1567","25036","PAM","عمر بوكبوس","66358"
"الشرق","وجدة أنكاد","وجدة","1567","25036","PAM","لطيفة خياط","67912"
"الشرق","وجدة أنكاد","وجدة","1567","25036","PAM","العربي شتواني","66488"
"الشرق","وجدة أنكاد","وجدة","1567","25036","PAM","فاتحة جرمومي ","68046"
"الشرق","وجدة أنكاد","وجدة","1567","25036","PAM","رشيد بوكرون","66547"
"الشرق","وجدة أنكاد","وجدة","1567","25036","PAM","ليلى عزيزي","68143"
"الشرق","وجدة أنكاد","وجدة","1567","25036","PAM","ادريس اقديم","66613"
"الشرق","وجدة أنكاد","وجدة","1567","25036","PAM","محمد جوهر","66728"
"الشرق","وجدة أنكاد","وجدة","1567","25036","PAM","محمد بوعرورو","66831"
"الشرق","وجدة أنكاد","وجدة","1567","25036","PAM","سيدي محمد معتقيد","66920"
"الشرق","وجدة أنكاد","وجدة","1567","25036","PAM","فوزي القاح","67001"
"الشرق","وجدة أنكاد","وجدة","1567","25036","PAM","عبد الحميد بقال","67064"
"الشرق","وجدة أنكاد","وجدة","1567","25036","PAM","مصطفى بوسنينة","67155"
"الشرق","وجدة أنكاد","وجدة","1567","25036","PAM","محمد عيساوي","67242"
"الشرق","وجدة أنكاد","وجدة","1567","25036","PAM","الطاهر بوجوالة","67338"
"الشرق","وجدة أنكاد","وجدة","1567","25036","PAM","حسن معزوزة","67436"
"الشرق","وجدة أنكاد","وجدة","1567","25036","PAM","منير صادق","67501"
"الشرق","وجدة أنكاد","وجدة","1567","25036","PAM","الحسين بلمغار","67575"
"الشرق","وجدة أنكاد","وجدة","1567","25036","PAM","نور الدين فاطمي","67655"
"الشرق","وجدة أنكاد","وجدة","1567","25036","PAM","عبد القادر الراجي","67736"
"الشرق","وجدة أنكاد","وجدة","1567","25036","PAM","ربيع بزغودي","67827"
"الشرق","وجدة أنكاد","وجدة","1567","25036","PAM","عبد العزيز قادري","68438"
"الشرق","وجدة أنكاد","وجدة","1567","25036","PAM","مصطفى برحيلي","68553"
"الشرق","وجدة أنكاد","وجدة","1567","25036","PAM","عبد السعيد الشاوي","68681"
"الشرق","وجدة أنكاد","وجدة","1567","25036","PAM","محمد بنشادلي","68770"
"الشرق","وجدة أنكاد","وجدة","1567","25036","PAM","نور الدين معزوزي","68919"
"الشرق","وجدة أنكاد","وجدة","1567","25036","PAM","العبدلي جابري","69010"
"الشرق","وجدة أنكاد","وجدة","1567","25036","PAM","فريد مليح","69108"
"الشرق","وجدة أنكاد","وجدة","1567","25036","PJD","عبد الله هامل","18146"
"الشرق","وجدة أنكاد","وجدة","1567","25036","PJD","ميمونة افتاتي","18787"
"الشرق","وجدة أنكاد","وجدة","1567","25036","PJD","مصطفى بن عبد الحق","18233"
"الشرق","وجدة أنكاد","وجدة","1567","25036","PJD","فاطمة بوضى","18909"
"الشرق","وجدة أنكاد","وجدة","1567","25036","PJD","اسماعيل زكار","18287"
"الشرق","وجدة أنكاد","وجدة","1567","25036","PJD","فاتحة صاهر","18974"
"الشرق","وجدة أنكاد","وجدة","1567","25036","PJD","نورالدين محرر","18350"
"الشرق","وجدة أنكاد","وجدة","1567","25036","PJD","رشيد شتواني","18389"
"الشرق","وجدة أنكاد","وجدة","1567","25036","PJD","محمد العثماني","18453"
"الشرق","وجدة أنكاد","وجدة","1567","25036","PJD","محمد توفيق","18519"
"الشرق","وجدة أنكاد","وجدة","1567","25036","PJD","ميمون جامعي","18563"
"الشرق","وجدة أنكاد","وجدة","1567","25036","PJD","محمد أمين بن مسعود","18630"
"الشرق","وجدة أنكاد","وجدة","1567","25036","PJD","عبد الحميد الوالي","18667"
"الشرق","وجدة أنكاد","وجدة","1567","25036","PJD","محمد ببودة","18693"
"الشرق","وجدة أنكاد","وجدة","1567","25036","PJD","يحي زهيري","18716"
"الشرق","وجدة أنكاد","وجدة","1567","25036","PJD","ادريس بودوح","18170"
"الشرق","وجدة أنكاد","وجدة","1567","25036","PJD","عبد الرحمان بلج","18226"
"الشرق","وجدة أنكاد","وجدة","1567","25036","PJD","نور الدين بوبكر","18278"
"الشرق","وجدة أنكاد","وجدة","1567","25036","PJD","اعلي بعيدوس","18319"
"الشرق","وجدة أنكاد","وجدة","1567","25036","PJD","عبد العزيز احميميدة","18346"
"الشرق","وجدة أنكاد","وجدة","1567","25036","PJD","محمد صافي","18379"
"الشرق","وجدة أنكاد","وجدة","1567","25036","PJD","عبد القادر بلحيان","18410"
"الشرق","وجدة أنكاد","وجدة","1567","25036","PJD","احمد شبيلي","18450"
"الشرق","وجدة أنكاد","وجدة","1567","25036","PJD","لحبيب البوصحباتي","18499"
"الشرق","وجدة أنكاد","وجدة","1567","25036","PJD","مراد المسعودي","18535"
"الشرق","وجدة أنكاد","وجدة","1567","25036","PJD","عبد الكريم ديدي","18554"
"الشرق","وجدة أنكاد","وجدة","1567","25036","PJD","محمد شقيربان","18596"
"الشرق","وجدة أنكاد","وجدة","1567","25036","PJD","رشيد  الهيلالي ","18246"
"الشرق","وجدة أنكاد","وجدة","1567","25036","PI","عمر حجيرة","46915"
"الشرق","وجدة أنكاد","وجدة","1567","25036","PI","نزهة رضى","48731"
"الشرق","وجدة أنكاد","وجدة","1567","25036","PI","عبد الحكيم الصفراوي","47262"
"الشرق","وجدة أنكاد","وجدة","1567","25036","PI","عبد القادر شملالي","47378"
"الشرق","وجدة أنكاد","وجدة","1567","25036","PI","محمد زين","47538"
"الشرق","وجدة أنكاد","وجدة","1567","25036","PI","المامون منصور","50249"
"الشرق","وجدة أنكاد","وجدة","1567","25036","PI","الحسن صابر","47883"