region,province,commune,id_commune,circ,parti,candidat,id_candidat
"مراكش- آسفي","أسفي","آسفي","1568","25037","PJD","عبد الجليل لبداوي","11385"
"مراكش- آسفي","أسفي","آسفي","1568","25037","PJD","لطيفة ابراهيمي","12770"
"مراكش- آسفي","أسفي","آسفي","1568","25037","PJD","ادريس الثمري","11416"
"مراكش- آسفي","أسفي","آسفي","1568","25037","PJD","فضيلة  اربيب ","12806"
"مراكش- آسفي","أسفي","آسفي","1568","25037","PJD","محمد الزين","11466"
"مراكش- آسفي","أسفي","آسفي","1568","25037","PJD","خديجة العطري","12868"
"مراكش- آسفي","أسفي","آسفي","1568","25037","PJD","عبد العزيز شكبير","11528"
"مراكش- آسفي","أسفي","آسفي","1568","25037","PJD","محمد الاجوادي","11565"
"مراكش- آسفي","أسفي","آسفي","1568","25037","PJD","عبداللطيف تكتور","11584"
"مراكش- آسفي","أسفي","آسفي","1568","25037","PJD","رضا بوكمازي","11635"
"مراكش- آسفي","أسفي","آسفي","1568","25037","PJD","سعيد كرضام ","11659"
"مراكش- آسفي","أسفي","آسفي","1568","25037","PJD","محمد العيشي","11691"
"مراكش- آسفي","أسفي","آسفي","1568","25037","PJD","يوسف المهيلي","11713"
"مراكش- آسفي","أسفي","آسفي","1568","25037","PJD","عبد الرحيم الستلاوي","11741"
"مراكش- آسفي","أسفي","آسفي","1568","25037","PJD","الجيلالي بنجدية","11774"
"مراكش- آسفي","أسفي","آسفي","1568","25037","PJD","شكيب بوكام","11794"
"مراكش- آسفي","أسفي","آسفي","1568","25037","PJD","نور الدين خولافي","11820"
"مراكش- آسفي","أسفي","آسفي","1568","25037","PJD","محمد فضي","11845"
"مراكش- آسفي","أسفي","آسفي","1568","25037","PJD","عبد الفتاح كناوي","11869"
"مراكش- آسفي","أسفي","آسفي","1568","25037","PJD","محمد الطاهر  الراقى","11906"
"مراكش- آسفي","أسفي","آسفي","1568","25037","PJD","هشام بوهملي","11936"
"مراكش- آسفي","أسفي","آسفي","1568","25037","PJD","عبد الرزاق  اواري","11951"
"مراكش- آسفي","أسفي","آسفي","1568","25037","PJD","نور الدين كموش","11968"
"مراكش- آسفي","أسفي","آسفي","1568","25037","PAM","محمد كاريم","108520"
"مراكش- آسفي","أسفي","آسفي","1568","25037","PAM","اسماء  مسير ","109288"
"مراكش- آسفي","أسفي","آسفي","1568","25037","PAM","يوسف مغيميمي","108578"
"مراكش- آسفي","أسفي","آسفي","1568","25037","PAM","نجية بوغنيمي","109342"
"مراكش- آسفي","أسفي","آسفي","1568","25037","PAM","رضى فهمي","108644"
"مراكش- آسفي","أسفي","آسفي","1568","25037","PAM","اشرف دندون","108740"
"مراكش- آسفي","أسفي","آسفي","1568","25037","PAM","سمير كودار","108889"
"مراكش- آسفي","أسفي","آسفي","1568","25037","PAM","الياس البداوي","109041"
"مراكش- آسفي","أسفي","آسفي","1568","25037","PAM","نبيل  بن عيشور ","109118"
"مراكش- آسفي","أسفي","آسفي","1568","25037","PAM","محمد الحيداوي","109230"
"مراكش- آسفي","أسفي","آسفي","1568","25037","PAM","عبد الجليل  زرياض","108783"
"مراكش- آسفي","أسفي","آسفي","1568","25037","PAM","المصطفى رويكه","108837"
"مراكش- آسفي","أسفي","آسفي","1568","25037","PI","عبد المجيد موليم","76517"
"مراكش- آسفي","أسفي","آسفي","1568","25037","PI","خديجة الخبابي","81678"
"مراكش- آسفي","أسفي","آسفي","1568","25037","PI","هشام سعنان","76553"
"مراكش- آسفي","أسفي","آسفي","1568","25037","PI","محمد لمخودم","76579"
"مراكش- آسفي","أسفي","آسفي","1568","25037","PI","توفيق مشريف","78110"
"مراكش- آسفي","أسفي","آسفي","1568","25037","PI","عز الدين ساجيد","78194"
"مراكش- آسفي","أسفي","آسفي","1568","25037","PI","عبد الاله باموسي","78239"
"مراكش- آسفي","أسفي","آسفي","1568","25037","PI","رياض الطنطاوي","78289"
"مراكش- آسفي","أسفي","آسفي","1568","25037","PI","الطيب كرياني","78331"
"مراكش- آسفي","أسفي","آسفي","1568","25037","PI","عزيز بوحمالة","78375"
"مراكش- آسفي","أسفي","آسفي","1568","25037","UC","مصطفى بوكرى","59806"
"مراكش- آسفي","أسفي","آسفي","1568","25037","UC","فوزية الزراوطي","61762"
"مراكش- آسفي","أسفي","آسفي","1568","25037","UC","سامي عاطفي","59847"
"مراكش- آسفي","أسفي","آسفي","1568","25037","UC","نور الدين لواح","59882"
"مراكش- آسفي","أسفي","آسفي","1568","25037","UC","الحسن كاملي","59929"
"مراكش- آسفي","أسفي","آسفي","1568","25037","MP","عادل السباعي","45790"
"مراكش- آسفي","أسفي","آسفي","1568","25037","MP","السعدية عاطف","46783"
"مراكش- آسفي","أسفي","آسفي","1568","25037","MP","حسن بالمغمض","45820"
"مراكش- آسفي","أسفي","آسفي","1568","25037","MP","عبد الجليل مغفل","45842"
"مراكش- آسفي","أسفي","آسفي","1568","25037","MP","عبد الحق أوالماشي  ","45902"
"مراكش- آسفي","أسفي","اتوابت","260","3897","MP","عبد الحفيظ ادريويش","8343"
"مراكش- آسفي","أسفي","اتوابت","260","3888","MP","عبد الرحيم السعيد","17825"
"مراكش- آسفي","أسفي","اتوابت","260","3888","MP","نعيمة الكارح","17853"
"مراكش- آسفي","أسفي","اتوابت","260","3898","MP","ساعيد بنروى","4058"
"مراكش- آسفي","أسفي","اتوابت","260","3892","MP","صالح العود","17940"
"مراكش- آسفي","أسفي","اتوابت","260","3892","MP","نجاة اللحية","17990"
"مراكش- آسفي","أسفي","اتوابت","260","3900","MP"," عثمان  بلحفيظ","8238"
"مراكش- آسفي","أسفي","اتوابت","260","3896","MP","الرجراجي المعروفي","8232"
"مراكش- آسفي","أسفي","اتوابت","260","3894","MP","محمد فلواش","53099"
"مراكش- آسفي","أسفي","اتوابت","260","3889","PAM","عبد الاله الباز","53197"
"مراكش- آسفي","أسفي","اتوابت","260","3895","PAM","الطيب الكزولي","13616"
"مراكش- آسفي","أسفي","اتوابت","260","3895","PAM","عائشة الهادي","13649"
"مراكش- آسفي","أسفي","اتوابت","260","3890","PAM","عبد الرحيم فريري","13743"
"مراكش- آسفي","أسفي","اتوابت","260","3891","PJD","ادريس الحمامصي","3973"
"مراكش- آسفي","أسفي","اتوابت","260","3891","PJD","خديجة الحمامصي","3990"
"مراكش- آسفي","أسفي","اتوابت","260","3899","PJD","محمد امعيضة","25267"
"مراكش- آسفي","أسفي","اتوابت","260","3893","PJD","المصطفى سالم","25237"
"مراكش- آسفي","أسفي","اصعادلا","1106","17361","UC","محمد مصمود","117269"
"مراكش- آسفي","أسفي","اصعادلا","1106","17361","UC","حبيبة مجتهد","117201"
"مراكش- آسفي","أسفي","اصعادلا","1106","17357","UC","محمد رضواني","68804"
"مراكش- آسفي","أسفي","اصعادلا","1106","17370","UC","عبد النعيم الصهاجي","50621"
"مراكش- آسفي","أسفي","اصعادلا","1106","17365","UC","الهاشمي  فكاك","24776"
"مراكش- آسفي","أسفي","اصعادلا","1106","27630","UC","علال بنزمور","24837"
"مراكش- آسفي","أسفي","اصعادلا","1106","27630","UC","مينة  بنزمور","24854"
"مراكش- آسفي","أسفي","اصعادلا","1106","27635","UC","المصطفى خيبوة","38856"
"مراكش- آسفي","أسفي","اصعادلا","1106","27629","UC","عبدالمطالب بطي","38790"
"مراكش- آسفي","أسفي","اصعادلا","1106","17362","RNI","عبد الله بوصميطي","68954"
"مراكش- آسفي","أسفي","اصعادلا","1106","17359","RNI","عبد الاله زوفير","4629"
"مراكش- آسفي","أسفي","اصعادلا","1106","27632","RNI","عبدالرحيم فرصة","50817"
"مراكش- آسفي","أسفي","اصعادلا","1106","17364","PI","احمد فروخ","8868"
"مراكش- آسفي","أسفي","اصعادلا","1106","17366","PI","عبد الرحيم باشرة","19918"
"مراكش- آسفي","أسفي","اصعادلا","1106","27634","PI","خاليد بسبوسي","10032"
"مراكش- آسفي","أسفي","اصعادلا","1106","17363","PI","عبد الرحيم لحسيبة ","19885"
"مراكش- آسفي","أسفي","اصعادلا","1106","17368","PI","عمر بوشوير","8863"
"مراكش- آسفي","أسفي","اصعادلا","1106","17369","PI","عزيز الرواكي","50493"
"مراكش- آسفي","أسفي","اصعادلا","1106","27628","PJD","عبد اللطيف لمريق","19825"
"مراكش- آسفي","أسفي","اصعادلا","1106","27628","PJD","اعبوش لمريق","19848"
"مراكش- آسفي","أسفي","اصعادلا","1106","17367","PJD","احمد حجامي","38686"
"مراكش- آسفي","أسفي","اصعادلا","1106","27631","PJD","محمد  الرزرازي","4631"
"مراكش- آسفي","أسفي","اصعادلا","1106","17356","PJD","ادريس فخيري","4633"
"مراكش- آسفي","أسفي","اصعادلا","1106","17360","PPS","عبد الله بنريوي","8845"
"مراكش- آسفي","أسفي","اصعادلا","1106","17360","PPS","سارى السخراوي","8850"
"مراكش- آسفي","أسفي","اصعادلا","1106","27633","PPS","عبد الله السخراوي","8861"
"مراكش- آسفي","أسفي","اصعادلا","1106","17358","PPS","ادريس بنريوي","8852"
"مراكش- آسفي","أسفي","البدوزة","485","7580","UC","مبارك رشيدي","65439"
"مراكش- آسفي","أسفي","البدوزة","485","7580","UC","جميلة الفارسي","65503"
"مراكش- آسفي","أسفي","البدوزة","485","7574","UC","علال البودهيري","39387"
"مراكش- آسفي","أسفي","البدوزة","485","7574","UC","سعيدة الزرهوني","39420"
"مراكش- آسفي","أسفي","البدوزة","485","7581","UC","المامون الحمدوني","65760"
"مراكش- آسفي","أسفي","البدوزة","485","7581","UC","حليمة الكنز","65802"
"مراكش- آسفي","أسفي","البدوزة","485","7577","UC","فيصل الزرهوني","65278"
"مراكش- آسفي","أسفي","البدوزة","485","7578","UC","بدر الدين الزرهوني","51776"
"مراكش- آسفي","أسفي","البدوزة","485","27497","UC","نور الدين الزرهوني","39589"
"مراكش- آسفي","أسفي","البدوزة","485","7582","UC","عبد الخالق بوجريف","51869"
"مراكش- آسفي","أسفي","البدوزة","485","7573","UC","حسان امغار","39467"
"مراكش- آسفي","أسفي","البدوزة","485","27496","UC","عمر  الزرهوني","65874"
"مراكش- آسفي","أسفي","البدوزة","485","7585","UC","الجيلالي بوكار","39245"
"مراكش- آسفي","أسفي","البدوزة","485","7585","UC","حبيبة خربوش","39278"
"مراكش- آسفي","أسفي","البدوزة","485","7584","UC","عبد الله شخشة","7885"
"مراكش- آسفي","أسفي","البدوزة","485","7575","UC","حسن بلوزة","39505"
"مراكش- آسفي","أسفي","البدوزة","485","7579","UC","حسن مراد","65329"
"مراكش- آسفي","أسفي","البدوزة","485","7576","UC","ابراهيم كريبان","65141"
"مراكش- آسفي","أسفي","البدوزة","485","7583","PJD","هشام خيارة","51902"
"مراكش- آسفي","أسفي","الغيات","495","7727","PPS","محمد الحمداني","992"
"مراكش- آسفي","أسفي","الغيات","495","7734","PPS","عبد السلام بوكليمي","3428"
"مراكش- آسفي","أسفي","الغيات","495","7741","PPS","عبد القادر  امغينف","3455"
"مراكش- آسفي","أسفي","الغيات","495","7732","PPS","عبد النبي خافيت","6949"
"مراكش- آسفي","أسفي","الغيات","495","7732","PPS","السعدية  بكار","6986"
"مراكش- آسفي","أسفي","الغيات","495","7737","PPS","عبدالرزاق بوعودة","3596"
"مراكش- آسفي","أسفي","الغيات","495","25710","PPS","عمر لهنيدة","1119"
"مراكش- آسفي","أسفي","الغيات","495","7742","PPS","عمر ميسوري","1112"
"مراكش- آسفي","أسفي","الغيات","495","7723","PPS","عبد العزيز فرحان","11096"
"مراكش- آسفي","أسفي","الغيات","495","7744","PPS","محمد البياض","3805"
"مراكش- آسفي","أسفي","الغيات","495","7735","PPS","رشيد محيب","52685"
"مراكش- آسفي","أسفي","الغيات","495","7728","PPS","احمد حمداني","1000"
"مراكش- آسفي","أسفي","الغيات","495","7726","PPS","لحسن بنعزي","7001"
"مراكش- آسفي","أسفي","الغيات","495","7724","PPS","عمر نحيلة ","965"
"مراكش- آسفي","أسفي","الغيات","495","7740","PPS","حميد لحسيني","3642"
"مراكش- آسفي","أسفي","الغيات","495","7743","PPS","عبد الفتاح الفدادي","7014"
"مراكش- آسفي","أسفي","الغيات","495","7738","PPS","محجوب  الفنان","3405"
"مراكش- آسفي","أسفي","الغيات","495","7745","PJD","الفاطمي مفتاح","20184"
"مراكش- آسفي","أسفي","الغيات","495","7725","PJD","ابراهيم بنحيلي","3569"
"مراكش- آسفي","أسفي","الغيات","495","7729","PJD","رشيد الخياط","84118"
"مراكش- آسفي","أسفي","الغيات","495","7729","PJD","احليمة نعوم","84188"
"مراكش- آسفي","أسفي","الغيات","495","7733","PJD","مصطفى الحجاوج","36265"
"مراكش- آسفي","أسفي","الغيات","495","7733","PJD","مريم العلواوي ","36326"
"مراكش- آسفي","أسفي","الغيات","495","7731","PJD","عبد المجيد باحجوب","20124"
"مراكش- آسفي","أسفي","الغيات","495","7739","PI","عبد الرزاق نجاوي","36502"
"مراكش- آسفي","أسفي","الغيات","495","7736","PI","عبد الجليل الضوى","66649"
"مراكش- آسفي","أسفي","الغيات","495","7736","PI","مليكة بادري","66693"
"مراكش- آسفي","أسفي","الغيات","495","7730","PI","محمد حريمة","84797"
"مراكش- آسفي","أسفي","الغيات","495","25711","UC","عبد المجيد الفدادي","20083"
"مراكش- آسفي","أسفي","الكرعاني","496","7752","PI","محمد الحمامصى","4597"
"مراكش- آسفي","أسفي","الكرعاني","496","7752","PI","مريم لحميني","4603"
"مراكش- آسفي","أسفي","الكرعاني","496","7753","PI","المصطفى بنسليمان","4579"
"مراكش- آسفي","أسفي","الكرعاني","496","7753","PI","رباب ندير","4586"
"مراكش- آسفي","أسفي","الكرعاني","496","7758","PI","محمد الزرزوري","7488"
"مراكش- آسفي","أسفي","الكرعاني","496","7758","PI","غيثة المرجاني","7521"
"مراكش- آسفي","أسفي","الكرعاني","496","7747","PI","الحسن المجدي","4616"
"مراكش- آسفي","أسفي","الكرعاني","496","7757","PI","مصطفى عيوش","4571"
"مراكش- آسفي","أسفي","الكرعاني","496","7755","PI","سعيد نعيم","4588"
"مراكش- آسفي","أسفي","الكرعاني","496","7746","PI","عبد الجليل مزيان","12414"
"مراكش- آسفي","أسفي","الكرعاني","496","7751","PI","مبارك العماري","7611"
"مراكش- آسفي","أسفي","الكرعاني","496","7754","USFP","سعيد السالك","7547"
"مراكش- آسفي","أسفي","الكرعاني","496","7754","USFP","خديجة الناجي","7575"
"مراكش- آسفي","أسفي","الكرعاني","496","7750","USFP","يوسف عبيدي","12282"
"مراكش- آسفي","أسفي","الكرعاني","496","7749","USFP","بدر المشكور","1560"
"مراكش- آسفي","أسفي","الكرعاني","496","7748","USFP","محمد الكيحل","12369"
"مراكش- آسفي","أسفي","الكرعاني","496","7756","PAM","الحسن لعريش","64071"
"مراكش- آسفي","أسفي","اولاد سلمان","1054","16569","PPS","عبد العزيز ناني","7447"
"مراكش- آسفي","أسفي","اولاد سلمان","1054","16570","PPS","عبد الرزاق غبري","23954"
"مراكش- آسفي","أسفي","اولاد سلمان","1054","16570","PPS","لطيفة دعلبي","23974"
"مراكش- آسفي","أسفي","اولاد سلمان","1054","16564","PPS","ربيع  شعود   ","63887"
"مراكش- آسفي","أسفي","اولاد سلمان","1054","16566","PPS","المصطفى المزوري","14032"
"مراكش- آسفي","أسفي","اولاد سلمان","1054","16574","PPS","عبد العزيز لعليلي","24847"
"مراكش- آسفي","أسفي","اولاد سلمان","1054","16586","PPS","عثمان بنديب","117729"
"مراكش- آسفي","أسفي","اولاد سلمان","1054","16571","PPS","الهاشمي بلهروكية","13988"
"مراكش- آسفي","أسفي","اولاد سلمان","1054","16573","PPS","عبد الرحيم بومهد","117878"
"مراكش- آسفي","أسفي","اولاد سلمان","1054","16583","PPS","عبد القادر اشعيبة","15168"
"مراكش- آسفي","أسفي","اولاد سلمان","1054","16578","PPS","عبد المجيد الجلدة","23866"
"مراكش- آسفي","أسفي","اولاد سلمان","1054","16576","PPS","العياشي هجيلة","52067"
"مراكش- آسفي","أسفي","اولاد سلمان","1054","16579","PPS","عز الدين الهادي","24109"
"مراكش- آسفي","أسفي","اولاد سلمان","1054","16572","PAM","فؤاد بنديب","14072"
"مراكش- آسفي","أسفي","اولاد سلمان","1054","16565","PAM","عبد الهادي رقيبي","89022"
"مراكش- آسفي","أسفي","اولاد سلمان","1054","16565","PAM","نجاة العقيل","90178"
"مراكش- آسفي","أسفي","اولاد سلمان","1054","16575","PAM"," احمد  الجمودي","24769"
"مراكش- آسفي","أسفي","اولاد سلمان","1054","16581","PAM","خالد العبوشي","30459"
"مراكش- آسفي","أسفي","اولاد سلمان","1054","16585","PAM","احمد الخيواخ","64086"
"مراكش- آسفي","أسفي","اولاد سلمان","1054","16584","PAM","احمد الضريبينة ","39055"
"مراكش- آسفي","أسفي","اولاد سلمان","1054","16568","PAM","عبد الرحيم كروم","21951"
"مراكش- آسفي","أسفي","اولاد سلمان","1054","16567","PI","عبد المجيد افريج","14046"
"مراكش- آسفي","أسفي","اولاد سلمان","1054","16580","MP","خالد الخياطي","17992"
"مراكش- آسفي","أسفي","اولاد سلمان","1054","16580","MP","حيات الباريكي","18008"
"مراكش- آسفي","أسفي","اولاد سلمان","1054","16582","PJD","عزوز بسيوة","64312"
"مراكش- آسفي","أسفي","اولاد سلمان","1054","16582","PJD","عيدة  عديد","64361"
"مراكش- آسفي","أسفي","اولاد سلمان","1054","16577","PJD","عبد الله سحوتي","39164"
"مراكش- آسفي","أسفي","ايير","262","3929","PJD","عبد الجبار حدوشي","7930"
"مراكش- آسفي","أسفي","ايير","262","3918","PJD","محمد بابا","19441"
"مراكش- آسفي","أسفي","ايير","262","3918","PJD","بديعة بابا","19455"
"مراكش- آسفي","أسفي","ايير","262","3926","PJD","محمد حيسون ","36176"
"مراكش- آسفي","أسفي","ايير","262","3924","PJD","عبد الفتاح صبيحي","7896"
"مراكش- آسفي","أسفي","ايير","262","3933","PJD","خالد بكار","7926"
"مراكش- آسفي","أسفي","ايير","262","3916","USFP","مبارك الفارسي","25034"
"مراكش- آسفي","أسفي","ايير","262","3916","USFP","لوبنة السياري","25054"
"مراكش- آسفي","أسفي","ايير","262","3925","USFP","محمد العضلي","12078"
"مراكش- آسفي","أسفي","ايير","262","3915","USFP","عبد السلام ورتان","8078"
"مراكش- آسفي","أسفي","ايير","262","3914","USFP","عبد الكريم الفارسي","51260"
"مراكش- آسفي","أسفي","ايير","262","3917","USFP","عبد الله الفارسي","68013"
"مراكش- آسفي","أسفي","ايير","262","3923","USFP","سعيد  توفيق ","10280"
"مراكش- آسفي","أسفي","ايير","262","3930","PAM","عبد العالي شرافي","118617"
"مراكش- آسفي","أسفي","ايير","262","3928","PAM","الحسين  التونسي","119111"
"مراكش- آسفي","أسفي","ايير","262","3935","PAM","عبدالهادي بركة","117248"
"مراكش- آسفي","أسفي","ايير","262","3935","PAM","مليكة بركة","117322"
"مراكش- آسفي","أسفي","ايير","262","3934","PAM","المصطفى الصايل","117841"
"مراكش- آسفي","أسفي","ايير","262","3936","PAM","محمد بركة","117897"
"مراكش- آسفي","أسفي","ايير","262","27460","PAM","عبد الله  حدوشي","90848"
"مراكش- آسفي","أسفي","ايير","262","3927","PAM","عبد المجيد ماغى","118530"
"مراكش- آسفي","أسفي","ايير","262","3927","PAM","خديجة  ويي","118413"
"مراكش- آسفي","أسفي","ايير","262","3919","PAM","ابراهيم حدوشي","89990"
"مراكش- آسفي","أسفي","ايير","262","27461","PAM","محمد الصباح","118032"
"مراكش- آسفي","أسفي","ايير","262","3922","PAM","احمد كويط","118148"
"مراكش- آسفي","أسفي","ايير","262","3931","PI","محمد بنمانة","19403"
"مراكش- آسفي","أسفي","ايير","262","3932","UC","مراد سروخ","19423"
"مراكش- آسفي","أسفي","ايير","262","3920","RNI","عبد القادر  مزوار","89647"
"مراكش- آسفي","أسفي","ايير","262","3921","RNI","حميد مزوار","90060"
"مراكش- آسفي","أسفي","بوكدرة","394","6112","UC","موسى بناني","68784"
"مراكش- آسفي","أسفي","بوكدرة","394","6103","UC","المصطفى عروف","38083"
"مراكش- آسفي","أسفي","بوكدرة","394","6106","UC","قدور الزكاني","1398"
"مراكش- آسفي","أسفي","بوكدرة","394","6104","UC","صالح كاريم","1400"
"مراكش- آسفي","أسفي","بوكدرة","394","6094","UC","مبارك عز الدين","19205"
"مراكش- آسفي","أسفي","بوكدرة","394","6100","PAM","عبد الجليل نفضال","68579"
"مراكش- آسفي","أسفي","بوكدرة","394","6100","PAM","اسماء  الزاكي ","68659"
"مراكش- آسفي","أسفي","بوكدرة","394","6093","PAM","محمد علوي","28290"
"مراكش- آسفي","أسفي","بوكدرة","394","6096","PAM","حسن الجرمان","1410"
"مراكش- آسفي","أسفي","بوكدرة","394","6097","PAM","خالد الفوهيري","28315"
"مراكش- آسفي","أسفي","بوكدرة","394","6098","PAM","محمد اعماري","1404"
"مراكش- آسفي","أسفي","بوكدرة","394","6111","PAM","عبد الفتاح زوهاري","14225"
"مراكش- آسفي","أسفي","بوكدرة","394","6090","PAM","ميلود حايف","53170"
"مراكش- آسفي","أسفي","بوكدرة","394","6090","PAM","نعيمة الوزي","53199"
"مراكش- آسفي","أسفي","بوكدرة","394","6102","PAM","حفيظ البحري","19333"
"مراكش- آسفي","أسفي","بوكدرة","394","6110","PAM","عبد العزيز باشي","1402"
"مراكش- آسفي","أسفي","بوكدرة","394","6108","PI","عبد الرحيم بريا","1396"
"مراكش- آسفي","أسفي","بوكدرة","394","6107","PI","المصطفى بانا","115926"
"مراكش- آسفي","أسفي","بوكدرة","394","6107","PI","بوشرى السكداتي","116150"
"مراكش- آسفي","أسفي","بوكدرة","394","6105","PI","عبد القادر المنصوري","1399"
"مراكش- آسفي","أسفي","بوكدرة","394","6095","PI","رشيد مرين","4511"
"مراكش- آسفي","أسفي","بوكدرة","394","6095","PI","السعدية لمزوري","4524"
"مراكش- آسفي","أسفي","بوكدرة","394","6091","PI","رشيد بلقاضي","52852"
"مراكش- آسفي","أسفي","بوكدرة","394","6092","PI","عيسى قاسمي","38295"
"مراكش- آسفي","أسفي","بوكدرة","394","6101","PJD","عبد اللطيف بالغبرة","69183"
"مراكش- آسفي","أسفي","بوكدرة","394","6109","PJD","محمد الضماتي","4562"
"مراكش- آسفي","أسفي","بوكدرة","394","6099","RNI","يوسف كرضام","89223"
"مراكش- آسفي","أسفي","جمعة سحيم","676","10573","PI","عبد اللطيف لمباركي","89158"
"مراكش- آسفي","أسفي","جمعة سحيم","676","10570","PI","الحسن موليم","66918"
"مراكش- آسفي","أسفي","جمعة سحيم","676","10570","PI","سهام الكردودي","67115"
"مراكش- آسفي","أسفي","جمعة سحيم","676","10565","PI","عبدالرحيم الاحرش","45646"
"مراكش- آسفي","أسفي","جمعة سحيم","676","10565","PI","حسناء موريد","45667"
"مراكش- آسفي","أسفي","جمعة سحيم","676","10564","PI","خالد انويكض","11222"
"مراكش- آسفي","أسفي","جمعة سحيم","676","10574","PI","عبد النبي موريد","37036"
"مراكش- آسفي","أسفي","جمعة سحيم","676","10574","PI","سميرة حمادة","37060"
"مراكش- آسفي","أسفي","جمعة سحيم","676","10562","PI","عبد اللطيف موريد","36964"
"مراكش- آسفي","أسفي","جمعة سحيم","676","10572","PI","رشيد لمباركي","89027"
"مراكش- آسفي","أسفي","جمعة سحيم","676","10569","PI","عادل صبار","17232"
"مراكش- آسفي","أسفي","جمعة سحيم","676","10566","PI","عبد الرحيم بنحميدى","66163"
"مراكش- آسفي","أسفي","جمعة سحيم","676","10567","PAM","عبد الهادي الهادف","17211"
"مراكش- آسفي","أسفي","جمعة سحيم","676","10571","PJD","محمد بندحان","23028"
"مراكش- آسفي","أسفي","جمعة سحيم","676","10568","UC","رضوان حمزاوي","67706"
"مراكش- آسفي","أسفي","جمعة سحيم","676","10568","UC","نورة الحمزاوي","67743"
"مراكش- آسفي","أسفي","جمعة سحيم","676","10563","UC","محمد ابن زهير","66366"
"مراكش- آسفي","أسفي","حرارة","602","9527","RNI","سعيد حمريش","16306"
"مراكش- آسفي","أسفي","حرارة","602","9527","RNI","فاطمة كوبابي","16322"
"مراكش- آسفي","أسفي","حرارة","602","9544","RNI","عبد الكبير الهتيب","121068"
"مراكش- آسفي","أسفي","حرارة","602","9544","RNI","خديجة ازريدي","121117"
"مراكش- آسفي","أسفي","حرارة","602","9526","RNI","محمد ميلودة","120397"
"مراكش- آسفي","أسفي","حرارة","602","9526","RNI","فاطمة ميلودة","120457"
"مراكش- آسفي","أسفي","حرارة","602","9535","RNI","عبد الرحيم كوبابي","13323"
"مراكش- آسفي","أسفي","حرارة","602","9543","RNI","عبد الرحيم المسكي","4621"
"مراكش- آسفي","أسفي","حرارة","602","9531","RNI","عمر كردودي","64247"
"مراكش- آسفي","أسفي","حرارة","602","27522","RNI","ياسين كردودي","51100"
"مراكش- آسفي","أسفي","حرارة","602","9534","RNI","محمد عوان","8688"
"مراكش- آسفي","أسفي","حرارة","602","9533","RNI","عبد الحي اشحيم","8725"
"مراكش- آسفي","أسفي","حرارة","602","9545","RNI","عبدالغاني التومي","13429"
"مراكش- آسفي","أسفي","حرارة","602","9537","RNI","عبد الرحيم نعمان","8739"
"مراكش- آسفي","أسفي","حرارة","602","9536","RNI","المصطفى خصيم","121135"
"مراكش- آسفي","أسفي","حرارة","602","9541","PI","عبدالكريم العمراوي","30674"
"مراكش- آسفي","أسفي","حرارة","602","9540","PI","سعيد لحصيري","30659"
"مراكش- آسفي","أسفي","حرارة","602","9528","PI","سلام الناهي","39731"
"مراكش- آسفي","أسفي","حرارة","602","9528","PI","رقية مستكو","39760"
"مراكش- آسفي","أسفي","حرارة","602","9542","PI","عبد النبي الزريدي","30691"
"مراكش- آسفي","أسفي","حرارة","602","9530","PI","الطاهر سيومي","50613"
"مراكش- آسفي","أسفي","حرارة","602","9525","PI","رضوان الركاز","30570"
"مراكش- آسفي","أسفي","حرارة","602","9529","PI","خليل لمحول","120558"
"مراكش- آسفي","أسفي","حرارة","602","9538","PI","عبد الله الطالكي","30618"
"مراكش- آسفي","أسفي","حرارة","602","9539","PI","احمد لحصيري","30633"
"مراكش- آسفي","أسفي","حرارة","602","9524","PI","عبد الاله الشقوري","119616"
"مراكش- آسفي","أسفي","حرارة","602","9546","PJD","رشيد بوكنانا","50996"
"مراكش- آسفي","أسفي","حرارة","602","9532","PJD","ادريس الواعي","121039"
"مراكش- آسفي","أسفي","حرارة","602","27523","PJD","ادريس غزالي","51200"
"مراكش- آسفي","أسفي","خط ازكان","711","11142","PAM","رشيد مفتاح","51945"
"مراكش- آسفي","أسفي","خط ازكان","711","11142","PAM","لوبنى بومي","51984"
"مراكش- آسفي","أسفي","خط ازكان","711","27544","PAM","محمد الزيتون","51735"
"مراكش- آسفي","أسفي","خط ازكان","711","11150","PAM","محمد الهردي","21954"
"مراكش- آسفي","أسفي","خط ازكان","711","11144","PAM","عبد العزيز بن عزي","38776"
"مراكش- آسفي","أسفي","خط ازكان","711","11149","PAM","عبد الكريم الويداني","39507"
"مراكش- آسفي","أسفي","خط ازكان","711","11149","PAM","نعيمة  انعينيعة","39530"
"مراكش- آسفي","أسفي","خط ازكان","711","27549","PAM","عبد الرحيم بنزينون","120333"
"مراكش- آسفي","أسفي","خط ازكان","711","27550","PAM","عبد الصمد الهردي","119171"
"مراكش- آسفي","أسفي","خط ازكان","711","11141","PAM","عبد الغاني بصالي","39044"
"مراكش- آسفي","أسفي","خط ازكان","711","27545","PAM","كمال الباز","21917"
"مراكش- آسفي","أسفي","خط ازكان","711","11151","PAM","عبد المالك التكني","123398"
"مراكش- آسفي","أسفي","خط ازكان","711","11152","PAM","حميد امهيمر ","21939"
"مراكش- آسفي","أسفي","خط ازكان","711","11143","PAM","عبد الرزاق التومي","52025"
"مراكش- آسفي","أسفي","خط ازكان","711","11143","PAM","كبورة بعطيطي","52072"
"مراكش- آسفي","أسفي","خط ازكان","711","11154","PPS","الطاهر النوالي","38989"
"مراكش- آسفي","أسفي","خط ازكان","711","11154","PPS","مينة الابيض","39013"
"مراكش- آسفي","أسفي","خط ازكان","711","11146","PPS","سعيد مراشي","52149"
"مراكش- آسفي","أسفي","خط ازكان","711","27546","PPS","كبور عيوش","21860"
"مراكش- آسفي","أسفي","خط ازكان","711","11153","PPS","حسن بردال","51693"
"مراكش- آسفي","أسفي","خط ازكان","711","11145","PPS","صالح عوادة","30289"
"مراكش- آسفي","أسفي","خط ازكان","711","11147","PPS","عبد الله الوداني","52123"
"مراكش- آسفي","أسفي","خط ازكان","711","27548","PI","خليل بنكريكش","23653"
"مراكش- آسفي","أسفي","خط ازكان","711","11148","PI","المحجوب سمنان","30364"
"مراكش- آسفي","أسفي","خط ازكان","711","27551","PI","عبد الفتاح تيسري","23589"
"مراكش- آسفي","أسفي","خط ازكان","711","27547","PI","محمد البركاوي","30353"
"مراكش- آسفي","أسفي","خط ازكان","711","11155","PI","كبير  كوفاش","30270"
"مراكش- آسفي","أسفي","دار سي عيسى","461","7168","PJD","محمد بوعلام","69743"
"مراكش- آسفي","أسفي","دار سي عيسى","461","7168","PJD","حسناء بوعلام","74130"
"مراكش- آسفي","أسفي","دار سي عيسى","461","7163","PJD","التهامي الخابير","49492"
"مراكش- آسفي","أسفي","دار سي عيسى","461","7163","PJD","سعاد الغراري","49525"
"مراكش- آسفي","أسفي","دار سي عيسى","461","7164","PJD","عبد الجبار القنوفي","69869"
"مراكش- آسفي","أسفي","دار سي عيسى","461","7164","PJD","سهام صمصام","70257"
"مراكش- آسفي","أسفي","دار سي عيسى","461","7173","PJD","عبد اللطيف بوجنان","69719"
"مراكش- آسفي","أسفي","دار سي عيسى","461","7175","PJD","عبد الرحيم الغراري","50100"
"مراكش- آسفي","أسفي","دار سي عيسى","461","7167","PJD","مبارك اوشعنون","49755"
"مراكش- آسفي","أسفي","دار سي عيسى","461","7174","PJD","حسن بدري","50055"
"مراكش- آسفي","أسفي","دار سي عيسى","461","7169","PI","عمر الشاوني","13136"
"مراكش- آسفي","أسفي","دار سي عيسى","461","7169","PI","وفاء حنين","13160"
"مراكش- آسفي","أسفي","دار سي عيسى","461","7171","PI","احمد الغازي","69753"
"مراكش- آسفي","أسفي","دار سي عيسى","461","7172","PI","عبد المجيد الخوخي","19788"
"مراكش- آسفي","أسفي","دار سي عيسى","461","7165","PAM","حافيظ بضرون","13188"
"مراكش- آسفي","أسفي","دار سي عيسى","461","7170","UC","محمد الدشري","19773"
"مراكش- آسفي","أسفي","دار سي عيسى","461","7166","RNI","عبد الكبير كوشي","19734"
"مراكش- آسفي","أسفي","سبت كزولة","1129","17852","PAM","عبد الرحيم امزال","87157"
"مراكش- آسفي","أسفي","سبت كزولة","1129","27641","PAM","المصطفى الدولبي","115620"
"مراكش- آسفي","أسفي","سبت كزولة","1129","27638","PAM","طارق  صلاح  الدين ","89276"
"مراكش- آسفي","أسفي","سبت كزولة","1129","27636","PAM","سعيد الشرامي","114833"
"مراكش- آسفي","أسفي","سبت كزولة","1129","17846","PAM","محمد الطيب كردى","115317"
"مراكش- آسفي","أسفي","سبت كزولة","1129","17849","PAM","نور الدين السبيسي","86589"
"مراكش- آسفي","أسفي","سبت كزولة","1129","17856","PAM","الحسين بنكادة","115438"
"مراكش- آسفي","أسفي","سبت كزولة","1129","17856","PAM","ليلى كاريم","115527"
"مراكش- آسفي","أسفي","سبت كزولة","1129","17851","PAM","محمود كاريم","87445"
"مراكش- آسفي","أسفي","سبت كزولة","1129","17847","PAM","محمد اسلامة","86888"
"مراكش- آسفي","أسفي","سبت كزولة","1129","17848","PAM","عبد الله  كاريم ","115209"
"مراكش- آسفي","أسفي","سبت كزولة","1129","27639","PAM","محمد دندون","87260"
"مراكش- آسفي","أسفي","سبت كزولة","1129","17845","PAM","الجيلالي اشرامي","74064"
"مراكش- آسفي","أسفي","سبت كزولة","1129","27643","PAM","عبد العزيز البهلولي","114569"
"مراكش- آسفي","أسفي","سبت كزولة","1129","27643","PAM","وفاء هجيلة","114636"
"مراكش- آسفي","أسفي","سبت كزولة","1129","27642","PAM","احمد الشهري","115253"
"مراكش- آسفي","أسفي","سبت كزولة","1129","25716","PAM","المصطفى زعري","86241"
"مراكش- آسفي","أسفي","سبت كزولة","1129","17850","PAM","خالد البرهمي","86313"
"مراكش- آسفي","أسفي","سبت كزولة","1129","17855","PAM","خليد البيحي","86662"
"مراكش- آسفي","أسفي","سبت كزولة","1129","17855","PAM","عائشة القديوي","86791"
"مراكش- آسفي","أسفي","سبت كزولة","1129","25717","PAM","عبد المجيد لمغيري","86151"
"مراكش- آسفي","أسفي","سبت كزولة","1129","27640","PAM","الجيلالي بوضرة","113991"
"مراكش- آسفي","أسفي","سبت كزولة","1129","27637","PJD","نبيل ضريف","114511"
"مراكش- آسفي","أسفي","سبت كزولة","1129","27637","PJD","فاطنة  ضريف","114714"
"مراكش- آسفي","أسفي","سبت كزولة","1129","17857","PJD","نور الدين الميساوي ","54138"
"مراكش- آسفي","أسفي","سبت كزولة","1129","17854","PJD","هشام ابورقية","114677"
"مراكش- آسفي","أسفي","سبت كزولة","1129","17853","PI","ابراهيم الموساوي","114979"
"مراكش- آسفي","أسفي","سيدي التيجي","1224","19337","PAM","رشيد اسد","28581"
"مراكش- آسفي","أسفي","سيدي التيجي","1224","25779","PAM","المحجوب ابجياج","28420"
"مراكش- آسفي","أسفي","سيدي التيجي","1224","25779","PAM","اشتيوة  العطار","28436"
"مراكش- آسفي","أسفي","سيدي التيجي","1224","19327","PAM","عزيز زلاغ","28381"
"مراكش- آسفي","أسفي","سيدي التيجي","1224","19327","PAM","ماجدولين زلاغ","28393"
"مراكش- آسفي","أسفي","سيدي التيجي","1224","19329","PAM","حسن الكاسمي","28411"
"مراكش- آسفي","أسفي","سيدي التيجي","1224","19331","PAM","بوشعيب الشاوفي","28556"
"مراكش- آسفي","أسفي","سيدي التيجي","1224","19331","PAM","امينة بن رقية","28575"
"مراكش- آسفي","أسفي","سيدي التيجي","1224","19333","PAM","منير المسقي","68137"
"مراكش- آسفي","أسفي","سيدي التيجي","1224","19334","PAM","احمد  جابر","35779"
"مراكش- آسفي","أسفي","سيدي التيجي","1224","19336","PAM","عبد الخالق المؤدن","35853"
"مراكش- آسفي","أسفي","سيدي التيجي","1224","25783","PAM","محمد المترب","89340"
"مراكش- آسفي","أسفي","سيدي التيجي","1224","19338","PAM","الميلودي الهواري","28559"
"مراكش- آسفي","أسفي","سيدي التيجي","1224","25781","PAM","عبد الواحد شعبانى","35812"
"مراكش- آسفي","أسفي","سيدي التيجي","1224","25777","PAM","عبد الكبير بن الفقير","22888"
"مراكش- آسفي","أسفي","سيدي التيجي","1224","19335","PI","عبد الكريم ايت صالح","68048"
"مراكش- آسفي","أسفي","سيدي التيجي","1224","19330","PI","محمد بن الزيدية ","68187"
"مراكش- آسفي","أسفي","سيدي التيجي","1224","25778","PI","عبد اللطيف كنوني","20899"
"مراكش- آسفي","أسفي","سيدي التيجي","1224","19339","PI","احمد  محي","88541"
"مراكش- آسفي","أسفي","سيدي التيجي","1224","19339","PI","السعدية ايت صالح","88621"
"مراكش- آسفي","أسفي","سيدي التيجي","1224","25776","PI","يوسف بنتمار","13791"
"مراكش- آسفي","أسفي","سيدي التيجي","1224","19332","PI","عبد العزيز نعومي","13771"
"مراكش- آسفي","أسفي","سيدي التيجي","1224","19328","PI","عبد الرحيم  الهيري ","68276"
"مراكش- آسفي","أسفي","سيدي التيجي","1224","19326","UC","عثمان دهبي","35892"
"مراكش- آسفي","أسفي","سيدي التيجي","1224","25782","MP","بوجمعة ايت صالح","67678"
"مراكش- آسفي","أسفي","سيدي التيجي","1224","25780","PPS","المصطفى  الكانوني ","67713"
"مراكش- آسفي","أسفي","سيدي التيجي","1224","19340","CNI","عبد الرحمان حجلي","114160"
"مراكش- آسفي","أسفي","سيدي عيسى","1168","18440","USFP","محمد اجدية","81561"
"مراكش- آسفي","أسفي","سيدي عيسى","1168","18450","USFP","أحمد لشهب","81000"
"مراكش- آسفي","أسفي","سيدي عيسى","1168","18450","USFP","الكبيرة التوكي","81038"
"مراكش- آسفي","أسفي","سيدي عيسى","1168","18451","USFP","عبد السلام الهلالي","80932"
"مراكش- آسفي","أسفي","سيدي عيسى","1168","18451","USFP","ليلى أجدية","80972"
"مراكش- آسفي","أسفي","سيدي عيسى","1168","18441","USFP","محمد عبد الاله","97392"
"مراكش- آسفي","أسفي","سيدي عيسى","1168","18443","USFP","عبد القادر بلحر","81327"
"مراكش- آسفي","أسفي","سيدي عيسى","1168","18442","USFP","أحمد افليفلة","46940"
"مراكش- آسفي","أسفي","سيدي عيسى","1168","18445","PI","عبدالرحيم بوعودي","81144"
"مراكش- آسفي","أسفي","سيدي عيسى","1168","18445","PI","فاطمة البجادي","81179"
"مراكش- آسفي","أسفي","سيدي عيسى","1168","18449","PI","عبد الرحمان لعبادي","46893"
"مراكش- آسفي","أسفي","سيدي عيسى","1168","18444","PI","عبد الرحيم الفاتحي","81270"
"مراكش- آسفي","أسفي","سيدي عيسى","1168","18447","PI","هشام التومي","116245"
"مراكش- آسفي","أسفي","سيدي عيسى","1168","18448","PAM","عبد الله الكرناوي","13612"
"مراكش- آسفي","أسفي","سيدي عيسى","1168","18446","PAM","سعيد الماكري","81373"
"مراكش- آسفي","أسفي","سيدي عيسى","1168","18446","PAM","مينة الوناسي","81406"
"مراكش- آسفي","أسفي","سيدي عيسى","1168","18452","UC","ميلود ابمني","62664"
"مراكش- آسفي","أسفي","شهدة","1593","26783","USFP","عبد الكبير بومعاز","4467"
"مراكش- آسفي","أسفي","شهدة","1593","26784","USFP","رضوان المتوكل","28230"
"مراكش- آسفي","أسفي","شهدة","1593","26784","USFP","إيمان بورحيم","28237"
"مراكش- آسفي","أسفي","شهدة","1593","26782","USFP","جمال الضامن","1369"
"مراكش- آسفي","أسفي","شهدة","1593","26786","USFP","عبدالفتاح بكديد","18537"
"مراكش- آسفي","أسفي","شهدة","1593","26787","USFP","خليل عاشق","1374"
"مراكش- آسفي","أسفي","شهدة","1593","26779","PI","عبد الحق خبيلة","1365"
"مراكش- آسفي","أسفي","شهدة","1593","26780","PI","احمد عقاب","1281"
"مراكش- آسفي","أسفي","شهدة","1593","26780","PI","سكينة عقاب","1338"
"مراكش- آسفي","أسفي","شهدة","1593","26778","PI","ميلود اشويبة","4459"
"مراكش- آسفي","أسفي","شهدة","1593","26778","PI","صباح الكريش","4482"
"مراكش- آسفي","أسفي","شهدة","1593","26789","PI","المصطفى  بن عبابس","1366"
"مراكش- آسفي","أسفي","شهدة","1593","26781","PI","احمد اليماني","1354"
"مراكش- آسفي","أسفي","شهدة","1593","26788","PI","التهامي مخفي","4478"
"مراكش- آسفي","أسفي","شهدة","1593","26777","PAM","بوشعيب العماري","30975"
"مراكش- آسفي","أسفي","شهدة","1593","26785","PJD","الخضير فاتحي","67758"
"مراكش- آسفي","أسفي","شهدة","1593","26785","PJD","كبورة طحون","67832"
"مراكش- آسفي","أسفي","لبخاتي","747","11764","PI","عبدالكبير السلموني","18111"
"مراكش- آسفي","أسفي","لبخاتي","747","11764","PI","ليلى الكيحل","18148"
"مراكش- آسفي","أسفي","لبخاتي","747","11772","PI","بدر الغفير الازهري","29569"
"مراكش- آسفي","أسفي","لبخاتي","747","11765","PI","الحبيب المعزوزي","8802"
"مراكش- آسفي","أسفي","لبخاتي","747","11777","PI","الكوشي  بن الحضري","8839"
"مراكش- آسفي","أسفي","لبخاتي","747","11776","PI","خالد لبيض","11973"
"مراكش- آسفي","أسفي","لبخاتي","747","11763","PI","مسعود بوسكيري","8792"
"مراكش- آسفي","أسفي","لبخاتي","747","11775","PI","موسى الصابونجي","8838"
"مراكش- آسفي","أسفي","لبخاتي","747","11769","PAM","رشيد صابر","113300"
"مراكش- آسفي","أسفي","لبخاتي","747","11768","PAM","هدي عاريش","113894"
"مراكش- آسفي","أسفي","لبخاتي","747","11768","PAM","لطيفة عاريش","113939"
"مراكش- آسفي","أسفي","لبخاتي","747","11770","PAM","عبد الجبار بنسعيد","29824"
"مراكش- آسفي","أسفي","لبخاتي","747","11771","USFP","يوسف عامر","52946"
"مراكش- آسفي","أسفي","لبخاتي","747","11773","USFP","المختار البسوني","31143"
"مراكش- آسفي","أسفي","لبخاتي","747","11767","USFP","عبد الله العيادي","29595"
"مراكش- آسفي","أسفي","لبخاتي","747","11774","CNI","محمد الركيك","112956"
"مراكش- آسفي","أسفي","لبخاتي","747","11774","CNI","نادية خطيب","113428"
"مراكش- آسفي","أسفي","لبخاتي","747","11766","CNI","الهرموشي صانبي","52986"
"مراكش- آسفي","أسفي","لبخاتي","747","11766","CNI","عائشة صانبي","53029"
"مراكش- آسفي","أسفي","لحضر","761","11999","USFP","الجيلالي الناجح","29428"
"مراكش- آسفي","أسفي","لحضر","761","12003","USFP","ابوبكر اعبيد","29604"
"مراكش- آسفي","أسفي","لحضر","761","11995","USFP","عبد السلام اعبيد","63072"
"مراكش- آسفي","أسفي","لحضر","761","11995","USFP","ايمان الدغشي","63122"
"مراكش- آسفي","أسفي","لحضر","761","11997","USFP","عبد العزيز لمان","82215"
"مراكش- آسفي","أسفي","لحضر","761","11997","USFP","سهام لحميدي","82243"
"مراكش- آسفي","أسفي","لحضر","761","12006","USFP","عبد الرحيم فهمي","30987"
"مراكش- آسفي","أسفي","لحضر","761","11996","USFP","حسن الصبار","29709"
"مراكش- آسفي","أسفي","لحضر","761","25713","PI","عبد اللطيف العسال","3725"
"مراكش- آسفي","أسفي","لحضر","761","25713","PI","زينب العسل","3741"
"مراكش- آسفي","أسفي","لحضر","761","12000","PI","محمد فكري","3662"
"مراكش- آسفي","أسفي","لحضر","761","12002","PI","عبد القادر نوصير","9206"
"مراكش- آسفي","أسفي","لحضر","761","11998","PI","كبور بلعمارية","18036"
"مراكش- آسفي","أسفي","لحضر","761","11998","PI","نزهة اليوناني","22078"
"مراكش- آسفي","أسفي","لحضر","761","12001","PI","الجيلالي بيدا","3704"
"مراكش- آسفي","أسفي","لحضر","761","12004","PAM","جمال التاقي","116526"
"مراكش- آسفي","أسفي","لحضر","761","12007","PAM","عبدالمجيد المسعودي","12148"
"مراكش- آسفي","أسفي","لحضر","761","12005","PAM","محمد بوركة","12074"
"مراكش- آسفي","أسفي","لحضر","761","25712","PJD","يوسف الكنونى","53630"
"مراكش- آسفي","أسفي","لعمامرة","735","11581","PJD","احمد خودير","20139"
"مراكش- آسفي","أسفي","لعمامرة","735","11581","PJD","نادية عتيق","20152"
"مراكش- آسفي","أسفي","لعمامرة","735","11578","PJD","الفاطمي الريبة","29771"
"مراكش- آسفي","أسفي","لعمامرة","735","11578","PJD","نادية العلولي","29825"
"مراكش- آسفي","أسفي","لعمامرة","735","27552","PJD","عمر جنان","87410"
"مراكش- آسفي","أسفي","لعمامرة","735","11576","PJD","عبد الهادي مخليص","25340"
"مراكش- آسفي","أسفي","لعمامرة","735","27553","PJD","محمد خالد","20070"
"مراكش- آسفي","أسفي","لعمامرة","735","11575","PJD","عزيز كادي","7219"
"مراكش- آسفي","أسفي","لعمامرة","735","11572","RNI","عبد الدائم القادري","49840"
"مراكش- آسفي","أسفي","لعمامرة","735","11572","RNI","اسماء صبار","49892"
"مراكش- آسفي","أسفي","لعمامرة","735","11570","RNI","محمد غازي","50124"
"مراكش- آسفي","أسفي","لعمامرة","735","11569","RNI","حسن  العسراوي","49940"
"مراكش- آسفي","أسفي","لعمامرة","735","11579","RNI","عبد العزيز الكلخي","111521"
"مراكش- آسفي","أسفي","لعمامرة","735","11577","RNI","عبد الرحيم  ابهيلي","49517"
"مراكش- آسفي","أسفي","لعمامرة","735","11571","PI","عبد الله  اضويرمي ","49784"
"مراكش- آسفي","أسفي","لعمامرة","735","11574","PAM","ابراهيم العلولي","39496"
"مراكش- آسفي","أسفي","لعمامرة","735","11574","PAM","حبيبة العلولي","39518"
"مراكش- آسفي","أسفي","لعمامرة","735","11573","PAM","يوسف العيدي","25077"
"مراكش- آسفي","أسفي","لعمامرة","735","11580","PAM","المصطفى السدوري","25399"
"مراكش- آسفي","أسفي","لمراسلة","784","12364","PAM","حميد بن الشليح","21056"
"مراكش- آسفي","أسفي","لمراسلة","784","12364","PAM","ليلى الموساوي","21061"
"مراكش- آسفي","أسفي","لمراسلة","784","12366","PAM","محمد عركان","47949"
"مراكش- آسفي","أسفي","لمراسلة","784","12346","PAM","حفيظ بن الشليح","20941"
"مراكش- آسفي","أسفي","لمراسلة","784","12363","PAM","جمال الدين النو","88013"
"مراكش- آسفي","أسفي","لمراسلة","784","12351","PAM","عبد الكبير  حج","116620"
"مراكش- آسفي","أسفي","لمراسلة","784","12362","PAM","محمد الخيري","87918"
"مراكش- آسفي","أسفي","لمراسلة","784","12345","PAM","ادريس قاسمي","48620"
"مراكش- آسفي","أسفي","لمراسلة","784","12344","MP","حميد  مرسلي","22906"
"مراكش- آسفي","أسفي","لمراسلة","784","12344","MP","بهيجة قاسمي","22913"
"مراكش- آسفي","أسفي","لمراسلة","784","12365","MP","عبد الخالق البياض","21028"
"مراكش- آسفي","أسفي","لمراسلة","784","12365","MP","ليلى لعبلي","21035"
"مراكش- آسفي","أسفي","لمراسلة","784","12354","MP","المصطفى الخلفي","21012"
"مراكش- آسفي","أسفي","لمراسلة","784","12353","MP","احمد الكندافي","13960"
"مراكش- آسفي","أسفي","لمراسلة","784","12350","MP","ادريس البيضي","13942"
"مراكش- آسفي","أسفي","لمراسلة","784","12357","MP","عصام نبط","13978"
"مراكش- آسفي","أسفي","لمراسلة","784","12360","MP","ميلود الدباح","14043"
"مراكش- آسفي","أسفي","لمراسلة","784","12352","PI","عبد الرحيم الحاجي","20933"
"مراكش- آسفي","أسفي","لمراسلة","784","12352","PI","ايمان الحاجي","20937"
"مراكش- آسفي","أسفي","لمراسلة","784","12349","PI","يوسف المرغي","13919"
"مراكش- آسفي","أسفي","لمراسلة","784","12359","PI","جامع لعبلي","13723"
"مراكش- آسفي","أسفي","لمراسلة","784","12356","PI","محمد حرماش","14028"
"مراكش- آسفي","أسفي","لمراسلة","784","12361","PI","مصطفى الهرشة","13688"
"مراكش- آسفي","أسفي","لمراسلة","784","12348","PI","عبد الرحمان التيجاني","13902"
"مراكش- آسفي","أسفي","لمراسلة","784","12358","PI","عبد الكبير ضريف","47472"
"مراكش- آسفي","أسفي","لمراسلة","784","12347","PJD","رشيد زيدون","48584"
"مراكش- آسفي","أسفي","لمراسلة","784","12355","PJD","محمد النوقة","47336"
"مراكش- آسفي","أسفي","لمصابح","786","12391","PI","عبدالله صابر","1681"
"مراكش- آسفي","أسفي","لمصابح","786","12389","PI","بومهدي الشكري","1670"
"مراكش- آسفي","أسفي","لمصابح","786","12389","PI","سعيدة  لبزيوي","1675"
"مراكش- آسفي","أسفي","لمصابح","786","12387","PI","محمد تاشفين","1714"
"مراكش- آسفي","أسفي","لمصابح","786","12383","PI","عبدالعالي المغيربات","1622"
"مراكش- آسفي","أسفي","لمصابح","786","12392","PAM","محمد الشقيري","87540"
"مراكش- آسفي","أسفي","لمصابح","786","12380","PAM","بوجمعة اسنان","37730"
"مراكش- آسفي","أسفي","لمصابح","786","12380","PAM","فاطمة  لمشرف","37765"
"مراكش- آسفي","أسفي","لمصابح","786","12381","PAM","احمد عاريف","50647"
"مراكش- آسفي","أسفي","لمصابح","786","12381","PAM","سعاد ثوري","87463"
"مراكش- آسفي","أسفي","لمصابح","786","12388","PAM","عمر  الحارس","12339"
"مراكش- آسفي","أسفي","لمصابح","786","12390","PAM","عبدالعزيز السعيدي","112470"
"مراكش- آسفي","أسفي","لمصابح","786","12385","PAM","عبد اللطيف بن رجالة","7711"
"مراكش- آسفي","أسفي","لمصابح","786","12384","RNI","احمد الرامو","50413"
"مراكش- آسفي","أسفي","لمصابح","786","12386","PJD","احمد لعرج","7617"
"مراكش- آسفي","أسفي","لمصابح","786","12382","USFP","حسن المرتجي","7515"
"مراكش- آسفي","أسفي","لمصابح","786","12382","USFP","نجاة الشواي","7539"
"مراكش- آسفي","أسفي","لمعاشات","775","12210","MP","عبد الكبير الكراب","8305"
"مراكش- آسفي","أسفي","لمعاشات","775","12210","MP","امهاني باريش","8318"
"مراكش- آسفي","أسفي","لمعاشات","775","27563","MP","مبارك السباعي","4018"
"مراكش- آسفي","أسفي","لمعاشات","775","12211","MP","حاميد لكتيب","17620"
"مراكش- آسفي","أسفي","لمعاشات","775","12211","MP","مينة العلام","17672"
"مراكش- آسفي","أسفي","لمعاشات","775","12202","MP","عبداللطيف الكادي","35501"
"مراكش- آسفي","أسفي","لمعاشات","775","12204","MP","عبد الغني القسبى","30648"
"مراكش- آسفي","أسفي","لمعاشات","775","12204","MP","سعيدة  القصري","30662"
"مراكش- آسفي","أسفي","لمعاشات","775","12206","MP","عبد المجيد بوزيد","17723"
"مراكش- آسفي","أسفي","لمعاشات","775","12206","MP","حفيضة كواي","17754"
"مراكش- آسفي","أسفي","لمعاشات","775","12203","MP","الرجراجي حسني","4131"
"مراكش- آسفي","أسفي","لمعاشات","775","27562","MP","سعيد لطيفي","71270"
"مراكش- آسفي","أسفي","لمعاشات","775","12199","MP","عبد النبي أبوفارس","88776"
"مراكش- آسفي","أسفي","لمعاشات","775","27558","MP","احمد الركيزي","53437"
"مراكش- آسفي","أسفي","لمعاشات","775","27557","MP","عبد السلام الضوري","4098"
"مراكش- آسفي","أسفي","لمعاشات","775","25715","PJD","سعيد الوحيدي","25070"
"مراكش- آسفي","أسفي","لمعاشات","775","12207","PJD","عبد الكبير البدراوي","13566"
"مراكش- آسفي","أسفي","لمعاشات","775","12201","PJD","عبد الصادق حومي","8369"
"مراكش- آسفي","أسفي","لمعاشات","775","25714","PJD","عبد المجيد فتحي","25042"
"مراكش- آسفي","أسفي","لمعاشات","775","12209","PJD","محمد لبزوي","8345"
"مراكش- آسفي","أسفي","لمعاشات","775","12208","PJD","عبد اللطيف  عبدان","8312"
"مراكش- آسفي","أسفي","لمعاشات","775","27560","PJD","حسن حريشش","8396"
"مراكش- آسفي","أسفي","لمعاشات","775","12200","PJD","نورالدين السويدي","53377"
"مراكش- آسفي","أسفي","لمعاشات","775","27561","PJD","عبد الوهاب مجاهد","25205"
"مراكش- آسفي","أسفي","لمعاشات","775","27559","PJD","عبد الهادي الندير","35538"
"مراكش- آسفي","أسفي","لمعاشات","775","27556","PJD","عبد المجيد الحمصالي","25094"
"مراكش- آسفي","أسفي","لمعاشات","775","12205","PI","الطاهر ناعوم","10530"
"مراكش- آسفي","أسفي","مول البركي","896","27594","PAM","ابراهيم رضى","120092"
"مراكش- آسفي","أسفي","مول البركي","896","14178","PAM","عبدالرحيم ازويتن","119327"
"مراكش- آسفي","أسفي","مول البركي","896","27592","PAM","ربيع  عرجون","51469"
"مراكش- آسفي","أسفي","مول البركي","896","14186","PAM","رشيد بوكطاية","118670"
"مراكش- آسفي","أسفي","مول البركي","896","27593","PAM","عبداللطيف الاعريش","51504"
"مراكش- آسفي","أسفي","مول البركي","896","14179","PAM","نجيم الخمري","39732"
"مراكش- آسفي","أسفي","مول البركي","896","14179","PAM","حفيظة الصغير","39768"
"مراكش- آسفي","أسفي","مول البركي","896","27588","PAM","محمد تودا","39885"
"مراكش- آسفي","أسفي","مول البركي","896","14180","PAM","الحسن بريني","12909"
"مراكش- آسفي","أسفي","مول البركي","896","14177","PI","عبدالهادى شقري","19537"
"مراكش- آسفي","أسفي","مول البركي","896","14176","PI","مولاي المختار الغمري","39657"
"مراكش- آسفي","أسفي","مول البركي","896","14187","PI","عمر فتاح","19581"
"مراكش- آسفي","أسفي","مول البركي","896","14181","PI","حاميد العثماني","8672"
"مراكش- آسفي","أسفي","مول البركي","896","14184","PI","نجيب مبرد","118177"
"مراكش- آسفي","أسفي","مول البركي","896","27595","PI","ميلود الشعالي","120349"
"مراكش- آسفي","أسفي","مول البركي","896","27590","USFP","ياسين باشري","12938"
"مراكش- آسفي","أسفي","مول البركي","896","14185","USFP","ميلود الهديبي","8691"
"مراكش- آسفي","أسفي","مول البركي","896","14188","USFP","المصطفى ابو فوزية","119980"
"مراكش- آسفي","أسفي","مول البركي","896","14188","USFP","لالة سعيدة السباعي الادريسي","119908"
"مراكش- آسفي","أسفي","مول البركي","896","14182","USFP","مبارك رضى","8680"
"مراكش- آسفي","أسفي","مول البركي","896","14175","RNI","عبد الفتاح قنديل","19519"
"مراكش- آسفي","أسفي","مول البركي","896","14183","RNI","شرف البحراوي ","39809"
"مراكش- آسفي","أسفي","مول البركي","896","14183","RNI","مليكة الروداني","39839"
"مراكش- آسفي","أسفي","مول البركي","896","27589","MP","عبدو مومن","19596"
"مراكش- آسفي","أسفي","مول البركي","896","27591","UC","حسن العليوي","30455"
"مراكش- آسفي","أسفي","مول البركي","896","14174","UC","عبد الرحيم  قنديل","50928"
"مراكش- آسفي","أسفي","مول البركي","896","14174","UC","كريمة حلبي","50966"
"مراكش- آسفي","أسفي","نكا","926","14669","PAM","عبد الوهاب مكري","3156"
"مراكش- آسفي","أسفي","نكا","926","14676","PAM","العربي قشيري","83476"
"مراكش- آسفي","أسفي","نكا","926","14676","PAM","وردية  السعيدي","83543"
"مراكش- آسفي","أسفي","نكا","926","14666","PAM","عبد الحق بنسليمان","66910"
"مراكش- آسفي","أسفي","نكا","926","14672","PAM","نجيم بومهدي","83088"
"مراكش- آسفي","أسفي","نكا","926","14672","PAM","نزهة محبوب","83145"
"مراكش- آسفي","أسفي","نكا","926","14664","PAM","حميد ابو الصغرى","19880"
"مراكش- آسفي","أسفي","نكا","926","14673","PAM","محسن بومهدي","53219"
"مراكش- آسفي","أسفي","نكا","926","14681","PAM","عبد العالي ازويتين","53097"
"مراكش- آسفي","أسفي","نكا","926","14681","PAM","عزيزة الديلي","53112"
"مراكش- آسفي","أسفي","نكا","926","14674","PAM","عصام اجريد","67209"
"مراكش- آسفي","أسفي","نكا","926","14678","PAM","حسن الغفيري","106809"
"مراكش- آسفي","أسفي","نكا","926","14680","PAM","الهاشمي نموح","66259"
"مراكش- آسفي","أسفي","نكا","926","14680","PAM","السعدية الزويهي","66306"
"مراكش- آسفي","أسفي","نكا","926","14667","PAM","المصطفى ابو الليت","53338"
"مراكش- آسفي","أسفي","نكا","926","14661","MP","عبد السلام لشهب","35379"
"مراكش- آسفي","أسفي","نكا","926","14675","MP","حميد حويزي","53332"
"مراكش- آسفي","أسفي","نكا","926","14665","PPS","عبد الحق احديدو","7138"
"مراكش- آسفي","أسفي","نكا","926","14670","PPS","حميد الموباركي","12873"
"مراكش- آسفي","أسفي","نكا","926","14682","PPS","عزالدين عشيك","26898"
"مراكش- آسفي","أسفي","نكا","926","14668","PPS","سعيد السعدي","27049"
"مراكش- آسفي","أسفي","نكا","926","14663","PJD","عبد الهادي المهيلي","7041"
"مراكش- آسفي","أسفي","نكا","926","14662","PJD","عبد الرحيم الضناية","12685"
"مراكش- آسفي","أسفي","نكا","926","14671","RNI","عبدالناجي بوفاطمة","53273"
"مراكش- آسفي","أسفي","نكا","926","14677","RNI","عبد الغانى مبرور","25346"
"مراكش- آسفي","أسفي","نكا","926","14679","UC","عبد الله العويني","19948"
"مراكش- آسفي","أسفي","نكا","926","14660","USFP","عبد الحق لهلالي","99485"
"مراكش- آسفي","الحوز","أبادو","4","60","UC","ابراهيم اتكارت","73233"
"مراكش- آسفي","الحوز","أبادو","4","60","UC","مينة اتكارت","73255"
"مراكش- آسفي","الحوز","أبادو","4","54","UC","طارق اتكارت","37806"
"مراكش- آسفي","الحوز","أبادو","4","54","UC","رابحة امزيل","37832"
"مراكش- آسفي","الحوز","أبادو","4","58","UC","الحسن الناشطي","2577"
"مراكش- آسفي","الحوز","أبادو","4","59","UC","احماد كلتين","2388"
"مراكش- آسفي","الحوز","أبادو","4","48","UC","بوبكر العروسي","48358"
"مراكش- آسفي","الحوز","أبادو","4","50","UC","ابراهيم ايت ارو","2384"
"مراكش- آسفي","الحوز","أبادو","4","55","UC","محمد تيمور","20549"
"مراكش- آسفي","الحوز","أبادو","4","49","UC","الحسن اتوكارت","20553"
"مراكش- آسفي","الحوز","أبادو","4","53","PJD","الحسن بعوش","31946"
"مراكش- آسفي","الحوز","أبادو","4","53","PJD","زهرة بووسكى","31951"
"مراكش- آسفي","الحوز","أبادو","4","56","PJD","ابراهيم  اسكا","48892"
"مراكش- آسفي","الحوز","أبادو","4","51","PAM","علي بتا","36533"
"مراكش- آسفي","الحوز","أبادو","4","51","PAM","لطيفة السعيدي","36590"
"مراكش- آسفي","الحوز","أبادو","4","57","PAM","الحسين بوستة","37327"
"مراكش- آسفي","الحوز","أبادو","4","52","MP","عبد العالي فاريسي","70546"
"مراكش- آسفي","الحوز","أمزميز","205","3017","PAM","مراد  بورحماوي","11021"
"مراكش- آسفي","الحوز","أمزميز","205","3017","PAM","ليلى اكورام","11044"
"مراكش- آسفي","الحوز","أمزميز","205","3018","PAM","لحسن كبدي","11130"
"مراكش- آسفي","الحوز","أمزميز","205","3018","PAM","سعاد اوكيك","11158"
"مراكش- آسفي","الحوز","أمزميز","205","3021","PAM","عبد الغني وحمان","129451"
"مراكش- آسفي","الحوز","أمزميز","205","3021","PAM","عزيزة ايت بن علي","129460"
"مراكش- آسفي","الحوز","أمزميز","205","3019","PAM","واصف ايت حدوش","129404"
"مراكش- آسفي","الحوز","أمزميز","205","3019","PAM","بشرى امزيغ","129414"
"مراكش- آسفي","الحوز","أمزميز","205","25570","PAM","الطيب بوسليمان","10806"
"مراكش- آسفي","الحوز","أمزميز","205","3026","PAM","خالد الاعرج","36153"
"مراكش- آسفي","الحوز","أمزميز","205","3028","PAM","عمر الانمناري","129479"
"مراكش- آسفي","الحوز","أمزميز","205","3024","PAM","محماد كوفرى","10695"
"مراكش- آسفي","الحوز","أمزميز","205","3027","PAM","عزيز جران","10709"
"مراكش- آسفي","الحوز","أمزميز","205","3022","PJD","خالد اسكور","86359"
"مراكش- آسفي","الحوز","أمزميز","205","3020","PJD","عماد ادار","36051"
"مراكش- آسفي","الحوز","أمزميز","205","3029","PJD","حسن كوناين","11087"
"مراكش- آسفي","الحوز","أمزميز","205","3025","PJD","هشام الكجدور","24342"
"مراكش- آسفي","الحوز","أمزميز","205","3023","PJD","نور الدين العادة","39591"
"مراكش- آسفي","الحوز","أمزميز","205","25571","PJD","ادريس بوجعطى","129470"
"مراكش- آسفي","الحوز","أمغراس","204","3014","RNI","المصطفى  ايت منصور","107921"
"مراكش- آسفي","الحوز","أمغراس","204","3014","RNI","امنة غزون","108023"
"مراكش- آسفي","الحوز","أمغراس","204","3010","RNI","مولاي احمد  الراضي","23961"
"مراكش- آسفي","الحوز","أمغراس","204","3010","RNI","كريمة بوعكاد","23975"
"مراكش- آسفي","الحوز","أمغراس","204","3011","RNI"," الطيب  السبطي","23919"
"مراكش- آسفي","الحوز","أمغراس","204","3011","RNI","مالكة   الادريسي","23929"
"مراكش- آسفي","الحوز","أمغراس","204","3007","RNI","حسن ايت الحسين","30209"
"مراكش- آسفي","الحوز","أمغراس","204","3008","RNI","الطيب ايت ابراهيم","23883"
"مراكش- آسفي","الحوز","أمغراس","204","3008","RNI","امينة  بنعلي","23896"
"مراكش- آسفي","الحوز","أمغراس","204","3013","RNI","عمر ايت بلا","22876"
"مراكش- آسفي","الحوز","أمغراس","204","3016","RNI","حسن ايت مولاي","22887"
"مراكش- آسفي","الحوز","أمغراس","204","3006","PJD","محمد صبطار","103138"
"مراكش- آسفي","الحوز","أمغراس","204","3015","PJD","عمر ايت عزي","50384"
"مراكش- آسفي","الحوز","أمغراس","204","3009","PJD","محمد ايت احدوش","52711"
"مراكش- آسفي","الحوز","أمغراس","204","3012","MP","رشيد بابمو","35933"
"مراكش- آسفي","الحوز","أوريكة","1069","16797","PI","محماد اكنسوس","31227"
"مراكش- آسفي","الحوز","أوريكة","1069","16797","PI","نجاة الناصري","31575"
"مراكش- آسفي","الحوز","أوريكة","1069","16797","PI","احمد بنعلا","31235"
"مراكش- آسفي","الحوز","أوريكة","1069","16797","PI","سعيدة اكنسوس","31581"
"مراكش- آسفي","الحوز","أوريكة","1069","16797","PI","مصطفى ايت القاضي","31248"
"مراكش- آسفي","الحوز","أوريكة","1069","16797","PI","محمد بن اهلال","31256"
"مراكش- آسفي","الحوز","أوريكة","1069","16797","PI","الحسين ايت على","31270"
"مراكش- آسفي","الحوز","أوريكة","1069","16797","PI","عمر ومنينة","31286"
"مراكش- آسفي","الحوز","أوريكة","1069","16797","PI","حسن سكتين","31297"
"مراكش- آسفي","الحوز","أوريكة","1069","16797","PI","عبد السلام اركي","31318"
"مراكش- آسفي","الحوز","أوريكة","1069","16797","MP","عبد العزيز ايت عدي","112893"
"مراكش- آسفي","الحوز","أوريكة","1069","16797","MP","فريدة ايت بن المقدم","113598"
"مراكش- آسفي","الحوز","أوريكة","1069","16797","MP","عبد الله اغرم","112983"
"مراكش- آسفي","الحوز","أوريكة","1069","16797","MP","نادية بومهاوت","113702"
"مراكش- آسفي","الحوز","أوريكة","1069","16797","MP","عمر  ايت اوفقير","113172"
"مراكش- آسفي","الحوز","أوريكة","1069","16797","MP","زيدان ايت تدارت","113308"
"مراكش- آسفي","الحوز","أوريكة","1069","16797","MP","محمد ومنينة","113395"
"مراكش- آسفي","الحوز","أوريكة","1069","16797","MP","رشيد امدجار","113477"
"مراكش- آسفي","الحوز","أوريكة","1069","16797","MP","ي ابراهيم الفارسي","113566"
"مراكش- آسفي","الحوز","أوريكة","1069","16797","PAM","مصطفى اوتوشنت","69051"
"مراكش- آسفي","الحوز","أوريكة","1069","16797","PAM","فاطمة امكر","70317"
"مراكش- آسفي","الحوز","أوريكة","1069","16797","PAM","لحسن قرى","69109"
"مراكش- آسفي","الحوز","أوريكة","1069","16797","PAM","عبدالعزيز ايت بنطالب","73910"
"مراكش- آسفي","الحوز","أوريكة","1069","16797","PJD","عبد النبي اعراب","49813"
"مراكش- آسفي","الحوز","أوريكة","1069","16797","PJD","حسناء بوسكا","51491"
"مراكش- آسفي","الحوز","أوريكة","1069","16797","PJD","لحسن نايت عدي","49978"
"مراكش- آسفي","الحوز","أوريكة","1069","16797","PJD","محمد ايت لحسن","50092"
"مراكش- آسفي","الحوز","أوريكة","1069","16797","USFP","حسن  اداحيا","30792"
"مراكش- آسفي","الحوز","أوريكة","1069","16797","USFP","جمال امروش","30808"
"مراكش- آسفي","الحوز","أولاد امطاع","1019","15978","PJD","محمد النجار","63548"
"مراكش- آسفي","الحوز","أولاد امطاع","1019","15978","PJD","غربية بويسردان","63594"
"مراكش- آسفي","الحوز","أولاد امطاع","1019","15981","PJD","علال كروم","19142"
"مراكش- آسفي","الحوز","أولاد امطاع","1019","15983","PJD","الحسين البوعزيزي","19031"
"مراكش- آسفي","الحوز","أولاد امطاع","1019","15985","PJD","عياد ابن الحيان","19137"
"مراكش- آسفي","الحوز","أولاد امطاع","1019","15979","UC","محمد منصور","129328"
"مراكش- آسفي","الحوز","أولاد امطاع","1019","15979","UC","رجاء  اعبيدة","129344"
"مراكش- آسفي","الحوز","أولاد امطاع","1019","15976","UC","مصطفى الهيشوني","13126"
"مراكش- آسفي","الحوز","أولاد امطاع","1019","15976","UC","حفصة الدباشق","13144"
"مراكش- آسفي","الحوز","أولاد امطاع","1019","15975","UC","احمد ابورك","13178"
"مراكش- آسفي","الحوز","أولاد امطاع","1019","15975","UC","فاطمة البقال","13198"
"مراكش- آسفي","الحوز","أولاد امطاع","1019","15984","UC","محمد لكلاوي","37797"
"مراكش- آسفي","الحوز","أولاد امطاع","1019","15982","UC","حميد المعناوي","10754"
"مراكش- آسفي","الحوز","أولاد امطاع","1019","15977","PAM","عبد الفتاح الجراري","22855"
"مراكش- آسفي","الحوز","أولاد امطاع","1019","15980","PAM","سعيد ارزيقي","29278"
"مراكش- آسفي","الحوز","أيت  أورير","91","1369","PAM","احمد تويزي","110122"
"مراكش- آسفي","الحوز","أيت  أورير","91","1369","PAM","رشيدة ازضي","112424"
"مراكش- آسفي","الحوز","أيت  أورير","91","1369","PAM","لحسن تويزي","110206"
"مراكش- آسفي","الحوز","أيت  أورير","91","1369","PAM","رشيدة الحوزي","112469"
"مراكش- آسفي","الحوز","أيت  أورير","91","1369","PAM","سعيد يامنحدوا","110403"
"مراكش- آسفي","الحوز","أيت  أورير","91","1369","PAM","بوشرى بوجديك","112521"
"مراكش- آسفي","الحوز","أيت  أورير","91","1369","PAM","عبد اللطيف شاكر","110719"
"مراكش- آسفي","الحوز","أيت  أورير","91","1369","PAM","عز الدين فاز","110797"
"مراكش- آسفي","الحوز","أيت  أورير","91","1369","PAM","عبد الكبير اقبلي","110867"
"مراكش- آسفي","الحوز","أيت  أورير","91","1369","PAM","مبارك باكفا","110953"
"مراكش- آسفي","الحوز","أيت  أورير","91","1369","PAM","عبد اللطيف بلقاس","111023"
"مراكش- آسفي","الحوز","أيت  أورير","91","1369","PAM","يونس الزاير","111115"
"مراكش- آسفي","الحوز","أيت  أورير","91","1369","PAM","محمد  ازكاغ","111245"
"مراكش- آسفي","الحوز","أيت  أورير","91","1369","PJD","سعيد لكورش","53348"
"مراكش- آسفي","الحوز","أيت  أورير","91","1369","PJD","سميرة بوحمدان","53374"
"مراكش- آسفي","الحوز","أيت  أورير","91","1369","PJD","عبد اللطيف عنيبة","53396"
"مراكش- آسفي","الحوز","أيت  أورير","91","1369","PJD","فاطمة واعلي","53407"
"مراكش- آسفي","الحوز","أيت  أورير","91","1369","PJD","عبد الله جمال","53436"
"مراكش- آسفي","الحوز","أيت  أورير","91","1369","PJD","حسناء غافل","53479"
"مراكش- آسفي","الحوز","أيت  أورير","91","1369","PJD","عبد الله بواضيل","53474"
"مراكش- آسفي","الحوز","أيت  أورير","91","1369","PJD","فؤاد العزوزي","53563"
"مراكش- آسفي","الحوز","أيت  أورير","91","1369","PJD","عبد العزيز ايت واحي","53656"
"مراكش- آسفي","الحوز","أيت  أورير","91","1369","PJD","مروان ايت وحقي","53679"
"مراكش- آسفي","الحوز","أيت  أورير","91","1369","PJD","عبد الحي ايت علا","53704"
"مراكش- آسفي","الحوز","أيت  أورير","91","1369","PJD","سعيد بنعلي","53723"
"مراكش- آسفي","الحوز","أيت  أورير","91","1369","PJD","مولاي عمر المنديلي","53745"
"مراكش- آسفي","الحوز","أيت  أورير","91","1369","PI","عبد العزيز بويحى","65921"
"مراكش- آسفي","الحوز","أيت  أورير","91","1369","PI","فؤاد الكميلي","65966"
"مراكش- آسفي","الحوز","أيت  أورير","91","1369","UC","الحسين  احنوش","120773"
"مراكش- آسفي","الحوز","آيت  سيدي داود","161","2289","PJD","عبد الرحيم ايت العباس","104845"
"مراكش- آسفي","الحوز","آيت  سيدي داود","161","2289","PJD","علياء الميموني","104896"
"مراكش- آسفي","الحوز","آيت  سيدي داود","161","2286","PJD","عبد الهادي الغدويني","87921"
"مراكش- آسفي","الحوز","آيت  سيدي داود","161","2286","PJD","نورا ويحمان","88088"
"مراكش- آسفي","الحوز","آيت  سيدي داود","161","2297","PJD","ابراهيم السوسي","48477"
"مراكش- آسفي","الحوز","آيت  سيدي داود","161","2287","PJD","عبد المجيد ايت تنغورت","42724"
"مراكش- آسفي","الحوز","آيت  سيدي داود","161","2282","PJD","كمال الميموني","87519"
"مراكش- آسفي","الحوز","آيت  سيدي داود","161","2290","PJD","محمد املول","101756"
"مراكش- آسفي","الحوز","آيت  سيدي داود","161","2294","PJD","نور الدين مستنصر","87582"
"مراكش- آسفي","الحوز","آيت  سيدي داود","161","2294","PJD","لطيفة رضوان","87668"
"مراكش- آسفي","الحوز","آيت  سيدي داود","161","2279","PJD","مولاي عز الدين اليقيني","48270"
"مراكش- آسفي","الحوز","آيت  سيدي داود","161","2296","PJD","عبد الهادي غافل","46266"
"مراكش- آسفي","الحوز","آيت  سيدي داود","161","2293","PJD","مراد لكورش","74173"
"مراكش- آسفي","الحوز","آيت  سيدي داود","161","2288","PJD","محمد فكري","52912"
"مراكش- آسفي","الحوز","آيت  سيدي داود","161","2292","PJD","عبد الله ايت حماد","42705"
"مراكش- آسفي","الحوز","آيت  سيدي داود","161","2300","PJD","محمد بوطويل","101884"
"مراكش- آسفي","الحوز","آيت  سيدي داود","161","2280","PAM","خالد موخا شفيق","23906"
"مراكش- آسفي","الحوز","آيت  سيدي داود","161","2280","PAM","حفيظة  الرايس","24002"
"مراكش- آسفي","الحوز","آيت  سيدي داود","161","2281","PAM","لحسن السرغيني","13121"
"مراكش- آسفي","الحوز","آيت  سيدي داود","161","2299","PAM","عمر الثكاني","36543"
"مراكش- آسفي","الحوز","آيت  سيدي داود","161","2284","PAM","رشيد بن مبارك","20057"
"مراكش- آسفي","الحوز","آيت  سيدي داود","161","2298","PAM","عبد الله الادريسي","12724"
"مراكش- آسفي","الحوز","آيت  سيدي داود","161","2301","PAM","عبد القادر عصفرو","10746"
"مراكش- آسفي","الحوز","آيت  سيدي داود","161","2283","PAM","محمد الحيان","44226"
"مراكش- آسفي","الحوز","آيت  سيدي داود","161","2285","PAM","احماد حيسو","19364"
"مراكش- آسفي","الحوز","آيت  سيدي داود","161","2291","PAM","عبد الكريم ايت علال","46314"
"مراكش- آسفي","الحوز","آيت  سيدي داود","161","2295","PAM","خالد المسعودي","23295"
"مراكش- آسفي","الحوز","آيت  فاسكا","115","1679","PAM","محمد بوشوى","43104"
"مراكش- آسفي","الحوز","آيت  فاسكا","115","27413","PAM","عبد الكريم  تيدريني","110413"
"مراكش- آسفي","الحوز","آيت  فاسكا","115","1677","PAM","محمد كمال العراقي","74329"
"مراكش- آسفي","الحوز","آيت  فاسكا","115","1667","PAM","مصطفى مسلك","74270"
"مراكش- آسفي","الحوز","آيت  فاسكا","115","1660","PAM","مصطفى ايت لكسير","19970"
"مراكش- آسفي","الحوز","آيت  فاسكا","115","1663","PAM","رشيد دغنود","37326"
"مراكش- آسفي","الحوز","آيت  فاسكا","115","1663","PAM","خديجة ملك الروس","37348"
"مراكش- آسفي","الحوز","آيت  فاسكا","115","1681","PAM","أحمد العنك","19922"
"مراكش- آسفي","الحوز","آيت  فاسكا","115","1678","PAM","مولاي عبد العزيز ايت عيسى","19418"
"مراكش- آسفي","الحوز","آيت  فاسكا","115","1671","PAM","علي امهماز","10844"
"مراكش- آسفي","الحوز","آيت  فاسكا","115","1664","PAM","عبد الجليل امالو","39250"
"مراكش- آسفي","الحوز","آيت  فاسكا","115","1668","PAM","عبد العزيز خعلي","19941"
"مراكش- آسفي","الحوز","آيت  فاسكا","115","1661","PAM","ادريس شاروق","23372"
"مراكش- آسفي","الحوز","آيت  فاسكا","115","1670","PAM","يوسف لعفر","23402"
"مراكش- آسفي","الحوز","آيت  فاسكا","115","1675","PAM","عبد الناصر تيدريني","106800"
"مراكش- آسفي","الحوز","آيت  فاسكا","115","1672","PAM","حسن اوحود","46289"
"مراكش- آسفي","الحوز","آيت  فاسكا","115","1665","PAM","جمال برباح","10828"
"مراكش- آسفي","الحوز","آيت  فاسكا","115","1680","PAM","علي ايت الطالب","10808"
"مراكش- آسفي","الحوز","آيت  فاسكا","115","1659","PAM","علي سغيمو","19988"
"مراكش- آسفي","الحوز","آيت  فاسكا","115","1676","PJD","محمد الزياتي","49169"
"مراكش- آسفي","الحوز","آيت  فاسكا","115","1676","PJD","حياة زاز","49251"
"مراكش- آسفي","الحوز","آيت  فاسكا","115","1674","PJD","عبد الرزاق  بن الزي","74289"
"مراكش- آسفي","الحوز","آيت  فاسكا","115","1673","PJD","حسن الكرامة","31177"
"مراكش- آسفي","الحوز","آيت  فاسكا","115","1662","PJD","السعيد بوردامة","65395"
"مراكش- آسفي","الحوز","آيت  فاسكا","115","1666","USFP","عائشة بنور","113469"
"مراكش- آسفي","الحوز","آيت  فاسكا","115","1666","USFP","خديجة قرقوري","114236"
"مراكش- آسفي","الحوز","آيت  فاسكا","115","27412","USFP","محمد ايت سماعيل","134090"
"مراكش- آسفي","الحوز","آيت  فاسكا","115","27412","USFP","مليكة امهماز","110581"
"مراكش- آسفي","الحوز","آيت  فاسكا","115","1669","PI","الحسين رضوان","36414"
"مراكش- آسفي","الحوز","آيت احكيم - آيت ازيد","120","1734","UC","عمر العور","52671"
"مراكش- آسفي","الحوز","آيت احكيم - آيت ازيد","120","1729","UC","ناصر بتا","43881"
"مراكش- آسفي","الحوز","آيت احكيم - آيت ازيد","120","1735","UC","محمد الحاتمي","44712"
"مراكش- آسفي","الحوز","آيت احكيم - آيت ازيد","120","1735","UC","خديجة ابلاح","44732"
"مراكش- آسفي","الحوز","آيت احكيم - آيت ازيد","120","25558","UC","ابراهيم امنصور","127848"
"مراكش- آسفي","الحوز","آيت احكيم - آيت ازيد","120","1732","UC","الحسين امايو","49275"
"مراكش- آسفي","الحوز","آيت احكيم - آيت ازيد","120","1733","UC","لحسن اجعي","43720"
"مراكش- آسفي","الحوز","آيت احكيم - آيت ازيد","120","1730","UC","احمد شراب","49385"
"مراكش- آسفي","الحوز","آيت احكيم - آيت ازيد","120","1728","UC","ادريس وحقي","52248"
"مراكش- آسفي","الحوز","آيت احكيم - آيت ازيد","120","1737","PAM","عبد الغني الوجداني","44428"
"مراكش- آسفي","الحوز","آيت احكيم - آيت ازيد","120","1737","PAM","اكبيرة ايت الكبير","44444"
"مراكش- آسفي","الحوز","آيت احكيم - آيت ازيد","120","1736","PAM","محماد فركوش","38157"
"مراكش- آسفي","الحوز","آيت احكيم - آيت ازيد","120","1736","PAM","حديجة  فركوش","38229"
"مراكش- آسفي","الحوز","آيت احكيم - آيت ازيد","120","25559","PAM","لحسن العمراوي","78498"
"مراكش- آسفي","الحوز","آيت احكيم - آيت ازيد","120","1738","PAM","محمد بولمان","43682"
"مراكش- آسفي","الحوز","آيت احكيم - آيت ازيد","120","1731","PJD","جمال غين","61382"
"مراكش- آسفي","الحوز","آيت احكيم - آيت ازيد","120","1731","PJD","حادة بن عين ","61406"
"مراكش- آسفي","الحوز","آيت عادل","93","1399","UC","لحسن  ايت عدي","5186"
"مراكش- آسفي","الحوز","آيت عادل","93","1399","UC","عناية حتاشي","5199"
"مراكش- آسفي","الحوز","آيت عادل","93","1403","UC","محمد المكوني","4954"
"مراكش- آسفي","الحوز","آيت عادل","93","1401","UC","محماد المودن","4977"
"مراكش- آسفي","الحوز","آيت عادل","93","1401","UC","فاطمة ادعلي","4987"
"مراكش- آسفي","الحوز","آيت عادل","93","1395","UC","عمر اشكور","2672"
"مراكش- آسفي","الحوز","آيت عادل","93","1393","UC","محمد الاحيان","1936"
"مراكش- آسفي","الحوز","آيت عادل","93","27411","UC","ابراهيم برتاوش","3446"
"مراكش- آسفي","الحوز","آيت عادل","93","1393","UC","زهرة زهيد","2017"
"مراكش- آسفي","الحوز","آيت عادل","93","1398","UC","الحسن اضرضور","2698"
"مراكش- آسفي","الحوز","آيت عادل","93","1396","UC","لحسن اسلمان","3466"
"مراكش- آسفي","الحوز","آيت عادل","93","1400","UC","الحسين حموش","5192"
"مراكش- آسفي","الحوز","آيت عادل","93","1402","UC","عبد الرحمان ربيعي","4948"
"مراكش- آسفي","الحوز","آيت عادل","93","1400","UC","هنية الابراهيمي","5208"
"مراكش- آسفي","الحوز","آيت عادل","93","1397","UC","الحسن ايت ابراهيم اورحو","3483"
"مراكش- آسفي","الحوز","آيت عادل","93","27410","PAM","لحسن وكريم","20377"
"مراكش- آسفي","الحوز","آيت عادل","93","1394","USFP","محمد  الحسناوي","18967"
"مراكش- آسفي","الحوز","اجوكاك","631","9942","PAM","لحسن مزوز","73050"
"مراكش- آسفي","الحوز","اجوكاك","631","9942","PAM","يمنة اجارور","73061"
"مراكش- آسفي","الحوز","اجوكاك","631","9937","PAM","احمد  ادعلي","73076"
"مراكش- آسفي","الحوز","اجوكاك","631","9937","PAM","نعيمة احجان","73096"
"مراكش- آسفي","الحوز","اجوكاك","631","9938","PAM","محمد ايت بويعلي","81760"
"مراكش- آسفي","الحوز","اجوكاك","631","9938","PAM","خدوج  ايت بويعلي","81780"
"مراكش- آسفي","الحوز","اجوكاك","631","9939","PAM","عبد العزيز رشوعي","101753"
"مراكش- آسفي","الحوز","اجوكاك","631","9940","PAM","محمد ايت عياد","79429"
"مراكش- آسفي","الحوز","اجوكاك","631","9941","PAM","احمد ايت حمو","84057"
"مراكش- آسفي","الحوز","اجوكاك","631","9941","PAM","فاطمة ايت النوض","84124"
"مراكش- آسفي","الحوز","اجوكاك","631","9947","PAM","محمد احيدى","83363"
"مراكش- آسفي","الحوز","اجوكاك","631","9945","PAM","عمر  اد بن علي","82629"
"مراكش- آسفي","الحوز","اجوكاك","631","9946","PAM","الحسين بعدي","82146"
"مراكش- آسفي","الحوز","اجوكاك","631","9943","UC","الحسين ايت سعيد اعلي","84000"
"مراكش- آسفي","الحوز","اجوكاك","631","9944","RNI","لحسن بوسالم","81860"
"مراكش- آسفي","الحوز","ازكور","266","3987","PJD","احمد ايت بولحسن","37465"
"مراكش- آسفي","الحوز","ازكور","266","3987","PJD","مليكة ايت مالك","37491"
"مراكش- آسفي","الحوز","ازكور","266","3993","PJD","حسن ايت جوخران","51647"
"مراكش- آسفي","الحوز","ازكور","266","3993","PJD","فاطمة ايت جوخران","51694"
"مراكش- آسفي","الحوز","ازكور","266","3989","PJD","حسن الهاتر","36237"
"مراكش- آسفي","الحوز","ازكور","266","3989","PJD","ربيعة افقيرن","36274"
"مراكش- آسفي","الحوز","ازكور","266","3988","PJD","محمد ايت مالك","37365"
"مراكش- آسفي","الحوز","ازكور","266","3994","PJD","عمر ايت المعلم","37441"
"مراكش- آسفي","الحوز","ازكور","266","3986","PJD","محمد  ايت بنعمار","37668"
"مراكش- آسفي","الحوز","ازكور","266","3996","PJD","محمد الحريمس","37108"
"مراكش- آسفي","الحوز","ازكور","266","3995","PJD","محمد  ايت امبارك","35992"
"مراكش- آسفي","الحوز","ازكور","266","3995","PJD","خديجة اتكي","36010"
"مراكش- آسفي","الحوز","ازكور","266","3992","PJD","محمد ايت ابلعيد","38587"
"مراكش- آسفي","الحوز","ازكور","266","3991","RNI","محمد ايت اوعمي","129082"
"مراكش- آسفي","الحوز","ازكور","266","3990","PAM","ابراهيم هلا","47897"
"مراكش- آسفي","الحوز","اسني","246","3698","PAM","ادريس زعرور","80290"
"مراكش- آسفي","الحوز","اسني","246","3698","PAM","نادية الزروالي","82983"
"مراكش- آسفي","الحوز","اسني","246","3680","PAM","محمد اهرام","100948"
"مراكش- آسفي","الحوز","اسني","246","3680","PAM","زهرة الزهراوي","101192"
"مراكش- آسفي","الحوز","اسني","246","3697","PAM","الحسين زعرور","78637"
"مراكش- آسفي","الحوز","اسني","246","3690","PAM","حميد اد بنيوس","13123"
"مراكش- آسفي","الحوز","اسني","246","3695","PAM","لحسن بوابرين","16741"
"مراكش- آسفي","الحوز","اسني","246","3699","PAM","عمر ايت تكديرت","37224"
"مراكش- آسفي","الحوز","اسني","246","3688","PAM","مولاي احمد اد بلا","58109"
"مراكش- آسفي","الحوز","اسني","246","3696","PAM","لحسن  باري","35999"
"مراكش- آسفي","الحوز","اسني","246","3681","PAM","لحسن ايت وساس","11916"
"مراكش- آسفي","الحوز","اسني","246","3700","PAM","محمد اد علي","39198"
"مراكش- آسفي","الحوز","اسني","246","3702","PAM","لحسن ايت بنسعيد","49301"
"مراكش- آسفي","الحوز","اسني","246","3702","PAM","الكبير ايت المكي","49423"
"مراكش- آسفي","الحوز","اسني","246","3694","UC","محمد اد القاضي","58683"
"مراكش- آسفي","الحوز","اسني","246","3692","UC","ابراهيم ايت ايدار","20199"
"مراكش- آسفي","الحوز","اسني","246","3691","UC","عمر ايت مضوت","20174"
"مراكش- آسفي","الحوز","اسني","246","3693","UC","محمد التداوي","22916"
"مراكش- آسفي","الحوز","اسني","246","3687","UC","محماد ادعبدالله","38862"
"مراكش- آسفي","الحوز","اسني","246","3689","UC","سعيد بلهوكت","20461"
"مراكش- آسفي","الحوز","اسني","246","3686","UC","الحسين ايت المعلم","19881"
"مراكش- آسفي","الحوز","اسني","246","3682","PJD","حسن ايت الرايس","59167"
"مراكش- آسفي","الحوز","اسني","246","3682","PJD","حسناء إمغارن","59217"
"مراكش- آسفي","الحوز","اسني","246","3683","PJD","رشيد امرهان","39039"
"مراكش- آسفي","الحوز","اسني","246","3684","PJD","محمد بوصرحان","125183"
"مراكش- آسفي","الحوز","اسني","246","3685","PJD","عبد العزيز ايت بورحيم","70146"
"مراكش- آسفي","الحوز","اسني","246","3701","PJD","الحسين ايت بنعدي","133816"
"مراكش- آسفي","الحوز","اغبار","33","499","PAM","محمد  بويبري","65478"
"مراكش- آسفي","الحوز","اغبار","33","493","PAM","محمد  اهضار","84949"
"مراكش- آسفي","الحوز","اغبار","33","497","PAM","عمار ايت افقير","85051"
"مراكش- آسفي","الحوز","اغبار","33","493","PAM","فضمة ايت مبارك","84991"
"مراكش- آسفي","الحوز","اغبار","33","497","PAM","عائشة ايت ازضوض","85200"
"مراكش- آسفي","الحوز","اغبار","33","498","PAM","عمر ايت مبارك","120625"
"مراكش- آسفي","الحوز","اغبار","33","494","PAM","عمر ايت لحسن","85120"
"مراكش- آسفي","الحوز","اغبار","33","494","PAM","كبيرة ايت موليد","85185"
"مراكش- آسفي","الحوز","اغبار","33","496","PAM","ازوز ايت بلغو","76261"
"مراكش- آسفي","الحوز","اغبار","33","495","PAM","الحسين  ايت بهو","78772"
"مراكش- آسفي","الحوز","اغبار","33","489","PJD","عبد الله ايت وعزيز","71498"
"مراكش- آسفي","الحوز","اغبار","33","489","PJD","رقية ايت وعزيز","71562"
"مراكش- آسفي","الحوز","اغبار","33","490","PJD","عبد اللطيف ايت امغار","73751"
"مراكش- آسفي","الحوز","اغبار","33","492","PJD","ابراهيم  ايت زباير","119730"
"مراكش- آسفي","الحوز","اغبار","33","491","PJD","الحسين ايت بن علي","84583"
"مراكش- آسفي","الحوز","اغمات","566","8914","PAM","عباس قدوري","11842"
"مراكش- آسفي","الحوز","اغمات","566","8914","PAM","السعدية  الهزميري ","11949"
"مراكش- آسفي","الحوز","اغمات","566","8922","PAM","حسن المغازلي","2142"
"مراكش- آسفي","الحوز","اغمات","566","8929","PAM","احمد  بوريم","19485"
"مراكش- آسفي","الحوز","اغمات","566","8927","PAM","محمد بوشعار ","6612"
"مراكش- آسفي","الحوز","اغمات","566","8932","PAM","علال الونزاري","2584"
"مراكش- آسفي","الحوز","اغمات","566","8934","PAM","احمد بطي","72232"
"مراكش- آسفي","الحوز","اغمات","566","8930","PAM","عمر بوكلاس","3739"
"مراكش- آسفي","الحوز","اغمات","566","8936","PAM","علي الربيب","3570"
"مراكش- آسفي","الحوز","اغمات","566","8919","PAM","عبد الهادي بوعدي","3744"
"مراكش- آسفي","الحوز","اغمات","566","8921","PAM","السعيد بلعوضي","3783"
"مراكش- آسفي","الحوز","اغمات","566","8919","PAM","فاتحة القوقجي","3796"
"مراكش- آسفي","الحوز","اغمات","566","8921","PAM","عتيقة اشعبي","3808"
"مراكش- آسفي","الحوز","اغمات","566","8935","PAM","حسن شاطير","6715"
"مراكش- آسفي","الحوز","اغمات","566","8926","PAM","محمد  الرئس","72113"
"مراكش- آسفي","الحوز","اغمات","566","27514","PAM","محمد  الزيتوني","2398"
"مراكش- آسفي","الحوز","اغمات","566","8924","PAM","عبد اللطيف كاضو","3530"
"مراكش- آسفي","الحوز","اغمات","566","8931","PAM"," مولاي عبد الرزاق اليعقوبي","2127"
"مراكش- آسفي","الحوز","اغمات","566","8923","PAM","يوسف الرقاوي","6766"
"مراكش- آسفي","الحوز","اغمات","566","8925","PAM","حسن التينتي","6604"
"مراكش- آسفي","الحوز","اغمات","566","8917","PAM","عبد الرحمان وحسون","2563"
"مراكش- آسفي","الحوز","اغمات","566","8916","PAM","عبد الكريم بوراس","6710"
"مراكش- آسفي","الحوز","اغمات","566","8916","PAM","سعيدة نزيه","6742"
"مراكش- آسفي","الحوز","اغمات","566","8915","PAM","حسن الكرومي","4970"
"مراكش- آسفي","الحوز","اغمات","566","27515","PAM","حسن الصالحى","45986"
"مراكش- آسفي","الحوز","اغمات","566","8928","PAM","لحسن ادحيا","6706"
"مراكش- آسفي","الحوز","اغمات","566","8918","PPS","مولاي سعيد كوكني","58249"
"مراكش- آسفي","الحوز","اغمات","566","8920","PI","عبد الرزاق بويفر","47603"
"مراكش- آسفي","الحوز","اغمات","566","8933","PI","حسن  املاح","110537"
"مراكش- آسفي","الحوز","اغواطيم","1589","26720","UC","يوسف احبابو","105052"
"مراكش- آسفي","الحوز","اغواطيم","1589","26720","UC","فاطمة شاري","105222"
"مراكش- آسفي","الحوز","اغواطيم","1589","26716","UC","محمد  بوتكاد","22891"
"مراكش- آسفي","الحوز","اغواطيم","1589","26716","UC","زهرة امرضو","22900"
"مراكش- آسفي","الحوز","اغواطيم","1589","26717","UC","محمد  باري","23047"
"مراكش- آسفي","الحوز","اغواطيم","1589","26726","UC","كمال لعشير","11844"
"مراكش- آسفي","الحوز","اغواطيم","1589","26712","UC","الحسين  الهوف","7288"
"مراكش- آسفي","الحوز","اغواطيم","1589","26715","UC","الحسين السحمدات","29182"
"مراكش- آسفي","الحوز","اغواطيم","1589","26710","UC","عمر حسباني","6684"
"مراكش- آسفي","الحوز","اغواطيم","1589","26718","UC","عمر البوزيدي","10914"
"مراكش- آسفي","الحوز","اغواطيم","1589","26729","UC","حميد امكسة","37690"
"مراكش- آسفي","الحوز","اغواطيم","1589","26728","UC","محماد  ايت بوحديد","70487"
"مراكش- آسفي","الحوز","اغواطيم","1589","26709","UC","ايدار ايت بن لحسن","76157"
"مراكش- آسفي","الحوز","اغواطيم","1589","26721","UC","عبد الهادي ايت بوجمعة","23060"
"مراكش- آسفي","الحوز","اغواطيم","1589","26725","PAM","احمد المرتوف","36340"
"مراكش- آسفي","الحوز","اغواطيم","1589","26725","PAM","مريم  ايت الزويتين ","36386"
"مراكش- آسفي","الحوز","اغواطيم","1589","26724","PAM","عبد الهادي بوكادر","76546"
"مراكش- آسفي","الحوز","اغواطيم","1589","26711","PAM","محمد  ايت زيدان","39315"
"مراكش- آسفي","الحوز","اغواطيم","1589","26713","PAM","محمد اهرام","47915"
"مراكش- آسفي","الحوز","اغواطيم","1589","26723","PAM","ابراهيم كوشك","47782"
"مراكش- آسفي","الحوز","اغواطيم","1589","26719","PAM","عبد اللطيف الزريول","76298"
"مراكش- آسفي","الحوز","اغواطيم","1589","26714","PAM","عمر راكيد","76207"
"مراكش- آسفي","الحوز","اغواطيم","1589","26722","PAM","ادريس ايت بنطالب","73826"
"مراكش- آسفي","الحوز","اغواطيم","1589","26727","PJD","كبور ايت بنبريك","6352"
"مراكش- آسفي","الحوز","اغواطيم","1589","27819","PJD","لحسن بوراس","73763"
"مراكش- آسفي","الحوز","اغواطيم","1589","26707","PPS","احمد اسكور","87762"
"مراكش- آسفي","الحوز","اغواطيم","1589","26707","PPS","حنان ادريكي","87846"
"مراكش- آسفي","الحوز","اغواطيم","1589","26708","PPS","مولاي الحسن الناصري","29764"
"مراكش- آسفي","الحوز","اغواطيم","1589","27818","PI","مصطفى بن الشيخ","99917"
"مراكش- آسفي","الحوز","اغيل","621","9779","PAM","محمد سعيد ايت احساين","64400"
"مراكش- آسفي","الحوز","اغيل","621","9779","PAM","فضمة ايت احساين","64310"
"مراكش- آسفي","الحوز","اغيل","621","9783","PAM","عمر  ايت موليد","64223"
"مراكش- آسفي","الحوز","اغيل","621","9783","PAM","زهرة ايت مالك","64255"
"مراكش- آسفي","الحوز","اغيل","621","9777","PAM","الحسن ايت الهيرة","64501"
"مراكش- آسفي","الحوز","اغيل","621","9777","PAM","نجمة ايت سيدي حمو","64527"
"مراكش- آسفي","الحوز","اغيل","621","9780","PAM","محمد الكرماح","64575"
"مراكش- آسفي","الحوز","اغيل","621","9778","PAM","عمر ايت بلقاس","65127"
"مراكش- آسفي","الحوز","اغيل","621","9781","PAM","عمر  ايت سعيد","64896"
"مراكش- آسفي","الحوز","اغيل","621","9782","PAM","عمر ايت حمي","64945"
"مراكش- آسفي","الحوز","اغيل","621","9784","RNI","سماعيل  التيجاني","105967"
"مراكش- آسفي","الحوز","اغيل","621","9784","RNI","مريم ايت لحسن","106059"
"مراكش- آسفي","الحوز","اغيل","621","9786","RNI","محمد ايت احساين","102887"
"مراكش- آسفي","الحوز","اغيل","621","9785","RNI","عمر امشيشار","103496"
"مراكش- آسفي","الحوز","اغيل","621","9787","RNI","ابراهيم ايت ناصر","108640"
"مراكش- آسفي","الحوز","اكرفروان","627","9875","PI","احمد سعيد","11798"
"مراكش- آسفي","الحوز","اكرفروان","627","9875","PI","زهراء لكناوي","11723"
"مراكش- آسفي","الحوز","اكرفروان","627","9878","PI","محمد امزوار","4968"
"مراكش- آسفي","الحوز","اكرفروان","627","9878","PI","زهرة اخشان","4941"
"مراكش- آسفي","الحوز","اكرفروان","627","9879","PI","حسن الكاملي","126533"
"مراكش- آسفي","الحوز","اكرفروان","627","9883","PI","ابراهيم بطي","11963"
"مراكش- آسفي","الحوز","اكرفروان","627","9883","PI","كلثومة ثلاث","12103"
"مراكش- آسفي","الحوز","اكرفروان","627","9882","PI","حسن غلاب","12106"
"مراكش- آسفي","الحوز","اكرفروان","627","9876","PI","ابراهيم اخشان","6500"
"مراكش- آسفي","الحوز","اكرفروان","627","9877","PI","الحسين  العسري","45871"
"مراكش- آسفي","الحوز","اكرفروان","627","9873","PI","هشام اموريك","6490"
"مراكش- آسفي","الحوز","اكرفروان","627","9881","PAM","حسن بدير","31975"
"مراكش- آسفي","الحوز","اكرفروان","627","9881","PAM","عائشة السعيدي","31979"
"مراكش- آسفي","الحوز","اكرفروان","627","9874","PAM","مولاي المصطفى بويطس","51501"
"مراكش- آسفي","الحوز","اكرفروان","627","9884","PAM","عبد العزيز املاح","30301"
"مراكش- آسفي","الحوز","اكرفروان","627","9880","PAM"," مولاي علي العطار","30709"
"مراكش- آسفي","الحوز","اكرفروان","627","9885","PAM","احمد بدير","31159"
"مراكش- آسفي","الحوز","التوامة","1493","23376","PAM","احمد عمار","48998"
"مراكش- آسفي","الحوز","التوامة","1493","23376","PAM","مليكة كوكات","49160"
"مراكش- آسفي","الحوز","التوامة","1493","23380","PAM","حسن نقراطي","84407"
"مراكش- آسفي","الحوز","التوامة","1493","23377","PAM","عمر انوار","48030"
"مراكش- آسفي","الحوز","التوامة","1493","23377","PAM","نورة كوبير","48192"
"مراكش- آسفي","الحوز","التوامة","1493","23369","PAM","محمد تعربت","38460"
"مراكش- آسفي","الحوز","التوامة","1493","23373","PAM","محمد الحيان","52642"
"مراكش- آسفي","الحوز","التوامة","1493","23375","PI","ابراهيم لاديب","100090"
"مراكش- آسفي","الحوز","التوامة","1493","23375","PI","نجاة الزاكي","100182"
"مراكش- آسفي","الحوز","التوامة","1493","23378","UC","عبد العزيز بوكار","102857"
"مراكش- آسفي","الحوز","التوامة","1493","23378","UC","سارة الزهيري","102957"
"مراكش- آسفي","الحوز","التوامة","1493","23379","UC","سعيد بنحشلاف","101297"
"مراكش- آسفي","الحوز","التوامة","1493","23372","UC","محماد الزهيري","101236"
"مراكش- آسفي","الحوز","التوامة","1493","23381","UC","الحسين الزعيم","102434"
"مراكش- آسفي","الحوز","التوامة","1493","23371","PJD","احماد ايت زيدان","50924"
"مراكش- آسفي","الحوز","التوامة","1493","23374","PJD","خالد ايت علا","130347"
"مراكش- آسفي","الحوز","التوامة","1493","23370","PJD","مصطفة الاحيان","130313"
"مراكش- آسفي","الحوز","امكدال","635","9987","RNI","خاليد  بوالعسري","109477"
"مراكش- آسفي","الحوز","امكدال","635","9987","RNI","مجدة بوالعسري","116359"
"مراكش- آسفي","الحوز","امكدال","635","9990","RNI","محمد اسكران","106416"
"مراكش- آسفي","الحوز","امكدال","635","9990","RNI","حفيظة اد القائد","106469"
"مراكش- آسفي","الحوز","امكدال","635","9991","RNI","الحسان اد سعيد","111177"
"مراكش- آسفي","الحوز","امكدال","635","9995","RNI","محمد ايت وحمان","107793"
"مراكش- آسفي","الحوز","امكدال","635","9992","PJD","الحسن ايت ابلا","50274"
"مراكش- آسفي","الحوز","امكدال","635","9989","PJD","ياسين ايت احمادة","69862"
"مراكش- آسفي","الحوز","امكدال","635","9988","PJD","ابراهيم ادايدار","49509"
"مراكش- آسفي","الحوز","امكدال","635","9997","PAM","عزيز ايت سعيد","106174"
"مراكش- آسفي","الحوز","امكدال","635","9997","PAM","فاطمة ايت ناصر","106280"
"مراكش- آسفي","الحوز","امكدال","635","9994","PAM","عبد الله  ايت بوجمعة ","16722"
"مراكش- آسفي","الحوز","امكدال","635","9993","PAM","حميد ايت بصكاض","37139"
"مراكش- آسفي","الحوز","امكدال","635","9996","MP","رشيد ايت احيا","127281"
"مراكش- آسفي","الحوز","امكدال","635","9996","MP","فضيلة  الماطي","127322"
"مراكش- آسفي","الحوز","انكال","217","3205","MP","ايدار  انجار","98977"
"مراكش- آسفي","الحوز","انكال","217","3205","MP","فاطمة واكريم","99163"
"مراكش- آسفي","الحوز","انكال","217","3199","MP","محمد ايت تولكين","73531"
"مراكش- آسفي","الحوز","انكال","217","3199","MP","لطيفة اعراب","73552"
"مراكش- آسفي","الحوز","انكال","217","3204","MP","الحسين  بن واشنة","85703"
"مراكش- آسفي","الحوز","انكال","217","3202","MP","عمر اندجار","73166"
"مراكش- آسفي","الحوز","انكال","217","3202","MP","حسناء الاحمدي","73126"
"مراكش- آسفي","الحوز","انكال","217","3197","MP","عبد العزيز ايت عبلا","128931"
"مراكش- آسفي","الحوز","انكال","217","3203","MP","حسن اسوس","133859"
"مراكش- آسفي","الحوز","انكال","217","3196","MP","محمد ايت همو","77427"
"مراكش- آسفي","الحوز","انكال","217","3198","MP","محمد اوهمو","73576"
"مراكش- آسفي","الحوز","انكال","217","3200","PJD","ابراهيم  ايت الحاج","85368"
"مراكش- آسفي","الحوز","انكال","217","3200","PJD","فاطمة بكي","85469"
"مراكش- آسفي","الحوز","انكال","217","3201","PJD","محمد ايت ابراهيم اعلي","128977"
"مراكش- آسفي","الحوز","انكال","217","3195","PJD","محماد امرير","66577"
"مراكش- آسفي","الحوز","اوكايمدن","969","15352","PAM","مصطفى ايت قجو","101053"
"مراكش- آسفي","الحوز","اوكايمدن","969","15352","PAM","رشيدة ايت علي","101110"
"مراكش- آسفي","الحوز","اوكايمدن","969","15348","PAM","عبد السلام امزتو","103504"
"مراكش- آسفي","الحوز","اوكايمدن","969","15348","PAM","ربيعة ايت علي","103554"
"مراكش- آسفي","الحوز","اوكايمدن","969","15349","PAM","الحسين اداحيا","68003"
"مراكش- آسفي","الحوز","اوكايمدن","969","15349","PAM","خدوج اديحى","68037"
"مراكش- آسفي","الحوز","اوكايمدن","969","15350","PAM","رشيد ايت سعيد","68260"
"مراكش- آسفي","الحوز","اوكايمدن","969","15351","PAM","مصطفى اجاريف","101638"
"مراكش- آسفي","الحوز","اوكايمدن","969","15354","PAM","عمر  ايت امبارك","86640"
"مراكش- آسفي","الحوز","اوكايمدن","969","15353","PAM","ابراهيم ورتي","86567"
"مراكش- آسفي","الحوز","اوكايمدن","969","15355","PAM","لحسن بوكلا","86295"
"مراكش- آسفي","الحوز","اوكايمدن","969","15356","PI","محمد  اكزو","86973"
"مراكش- آسفي","الحوز","اوكايمدن","969","15356","PI","زهرة وحسون","87044"
"مراكش- آسفي","الحوز","اوكايمدن","969","15357","PI","الحسن  ايت افقير","110693"
"مراكش- آسفي","الحوز","اوكايمدن","969","15347","PI","محمد افقير","111518"
"مراكش- آسفي","الحوز","تحناوت","1338","26385","PPS","الحسين ايت العربي","225"
"مراكش- آسفي","الحوز","تحناوت","1338","26383","PPS","محمد بوريك","35250"
"مراكش- آسفي","الحوز","تحناوت","1338","26379","PPS","سيدي محمد اليعقوبي","226"
"مراكش- آسفي","الحوز","تحناوت","1338","26379","PPS","خديجة بوحسان","227"
"مراكش- آسفي","الحوز","تحناوت","1338","26380","PPS","حسن الفقير","494"
"مراكش- آسفي","الحوز","تحناوت","1338","26380","PPS","سميرة  ماقة ","509"
"مراكش- آسفي","الحوز","تحناوت","1338","26384","PPS","احمد علا","515"
"مراكش- آسفي","الحوز","تحناوت","1338","26390","PPS","مصطفى  صحراوي","219"
"مراكش- آسفي","الحوز","تحناوت","1338","26386","PPS","كمال  نيدعلي","3044"
"مراكش- آسفي","الحوز","تحناوت","1338","26386","PPS","فاطنة  عامري","3080"
"مراكش- آسفي","الحوز","تحناوت","1338","26389","PPS","محمد العتيتك","2590"
"مراكش- آسفي","الحوز","تحناوت","1338","26378","PPS","حسن ايت عبد الكريم","235"
"مراكش- آسفي","الحوز","تحناوت","1338","26378","PPS","سميرة  عسوقدور","237"
"مراكش- آسفي","الحوز","تحناوت","1338","26388","PPS","عمر الموس","6230"
"مراكش- آسفي","الحوز","تحناوت","1338","26387","PPS","علي  بوحدو","229"
"مراكش- آسفي","الحوز","تحناوت","1338","26381","PPS","عبد العلي  الموديب ","236"
"مراكش- آسفي","الحوز","تحناوت","1338","26382","PJD","الحسين بوحويلي","22428"
"مراكش- آسفي","الحوز","تديلي مسفيوة","1430","22554","PAM","محمد لمغاري","59374"
"مراكش- آسفي","الحوز","تديلي مسفيوة","1430","22554","PAM","خديجة  المودن","59393"
"مراكش- آسفي","الحوز","تديلي مسفيوة","1430","22549","PAM","عبد العزيز علاوي","44321"
"مراكش- آسفي","الحوز","تديلي مسفيوة","1430","22549","PAM","حياة بزاو","44335"
"مراكش- آسفي","الحوز","تديلي مسفيوة","1430","22565","PAM","محمد التجاني","65403"
"مراكش- آسفي","الحوز","تديلي مسفيوة","1430","22560","PAM","حميد راسو","43248"
"مراكش- آسفي","الحوز","تديلي مسفيوة","1430","22550","PAM","ابراهيم بوكوشت","44280"
"مراكش- آسفي","الحوز","تديلي مسفيوة","1430","22550","PAM","حفيظة  اوبركة","44298"
"مراكش- آسفي","الحوز","تديلي مسفيوة","1430","22568","PAM","حسن اهروش","43404"
"مراكش- آسفي","الحوز","تديلي مسفيوة","1430","22547","PAM","عبد القادر بوايوتلان","108036"
"مراكش- آسفي","الحوز","تديلي مسفيوة","1430","22556","PAM","رشيد غنازي","106293"
"مراكش- آسفي","الحوز","تديلي مسفيوة","1430","22567","PAM","علي بلاوي","65437"
"مراكش- آسفي","الحوز","تديلي مسفيوة","1430","22548","PAM","احمد مستظرف","58926"
"مراكش- آسفي","الحوز","تديلي مسفيوة","1430","22551","PAM","علي الفطواكي","123929"
"مراكش- آسفي","الحوز","تديلي مسفيوة","1430","22551","PAM","عائشة التجاني","123958"
"مراكش- آسفي","الحوز","تديلي مسفيوة","1430","22566","PAM","عبد الرحيم مسعودي","43371"
"مراكش- آسفي","الحوز","تديلي مسفيوة","1430","22563","PAM","ابراهيم العزمي","65474"
"مراكش- آسفي","الحوز","تديلي مسفيوة","1430","22546","PAM","يوسف يحياوي","108478"
"مراكش- آسفي","الحوز","تديلي مسفيوة","1430","22562","PAM","علي اضرموش","43224"
"مراكش- آسفي","الحوز","تديلي مسفيوة","1430","22558","PAM","عمر الحيان","65559"
"مراكش- آسفي","الحوز","تديلي مسفيوة","1430","22557","PAM","علي الزعيم","43194"
"مراكش- آسفي","الحوز","تديلي مسفيوة","1430","22561","PAM","احمد العمراني","58988"
"مراكش- آسفي","الحوز","تديلي مسفيوة","1430","22553","PJD","حسن صوبري","43318"
"مراكش- آسفي","الحوز","تديلي مسفيوة","1430","22564","PJD","محماد وابلال","13047"
"مراكش- آسفي","الحوز","تديلي مسفيوة","1430","22555","PJD","عبد الرحيم بويغصان","43134"
"مراكش- آسفي","الحوز","تديلي مسفيوة","1430","22559","USFP","محماد وعلا","106253"
"مراكش- آسفي","الحوز","تديلي مسفيوة","1430","22552","UC","رشيد باحسين","108154"
"مراكش- آسفي","الحوز","تزارت","1410","27733","PAM","الحسين النشاط","23238"
"مراكش- آسفي","الحوز","تزارت","1410","22214","PAM","يوسف الابراهيمي","19330"
"مراكش- آسفي","الحوز","تزارت","1410","27736","PAM","عمر علاوي","73426"
"مراكش- آسفي","الحوز","تزارت","1410","27734","PAM","احمد ابيدار","74710"
"مراكش- آسفي","الحوز","تزارت","1410","22218","PAM","محمد اومسعود","11275"
"مراكش- آسفي","الحوز","تزارت","1410","27739","PAM","لحسن ازناك","74530"
"مراكش- آسفي","الحوز","تزارت","1410","27738","PAM","عبد اللطيف موحى","38645"
"مراكش- آسفي","الحوز","تزارت","1410","22222","PAM","عبد العزيز ابريكي","11221"
"مراكش- آسفي","الحوز","تزارت","1410","27737","PAM","احمد علاوي","73408"
"مراكش- آسفي","الحوز","تزارت","1410","22219","PAM","حمو  بن المحجوب","18594"
"مراكش- آسفي","الحوز","تزارت","1410","22217","UC","اسماعيل لعلاوي","38291"
"مراكش- آسفي","الحوز","تزارت","1410","22217","UC","لطيفة ايت المقدم","38410"
"مراكش- آسفي","الحوز","تزارت","1410","22216","UC","رشيد بونفور","74696"
"مراكش- آسفي","الحوز","تزارت","1410","22216","UC","وردية موهو","74699"
"مراكش- آسفي","الحوز","تزارت","1410","22208","UC","عبد الغني وعزان","39056"
"مراكش- آسفي","الحوز","تزارت","1410","22221","UC","حسن رافعي","19297"
"مراكش- آسفي","الحوز","تزارت","1410","22209","UC","لحسن العسولي","74640"
"مراكش- آسفي","الحوز","تزارت","1410","22220","UC","ابراهيم  الناصري","23268"
"مراكش- آسفي","الحوز","تزارت","1410","22209","UC","فاطمة بادو","74651"
"مراكش- آسفي","الحوز","تزارت","1410","22213","UC","رشيد ايت رحو","23211"
"مراكش- آسفي","الحوز","تزارت","1410","22215","UC","محماد  ايت امبارك","21770"
"مراكش- آسفي","الحوز","تزارت","1410","22211","FFD","خليفة المسفيوي","110574"
"مراكش- آسفي","الحوز","تزارت","1410","22212","FFD","عبد العزيز بومعود","103175"
"مراكش- آسفي","الحوز","تزارت","1410","22212","FFD","ابتسام السوسي","103243"
"مراكش- آسفي","الحوز","تزارت","1410","27735","FFD","عبد الرحيم زهير","38582"
"مراكش- آسفي","الحوز","تزارت","1410","22210","PJD","التهامي البرش","123279"
"مراكش- آسفي","الحوز","تزارت","1410","27732","PJD","حسن امنصور","11421"
"مراكش- آسفي","الحوز","تزكين","1475","23141","MP","حسن باعني","3057"
"مراكش- آسفي","الحوز","تزكين","1475","23150","MP","علال انال","2966"
"مراكش- آسفي","الحوز","تزكين","1475","23150","MP","سعيدة زازا","2990"
"مراكش- آسفي","الحوز","تزكين","1475","23149","MP","ابراهيم ابوتير","9759"
"مراكش- آسفي","الحوز","تزكين","1475","23149","MP","طامو باعني","9739"
"مراكش- آسفي","الحوز","تزكين","1475","23151","MP","احمد فنيش","133924"
"مراكش- آسفي","الحوز","تزكين","1475","23146","MP","لحسن اقبور","2407"
"مراكش- آسفي","الحوز","تزكين","1475","23147","MP","محمد  الجديق","6948"
"مراكش- آسفي","الحوز","تزكين","1475","23147","MP","مينة بوكرة","6978"
"مراكش- آسفي","الحوز","تزكين","1475","23148","MP","محمد  الحيان","2622"
"مراكش- آسفي","الحوز","تزكين","1475","23143","MP","عمر الصافي","2962"
"مراكش- آسفي","الحوز","تزكين","1475","23145","PJD","حسن  امرير","47744"
"مراكش- آسفي","الحوز","تزكين","1475","23142","PI","عبد العزيز بمزكان","11791"
"مراكش- آسفي","الحوز","تزكين","1475","23142","PI","عتيقة بعني","11746"
"مراكش- آسفي","الحوز","تزكين","1475","23144","PAM","محمد  موجان","49252"
"مراكش- آسفي","الحوز","تغدوين","1439","22676","PAM","ابراهيم السوق","85632"
"مراكش- آسفي","الحوز","تغدوين","1439","22676","PAM","فاضمة بولمان","85675"
"مراكش- آسفي","الحوز","تغدوين","1439","22693","PAM","مولاي حميد ايت عيسى","85499"
"مراكش- آسفي","الحوز","تغدوين","1439","22693","PAM","للا لطيفة ايت عيسى","85563"
"مراكش- آسفي","الحوز","تغدوين","1439","22678","PAM","عبد الله  اكوزول","106172"
"مراكش- آسفي","الحوز","تغدوين","1439","22685","PAM","احماد ابرجي","129228"
"مراكش- آسفي","الحوز","تغدوين","1439","22681","PAM","عبد اللطيف ايت الكبير","64124"
"مراكش- آسفي","الحوز","تغدوين","1439","22692","PAM","ابراهيم  رحاوي","87735"
"مراكش- آسفي","الحوز","تغدوين","1439","22690","PAM","عبد السلام الدمير","73949"
"مراكش- آسفي","الحوز","تغدوين","1439","22687","PAM","رشيد اسكور","105973"
"مراكش- آسفي","الحوز","تغدوين","1439","22683","PAM","عبد الله بوسنان","64305"
"مراكش- آسفي","الحوز","تغدوين","1439","22695","PAM","احمد بلاوي","73963"
"مراكش- آسفي","الحوز","تغدوين","1439","22686","PAM","عبد اللطيف المودن","86901"
"مراكش- آسفي","الحوز","تغدوين","1439","22689","PAM","ابراهيم ايت عدي","105925"
"مراكش- آسفي","الحوز","تغدوين","1439","22680","PAM","ابراهيم تراغراوت","106125"
"مراكش- آسفي","الحوز","تغدوين","1439","22691","PAM","ابراهيم ابو علي","105891"
"مراكش- آسفي","الحوز","تغدوين","1439","22688","PAM","الحسين الهراب","73309"
"مراكش- آسفي","الحوز","تغدوين","1439","22696","PI","محمد بوسالم","129336"
"مراكش- آسفي","الحوز","تغدوين","1439","22697","PI","حسن كبوس","88412"
"مراكش- آسفي","الحوز","تغدوين","1439","22697","PI","حليمة امزوز","88485"
"مراكش- آسفي","الحوز","تغدوين","1439","22684","PI","حسن شكور","39309"
"مراكش- آسفي","الحوز","تغدوين","1439","22677","PJD","الحسن ابو الظهر","52945"
"مراكش- آسفي","الحوز","تغدوين","1439","22694","PJD","لحسن اوالحسين","103244"
"مراكش- آسفي","الحوز","تغدوين","1439","22694","PJD","جميلة بخمال","103392"
"مراكش- آسفي","الحوز","تغدوين","1439","22675","PJD","عبد العزيز ادعلي","46679"
"مراكش- آسفي","الحوز","تغدوين","1439","22682","USFP","عبد الواحد فروخ","58326"
"مراكش- آسفي","الحوز","تمازوزت","1361","21427","PI","حمزة اد موسى","50334"
"مراكش- آسفي","الحوز","تمازوزت","1361","21427","PI","ربيعة الحيان","50369"
"مراكش- آسفي","الحوز","تمازوزت","1361","21420","PI","عبد اللطيف امراغ","48444"
"مراكش- آسفي","الحوز","تمازوزت","1361","25576","PI","عبد العزيز واسليمان","29943"
"مراكش- آسفي","الحوز","تمازوزت","1361","21429","PI","عبد الرحيم الدمناتي","35346"
"مراكش- آسفي","الحوز","تمازوزت","1361","27718","PI","احمد ايت وحمان","35149"
"مراكش- آسفي","الحوز","تمازوزت","1361","27718","PI","نزهة الصغراوي","35203"
"مراكش- آسفي","الحوز","تمازوزت","1361","27715","PI","جمال بن موس","72942"
"مراكش- آسفي","الحوز","تمازوزت","1361","21426","PI","عمر سعودي","23080"
"مراكش- آسفي","الحوز","تمازوزت","1361","21428","PI","ابراهيم كنوت","30758"
"مراكش- آسفي","الحوز","تمازوزت","1361","21431","PI","ايدار المحبوب","29991"
"مراكش- آسفي","الحوز","تمازوزت","1361","27716","PI","محمد ادموسى","49880"
"مراكش- آسفي","الحوز","تمازوزت","1361","27714","PI","مصطفى البخاري","37506"
"مراكش- آسفي","الحوز","تمازوزت","1361","21430","PI","ادريس بويمكليون","31529"
"مراكش- آسفي","الحوز","تمازوزت","1361","21430","PI","زهرة  اقبلي","31553"
"مراكش- آسفي","الحوز","تمازوزت","1361","21424","PI","عبد اللطيف النموس","30925"
"مراكش- آسفي","الحوز","تمازوزت","1361","21425","PI","عبد الحفيظ وحى","30107"
"مراكش- آسفي","الحوز","تمازوزت","1361","27719","PI","محمد صديقي","35209"
"مراكش- آسفي","الحوز","تمازوزت","1361","21419","PI","عبد الجليل الحجوبي","71679"
"مراكش- آسفي","الحوز","تمازوزت","1361","25577","PI","العباس سعودي","23210"
"مراكش- آسفي","الحوز","تمازوزت","1361","21422","PI","محمد بامو","30598"
"مراكش- آسفي","الحوز","تمازوزت","1361","27713","PI","عبد الغني الهتهوتي","30087"
"مراكش- آسفي","الحوز","تمازوزت","1361","27717","PI","عبد الهادي بنعبو","46001"
"مراكش- آسفي","الحوز","تمازوزت","1361","21421","PAM","محمد لكوط","12673"
"مراكش- آسفي","الحوز","تمازوزت","1361","21421","PAM","سميرة ايت الكامل","13335"
"مراكش- آسفي","الحوز","تمازوزت","1361","27712","PAM","عبد العزيز واحي","12702"
"مراكش- آسفي","الحوز","تمازوزت","1361","21423","PAM","علال  اتكرامت","12576"
"مراكش- آسفي","الحوز","تمصلوحت","1367","21527","RNI","ابراهيم البجودي","2617"
"مراكش- آسفي","الحوز","تمصلوحت","1367","21536","RNI","سعيد حلكان","2689"
"مراكش- آسفي","الحوز","تمصلوحت","1367","21535","RNI","محمد اوسار","3903"
"مراكش- آسفي","الحوز","تمصلوحت","1367","21537","RNI","عبد المجيد بوالدونيت","2710"
"مراكش- آسفي","الحوز","تمصلوحت","1367","21530","RNI","عبد الرزاق بودعة","2663"
"مراكش- آسفي","الحوز","تمصلوحت","1367","21531","RNI","عبد الجليل قربال","3885"
"مراكش- آسفي","الحوز","تمصلوحت","1367","21531","RNI","سميرة روقبة","4005"
"مراكش- آسفي","الحوز","تمصلوحت","1367","21523","RNI","محمد الفلاح","2599"
"مراكش- آسفي","الحوز","تمصلوحت","1367","21525","RNI","خليفة روبيع","7076"
"مراكش- آسفي","الحوز","تمصلوحت","1367","21525","RNI","زهرة العلواني","7112"
"مراكش- آسفي","الحوز","تمصلوحت","1367","21534","RNI","عمر مبروك","22287"
"مراكش- آسفي","الحوز","تمصلوحت","1367","21516","RNI","عمر زنفار","2654"
"مراكش- آسفي","الحوز","تمصلوحت","1367","27721","PAM","محمد معطلا","228"
"مراكش- آسفي","الحوز","تمصلوحت","1367","21529","PAM","المصطفى ايت ناني","8538"
"مراكش- آسفي","الحوز","تمصلوحت","1367","21529","PAM","سميرة رضا","8568"
"مراكش- آسفي","الحوز","تمصلوحت","1367","21526","PAM","عبد المجيد رضى","3513"
"مراكش- آسفي","الحوز","تمصلوحت","1367","21533","PAM","سيدي مسعود الشادلي","106930"
"مراكش- آسفي","الحوز","تمصلوحت","1367","21520","PAM","مولاي عبد الله ايت السبيع","19663"
"مراكش- آسفي","الحوز","تمصلوحت","1367","21518","PAM","يوسف الكبوس","6206"
"مراكش- آسفي","الحوز","تمصلوحت","1367","21524","PAM","سيدي محمد اتقاوس","539"
"مراكش- آسفي","الحوز","تمصلوحت","1367","21517","PJD","جمال الكرطيط","50232"
"مراكش- آسفي","الحوز","تمصلوحت","1367","21528","PJD","عبد ا للطيف لحويلي","38435"
"مراكش- آسفي","الحوز","تمصلوحت","1367","27720","PJD","عبد اللطيف المناف","37742"
"مراكش- آسفي","الحوز","تمصلوحت","1367","27720","PJD","نادية لحتيت","37764"
"مراكش- آسفي","الحوز","تمصلوحت","1367","21521","PJD","سيدي محمد الصديق","50173"
"مراكش- آسفي","الحوز","تمصلوحت","1367","21515","PJD","ي عبد اللطيف لمغاري","39398"
"مراكش- آسفي","الحوز","تمصلوحت","1367","21532","PPS","حسن كبا","19718"
"مراكش- آسفي","الحوز","تمصلوحت","1367","21519","PPS","ي حفيظ ايت القوس","19796"
"مراكش- آسفي","الحوز","تمصلوحت","1367","21522","PPS","عبدالرحيم الهرازي","19193"
"مراكش- آسفي","الحوز","تمكرت","1356","21361","PAM","عبدالرحمان اوحميدي","101136"
"مراكش- آسفي","الحوز","تمكرت","1356","21361","PAM","فاضمة ابراغ","101493"
"مراكش- آسفي","الحوز","تمكرت","1356","21359","PAM","حسن ازروال","105857"
"مراكش- آسفي","الحوز","تمكرت","1356","21359","PAM","خديجة الوزكيتي","105941"
"مراكش- آسفي","الحوز","تمكرت","1356","21366","PAM","احماد الرامي","106689"
"مراكش- آسفي","الحوز","تمكرت","1356","21360","PAM","محمد ايت رحو","36718"
"مراكش- آسفي","الحوز","تمكرت","1356","21362","PAM","مولاي الحسن  حديكي","36649"
"مراكش- آسفي","الحوز","تمكرت","1356","21358","PAM","عبد الصادق بنحمو","101570"
"مراكش- آسفي","الحوز","تمكرت","1356","21364","PAM","عبد السلام بوصليح","106625"
"مراكش- آسفي","الحوز","تمكرت","1356","21364","PAM","مليكة اكلي","106746"
"مراكش- آسفي","الحوز","تمكرت","1356","21365","PAM","الحسين  اقبلي","52183"
"مراكش- آسفي","الحوز","تمكرت","1356","21357","PAM","عبد الرزاق الداودي","72484"
"مراكش- آسفي","الحوز","تمكرت","1356","21357","PAM","الهام الصماوي","72509"
"مراكش- آسفي","الحوز","تمكرت","1356","21367","PAM","عبد العزيز بوطليح","106738"
"مراكش- آسفي","الحوز","تمكرت","1356","21368","USFP","رشيد المرابط","78728"
"مراكش- آسفي","الحوز","تمكرت","1356","21356","PJD","عالي ايت بلا","73693"
"مراكش- آسفي","الحوز","تمكرت","1356","21363","PI","عبد الكريم الرامي","48447"
"مراكش- آسفي","الحوز","ثلاث نيعقوب","1346","21249","UC","عبد الرحيم أيت داود","48566"
"مراكش- آسفي","الحوز","ثلاث نيعقوب","1346","21247","UC","محمد ايت الزبير","52088"
"مراكش- آسفي","الحوز","ثلاث نيعقوب","1346","21247","UC","الكبيرة ايت ادمو","52141"
"مراكش- آسفي","الحوز","ثلاث نيعقوب","1346","21248","UC","عمر ايت ج عمر","49412"
"مراكش- آسفي","الحوز","ثلاث نيعقوب","1346","21244","UC","الحسن بركوس","51036"
"مراكش- آسفي","الحوز","ثلاث نيعقوب","1346","21244","UC","سكينة حداث","51094"
"مراكش- آسفي","الحوز","ثلاث نيعقوب","1346","21250","UC","لحسن ايت وسعدن","52907"
"مراكش- آسفي","الحوز","ثلاث نيعقوب","1346","21250","UC","سناء  اعسوين ","52957"
"مراكش- آسفي","الحوز","ثلاث نيعقوب","1346","21240","UC","الحسين  ايت ناصر","53039"
"مراكش- آسفي","الحوز","ثلاث نيعقوب","1346","21240","UC","فاضمة منضيض","53093"
"مراكش- آسفي","الحوز","ثلاث نيعقوب","1346","21246","UC","عبد اللطيف بناي","44194"
"مراكش- آسفي","الحوز","ثلاث نيعقوب","1346","21243","UC","عيسى اعراب","49240"
"مراكش- آسفي","الحوز","ثلاث نيعقوب","1346","21242","UC","يوسف جبران","48132"
"مراكش- آسفي","الحوز","ثلاث نيعقوب","1346","21241","UC","محمد اشركي","50738"
"مراكش- آسفي","الحوز","ثلاث نيعقوب","1346","25575","UC","ابراهيم ايت يوس","49338"
"مراكش- آسفي","الحوز","ثلاث نيعقوب","1346","25574","RNI","الحسن ايت حوصى","73851"
"مراكش- آسفي","الحوز","ثلاث نيعقوب","1346","21245","PJD","محمد اد بومسعود","50030"
"مراكش- آسفي","الحوز","دارالجامع","457","7101","MP","مبارك ايت سي مبارك","18568"
"مراكش- آسفي","الحوز","دارالجامع","457","7101","MP","حنان الميدان","18588"
"مراكش- آسفي","الحوز","دارالجامع","457","7102","MP","محماد ملحس","129289"
"مراكش- آسفي","الحوز","دارالجامع","457","7097","MP","لحسن اعنو","24003"
"مراكش- آسفي","الحوز","دارالجامع","457","7097","MP","نسيمة اشاوي","24020"
"مراكش- آسفي","الحوز","دارالجامع","457","7095","MP","الحسين بوضاض","18390"
"مراكش- آسفي","الحوز","دارالجامع","457","7095","MP","السعدية اسرار","18408"
"مراكش- آسفي","الحوز","دارالجامع","457","7093","MP","الحسين ايت علا","19584"
"مراكش- آسفي","الحوز","دارالجامع","457","7096","MP","محمد ايت بهي","18700"
"مراكش- آسفي","الحوز","دارالجامع","457","7103","PAM","حسن ايت حدوش","29833"
"مراكش- آسفي","الحوز","دارالجامع","457","7099","PAM","حسن اكزنناي","19231"
"مراكش- آسفي","الحوز","دارالجامع","457","7098","PAM","عبد الواحد ازوض","22805"
"مراكش- آسفي","الحوز","دارالجامع","457","7094","RNI","عمر اوعلا","73656"
"مراكش- آسفي","الحوز","دارالجامع","457","7100","PJD","عادل ايت صالح","37177"
"مراكش- آسفي","الحوز","دارالجامع","457","7100","PJD","نزهة لواحي","37218"
"مراكش- آسفي","الحوز","زرقطن","1535","24025","PAM","عبد الكريم شكري","52301"
"مراكش- آسفي","الحوز","زرقطن","1535","24040","PAM","امين لمسيوي","51634"
"مراكش- آسفي","الحوز","زرقطن","1535","24027","PAM","محمد  دلحلي","102213"
"مراكش- آسفي","الحوز","زرقطن","1535","24027","PAM","زهرة  بوكال","102383"
"مراكش- آسفي","الحوز","زرقطن","1535","24041","PAM","عمر لمسيوي","24101"
"مراكش- آسفي","الحوز","زرقطن","1535","24031","PAM","محمد  ايت ملوين","65661"
"مراكش- آسفي","الحوز","زرقطن","1535","24024","PAM","عمر اتوغزة","31962"
"مراكش- آسفي","الحوز","زرقطن","1535","24024","PAM","زهرة بن تحمات","31970"
"مراكش- آسفي","الحوز","زرقطن","1535","24028","PAM","عبد الرحمان ايت الشريف","58566"
"مراكش- آسفي","الحوز","زرقطن","1535","24020","PAM","الحسن ايت صالح","20277"
"مراكش- آسفي","الحوز","زرقطن","1535","24023","PAM","الحسن مجضيد","85668"
"مراكش- آسفي","الحوز","زرقطن","1535","24023","PAM","سميرة لينشانيت","85985"
"مراكش- آسفي","الحوز","زرقطن","1535","24029","PAM","عبد الرزاق بنكروم","130328"
"مراكش- آسفي","الحوز","زرقطن","1535","24039","PAM","ابراهيم هادي","58677"
"مراكش- آسفي","الحوز","زرقطن","1535","24032","PAM","لحسن  ازريف","65716"
"مراكش- آسفي","الحوز","زرقطن","1535","24030","PAM","لحسن ازدوز","36836"
"مراكش- آسفي","الحوز","زرقطن","1535","24019","PAM","حمادي باغوغ","87791"
"مراكش- آسفي","الحوز","زرقطن","1535","24034","PAM","الحسين الغزواني","39113"
"مراكش- آسفي","الحوز","زرقطن","1535","24038","PAM","لحسن اكرام","58125"
"مراكش- آسفي","الحوز","زرقطن","1535","24022","PI","الحسين  زيوض","72989"
"مراكش- آسفي","الحوز","زرقطن","1535","24022","PI","خديجة  بوخريص","73009"
"مراكش- آسفي","الحوز","زرقطن","1535","24026","PI","احمد حريوي","35532"
"مراكش- آسفي","الحوز","زرقطن","1535","24035","PI","محمد ايت عزي","22903"
"مراكش- آسفي","الحوز","زرقطن","1535","24033","PI","محمد اموسى","43009"
"مراكش- آسفي","الحوز","زرقطن","1535","24037","PI","جمال اموسى","43046"
"مراكش- آسفي","الحوز","زرقطن","1535","24021","PJD","رشيد  بلقاسم ","38699"
"مراكش- آسفي","الحوز","زرقطن","1535","24036","USFP","الحسين الحسن","62031"
"مراكش- آسفي","الحوز","ستي فاضمة","1305","20697","PAM","ابراهيم المهروج","129203"
"مراكش- آسفي","الحوز","ستي فاضمة","1305","20679","PAM","احمد ايت احماد اعمر","71411"
"مراكش- آسفي","الحوز","ستي فاضمة","1305","20680","PAM","عمر ايت علي احمو","68404"
"مراكش- آسفي","الحوز","ستي فاضمة","1305","20680","PAM","فاطمة العلوي","71529"
"مراكش- آسفي","الحوز","ستي فاضمة","1305","20696","PAM","محمد ايت الهاشمي","101356"
"مراكش- آسفي","الحوز","ستي فاضمة","1305","20682","PAM","عبد اللطيف بوزغار","128697"
"مراكش- آسفي","الحوز","ستي فاضمة","1305","20687","PAM","علي ايت لحسن","69734"
"مراكش- آسفي","الحوز","ستي فاضمة","1305","20693","PAM","محمد  فقير","69645"
"مراكش- آسفي","الحوز","ستي فاضمة","1305","20701","PAM","حسن بويكضاض","101545"
"مراكش- آسفي","الحوز","ستي فاضمة","1305","20699","PAM","عمر ايت مبارك","69612"
"مراكش- آسفي","الحوز","ستي فاضمة","1305","20692","PAM","حسن بودجاج","69696"
"مراكش- آسفي","الحوز","ستي فاضمة","1305","20686","PAM","ابراهيم اقبلي","128908"
"مراكش- آسفي","الحوز","ستي فاضمة","1305","20681","PAM","ابراهيم ايت افقير علي","128614"
"مراكش- آسفي","الحوز","ستي فاضمة","1305","20695","PAM","الحسين اويدار","68912"
"مراكش- آسفي","الحوز","ستي فاضمة","1305","20700","PAM","الحفيظ احميد","68682"
"مراكش- آسفي","الحوز","ستي فاضمة","1305","20688","PI","بهي  ايت حموش","30474"
"مراكش- آسفي","الحوز","ستي فاضمة","1305","20684","PI","رشيد  ايت عبد الرحمان ","30445"
"مراكش- آسفي","الحوز","ستي فاضمة","1305","20685","PI","ابراهيم ازيكي","30702"
"مراكش- آسفي","الحوز","ستي فاضمة","1305","20694","PI","بوجمعة ايت ارايم","37900"
"مراكش- آسفي","الحوز","ستي فاضمة","1305","20694","PI","خدوج حدوش","37930"
"مراكش- آسفي","الحوز","ستي فاضمة","1305","20691","PJD","محمد ايت محمد","129077"
"مراكش- آسفي","الحوز","ستي فاضمة","1305","20691","PJD","عائشة خزيز","129104"
"مراكش- آسفي","الحوز","ستي فاضمة","1305","20683","PJD","هشام مجدولي","68590"
"مراكش- آسفي","الحوز","ستي فاضمة","1305","20690","PJD","محمد ايت بلا","69150"
"مراكش- آسفي","الحوز","ستي فاضمة","1305","20689","PJD","عبد العزيز ضكوك","37973"
"مراكش- آسفي","الحوز","ستي فاضمة","1305","20698","PPS","رشيد اكين","104722"
"مراكش- آسفي","الحوز","ستي فاضمة","1305","20698","PPS","فاطمة ادعبد الله","104784"
"مراكش- آسفي","الحوز","سيدي بدهاج","1185","18717","UC","محمد بيش","58325"
"مراكش- آسفي","الحوز","سيدي بدهاج","1185","18715","UC","ايوب غلاين","58295"
"مراكش- آسفي","الحوز","سيدي بدهاج","1185","18714","UC","هيشام بويزعوفن","47006"
"مراكش- آسفي","الحوز","سيدي بدهاج","1185","18714","UC","مليكة معاش","47074"
"مراكش- آسفي","الحوز","سيدي بدهاج","1185","18709","PI","العربي الشرقاوي","35519"
"مراكش- آسفي","الحوز","سيدي بدهاج","1185","18709","PI","امينة بوعود","35554"
"مراكش- آسفي","الحوز","سيدي بدهاج","1185","18707","PI","عبد الله تسافي","46897"
"مراكش- آسفي","الحوز","سيدي بدهاج","1185","18713","PAM","مولاي هشام عفيف","103913"
"مراكش- آسفي","الحوز","سيدي بدهاج","1185","18713","PAM","نوال الزواق","104010"
"مراكش- آسفي","الحوز","سيدي بدهاج","1185","18710","PAM","ابراهيم الخلال","88772"
"مراكش- آسفي","الحوز","سيدي بدهاج","1185","18710","PAM","نجاة اعلي اوبان","88836"
"مراكش- آسفي","الحوز","سيدي بدهاج","1185","18708","PAM","سي علال الشرقاوي","101261"
"مراكش- آسفي","الحوز","سيدي بدهاج","1185","18711","PJD","عثمان العضراوي","129127"
"مراكش- آسفي","الحوز","سيدي بدهاج","1185","18716","USFP","الحسين الغازي","80120"
"مراكش- آسفي","الحوز","سيدي بدهاج","1185","18712","CNI","محمد بلكوري","129213"
"مراكش- آسفي","الحوز","سيدي عبد الله غيات","1155","18277","PAM","عبد الجليل بونيت","20543"
"مراكش- آسفي","الحوز","سيدي عبد الله غيات","1155","18265","PAM","محمد بلواد","21652"
"مراكش- آسفي","الحوز","سيدي عبد الله غيات","1155","18263","PAM","عبد اللطيف النواصري","19514"
"مراكش- آسفي","الحوز","سيدي عبد الله غيات","1155","18269","PAM","لحسن واحى","34730"
"مراكش- آسفي","الحوز","سيدي عبد الله غيات","1155","18269","PAM","زهرة بداز","34747"
"مراكش- آسفي","الحوز","سيدي عبد الله غيات","1155","18268","PAM","عبد الله ابوسعيد","110635"
"مراكش- آسفي","الحوز","سيدي عبد الله غيات","1155","18268","PAM","خديجة امجكر","110715"
"مراكش- آسفي","الحوز","سيدي عبد الله غيات","1155","18261","PAM","المصطفى هرندو","10768"
"مراكش- آسفي","الحوز","سيدي عبد الله غيات","1155","18262","PAM","حسن متوس","10790"
"مراكش- آسفي","الحوز","سيدي عبد الله غيات","1155","18272","PAM","محمد قرماش","10861"
"مراكش- آسفي","الحوز","سيدي عبد الله غيات","1155","18275","PAM","علال والشيخ","20018"
"مراكش- آسفي","الحوز","سيدي عبد الله غيات","1155","18266","PAM","الحسين كنبور","10818"
"مراكش- آسفي","الحوز","سيدي عبد الله غيات","1155","18274","PAM","هشام بنساسي","128134"
"مراكش- آسفي","الحوز","سيدي عبد الله غيات","1155","18279","PAM","عبد الله بارق","10747"
"مراكش- آسفي","الحوز","سيدي عبد الله غيات","1155","18259","PAM","محمد كوغري","71865"
"مراكش- آسفي","الحوز","سيدي عبد الله غيات","1155","18267","PAM","محمد بومهدي","16728"
"مراكش- آسفي","الحوز","سيدي عبد الله غيات","1155","18260","PAM","عبد العزيز ايت العربي","10653"
"مراكش- آسفي","الحوز","سيدي عبد الله غيات","1155","18281","PAM","عبد الجليل مويان","10724"
"مراكش- آسفي","الحوز","سيدي عبد الله غيات","1155","27648","PJD","مصطفى امكسا","16694"
"مراكش- آسفي","الحوز","سيدي عبد الله غيات","1155","27648","PJD","سميرة المودكي","16700"
"مراكش- آسفي","الحوز","سيدي عبد الله غيات","1155","18278","PJD","ابراهيم السرغيني","37514"
"مراكش- آسفي","الحوز","سيدي عبد الله غيات","1155","18278","PJD","فاطمة السرغيني","37536"
"مراكش- آسفي","الحوز","سيدي عبد الله غيات","1155","18271","PJD","عبد الاله  ايت حموش ","19551"
"مراكش- آسفي","الحوز","سيدي عبد الله غيات","1155","18276","PJD","الحسين بوتزارت","22933"
"مراكش- آسفي","الحوز","سيدي عبد الله غيات","1155","27649","PJD","عبد الحق السباع","107658"
"مراكش- آسفي","الحوز","سيدي عبد الله غيات","1155","18264","PJD","لحسن بوشدوك","20526"
"مراكش- آسفي","الحوز","سيدي عبد الله غيات","1155","18273","PJD","حميد جعفر","21732"
"مراكش- آسفي","الحوز","سيدي عبد الله غيات","1155","18280","PJD","مهدي الطوسي","61210"
"مراكش- آسفي","الحوز","سيدي عبد الله غيات","1155","18270","PJD","عبد الله  بامسال ","20443"
"مراكش- آسفي","الحوز","للا تكركوست","774","12191","MP","عبد العزيز السباعي","112290"
"مراكش- آسفي","الحوز","للا تكركوست","774","12197","MP","مولاي العباس بن الطيبي","2665"
"مراكش- آسفي","الحوز","للا تكركوست","774","12197","MP","زهراء كزكاز","2675"
"مراكش- آسفي","الحوز","للا تكركوست","774","12193","MP","مولاي عبد الغني ايت الزوين","30881"
"مراكش- آسفي","الحوز","للا تكركوست","774","12194","MP","احمد اماص","64688"
"مراكش- آسفي","الحوز","للا تكركوست","774","12195","MP","محمد امنصور","30250"
"مراكش- آسفي","الحوز","للا تكركوست","774","12196","PI","محمد تداوت","18336"
"مراكش- آسفي","الحوز","للا تكركوست","774","12196","PI","نعيمة كمال","18364"
"مراكش- آسفي","الحوز","للا تكركوست","774","12189","PI","عبد العلي ايت بلعسل","128503"
"مراكش- آسفي","الحوز","للا تكركوست","774","12189","PI","فاطمة الزهراء اخشتيف","128533"
"مراكش- آسفي","الحوز","للا تكركوست","774","12198","PI","عبد اللطيف امتات","6240"
"مراكش- آسفي","الحوز","للا تكركوست","774","12188","USFP","مصطفى بهيت","134003"
"مراكش- آسفي","الحوز","للا تكركوست","774","12188","USFP","عائشة امغوس","65267"
"مراكش- آسفي","الحوز","للا تكركوست","774","12190","PJD","فتح الله ايت الطالب","12834"
"مراكش- آسفي","الحوز","للا تكركوست","774","12192","PAM","حميد بوستوتو","6338"
"مراكش- آسفي","الحوز","مولاي ابراهيم","907","14354","PAM","حسن اشيهي","60138"
"مراكش- آسفي","الحوز","مولاي ابراهيم","907","14354","PAM","زهرة بوهريم","60559"
"مراكش- آسفي","الحوز","مولاي ابراهيم","907","14355","PAM","محمد امكيزو","110949"
"مراكش- آسفي","الحوز","مولاي ابراهيم","907","14346","PAM","محمد ادرازن","77328"
"مراكش- آسفي","الحوز","مولاي ابراهيم","907","14346","PAM","فاطمة البلول","77380"
"مراكش- آسفي","الحوز","مولاي ابراهيم","907","14356","PAM","محمد تاليمة","61046"
"مراكش- آسفي","الحوز","مولاي ابراهيم","907","14347","PAM","عبد اللطيف عيدي","113021"
"مراكش- آسفي","الحوز","مولاي ابراهيم","907","14347","PAM","رشيدة تشتوكت","126133"
"مراكش- آسفي","الحوز","مولاي ابراهيم","907","14345","PAM","محمد ايت احماد","104306"
"مراكش- آسفي","الحوز","مولاي ابراهيم","907","14345","PAM","نعيمة نومغار","126016"
"مراكش- آسفي","الحوز","مولاي ابراهيم","907","14349","PAM","عمر اسقيو","30011"
"مراكش- آسفي","الحوز","مولاي ابراهيم","907","14348","PAM","علي بوسيف","105194"
"مراكش- آسفي","الحوز","مولاي ابراهيم","907","14350","PAM","محمد ايت الحاج","30034"
"مراكش- آسفي","الحوز","مولاي ابراهيم","907","14352","PAM","محمد بوسالم","61189"
"مراكش- آسفي","الحوز","مولاي ابراهيم","907","14357","PAM","عبد الرحيم ايت ونيغد","47980"
"مراكش- آسفي","الحوز","مولاي ابراهيم","907","14353","PAM","محمد  ايت بوريك","112274"
"مراكش- آسفي","الحوز","مولاي ابراهيم","907","14351","PPS","الحسين ديمان","109200"
"مراكش- آسفي","الحوز","وزكيتة","948","14976","PI","عمر ايت ابيه","79116"
"مراكش- آسفي","الحوز","وزكيتة","948","14972","PI","اسماعيل ادالمير","59747"
"مراكش- آسفي","الحوز","وزكيتة","948","14972","PI","ناجية ملول","59781"
"مراكش- آسفي","الحوز","وزكيتة","948","14980","PI","احمد افلدي","63339"
"مراكش- آسفي","الحوز","وزكيتة","948","14980","PI","مارية  اد المير","63392"
"مراكش- آسفي","الحوز","وزكيتة","948","14973","PI","الحسين العسري","50123"
"مراكش- آسفي","الحوز","وزكيتة","948","14982","PI","مولود امحمود","83423"
"مراكش- آسفي","الحوز","وزكيتة","948","14982","PI","خديجة منصور","83483"
"مراكش- آسفي","الحوز","وزكيتة","948","14974","PI","محمد اد محند","129023"
"مراكش- آسفي","الحوز","وزكيتة","948","14979","PJD","رشيد  ايت زباير ","83634"
"مراكش- آسفي","الحوز","وزكيتة","948","14979","PJD","سكينة العسري","83717"
"مراكش- آسفي","الحوز","وزكيتة","948","14975","PJD","عبد العالي بن ياسين","108307"
"مراكش- آسفي","الحوز","وزكيتة","948","14981","PJD","عمر بواششي","107805"
"مراكش- آسفي","الحوز","وزكيتة","948","14978","PJD","المحجوب المفضالي","73382"
"مراكش- آسفي","الحوز","وزكيتة","948","14977","MP","مصطفى ايت بلا","100479"
"مراكش- آسفي","الحوز","ويركان","964","15247","PAM","ابراهيم شكري","106541"
"مراكش- آسفي","الحوز","ويركان","964","15247","PAM","بشرى ورخة","106597"
"مراكش- آسفي","الحوز","ويركان","964","15244","PAM","محمد ادوسعدن","11083"
"مراكش- آسفي","الحوز","ويركان","964","15244","PAM","عائشة ايت الحاج حساين","11104"
"مراكش- آسفي","الحوز","ويركان","964","15248","PAM","حسن اكراي","35295"
"مراكش- آسفي","الحوز","ويركان","964","15250","PAM","عبد الرحيم ايت مبارك","20115"
"مراكش- آسفي","الحوز","ويركان","964","15245","PAM","محمد ايت العسري","10720"
"مراكش- آسفي","الحوز","ويركان","964","15243","PAM","مولاي ادريس ايت ثلاث","20454"
"مراكش- آسفي","الحوز","ويركان","964","27606","PAM","محمد اهروش","11038"
"مراكش- آسفي","الحوز","ويركان","964","15242","PAM","الحسن ادسالم","29157"
"مراكش- آسفي","الحوز","ويركان","964","15249","PAM","ابراهيم ايت اناين","20248"
"مراكش- آسفي","الحوز","ويركان","964","15251","PJD","احمد ايت بهي","18634"
"مراكش- آسفي","الحوز","ويركان","964","15246","PJD","احمد ايت وكريم","69191"
"مراكش- آسفي","الحوز","ويركان","964","15246","PJD","عائشة ايت حمو","69367"
"مراكش- آسفي","الحوز","ويركان","964","15251","PJD","عائشة الجعيدي","18659"
"مراكش- آسفي","الحوز","ويركان","964","15252","PJD","توفيق اجعيدي","6487"
"مراكش- آسفي","الحوز","ويركان","964","27607","PJD","جمال  اغندا","6512"
"مراكش- آسفي","الرحامنة","أولاد املول","1010","15873","PAM","حمو قرشي","81641"
"مراكش- آسفي","الرحامنة","أولاد املول","1010","15873","PAM","سومية الهشامي","81688"
"مراكش- آسفي","الرحامنة","أولاد املول","1010","15868","PAM","مبارك بوعلالة","57032"
"مراكش- آسفي","الرحامنة","أولاد املول","1010","15868","PAM","عائشة عنتر","57066"
"مراكش- آسفي","الرحامنة","أولاد املول","1010","15871","PAM","نور الدين مصباح","56816"
"مراكش- آسفي","الرحامنة","أولاد املول","1010","15872","PAM","عمر التابتي","32714"
"مراكش- آسفي","الرحامنة","أولاد املول","1010","15867","PAM","محمد  اليونسي","56870"
"مراكش- آسفي","الرحامنة","أولاد املول","1010","15878","PAM","ابراهيم ايت الهروال","15765"
"مراكش- آسفي","الرحامنة","أولاد املول","1010","15874","PAM","رضوان لبيض","27460"
"مراكش- آسفي","الرحامنة","أولاد املول","1010","15866","PAM","بوجمعة اعميمي","27344"
"مراكش- آسفي","الرحامنة","أولاد املول","1010","15875","PAM"," عبد  المولى لعظيمي","27506"
"مراكش- آسفي","الرحامنة","أولاد املول","1010","15869","RNI","سعيد النايح","64260"
"مراكش- آسفي","الرحامنة","أولاد املول","1010","15869","RNI","السعدية اعنوتي","64296"
"مراكش- آسفي","الرحامنة","أولاد املول","1010","15870","RNI","مراد بطيط","34074"
"مراكش- آسفي","الرحامنة","أولاد املول","1010","15876","RNI","عبد الكبير ايت بلبريك","63039"
"مراكش- آسفي","الرحامنة","أولاد املول","1010","15877","UC","عبد السلام بنجواش","27444"
"مراكش- آسفي","الرحامنة","أولاد املول","1010","15877","UC","رشيدة لهليل","27435"
"مراكش- آسفي","الرحامنة","أولاد حسون حمري","1009","15856","PAM","جعفر حرمة","59889"
"مراكش- آسفي","الرحامنة","أولاد حسون حمري","1009","15856","PAM","لكبيرة متصدق","59845"
"مراكش- آسفي","الرحامنة","أولاد حسون حمري","1009","15863","PAM","المصطفى نور الدين","59964"
"مراكش- آسفي","الرحامنة","أولاد حسون حمري","1009","15863","PAM","جيهان عبد المامون","60028"
"مراكش- آسفي","الرحامنة","أولاد حسون حمري","1009","15859","PAM","عبد اللطيف خيرات","59852"
"مراكش- آسفي","الرحامنة","أولاد حسون حمري","1009","15855","PAM","عبد الجليل فواز","98163"
"مراكش- آسفي","الرحامنة","أولاد حسون حمري","1009","15855","PAM","نعيمة الدلك","98205"
"مراكش- آسفي","الرحامنة","أولاد حسون حمري","1009","15862","PAM","محمد مزوار","56475"
"مراكش- آسفي","الرحامنة","أولاد حسون حمري","1009","15853","PAM","سعيد محمود","59262"
"مراكش- آسفي","الرحامنة","أولاد حسون حمري","1009","27610","PAM","المصطفى مزوار","59890"
"مراكش- آسفي","الرحامنة","أولاد حسون حمري","1009","15861","PAM","المصطفى تابت","62727"
"مراكش- آسفي","الرحامنة","أولاد حسون حمري","1009","27611","PAM","محمد العربي الشارفي","59813"
"مراكش- آسفي","الرحامنة","أولاد حسون حمري","1009","15854","PAM","السكراتي الفارسي","60068"
"مراكش- آسفي","الرحامنة","أولاد حسون حمري","1009","15858","PAM","عبد الهادي  العاريف ","12195"
"مراكش- آسفي","الرحامنة","أولاد حسون حمري","1009","15857","PAM","رشيد زربان","117239"
"مراكش- آسفي","الرحامنة","أولاد حسون حمري","1009","15860","PAM"," مبارك مزواري","97751"
"مراكش- آسفي","الرحامنة","أولاد حسون حمري","1009","15860","PAM","مينة الادريسي","97805"
"مراكش- آسفي","الرحامنة","أولاد عامر تزمرين","972","15385","PAM","محمد تفرمة","46440"
"مراكش- آسفي","الرحامنة","أولاد عامر تزمرين","972","15385","PAM","سكينة النقرة","46459"
"مراكش- آسفي","الرحامنة","أولاد عامر تزمرين","972","15386","PAM","البشير المرجني","47203"
"مراكش- آسفي","الرحامنة","أولاد عامر تزمرين","972","15392","PAM","عبد الجليل   كرزي","48174"
"مراكش- آسفي","الرحامنة","أولاد عامر تزمرين","972","15390","PAM","محمد الجوهري","46358"
"مراكش- آسفي","الرحامنة","أولاد عامر تزمرين","972","15390","PAM","سميرة جوعيدة","46388"
"مراكش- آسفي","الرحامنة","أولاد عامر تزمرين","972","15392","PAM","رشيدة  امريج","48221"
"مراكش- آسفي","الرحامنة","أولاد عامر تزمرين","972","15384","PAM","عزالدين الخمسيج","46295"
"مراكش- آسفي","الرحامنة","أولاد عامر تزمرين","972","15382","PI","خالد مونزيد","22042"
"مراكش- آسفي","الرحامنة","أولاد عامر تزمرين","972","15387","PI","عبد العظيم الزراري ","12464"
"مراكش- آسفي","الرحامنة","أولاد عامر تزمرين","972","15382","PI","حنان العرش","22049"
"مراكش- آسفي","الرحامنة","أولاد عامر تزمرين","972","15389","PI","رضوان الزراري","12213"
"مراكش- آسفي","الرحامنة","أولاد عامر تزمرين","972","15383","PI","عبد الرحيم هلال","57728"
"مراكش- آسفي","الرحامنة","أولاد عامر تزمرين","972","15391","PI","عبد الرحيم  وهيب","22270"
"مراكش- آسفي","الرحامنة","أولاد عامر تزمرين","972","15388","PJD","رشيد بنطالب","12338"
"مراكش- آسفي","الرحامنة","آيت الطالب","163","2324","PAM","محمد فاروق","99955"
"مراكش- آسفي","الرحامنة","آيت الطالب","163","2321","PAM","عمر  بادي","97983"
"مراكش- آسفي","الرحامنة","آيت الطالب","163","2321","PAM","حفيضة فاروق","98024"
"مراكش- آسفي","الرحامنة","آيت الطالب","163","2320","PAM","عبد الرحيم كحوان","99132"
"مراكش- آسفي","الرحامنة","آيت الطالب","163","2322","PAM","عزيز الحامدي","98213"
"مراكش- آسفي","الرحامنة","آيت الطالب","163","2322","PAM","زهيرة فراح","98257"
"مراكش- آسفي","الرحامنة","آيت الطالب","163","2318","PAM","علال شامخ","99426"
"مراكش- آسفي","الرحامنة","آيت الطالب","163","2325","PAM","حميد الصواف","98918"
"مراكش- آسفي","الرحامنة","آيت الطالب","163","2313","PAM","عبد الله  العرج","100501"
"مراكش- آسفي","الرحامنة","آيت الطالب","163","2319","PAM","ناجي الربيعي","99583"
"مراكش- آسفي","الرحامنة","آيت الطالب","163","2317","PJD","علال شهيد","35330"
"مراكش- آسفي","الرحامنة","آيت الطالب","163","2317","PJD","رشيدة شهيد ","35510"
"مراكش- آسفي","الرحامنة","آيت الطالب","163","2316","PJD","محمد العمراني","58320"
"مراكش- آسفي","الرحامنة","آيت الطالب","163","2323","PJD","ميلود خضري","108508"
"مراكش- آسفي","الرحامنة","آيت الطالب","163","2323","PJD","زهيرة المدافع","108554"
"مراكش- آسفي","الرحامنة","آيت الطالب","163","2315","PJD","عبد العزيز حومادي","46219"
"مراكش- آسفي","الرحامنة","آيت الطالب","163","2314","RNI","عبد الله فراح","94016"
"مراكش- آسفي","الرحامنة","آيت حمو","118","1708","PAM","طارق سجود","60245"
"مراكش- آسفي","الرحامنة","آيت حمو","118","1708","PAM","حنان الحادق","60267"
"مراكش- آسفي","الرحامنة","آيت حمو","118","1707","PAM","ابراهيم الرامي","60367"
"مراكش- آسفي","الرحامنة","آيت حمو","118","1706","PAM","عبد اللطيف البطاح","93417"
"مراكش- آسفي","الرحامنة","آيت حمو","118","1706","PAM","الزاهية بونعيم","93496"
"مراكش- آسفي","الرحامنة","آيت حمو","118","1710","PAM","عبداللطيف لميني","46890"
"مراكش- آسفي","الرحامنة","آيت حمو","118","1712","PAM","امحمد اميسي","46961"
"مراكش- آسفي","الرحامنة","آيت حمو","118","1714","PAM","ميلود جبران","46048"
"مراكش- آسفي","الرحامنة","آيت حمو","118","1709","PAM","السلامي نجيح","46909"
"مراكش- آسفي","الرحامنة","آيت حمو","118","1713","PAM","محمد لغوي","60093"
"مراكش- آسفي","الرحامنة","آيت حمو","118","1705","PAM","عبد الهادي الشعيبي","97759"
"مراكش- آسفي","الرحامنة","آيت حمو","118","1704","PI","المهدي اجريبعات","131838"
"مراكش- آسفي","الرحامنة","آيت حمو","118","1704","PI","مونة فكري","131856"
"مراكش- آسفي","الرحامنة","آيت حمو","118","27414","PI","حميد الهاشمي","93981"
"مراكش- آسفي","الرحامنة","آيت حمو","118","27414","PI","زهرة البركاوي","94012"
"مراكش- آسفي","الرحامنة","آيت حمو","118","1711","PI","المحجوب  فكري","44145"
"مراكش- آسفي","الرحامنة","آيت حمو","118","27415","CNI","محمد الطانطاوي","22464"
"مراكش- آسفي","الرحامنة","ابن جرير","285","25091","PAM","عبد العاطي بوشريط","115059"
"مراكش- آسفي","الرحامنة","ابن جرير","285","25091","PAM","فوزية شطو","119430"
"مراكش- آسفي","الرحامنة","ابن جرير","285","25091","PAM","الحجاج مساعيد","115312"
"مراكش- آسفي","الرحامنة","ابن جرير","285","25091","PAM","العيدية الزيتوني","119531"
"مراكش- آسفي","الرحامنة","ابن جرير","285","25091","PAM","عبد الفتاح الكايل","115536"
"مراكش- آسفي","الرحامنة","ابن جرير","285","25091","PAM","الغالية النقايوي","119621"
"مراكش- آسفي","الرحامنة","ابن جرير","285","25091","PAM","عبد الحق زينون","115822"
"مراكش- آسفي","الرحامنة","ابن جرير","285","25091","PAM","نادية لغشيم","119692"
"مراكش- آسفي","الرحامنة","ابن جرير","285","25091","PAM","عمر براكش","116056"
"مراكش- آسفي","الرحامنة","ابن جرير","285","25091","PAM","عبد اللطيف وردي","116300"
"مراكش- آسفي","الرحامنة","ابن جرير","285","25091","PAM","عبد الخالق جوهاري","116445"
"مراكش- آسفي","الرحامنة","ابن جرير","285","25091","PAM","سعيد ملوك","116511"
"مراكش- آسفي","الرحامنة","ابن جرير","285","25091","PAM","ادريس  الادريسي","116624"
"مراكش- آسفي","الرحامنة","ابن جرير","285","25091","PAM","الحاج علي جبوج","116784"
"مراكش- آسفي","الرحامنة","ابن جرير","285","25091","PAM","عزيز ابوليتيم","116886"
"مراكش- آسفي","الرحامنة","ابن جرير","285","25091","PAM","فوزية بودركة","117131"
"مراكش- آسفي","الرحامنة","ابن جرير","285","25091","PAM","عبد المالك بوسلهام","117232"
"مراكش- آسفي","الرحامنة","ابن جرير","285","25091","PAM","محمد بنطلية","117328"
"مراكش- آسفي","الرحامنة","ابن جرير","285","25091","PAM","محمد بوخار","117416"
"مراكش- آسفي","الرحامنة","ابن جرير","285","25091","PAM","الحسين حدوشان","117651"
"مراكش- آسفي","الرحامنة","ابن جرير","285","25091","PAM","نور الدين كمل","117815"
"مراكش- آسفي","الرحامنة","ابن جرير","285","25091","PAM","عبد الرحيم مستبسط","117979"
"مراكش- آسفي","الرحامنة","ابن جرير","285","25091","RNI","محمد العيادي","134173"
"مراكش- آسفي","الرحامنة","ابن جرير","285","25091","RNI","ايمان العيادي","134203"
"مراكش- آسفي","الرحامنة","ابن جرير","285","25091","RNI","عبد الرزاق بلحبشية","134174"
"مراكش- آسفي","الرحامنة","ابن جرير","285","25091","RNI","المهدي بوخير","134175"
"مراكش- آسفي","الرحامنة","ابن جرير","285","25091","RNI","ميلود باها","134176"
"مراكش- آسفي","الرحامنة","ابن جرير","285","25091","RNI","عبد الصادق عبيد","134177"
"مراكش- آسفي","الرحامنة","ابن جرير","285","25091","RNI","توفيق الكريمي","134178"
"مراكش- آسفي","الرحامنة","ابن جرير","285","25091","PJD","عبد الخاليد البصري","112657"
"مراكش- آسفي","الرحامنة","ابن جرير","285","25091","PJD","عتيقة الرامي","117950"
"مراكش- آسفي","الرحامنة","ابن جرير","285","25091","PJD","عبد الفتاح دوالكيفل","112968"
"مراكش- آسفي","الرحامنة","ابن جرير","285","25091","PJD","عبد العالي هيدان","112867"
"مراكش- آسفي","الرحامنة","ابن جرير","285","25091","PJD","احمد بو العيدي","113266"
"مراكش- آسفي","الرحامنة","ابن جرير","285","25091","PJD","كمال الخميلي","113424"
"مراكش- آسفي","الرحامنة","الجبيلات","1590","26739","PAM","مولاي المختار النجيز","21711"
"مراكش- آسفي","الرحامنة","الجبيلات","1590","26739","PAM","للا مريم  النجيز","21752"
"مراكش- آسفي","الرحامنة","الجبيلات","1590","26730","PAM","لحبيب المساوي ","21998"
"مراكش- آسفي","الرحامنة","الجبيلات","1590","26730","PAM","فاطمة المساوي","22019"
"مراكش- آسفي","الرحامنة","الجبيلات","1590","26736","PAM","العربي المنسوم","100843"
"مراكش- آسفي","الرحامنة","الجبيلات","1590","26738","PAM","محمد المهدي الكنسوسي","76393"
"مراكش- آسفي","الرحامنة","الجبيلات","1590","26742","PAM","عبداللطيف الصغير","100674"
"مراكش- آسفي","الرحامنة","الجبيلات","1590","26734","RNI","عبد العزيز السرداوي","97212"
"مراكش- آسفي","الرحامنة","الجبيلات","1590","26734","RNI","فاتحة لخوير","97232"
"مراكش- آسفي","الرحامنة","الجبيلات","1590","26732","RNI","عبد السلام جعفر","102234"
"مراكش- آسفي","الرحامنة","الجبيلات","1590","26732","RNI","عائشة التليلي","102300"
"مراكش- آسفي","الرحامنة","الجبيلات","1590","26733","RNI","محمد لعبار","97106"
"مراكش- آسفي","الرحامنة","الجبيلات","1590","26731","RNI","عبد الكريم معطى الله","97551"
"مراكش- آسفي","الرحامنة","الجبيلات","1590","26735","RNI","محمد العكرود","99674"
"مراكش- آسفي","الرحامنة","الجبيلات","1590","26740","RNI","عبد المجيد ابلبال","99758"
"مراكش- آسفي","الرحامنة","الجبيلات","1590","26737","RNI","المصطفى زهير","99927"
"مراكش- آسفي","الرحامنة","الجبيلات","1590","26741","PJD","عبد العزيز السعداني","60034"
"مراكش- آسفي","الرحامنة","الجعافرة","672","10504","PAM","عبد الفتاح  كمال ","22717"
"مراكش- آسفي","الرحامنة","الجعافرة","672","10507","PAM","ادريس الرية","77659"
"مراكش- آسفي","الرحامنة","الجعافرة","672","10507","PAM","نورة الرية","77603"
"مراكش- آسفي","الرحامنة","الجعافرة","672","10506","PAM","عبد الكريم شوكان","78119"
"مراكش- آسفي","الرحامنة","الجعافرة","672","10508","PAM","عبد الجليل  كجوجا","81821"
"مراكش- آسفي","الرحامنة","الجعافرة","672","10514","PAM","عبد الحق التوزاني","59315"
"مراكش- آسفي","الرحامنة","الجعافرة","672","10512","PAM","عبدالعالي ذهاب","59154"
"مراكش- آسفي","الرحامنة","الجعافرة","672","10513","PAM","ا محمد بنخويرة","59101"
"مراكش- آسفي","الرحامنة","الجعافرة","672","10511","PAM","اخليفة الفارسي","77703"
"مراكش- آسفي","الرحامنة","الجعافرة","672","10505","PAM","ميلود بويهي","59762"
"مراكش- آسفي","الرحامنة","الجعافرة","672","10509","PI","ابراهيم طارق","82449"
"مراكش- آسفي","الرحامنة","الجعافرة","672","10509","PI","نجاة الترابي","82473"
"مراكش- آسفي","الرحامنة","الجعافرة","672","10510","PI","صالح الاسمر","82521"
"مراكش- آسفي","الرحامنة","الجعافرة","672","10510","PI","لكبيرة السالمي","82555"
"مراكش- آسفي","الرحامنة","الجعافرة","672","10502","PI","خالد هوتة","78189"
"مراكش- آسفي","الرحامنة","الجعافرة","672","10502","PI","زهيرة الفحلي","78168"
"مراكش- آسفي","الرحامنة","الجعافرة","672","10503","PI","مصطفى صابر","58374"
"مراكش- آسفي","الرحامنة","الجعيدات","675","10553","PAM","مولاي عثمان المجناوي","12275"
"مراكش- آسفي","الرحامنة","الجعيدات","675","10553","PAM","مالكة النسيوي","12205"
"مراكش- آسفي","الرحامنة","الجعيدات","675","10549","PAM","مولاي العربي الرباج","9548"
"مراكش- آسفي","الرحامنة","الجعيدات","675","10549","PAM","خديجة ملوك","9603"
"مراكش- آسفي","الرحامنة","الجعيدات","675","10560","PAM","عمر كيرام","102226"
"مراكش- آسفي","الرحامنة","الجعيدات","675","10552","PAM","ابراهيم فتوح","22438"
"مراكش- آسفي","الرحامنة","الجعيدات","675","10551","PAM","اخليفة لحنيش","12460"
"مراكش- آسفي","الرحامنة","الجعيدات","675","10551","PAM","عفيفة العلوي شريف","12171"
"مراكش- آسفي","الرحامنة","الجعيدات","675","10550","PAM","رضوان بنوعة","12422"
"مراكش- آسفي","الرحامنة","الجعيدات","675","10558","PAM","محمد اقشيعين","9354"
"مراكش- آسفي","الرحامنة","الجعيدات","675","10557","PAM","اسماعيل الوادي","21399"
"مراكش- آسفي","الرحامنة","الجعيدات","675","10557","PAM","خديجة صلاح","21446"
"مراكش- آسفي","الرحامنة","الجعيدات","675","10559","PAM","محمد  بوناكي","11226"
"مراكش- آسفي","الرحامنة","الجعيدات","675","10554","RNI","خالد بلكيال","77160"
"مراكش- آسفي","الرحامنة","الجعيدات","675","10555","RNI","ناجب بلكيال","77124"
"مراكش- آسفي","الرحامنة","الجعيدات","675","10556","RNI","المصطفى بلهريم","77274"
"مراكش- آسفي","الرحامنة","الجعيدات","675","10561","PI","محمد برناط","103768"
"مراكش- آسفي","الرحامنة","الطلوح","1487","23298","PAM","احمد ايت الماضي","97893"
"مراكش- آسفي","الرحامنة","الطلوح","1487","23298","PAM","حكيمة بنعكوش","97942"
"مراكش- آسفي","الرحامنة","الطلوح","1487","23307","PAM","عبد الاله النخيلي","22172"
"مراكش- آسفي","الرحامنة","الطلوح","1487","23295","PAM"," هشام  الحطاب ","102743"
"مراكش- آسفي","الرحامنة","الطلوح","1487","23295","PAM","نادية بركاوي","102675"
"مراكش- آسفي","الرحامنة","الطلوح","1487","23296","PAM","عبد اللطيف النخيلي","22121"
"مراكش- آسفي","الرحامنة","الطلوح","1487","23300","PAM","عزيز بالحسن","101633"
"مراكش- آسفي","الرحامنة","الطلوح","1487","23306","PAM","المحجوب تفكة","22190"
"مراكش- آسفي","الرحامنة","الطلوح","1487","23305","PAM","عباس  الوهراني","22142"
"مراكش- آسفي","الرحامنة","الطلوح","1487","23301","PAM","الجيلالي الرحالي","12446"
"مراكش- آسفي","الرحامنة","الطلوح","1487","23302","PJD","عبد الاله الركاب","99699"
"مراكش- آسفي","الرحامنة","الطلوح","1487","23302","PJD","ربيعة لكساكسى","99733"
"مراكش- آسفي","الرحامنة","الطلوح","1487","23303","PJD","توفيق فكري","101687"
"مراكش- آسفي","الرحامنة","الطلوح","1487","23303","PJD","رشيدة  ايت بنبراهيم","101780"
"مراكش- آسفي","الرحامنة","الطلوح","1487","23299","PJD","الحسن   الاشكر","102309"
"مراكش- آسفي","الرحامنة","الطلوح","1487","23297","PJD","عبد الحكيم ابوسعيد","99227"
"مراكش- آسفي","الرحامنة","الطلوح","1487","23304","PJD","رضوان خلفاوي","111113"
"مراكش- آسفي","الرحامنة","انزالت  لعظم","934","14779","PAM","عبد اللطيف المفردي","75766"
"مراكش- آسفي","الرحامنة","انزالت  لعظم","934","14779","PAM","نزهة  بزي ","75600"
"مراكش- آسفي","الرحامنة","انزالت  لعظم","934","14783","PAM","علال رتباني","75960"
"مراكش- آسفي","الرحامنة","انزالت  لعظم","934","14780","PAM","عزالدين بنخراز","103148"
"مراكش- آسفي","الرحامنة","انزالت  لعظم","934","14780","PAM","الغالية ازكري","103272"
"مراكش- آسفي","الرحامنة","انزالت  لعظم","934","14785","PAM","اسليمان الخلفاوي","75876"
"مراكش- آسفي","الرحامنة","انزالت  لعظم","934","14784","PAM","ياسين الراحلي","73262"
"مراكش- آسفي","الرحامنة","انزالت  لعظم","934","14788","PAM"," عبد الكبير   العمري","98307"
"مراكش- آسفي","الرحامنة","انزالت  لعظم","934","14786","PAM","كبور العطار","75356"
"مراكش- آسفي","الرحامنة","انزالت  لعظم","934","14778","PAM","منير بوهداد","75499"
"مراكش- آسفي","الرحامنة","انزالت  لعظم","934","25589","PJD","عبد اللطيف بيور","73481"
"مراكش- آسفي","الرحامنة","انزالت  لعظم","934","25589","PJD","فاطمة دنكير","73419"
"مراكش- آسفي","الرحامنة","انزالت  لعظم","934","25588","PJD","عمر امغيزلات الادريسي","76152"
"مراكش- آسفي","الرحامنة","انزالت  لعظم","934","14781","PJD","سعيد وهراني","73388"
"مراكش- آسفي","الرحامنة","انزالت  لعظم","934","14787","PJD","عبد العزيز حجوب","75535"
"مراكش- آسفي","الرحامنة","انزالت  لعظم","934","14782","PJD","سعيد الدياني","73341"
"مراكش- آسفي","الرحامنة","انزالت  لعظم","934","14782","PJD","امينة الدفيلي","73311"
"مراكش- آسفي","الرحامنة","انزالت  لعظم","934","14777","PI","الحبيب هلحومة","48575"
"مراكش- آسفي","الرحامنة","انزالت  لعظم","934","14776","PI","هيشام الامام","35595"
"مراكش- آسفي","الرحامنة","بوروس","415","6427","PJD","المصطفى الهزيم","27257"
"مراكش- آسفي","الرحامنة","بوروس","415","6427","PJD","محجوبة التريدي","27271"
"مراكش- آسفي","الرحامنة","بوروس","415","6428","PJD","حفيظ حمادي","73379"
"مراكش- آسفي","الرحامنة","بوروس","415","6428","PJD","لعزيزة الهمزي","73430"
"مراكش- آسفي","الرحامنة","بوروس","415","6429","PJD","المصطفى الشادلي ","73189"
"مراكش- آسفي","الرحامنة","بوروس","415","6419","PJD","عبد الجبار بوشنتوف","73343"
"مراكش- آسفي","الرحامنة","بوروس","415","6423","PJD","مولاي العربي انزال","73468"
"مراكش- آسفي","الرحامنة","بوروس","415","6421","PJD","توفيق لمبرع","63371"
"مراكش- آسفي","الرحامنة","بوروس","415","6421","PJD","خديجة عطار","63452"
"مراكش- آسفي","الرحامنة","بوروس","415","6425","PJD","رحال ترتوري","58370"
"مراكش- آسفي","الرحامنة","بوروس","415","6424","PJD","عبد اللطيف مرزاق","63210"
"مراكش- آسفي","الرحامنة","بوروس","415","6422","PJD","المصطفى بدري","80937"
"مراكش- آسفي","الرحامنة","بوروس","415","6422","PJD","خديجة الفردوسي","73263"
"مراكش- آسفي","الرحامنة","بوروس","415","6420","RNI","عبد الحي القباج","97756"
"مراكش- آسفي","الرحامنة","بوروس","415","6426","PAM","الشرادي معتصم","57345"
"مراكش- آسفي","الرحامنة","بوشان","385","5953","PAM","عبد  المولى ابوحفص","22391"
"مراكش- آسفي","الرحامنة","بوشان","385","5952","PAM","عبد الفتاح الزراري","103336"
"مراكش- آسفي","الرحامنة","بوشان","385","5952","PAM","خديجة ليمان ","103192"
"مراكش- آسفي","الرحامنة","بوشان","385","5947","PAM","احمد البهجاوي","21882"
"مراكش- آسفي","الرحامنة","بوشان","385","5947","PAM","امان الزراري","21921"
"مراكش- آسفي","الرحامنة","بوشان","385","5943","PAM","الحسن الزراري","22369"
"مراكش- آسفي","الرحامنة","بوشان","385","5946","PAM","احمد صبري","21952"
"مراكش- آسفي","الرحامنة","بوشان","385","5946","PAM","نورة  العسري","21962"
"مراكش- آسفي","الرحامنة","بوشان","385","5950","PAM","عبد الجليل الزراري","22401"
"مراكش- آسفي","الرحامنة","بوشان","385","5948","PAM","محمد  البركاوي","22318"
"مراكش- آسفي","الرحامنة","بوشان","385","5949","PAM","عبد اللطيف طموح","22383"
"مراكش- آسفي","الرحامنة","بوشان","385","5954","PAM","عبد النبي خليل","22349"
"مراكش- آسفي","الرحامنة","بوشان","385","5944","PJD","ابراهيم بوشريط","86742"
"مراكش- آسفي","الرحامنة","بوشان","385","5944","PJD","نجاة ابركي","91517"
"مراكش- آسفي","الرحامنة","بوشان","385","5951","PJD","ابراهيم فتحي","97832"
"مراكش- آسفي","الرحامنة","بوشان","385","5945","PI","امبارك محسن","87402"
"مراكش- آسفي","الرحامنة","بوشان","385","5955","PI","صالح النقاش","22336"
"مراكش- آسفي","الرحامنة","راس عين الرحامنة","1078","16960","PAM","عبد الواحد اولاد راحي","79878"
"مراكش- آسفي","الرحامنة","راس عين الرحامنة","1078","16960","PAM","سميرة اسلايسي","79911"
"مراكش- آسفي","الرحامنة","راس عين الرحامنة","1078","16951","PAM","سيدي محمد صلاح الخير","12318"
"مراكش- آسفي","الرحامنة","راس عين الرحامنة","1078","16950","PAM","المصطفى البوزيدي","79568"
"مراكش- آسفي","الرحامنة","راس عين الرحامنة","1078","16952","PAM","مولاي الرشيد المهيري","115030"
"مراكش- آسفي","الرحامنة","راس عين الرحامنة","1078","16952","PAM","لعزيزة اسلايسي","115136"
"مراكش- آسفي","الرحامنة","راس عين الرحامنة","1078","16956","PAM","الطيب اخليفي","79426"
"مراكش- آسفي","الرحامنة","راس عين الرحامنة","1078","25590","PAM","رحال الباكوري","98067"
"مراكش- آسفي","الرحامنة","راس عين الرحامنة","1078","25590","PAM","ايمان العيشاوي","98016"
"مراكش- آسفي","الرحامنة","راس عين الرحامنة","1078","16959","PAM","عبد السلام الباكوري","100313"
"مراكش- آسفي","الرحامنة","راس عين الرحامنة","1078","16955","PAM","عبد الجليل الخميلي","79947"
"مراكش- آسفي","الرحامنة","راس عين الرحامنة","1078","25591","PAM","عبد الكبير البندقي","80002"
"مراكش- آسفي","الرحامنة","راس عين الرحامنة","1078","16962","PAM","صالح العسجادي","78410"
"مراكش- آسفي","الرحامنة","راس عين الرحامنة","1078","16957","PAM","مولاي عبد الواحد البركة","102799"
"مراكش- آسفي","الرحامنة","راس عين الرحامنة","1078","16961","RNI","مولاي محمد الطونية","99461"
"مراكش- آسفي","الرحامنة","راس عين الرحامنة","1078","16961","RNI","الخودة فهيم","99518"
"مراكش- آسفي","الرحامنة","راس عين الرحامنة","1078","16958","USFP","يوسف  الصالحي","79192"
"مراكش- آسفي","الرحامنة","راس عين الرحامنة","1078","16953","USFP","عبد العزيز حرة","79095"
"مراكش- آسفي","الرحامنة","راس عين الرحامنة","1078","16954","UC","السعيد بنلعضم","99022"
"مراكش- آسفي","الرحامنة","سكورة الحدرة","1290","20439","PAM","محمد الطاهري","82080"
"مراكش- آسفي","الرحامنة","سكورة الحدرة","1290","20439","PAM","ربيعة الشافعي","82042"
"مراكش- آسفي","الرحامنة","سكورة الحدرة","1290","20430","PAM","عبد الصادق عشاق","22513"
"مراكش- آسفي","الرحامنة","سكورة الحدرة","1290","20440","PAM","ميلود محفوظ","133855"
"مراكش- آسفي","الرحامنة","سكورة الحدرة","1290","20440","PAM","سميرة الدواجي","133846"
"مراكش- آسفي","الرحامنة","سكورة الحدرة","1290","20442","PAM","عبد الرزاق المائي","82224"
"مراكش- آسفي","الرحامنة","سكورة الحدرة","1290","20442","PAM","مريم توفيق","82260"
"مراكش- آسفي","الرحامنة","سكورة الحدرة","1290","20435","PAM","الجيلالي المكاوي","131010"
"مراكش- آسفي","الرحامنة","سكورة الحدرة","1290","20437","PAM","الجيلالي جريفي","81956"
"مراكش- آسفي","الرحامنة","سكورة الحدرة","1290","20434","PAM"," يوسف   عفاف ","81908"
"مراكش- آسفي","الرحامنة","سكورة الحدرة","1290","20438","PAM","نور الدين  الادريسي","98610"
"مراكش- آسفي","الرحامنة","سكورة الحدرة","1290","20431","PAM","مبارك الازلي","81241"
"مراكش- آسفي","الرحامنة","سكورة الحدرة","1290","20433","PAM","الحسين   جندر ","97603"
"مراكش- آسفي","الرحامنة","سكورة الحدرة","1290","20433","PAM","ثورية السويدي","97690"
"مراكش- آسفي","الرحامنة","سكورة الحدرة","1290","20432","PAM","محمد الزهيري","98555"
"مراكش- آسفي","الرحامنة","سكورة الحدرة","1290","20441","PI","محمد ابو الوفاء","81817"
"مراكش- آسفي","الرحامنة","سكورة الحدرة","1290","20436","RNI","نورالدين زراوي","97331"
"مراكش- آسفي","الرحامنة","سيدي بوبكر","1195","18917","RNI","عبد المولى الصادقي","72426"
"مراكش- آسفي","الرحامنة","سيدي بوبكر","1195","18917","RNI","زهرة الشافق","72357"
"مراكش- آسفي","الرحامنة","سيدي بوبكر","1195","18912","RNI","محمد نجيب بن بوعزة","72479"
"مراكش- آسفي","الرحامنة","سيدي بوبكر","1195","18919","RNI","رشيد صدوق","73144"
"مراكش- آسفي","الرحامنة","سيدي بوبكر","1195","18921","RNI","المدني انوار","63256"
"مراكش- آسفي","الرحامنة","سيدي بوبكر","1195","18921","RNI","فاطمة رباح","63361"
"مراكش- آسفي","الرحامنة","سيدي بوبكر","1195","18920","RNI","عبد الوافي بن اعبيدة ","63468"
"مراكش- آسفي","الرحامنة","سيدي بوبكر","1195","18911","PAM","عبد الله رشيق","72843"
"مراكش- آسفي","الرحامنة","سيدي بوبكر","1195","18911","PAM","فاطمة زتونة","72800"
"مراكش- آسفي","الرحامنة","سيدي بوبكر","1195","18913","PAM","يوسف شطاط","57536"
"مراكش- آسفي","الرحامنة","سيدي بوبكر","1195","18914","PAM","رشيد البلاج","98096"
"مراكش- آسفي","الرحامنة","سيدي بوبكر","1195","18914","PAM","خميسة البلاج","98162"
"مراكش- آسفي","الرحامنة","سيدي بوبكر","1195","18916","PAM"," محمد  طاها ","57385"
"مراكش- آسفي","الرحامنة","سيدي بوبكر","1195","18918","PAM"," فؤاد  طاها","98435"
"مراكش- آسفي","الرحامنة","سيدي بوبكر","1195","18915","PAM","الحبيب العكال","11383"
"مراكش- آسفي","الرحامنة","سيدي بوعثمان","1193","18883","PJD","الشهيد الحوف","10372"
"مراكش- آسفي","الرحامنة","سيدي بوعثمان","1193","18883","PJD","حسناء الفاصلي","10397"
"مراكش- آسفي","الرحامنة","سيدي بوعثمان","1193","18889","PJD","عبد النبي السغيلفي","60219"
"مراكش- آسفي","الرحامنة","سيدي بوعثمان","1193","18889","PJD","لطيفة  لحياوي ","60414"
"مراكش- آسفي","الرحامنة","سيدي بوعثمان","1193","18886","PJD","حسن الطبيب","21214"
"مراكش- آسفي","الرحامنة","سيدي بوعثمان","1193","18878","PJD","عبد الرحيم  السامري ","10293"
"مراكش- آسفي","الرحامنة","سيدي بوعثمان","1193","18880","PJD","عبد الرفيع ابرير","10181"
"مراكش- آسفي","الرحامنة","سيدي بوعثمان","1193","18887","PJD","رحال مفيد","60164"
"مراكش- آسفي","الرحامنة","سيدي بوعثمان","1193","18881","RNI","خالد البطناوي","60135"
"مراكش- آسفي","الرحامنة","سيدي بوعثمان","1193","18881","RNI","نادية  الركيطة","59182"
"مراكش- آسفي","الرحامنة","سيدي بوعثمان","1193","18882","RNI","عبد العالي البطناوي","58838"
"مراكش- آسفي","الرحامنة","سيدي بوعثمان","1193","18885","RNI","ميلود المركوعي","59896"
"مراكش- آسفي","الرحامنة","سيدي بوعثمان","1193","18884","RNI","حميد الصالحي","59860"
"مراكش- آسفي","الرحامنة","سيدي بوعثمان","1193","18888","PAM","خالد شاطير","93987"
"مراكش- آسفي","الرحامنة","سيدي بوعثمان","1193","18888","PAM","جميعة بروانة","94008"
"مراكش- آسفي","الرحامنة","سيدي بوعثمان","1193","18877","PAM","طريق طاها","56748"
"مراكش- آسفي","الرحامنة","سيدي بوعثمان","1193","18879","PPS","الركراكي الرفيقي","1698"
"مراكش- آسفي","الرحامنة","سيدي عبد الله","1153","18241","PAM","عبد الحق الزاهي","83420"
"مراكش- آسفي","الرحامنة","سيدي عبد الله","1153","18241","PAM","رشيدة شفيق","133725"
"مراكش- آسفي","الرحامنة","سيدي عبد الله","1153","18234","PAM","بوعبيد جبراني","82778"
"مراكش- آسفي","الرحامنة","سيدي عبد الله","1153","18244","PAM","محمد الغالمي","22474"
"مراكش- آسفي","الرحامنة","سيدي عبد الله","1153","18238","PAM","عبدالحق فائق","59721"
"مراكش- آسفي","الرحامنة","سيدي عبد الله","1153","18242","PAM","عبد المولى فاتحي","82298"
"مراكش- آسفي","الرحامنة","سيدي عبد الله","1153","18235","PAM","عبد الرحيم كاري","83128"
"مراكش- آسفي","الرحامنة","سيدي عبد الله","1153","18237","PAM","محمد  الخياري","80985"
"مراكش- آسفي","الرحامنة","سيدي عبد الله","1153","18237","PAM","نادية نوري","87857"
"مراكش- آسفي","الرحامنة","سيدي عبد الله","1153","18233","PAM","بوبكر المتقي","82691"
"مراكش- آسفي","الرحامنة","سيدي عبد الله","1153","18245","PAM","عبد الواحد خوى","79361"
"مراكش- آسفي","الرحامنة","سيدي عبد الله","1153","18240","PI","عبد الفتاح بوحسون","78762"
"مراكش- آسفي","الرحامنة","سيدي عبد الله","1153","18240","PI","مريم بوحسون","78846"
"مراكش- آسفي","الرحامنة","سيدي عبد الله","1153","18239","PI","عبد الفتاح الراجي","78972"
"مراكش- آسفي","الرحامنة","سيدي عبد الله","1153","18239","PI","مباركة الحرار","78940"
"مراكش- آسفي","الرحامنة","سيدي عبد الله","1153","18236","PI","محمد عارف","58090"
"مراكش- آسفي","الرحامنة","سيدي عبد الله","1153","18243","PJD","عبد الهادي بوجبيرة","91405"
"مراكش- آسفي","الرحامنة","سيدي علي لبراحلة","1178","18607","PAM","نجيب سباعي","59689"
"مراكش- آسفي","الرحامنة","سيدي علي لبراحلة","1178","18607","PAM","فاطمة موسي","59710"
"مراكش- آسفي","الرحامنة","سيدي علي لبراحلة","1178","18616","PAM","عبد العزيز العابدي","131174"
"مراكش- آسفي","الرحامنة","سيدي علي لبراحلة","1178","18613","PAM","عبد العزيز جكاني","94592"
"مراكش- آسفي","الرحامنة","سيدي علي لبراحلة","1178","18613","PAM","فاطمة الزهراء صديق","94613"
"مراكش- آسفي","الرحامنة","سيدي علي لبراحلة","1178","18614","PAM","محمد الخلوقي","62667"
"مراكش- آسفي","الرحامنة","سيدي علي لبراحلة","1178","18611","PAM","محمد الشعار","62623"
"مراكش- آسفي","الرحامنة","سيدي علي لبراحلة","1178","18610","PAM","عبد الكريم الكصراوي","101313"
"مراكش- آسفي","الرحامنة","سيدي علي لبراحلة","1178","18608","RNI","جمال بلمعطي","63080"
"مراكش- آسفي","الرحامنة","سيدي علي لبراحلة","1178","18608","RNI","خديجة بتير","63116"
"مراكش- آسفي","الرحامنة","سيدي علي لبراحلة","1178","18606","RNI","احمد  الغزواني","97533"
"مراكش- آسفي","الرحامنة","سيدي علي لبراحلة","1178","18606","RNI","ثورية الويزة","97549"
"مراكش- آسفي","الرحامنة","سيدي علي لبراحلة","1178","18609","RNI","رضوان الكموني","99367"
"مراكش- آسفي","الرحامنة","سيدي علي لبراحلة","1178","18615","RNI","عباس سلوك","102520"
"مراكش- آسفي","الرحامنة","سيدي علي لبراحلة","1178","18612","PI","سعيد الادريسي ","131273"
"مراكش- آسفي","الرحامنة","سيدي غانم","1226","19366","PAM","المحفوظ الزاهي","94595"
"مراكش- آسفي","الرحامنة","سيدي غانم","1226","19363","PAM","عمر دحلان","27311"
"مراكش- آسفي","الرحامنة","سيدي غانم","1226","19363","PAM","رشيدة الراجي","27321"
"مراكش- آسفي","الرحامنة","سيدي غانم","1226","19355","PAM","المصطفى مسامح","35050"
"مراكش- آسفي","الرحامنة","سيدي غانم","1226","19355","PAM","خديجة الرابحي","132670"
"مراكش- آسفي","الرحامنة","سيدي غانم","1226","19357","PAM","عبد الله مهير","33968"
"مراكش- آسفي","الرحامنة","سيدي غانم","1226","19365","PAM","عبد النبي بيض الايام","24051"
"مراكش- آسفي","الرحامنة","سيدي غانم","1226","19359","PAM","حسن فاندي","88332"
"مراكش- آسفي","الرحامنة","سيدي غانم","1226","19364","PAM","بوشعيب بوسليم","86718"
"مراكش- آسفي","الرحامنة","سيدي غانم","1226","19356","PAM","قدور صابر","27236"
"مراكش- آسفي","الرحامنة","سيدي غانم","1226","19361","PI","جمال العداس","58725"
"مراكش- آسفي","الرحامنة","سيدي غانم","1226","19358","PI","محمد امين عدراوي","86228"
"مراكش- آسفي","الرحامنة","سيدي غانم","1226","19358","PI","خديجة مكاوي","86260"
"مراكش- آسفي","الرحامنة","سيدي غانم","1226","19360","PI","رشيد كمال ","86599"
"مراكش- آسفي","الرحامنة","سيدي غانم","1226","19360","PI","اشعيبية الدريع","86635"
"مراكش- آسفي","الرحامنة","سيدي غانم","1226","19362","PI","بوشعيب غزالي","27169"
"مراكش- آسفي","الرحامنة","سيدي غانم","1226","19354","MP","عبد الله عسلي","59158"
"مراكش- آسفي","الرحامنة","سيدي منصور","1254","19785","PAM","يوسف سلمي","88096"
"مراكش- آسفي","الرحامنة","سيدي منصور","1254","19785","PAM","حبيبة اعميمي","88153"
"مراكش- آسفي","الرحامنة","سيدي منصور","1254","19782","PAM","رفيق عبد النور","87848"
"مراكش- آسفي","الرحامنة","سيدي منصور","1254","19782","PAM","السالكة العسولي","87909"
"مراكش- آسفي","الرحامنة","سيدي منصور","1254","19786","PAM","ابراهيم الخضراوي","21330"
"مراكش- آسفي","الرحامنة","سيدي منصور","1254","19783","PAM","مبارك اصنيديد","85515"
"مراكش- آسفي","الرحامنة","سيدي منصور","1254","19788","PAM","محمد الحر","86328"
"مراكش- آسفي","الرحامنة","سيدي منصور","1254","19790","PAM","التهامي المنتصر","132685"
"مراكش- آسفي","الرحامنة","سيدي منصور","1254","19784","PJD","عبد الحليم عبد الباقي","98666"
"مراكش- آسفي","الرحامنة","سيدي منصور","1254","19791","PJD","رشيد العكاري ","22422"
"مراكش- آسفي","الرحامنة","سيدي منصور","1254","19787","PJD","العوني محفوض","91032"
"مراكش- آسفي","الرحامنة","سيدي منصور","1254","19787","PJD","حكيمة   محفوض","91101"
"مراكش- آسفي","الرحامنة","سيدي منصور","1254","19792","PJD","التاقي المنتصر ","85449"
"مراكش- آسفي","الرحامنة","سيدي منصور","1254","19789","PI","مبارك المنصوري","93326"
"مراكش- آسفي","الرحامنة","سيدي منصور","1254","19789","PI","السعدية  العمراني","93376"
"مراكش- آسفي","الرحامنة","صخورالرحامنة","1287","20392","PAM","المصطفى تاج الدين","27662"
"مراكش- آسفي","الرحامنة","صخورالرحامنة","1287","27698","PAM","مصطفى الرماني","84543"
"مراكش- آسفي","الرحامنة","صخورالرحامنة","1287","20386","PAM","محمد احبيبي","93788"
"مراكش- آسفي","الرحامنة","صخورالرحامنة","1287","20386","PAM","عزيزة بلحسن","93835"
"مراكش- آسفي","الرحامنة","صخورالرحامنة","1287","20387","PAM","محمد بلحيموني","27556"
"مراكش- آسفي","الرحامنة","صخورالرحامنة","1287","27693","PAM","عبد الواحد الادريسي ","33993"
"مراكش- آسفي","الرحامنة","صخورالرحامنة","1287","20379","PAM","عزيز الزوزي","33868"
"مراكش- آسفي","الرحامنة","صخورالرحامنة","1287","20382","PAM","زهير الرماني","84721"
"مراكش- آسفي","الرحامنة","صخورالرحامنة","1287","20383","PAM","نور الدين حبيبي احلان","97901"
"مراكش- آسفي","الرحامنة","صخورالرحامنة","1287","20384","PAM","عز الدين مرحيب","98006"
"مراكش- آسفي","الرحامنة","صخورالرحامنة","1287","20381","PAM","المصطفى الخلوفي","84854"
"مراكش- آسفي","الرحامنة","صخورالرحامنة","1287","20393","PAM","عبداللطيف لبصارى","22300"
"مراكش- آسفي","الرحامنة","صخورالرحامنة","1287","20380","PAM","عبد الهادي احبيبي","94602"
"مراكش- آسفي","الرحامنة","صخورالرحامنة","1287","20391","RNI","سعيد الشخص","94404"
"مراكش- آسفي","الرحامنة","صخورالرحامنة","1287","20391","RNI","خديجة غيات","94429"
"مراكش- آسفي","الرحامنة","صخورالرحامنة","1287","27696","RNI","محمد   مرشيد","58978"
"مراكش- آسفي","الرحامنة","صخورالرحامنة","1287","27697","RNI","عبدالصمد غيات","59065"
"مراكش- آسفي","الرحامنة","صخورالرحامنة","1287","27695","RNI","احمد الصوفي","58899"
"مراكش- آسفي","الرحامنة","صخورالرحامنة","1287","20385","RNI","عبد الله الكناوي","97161"
"مراكش- آسفي","الرحامنة","صخورالرحامنة","1287","20385","RNI","الزوهرة بنعبلى","97178"
"مراكش- آسفي","الرحامنة","صخورالرحامنة","1287","27692","RNI","عبدالغني الشعراوي","33761"
"مراكش- آسفي","الرحامنة","صخورالرحامنة","1287","27694","PI","عبد الرزاق احمامدة","86628"
"مراكش- آسفي","الرحامنة","صخورالرحامنة","1287","20389","PI","العربي التحراري","12256"
"مراكش- آسفي","الرحامنة","صخورالرحامنة","1287","20388","PI","عبدالجبار الاملي","94525"
"مراكش- آسفي","الرحامنة","صخورالرحامنة","1287","20388","PI","عواطف مسكان","94548"
"مراكش- آسفي","الرحامنة","صخورالرحامنة","1287","27699","PI","سعيد  الحمداوي","83906"
"مراكش- آسفي","الرحامنة","صخورالرحامنة","1287","20390","PJD","لحبيب شابو","97405"
"مراكش- آسفي","الرحامنة","عكرمة","171","2459","PAM","ابراهيم الرخامي","77321"
"مراكش- آسفي","الرحامنة","عكرمة","171","2459","PAM","سعيدة العدلاوي","77545"
"مراكش- آسفي","الرحامنة","عكرمة","171","2451","PAM","ميلود المعناوي","77728"
"مراكش- آسفي","الرحامنة","عكرمة","171","2451","PAM","عائشة سهبي","77757"
"مراكش- آسفي","الرحامنة","عكرمة","171","2452","PAM","عبدالحكيم فاضلي","103082"
"مراكش- آسفي","الرحامنة","عكرمة","171","2452","PAM","حادة الصالحي","102991"
"مراكش- آسفي","الرحامنة","عكرمة","171","2456","PAM","محمد البحراوي","78186"
"مراكش- آسفي","الرحامنة","عكرمة","171","2453","PAM","رحال الحقاوي","77863"
"مراكش- آسفي","الرحامنة","عكرمة","171","2457","PAM","عبدالهادي كضاض","101410"
"مراكش- آسفي","الرحامنة","عكرمة","171","2454","PAM","الحسن كرنان","100413"
"مراكش- آسفي","الرحامنة","عكرمة","171","2450","PJD","جمال ايت حمادي","47466"
"مراكش- آسفي","الرحامنة","عكرمة","171","2450","PJD","ربيعة العوينة","47491"
"مراكش- آسفي","الرحامنة","عكرمة","171","2449","PJD","عبد الرحيم بوجة","47923"
"مراكش- آسفي","الرحامنة","عكرمة","171","2458","PJD","عبد الله الحسني","133661"
"مراكش- آسفي","الرحامنة","عكرمة","171","2455","RNI","المحجوب هلال","101318"
"مراكش- آسفي","الرحامنة","لبريكيين","749","11795","PI","هيشام سليم","93568"
"مراكش- آسفي","الرحامنة","لبريكيين","749","11795","PI","اغنيمة السبتي","94625"
"مراكش- آسفي","الرحامنة","لبريكيين","749","11790","PI","محمد الميري","93628"
"مراكش- آسفي","الرحامنة","لبريكيين","749","11790","PI","الكبيرة لحمادي","93653"
"مراكش- آسفي","الرحامنة","لبريكيين","749","11799","PI","احمد ثابث","93689"
"مراكش- آسفي","الرحامنة","لبريكيين","749","11799","PI","نعيمة الفلالي","93725"
"مراكش- آسفي","الرحامنة","لبريكيين","749","11800","PI","عبد الحكيم ارميز","84924"
"مراكش- آسفي","الرحامنة","لبريكيين","749","11792","PI","عبد العاطي لمفنن","93870"
"مراكش- آسفي","الرحامنة","لبريكيين","749","11798","PI","عبد الاله نرجيس","133901"
"مراكش- آسفي","الرحامنة","لبريكيين","749","11791","PI","السلامي المريري","57760"
"مراكش- آسفي","الرحامنة","لبريكيين","749","11791","PI","نضيرة الزاكي","57805"
"مراكش- آسفي","الرحامنة","لبريكيين","749","11796","PI","عبد الجليل عبيدة","52855"
"مراكش- آسفي","الرحامنة","لبريكيين","749","11794","PI","عبد الرزاق ايت حمادي","84548"
"مراكش- آسفي","الرحامنة","لبريكيين","749","11793","PAM","محمد جرناوي","100952"
"مراكش- آسفي","الرحامنة","لبريكيين","749","11797","PAM","محمد بوديل","70179"
"مراكش- آسفي","الرحامنة","لبريكيين","749","11789","PAM","جواد المراني","85096"
"مراكش- آسفي","الرحامنة","لمحرة","779","12258","PAM","مراد الصفياوي","81410"
"مراكش- آسفي","الرحامنة","لمحرة","779","12257","PAM","احمد الرافعي ","80986"
"مراكش- آسفي","الرحامنة","لمحرة","779","12257","PAM","يوسرى  شكري","80962"
"مراكش- آسفي","الرحامنة","لمحرة","779","12263","PAM","ادريس راحل","72048"
"مراكش- آسفي","الرحامنة","لمحرة","779","12253","PAM","عباس الكصاب","35794"
"مراكش- آسفي","الرحامنة","لمحرة","779","12254","PAM","الحسن حمدي","35737"
"مراكش- آسفي","الرحامنة","لمحرة","779","12260","PAM","المصطفى  الشرقاوي ","81478"
"مراكش- آسفي","الرحامنة","لمحرة","779","12255","PAM","عبد الواحد حمدي","131248"
"مراكش- آسفي","الرحامنة","لمحرة","779","12251","RNI","حسن ازطوطي","97047"
"مراكش- آسفي","الرحامنة","لمحرة","779","12251","RNI","حسناء  السطوطي ","98228"
"مراكش- آسفي","الرحامنة","لمحرة","779","12259","RNI","عبد الجليل زهير","100269"
"مراكش- آسفي","الرحامنة","لمحرة","779","12259","RNI","سهام زهير ","100306"
"مراكش- آسفي","الرحامنة","لمحرة","779","12262","RNI","الطاهر زروق","72161"
"مراكش- آسفي","الرحامنة","لمحرة","779","12262","RNI","سعيدة  زروق","78003"
"مراكش- آسفي","الرحامنة","لمحرة","779","12252","RNI","عبد الاله ازطوطي","72796"
"مراكش- آسفي","الرحامنة","لمحرة","779","12256","UC","السعيد الشيكر","72521"
"مراكش- آسفي","الرحامنة","لمحرة","779","12261","PI","عبدالخليل مسامح","81541"
"مراكش- آسفي","الصويرة","أدغاس","9","124","RNI","محند الكرامي","40204"
"مراكش- آسفي","الصويرة","أدغاس","9","124","RNI","امينة بولاخبار","40235"
"مراكش- آسفي","الصويرة","أدغاس","9","118","RNI","الحسين ابوغاش","63576"
"مراكش- آسفي","الصويرة","أدغاس","9","125","RNI","سعيد ايت صالح","63754"
"مراكش- آسفي","الصويرة","أدغاس","9","126","RNI","احمد ابوغاش","40266"
"مراكش- آسفي","الصويرة","أدغاس","9","122","RNI","سعيد بشوظ","40521"
"مراكش- آسفي","الصويرة","أدغاس","9","123","RNI","ابراهيم بغيش","40140"
"مراكش- آسفي","الصويرة","أدغاس","9","123","RNI","زهرة اشن","40158"
"مراكش- آسفي","الصويرة","أدغاس","9","117","USFP","مبارك لعريف ","40286"
"مراكش- آسفي","الصويرة","أدغاس","9","119","USFP","أعراب  لعريف","63834"
"مراكش- آسفي","الصويرة","أدغاس","9","120","USFP","الحسن اجدي","19877"
"مراكش- آسفي","الصويرة","أدغاس","9","127","USFP","الحسن اقرايش","26166"
"مراكش- آسفي","الصويرة","أدغاس","9","127","USFP","اجة افلوس","26171"
"مراكش- آسفي","الصويرة","أدغاس","9","121","PJD","محمد مخلوض","63890"
"مراكش- آسفي","الصويرة","أدغاس","9","121","PJD","رقية ارشيم","63933"
"مراكش- آسفي","الصويرة","أسايس","251","3753","PPS","الحسين مهراوي","18373"
"مراكش- آسفي","الصويرة","أسايس","251","3763","PPS","محمد ازروال","19062"
"مراكش- آسفي","الصويرة","أسايس","251","3763","PPS","مليكة ابدار","19102"
"مراكش- آسفي","الصويرة","أسايس","251","3758","PPS","لحسن ابقس ","18561"
"مراكش- آسفي","الصويرة","أسايس","251","3754","PPS","حسن بولارباح","18802"
"مراكش- آسفي","الصويرة","أسايس","251","3754","PPS","زهرة بومليك","18850"
"مراكش- آسفي","الصويرة","أسايس","251","3755","PPS","مبارك خندوف","18443"
"مراكش- آسفي","الصويرة","أسايس","251","3762","PPS","اعراب الحيان","18980"
"مراكش- آسفي","الصويرة","أسايس","251","3762","PPS","عائشة لشكر","19024"
"مراكش- آسفي","الصويرة","أسايس","251","3760","PPS","سعيد البوزيادي","18683"
"مراكش- آسفي","الصويرة","أسايس","251","3761","PPS","محمد عصماما","18741"
"مراكش- آسفي","الصويرة","أسايس","251","3757","USFP","حسن اكزاز","79401"
"مراكش- آسفي","الصويرة","أسايس","251","3757","USFP","زهرة موجود","79474"
"مراكش- آسفي","الصويرة","أسايس","251","3756","USFP","سعيد افقر","125579"
"مراكش- آسفي","الصويرة","أسايس","251","3759","USFP","اسماعيل الغزالي","26245"
"مراكش- آسفي","الصويرة","أقرمود","229","3382","PAM","عبد الفتاح عاتق","8602"
"مراكش- آسفي","الصويرة","أقرمود","229","3382","PAM","عائشة نصوح","8615"
"مراكش- آسفي","الصويرة","أقرمود","229","25604","PAM","محمد  الزكار","45344"
"مراكش- آسفي","الصويرة","أقرمود","229","3387","PAM","عبد الكبير زهير","8649"
"مراكش- آسفي","الصويرة","أقرمود","229","3381","PAM","حسن لمدزيز","8662"
"مراكش- آسفي","الصويرة","أقرمود","229","25602","PAM","اسماعيل لمسوكر","73117"
"مراكش- آسفي","الصويرة","أقرمود","229","3385","PAM","محمد لقسوري","8686"
"مراكش- آسفي","الصويرة","أقرمود","229","3375","PAM","عبد العزيز الزاهري","8874"
"مراكش- آسفي","الصويرة","أقرمود","229","3384","PAM","الركراكي الساخي","8611"
"مراكش- آسفي","الصويرة","أقرمود","229","25605","PAM","محمد سباك","45367"
"مراكش- آسفي","الصويرة","أقرمود","229","25601","PAM","عبد الهادي لفليحي","45040"
"مراكش- آسفي","الصويرة","أقرمود","229","3378","PAM","محمد بوقب","4020"
"مراكش- آسفي","الصويرة","أقرمود","229","25603","PAM","عبد الرحمن بارة","25341"
"مراكش- آسفي","الصويرة","أقرمود","229","3380","PAM","ابراهيم المجاهد","8642"
"مراكش- آسفي","الصويرة","أقرمود","229","3373","PAM","احمد عشعاش","8769"
"مراكش- آسفي","الصويرة","أقرمود","229","3386","PAM","بوجمعة  الفيدي","8660"
"مراكش- آسفي","الصويرة","أقرمود","229","25600","PJD","ادريس البرك","3833"
"مراكش- آسفي","الصويرة","أقرمود","229","3376","PJD","عبد الغني الرفيعي","73371"
"مراكش- آسفي","الصويرة","أقرمود","229","3376","PJD","زهيرة  الكراب ","73383"
"مراكش- آسفي","الصويرة","أقرمود","229","3377","PJD","احمد بنهارمة","3866"
"مراكش- آسفي","الصويرة","أقرمود","229","3383","PJD","محمد مول العرض","54686"
"مراكش- آسفي","الصويرة","أقرمود","229","3383","PJD","جميلة قباز","54719"
"مراكش- آسفي","الصويرة","أقرمود","229","25599","PJD","حفيظ الزهير","31871"
"مراكش- آسفي","الصويرة","أقرمود","229","3374","PJD","عبد الجليل المليح","44271"
"مراكش- آسفي","الصويرة","أقرمود","229","3379","PJD","عبد الله اكدرو","31891"
"مراكش- آسفي","الصويرة","أقرمود","229","25598","PPS","نور الدين بويا","115779"
"مراكش- آسفي","الصويرة","أقرمود","229","25598","PPS","رشيدة بويا","116924"
"مراكش- آسفي","الصويرة","إمكراد","636","10007","PPS","البشير  اذلامين","20632"
"مراكش- آسفي","الصويرة","إمكراد","636","9998","PPS","محمد العسري","20604"
"مراكش- آسفي","الصويرة","إمكراد","636","9998","PPS"," فاضنة انفلوس","20611"
"مراكش- آسفي","الصويرة","إمكراد","636","10008","PPS","مبارك اكركاو","13997"
"مراكش- آسفي","الصويرة","إمكراد","636","10008","PPS","اجة اكركاو","13982"
"مراكش- آسفي","الصويرة","إمكراد","636","10002","PPS","عبد الله بواغاض","45073"
"مراكش- آسفي","الصويرة","إمكراد","636","10002","PPS","السعدية  احيا ","45115"
"مراكش- آسفي","الصويرة","إمكراد","636","10000","PPS","سعيد ادبعلي","110694"
"مراكش- آسفي","الصويرة","إمكراد","636","10006","PPS","احمد  ادهمو","20625"
"مراكش- آسفي","الصويرة","إمكراد","636","10001","PPS","مالك الحراك","44979"
"مراكش- آسفي","الصويرة","إمكراد","636","10005","PPS","سعيد انفلوس","20579"
"مراكش- آسفي","الصويرة","إمكراد","636","10004","PPS","فارس المهبول","20590"
"مراكش- آسفي","الصويرة","إمكراد","636","9999","RNI","الحسين ابحمان","13916"
"مراكش- آسفي","الصويرة","إمكراد","636","10003","PJD","احمد جوي","44879"
"مراكش- آسفي","الصويرة","إمكراد","636","10003","PJD","فاضمة  اخاي","44950"
"مراكش- آسفي","الصويرة","أولاد امرابط","1012","15894","PJD","محمد المصفح","119991"
"مراكش- آسفي","الصويرة","أولاد امرابط","1012","15894","PJD","لكبيرة  السناني ","120084"
"مراكش- آسفي","الصويرة","أولاد امرابط","1012","15892","PJD","حميد الديبة","7920"
"مراكش- آسفي","الصويرة","أولاد امرابط","1012","15897","PJD","عبد الله الزهراوي","51549"
"مراكش- آسفي","الصويرة","أولاد امرابط","1012","15897","PJD","ثورية المدكوري","51587"
"مراكش- آسفي","الصويرة","أولاد امرابط","1012","15893","PJD","عبد الكريم افناك","51604"
"مراكش- آسفي","الصويرة","أولاد امرابط","1012","15893","PJD","عائشة العملية","51638"
"مراكش- آسفي","الصويرة","أولاد امرابط","1012","15895","PJD","امبارك الوالي","7919"
"مراكش- آسفي","الصويرة","أولاد امرابط","1012","15901","PJD","عبد الرحمان السفياني","7906"
"مراكش- آسفي","الصويرة","أولاد امرابط","1012","15899","PJD","المصطفى دلام","26446"
"مراكش- آسفي","الصويرة","أولاد امرابط","1012","15902","PJD","بوشعيب لشهب","13583"
"مراكش- آسفي","الصويرة","أولاد امرابط","1012","15900","PJD","حمزة الشلح","13617"
"مراكش- آسفي","الصويرة","أولاد امرابط","1012","15896","PI","خالد لعليبة","122983"
"مراكش- آسفي","الصويرة","أولاد امرابط","1012","15896","PI","سكينة برك","123099"
"مراكش- آسفي","الصويرة","أولاد امرابط","1012","15898","PI","عبد الوهاب الرحوحي","51428"
"مراكش- آسفي","الصويرة","أوناغة","1066","16770","RNI","ابراهيم بنجلول","2196"
"مراكش- آسفي","الصويرة","أوناغة","1066","16770","RNI","لطيفة الكرواني","2207"
"مراكش- آسفي","الصويرة","أوناغة","1066","16758","RNI","حكيم العيسي","8497"
"مراكش- آسفي","الصويرة","أوناغة","1066","16758","RNI","سناء ايت اكرام","8528"
"مراكش- آسفي","الصويرة","أوناغة","1066","16759","RNI","عبدالجليل المنير","7977"
"مراكش- آسفي","الصويرة","أوناغة","1066","16759","RNI","عائشة اسملال","8038"
"مراكش- آسفي","الصويرة","أوناغة","1066","16763","RNI","عبد الجليل الغدير","4617"
"مراكش- آسفي","الصويرة","أوناغة","1066","16764","RNI","عبد العاطي بيشماش","39679"
"مراكش- آسفي","الصويرة","أوناغة","1066","16767","RNI","العربي طرموم","4618"
"مراكش- آسفي","الصويرة","أوناغة","1066","16760","RNI","محمد الطاولي","4623"
"مراكش- آسفي","الصويرة","أوناغة","1066","16766","RNI","عبد السلام سيموري","52680"
"مراكش- آسفي","الصويرة","أوناغة","1066","16766","RNI","امال الهنتاتي","52737"
"مراكش- آسفي","الصويرة","أوناغة","1066","16762","RNI","حميد سحمود","7985"
"مراكش- آسفي","الصويرة","أوناغة","1066","16765","RNI","عبد المالك الفارسي","4624"
"مراكش- آسفي","الصويرة","أوناغة","1066","16769","RNI","حسن ويهي","26340"
"مراكش- آسفي","الصويرة","أوناغة","1066","16761","PI","محمد عريسة","103874"
"مراكش- آسفي","الصويرة","أوناغة","1066","16768","PI","محمد اذ الهاشمي","102059"
"مراكش- آسفي","الصويرة","آيت داوود","111","1624","USFP","محمد الرامي","17958"
"مراكش- آسفي","الصويرة","آيت داوود","111","1624","USFP","بشرى نعيم","17986"
"مراكش- آسفي","الصويرة","آيت داوود","111","1625","USFP","ابراهيم السيد","17750"
"مراكش- آسفي","الصويرة","آيت داوود","111","1625","USFP","رشيدة السيد","17784"
"مراكش- آسفي","الصويرة","آيت داوود","111","1617","USFP","ابراهيم العمري","17966"
"مراكش- آسفي","الصويرة","آيت داوود","111","1617","USFP","رقية العمري","17993"
"مراكش- آسفي","الصويرة","آيت داوود","111","1623","USFP","سعيد تركانت","109026"
"مراكش- آسفي","الصويرة","آيت داوود","111","1622","USFP","لحسن  الرايس","32317"
"مراكش- آسفي","الصويرة","آيت داوود","111","1621","USFP","محمد الوحماني","18051"
"مراكش- آسفي","الصويرة","آيت داوود","111","1620","USFP","مبارك السيد","131987"
"مراكش- آسفي","الصويرة","آيت داوود","111","1615","FFD","عبد الله مناني","32331"
"مراكش- آسفي","الصويرة","آيت داوود","111","1615","FFD","تعرابت جوي","32360"
"مراكش- آسفي","الصويرة","آيت داوود","111","1619","FFD","الحسين  المناني","32381"
"مراكش- آسفي","الصويرة","آيت داوود","111","1618","FFD","محمد  المناني","133751"
"مراكش- آسفي","الصويرة","آيت داوود","111","1616","FFD","سعيد المناني","32395"
"مراكش- آسفي","الصويرة","آيت سعيد","154","2191","USFP","المصطفى قيسوم","12954"
"مراكش- آسفي","الصويرة","آيت سعيد","154","2191","USFP","فاطمة  امرامر ","12985"
"مراكش- آسفي","الصويرة","آيت سعيد","154","2192","USFP","مبارك عبود","24986"
"مراكش- آسفي","الصويرة","آيت سعيد","154","2195","USFP","حسن زعبول","2614"
"مراكش- آسفي","الصويرة","آيت سعيد","154","2196","USFP","محمد اجعفر","6143"
"مراكش- آسفي","الصويرة","آيت سعيد","154","2194","USFP","الحسين الهماري","12855"
"مراكش- آسفي","الصويرة","آيت سعيد","154","2193","USFP","عمر سكام","25016"
"مراكش- آسفي","الصويرة","آيت سعيد","154","2188","MP","محمد  اكيكي","12843"
"مراكش- آسفي","الصويرة","آيت سعيد","154","2189","MP","محمد بن الباز","118416"
"مراكش- آسفي","الصويرة","آيت سعيد","154","2189","MP","ثورية بومعيز","118508"
"مراكش- آسفي","الصويرة","آيت سعيد","154","2190","PI","عبدالله لشهب","71925"
"مراكش- آسفي","الصويرة","آيت سعيد","154","2190","PI","امينة العواد","71953"
"مراكش- آسفي","الصويرة","آيت سعيد","154","2187","RNI","عبد الله الطالبي","53729"
"مراكش- آسفي","الصويرة","آيت سعيد","154","2187","RNI","فطومة العلاوي","53757"
"مراكش- آسفي","الصويرة","آيت سعيد","154","2186","PAM","عثمان شرف","71802"
"مراكش- آسفي","الصويرة","آيت عيسى اححان","96","1428","RNI","اسماعيل ايت بلا","107815"
"مراكش- آسفي","الصويرة","آيت عيسى اححان","96","1428","RNI","فاطمة ابقالن","107986"
"مراكش- آسفي","الصويرة","آيت عيسى اححان","96","1433","RNI","اعراب ايت بوخو","109806"
"مراكش- آسفي","الصويرة","آيت عيسى اححان","96","1431","RNI","محمد احداد","78445"
"مراكش- آسفي","الصويرة","آيت عيسى اححان","96","1431","RNI","فاطمة واحمان","78632"
"مراكش- آسفي","الصويرة","آيت عيسى اححان","96","1432","RNI","لحسن بوقنوف","78727"
"مراكش- آسفي","الصويرة","آيت عيسى اححان","96","1434","RNI","احمد انفلوس","108752"
"مراكش- آسفي","الصويرة","آيت عيسى اححان","96","1434","RNI","رقية ابضار","112981"
"مراكش- آسفي","الصويرة","آيت عيسى اححان","96","1430","RNI","عبد الله ازكن","108105"
"مراكش- آسفي","الصويرة","آيت عيسى اححان","96","1429","RNI","عبد الله ايت القائد علي","109676"
"مراكش- آسفي","الصويرة","آيت عيسى اححان","96","1437","RNI","حسن ايت واحمان","45286"
"مراكش- آسفي","الصويرة","آيت عيسى اححان","96","1438","RNI","الحسين ابدار","109304"
"مراكش- آسفي","الصويرة","آيت عيسى اححان","96","1436","USFP","حسن ايت ناصر","20617"
"مراكش- آسفي","الصويرة","آيت عيسى اححان","96","1436","USFP","مليكة اوبلعيد","20622"
"مراكش- آسفي","الصويرة","آيت عيسى اححان","96","1435","USFP","محمد اوبلعيد","20664"
"مراكش- آسفي","الصويرة","إيدا و كلول","612","9676","PPS","عبدالمالك بورغى","2206"
"مراكش- آسفي","الصويرة","إيدا و كلول","612","9675","PPS","المختار اوبيهي","104768"
"مراكش- آسفي","الصويرة","إيدا و كلول","612","9675","PPS","السعدية ابلوا","104885"
"مراكش- آسفي","الصويرة","إيدا و كلول","612","9678","PPS","ابراهيم الرامي","114390"
"مراكش- آسفي","الصويرة","إيدا و كلول","612","9680","PPS","محمد الدابيهي","106043"
"مراكش- آسفي","الصويرة","إيدا و كلول","612","9677","PPS","احمد اومنصور","104393"
"مراكش- آسفي","الصويرة","إيدا و كلول","612","9677","PPS","زهرة الابراهيمي","104450"
"مراكش- آسفي","الصويرة","إيدا و كلول","612","9671","PPS","المدني ابن طالب","104999"
"مراكش- آسفي","الصويرة","إيدا و كلول","612","9670","PPS","عبد النبي الكارح","105430"
"مراكش- آسفي","الصويرة","إيدا و كلول","612","9679","PPS","محمد ايت مهدي","104613"
"مراكش- آسفي","الصويرة","إيدا و كلول","612","9672","RNI","حامد لعشرات","111591"
"مراكش- آسفي","الصويرة","إيدا و كلول","612","9672","RNI","زهرة فاراجي","111781"
"مراكش- آسفي","الصويرة","إيدا و كلول","612","9674","RNI","محمد لعشرات","91026"
"مراكش- آسفي","الصويرة","إيدا و كلول","612","9674","RNI","السعدية الوصيف","91159"
"مراكش- آسفي","الصويرة","إيدا و كلول","612","9673","RNI","احمد المناني","109057"
"مراكش- آسفي","الصويرة","إيدا وعزا","609","9642","MP","بهي شقور","117244"
"مراكش- آسفي","الصويرة","إيدا وعزا","609","9639","MP","حسن جعفر","47691"
"مراكش- آسفي","الصويرة","إيدا وعزا","609","9640","MP","عبدالرحيم ازدود","119089"
"مراكش- آسفي","الصويرة","إيدا وعزا","609","9640","MP","تليتماسة ابوريك","119392"
"مراكش- آسفي","الصويرة","إيدا وعزا","609","9637","MP","لحسن اصور","122701"
"مراكش- آسفي","الصويرة","إيدا وعزا","609","9644","MP","حسن الفاهيم","47516"
"مراكش- آسفي","الصويرة","إيدا وعزا","609","9636","MP","اسماعيل اد مبارك","20491"
"مراكش- آسفي","الصويرة","إيدا وعزا","609","9638","USFP","السعيد اثنان","68913"
"مراكش- آسفي","الصويرة","إيدا وعزا","609","9638","USFP","يامنة امخين","68965"
"مراكش- آسفي","الصويرة","إيدا وعزا","609","9641","USFP","عمر ابوريك","69264"
"مراكش- آسفي","الصويرة","إيدا وعزا","609","9643","USFP","محمد لشقر","68814"
"مراكش- آسفي","الصويرة","إيدا وعزا","609","9643","USFP","حفيظة بوزيد","68839"
"مراكش- آسفي","الصويرة","إيدا وعزا","609","27525","PJD","احماد اخريشي ","8030"
"مراكش- آسفي","الصويرة","إيدا وعزا","609","27524","PJD","ابراهيم اتغجيشة","14514"
"مراكش- آسفي","الصويرة","إيدا وعزا","609","9645","RNI","مبارك الهدري","8203"
"مراكش- آسفي","الصويرة","إيدا وعزا","609","9635","PI","احمد مطعم","105296"
"مراكش- آسفي","الصويرة","إيدا وعزا","609","9635","PI","مماس همو","105366"
"مراكش- آسفي","الصويرة","إيدا وكازو","613","9684","USFP","المدني  كروم","20676"
"مراكش- آسفي","الصويرة","إيدا وكازو","613","9684","USFP","فاطمة انضام","20689"
"مراكش- آسفي","الصويرة","إيدا وكازو","613","9683","USFP","حسن بوزار","114718"
"مراكش- آسفي","الصويرة","إيدا وكازو","613","9683","USFP","فضنة اكناو","114832"
"مراكش- آسفي","الصويرة","إيدا وكازو","613","9688","USFP","حسن اعطار","20672"
"مراكش- آسفي","الصويرة","إيدا وكازو","613","9688","USFP","رقية اندجار","20682"
"مراكش- آسفي","الصويرة","إيدا وكازو","613","9682","USFP","لحسن التايك","26062"
"مراكش- آسفي","الصويرة","إيدا وكازو","613","9687","USFP","الحسن بومركود","20687"
"مراكش- آسفي","الصويرة","إيدا وكازو","613","9687","USFP","السعدية  بيكضاض","20691"
"مراكش- آسفي","الصويرة","إيدا وكازو","613","9690","USFP","عمر اعطار","20661"
"مراكش- آسفي","الصويرة","إيدا وكازو","613","9685","USFP","الحسن دوهاب","20680"
"مراكش- آسفي","الصويرة","إيدا وكازو","613","9686","PI","محمد دواري","126136"
"مراكش- آسفي","الصويرة","إيدا وكازو","613","9691","PI","عبدالله دواري","125694"
"مراكش- آسفي","الصويرة","إيدا وكازو","613","9681","PI","عبداللطيف عمار","131592"
"مراكش- آسفي","الصويرة","إيدا وكازو","613","9689","PI","محند ايت ايسك","126279"
"مراكش- آسفي","الصويرة","إيمي نتليت","639","10047","RNI","عمر لكر","19939"
"مراكش- آسفي","الصويرة","إيمي نتليت","639","10047","RNI","خديجة الروداني","19974"
"مراكش- آسفي","الصويرة","إيمي نتليت","639","10054","RNI","محند بحسي","14512"
"مراكش- آسفي","الصويرة","إيمي نتليت","639","10048","RNI","عبد الله بنيج","25963"
"مراكش- آسفي","الصويرة","إيمي نتليت","639","10048","RNI","فاطمة اسكري","25941"
"مراكش- آسفي","الصويرة","إيمي نتليت","639","10053","RNI","محمد طلدي","20251"
"مراكش- آسفي","الصويرة","إيمي نتليت","639","10051","RNI","عبد الله بوبلي","20225"
"مراكش- آسفي","الصويرة","إيمي نتليت","639","10050","RNI","احمد بومزوغ","8164"
"مراكش- آسفي","الصويرة","إيمي نتليت","639","10049","RNI","حسن اسنار","4489"
"مراكش- آسفي","الصويرة","إيمي نتليت","639","10052","RNI","رشيد اخرضيض","27024"
"مراكش- آسفي","الصويرة","إيمي نتليت","639","10045","RNI","محمد موافق","20198"
"مراكش- آسفي","الصويرة","إيمي نتليت","639","10043","RNI","الطيب موافق","8063"
"مراكش- آسفي","الصويرة","إيمي نتليت","639","10055","PJD","محند درويش","122988"
"مراكش- آسفي","الصويرة","إيمي نتليت","639","10055","PJD","كلثوم اندجار","123075"
"مراكش- آسفي","الصويرة","إيمي نتليت","639","10044","USFP","الطيب امكرود","19917"
"مراكش- آسفي","الصويرة","إيمي نتليت","639","10046","PAM","عمر واد رزان","123326"
"مراكش- آسفي","الصويرة","إيمي نتليت","639","10046","PAM","مينة وادرزان","123224"
"مراكش- آسفي","الصويرة","اكرض","41","609","PPS","لحسن ابلينكا","116144"
"مراكش- آسفي","الصويرة","اكرض","41","609","PPS","فاطمة مجيد","116335"
"مراكش- آسفي","الصويرة","اكرض","41","603","PPS","عمر هرويض","113934"
"مراكش- آسفي","الصويرة","اكرض","41","603","PPS","زهرة امالوز","113787"
"مراكش- آسفي","الصويرة","اكرض","41","607","PPS","حافظ الصوفي","115215"
"مراكش- آسفي","الصويرة","اكرض","41","604","PPS","حسن  مرفغ","114381"
"مراكش- آسفي","الصويرة","اكرض","41","605","PPS","المصطفى ابلينكا","114590"
"مراكش- آسفي","الصويرة","اكرض","41","602","PPS","محند الكدالي","115014"
"مراكش- آسفي","الصويرة","اكرض","41","600","USFP","احمد فاضل","26482"
"مراكش- آسفي","الصويرة","اكرض","41","600","USFP","نجاة  بيبلا","26484"
"مراكش- آسفي","الصويرة","اكرض","41","608","USFP","عبد الرحيم اكروج","31145"
"مراكش- آسفي","الصويرة","اكرض","41","606","PI","حفيظ اخساي","45219"
"مراكش- آسفي","الصويرة","اكرض","41","606","PI","زهرة مرزوقي","45260"
"مراكش- آسفي","الصويرة","اكرض","41","601","CNI","ابراهيم ازكاغ","8060"
"مراكش- آسفي","الصويرة","اكرض","41","599","RNI","العربي ابردزو","14562"
"مراكش- آسفي","الصويرة","اكليف","35","520","PPS","احمد اشالا","19444"
"مراكش- آسفي","الصويرة","اكليف","35","520","PPS","تعربات تكسون","19481"
"مراكش- آسفي","الصويرة","اكليف","35","511","PPS","احمد الكزوم","19824"
"مراكش- آسفي","الصويرة","اكليف","35","514","PPS","عبد الله لسكار","19744"
"مراكش- آسفي","الصويرة","اكليف","35","514","PPS","فاطمة  احصاين","19771"
"مراكش- آسفي","الصويرة","اكليف","35","512","PPS","اعراب الصالحي","116221"
"مراكش- آسفي","الصويرة","اكليف","35","512","PPS","عائشة الراضي","116381"
"مراكش- آسفي","الصويرة","اكليف","35","521","PPS","محمد باضا","19420"
"مراكش- آسفي","الصويرة","اكليف","35","516","PPS","سعيد بوافود","19633"
"مراكش- آسفي","الصويرة","اكليف","35","519","PPS","حسن المجاهيد","19525"
"مراكش- آسفي","الصويرة","اكليف","35","517","PPS","سعيد اشالا","19599"
"مراكش- آسفي","الصويرة","اكليف","35","515","USFP","موسى بوفنزي","118178"
"مراكش- آسفي","الصويرة","اكليف","35","515","USFP","فاضمة امهال","118361"
"مراكش- آسفي","الصويرة","اكليف","35","518","USFP","حسن بركوش","26061"
"مراكش- آسفي","الصويرة","اكليف","35","523","USFP","فاتح بن بوجمعة","65908"
"مراكش- آسفي","الصويرة","اكليف","35","522","USFP","محمد طرانت","40550"
"مراكش- آسفي","الصويرة","اكليف","35","513","PI","مبارك مساعد","26261"
"مراكش- آسفي","الصويرة","الحنشان","501","7818","MP","ابراهيم بموس","68437"
"مراكش- آسفي","الصويرة","الحنشان","501","7819","MP","عبد اللطيف الكيحل","67878"
"مراكش- آسفي","الصويرة","الحنشان","501","7819","MP","نزهة الكحيل","67966"
"مراكش- آسفي","الصويرة","الحنشان","501","7825","MP","المصطفى الدكالي","24801"
"مراكش- آسفي","الصويرة","الحنشان","501","7825","MP","فتيحة العجان","24823"
"مراكش- آسفي","الصويرة","الحنشان","501","7821","MP","عبد الكريم الزروال","28760"
"مراكش- آسفي","الصويرة","الحنشان","501","7821","MP","حياة البركي","28787"
"مراكش- آسفي","الصويرة","الحنشان","501","7817","MP","المصطفى الدحيمي","68341"
"مراكش- آسفي","الصويرة","الحنشان","501","7827","PJD","عبد الحق  الديش","36889"
"مراكش- آسفي","الصويرة","الحنشان","501","7826","PJD","احمد الفاتحي","8740"
"مراكش- آسفي","الصويرة","الحنشان","501","7823","PAM","السعيد احميم","17943"
"مراكش- آسفي","الصويرة","الحنشان","501","7822","PAM","احمد انويجح","18163"
"مراكش- آسفي","الصويرة","الحنشان","501","7822","PAM","بوشرى العدار","18201"
"مراكش- آسفي","الصويرة","الحنشان","501","7820","USFP","مجيد الموطيع","12556"
"مراكش- آسفي","الصويرة","الحنشان","501","7824","USFP","محمد السعداوي","12629"
"مراكش- آسفي","الصويرة","الزاويت","532","8370","USFP","عبد العزيز ايت المعلم","114622"
"مراكش- آسفي","الصويرة","الزاويت","532","8370","USFP","فاطمة العسوي","114796"
"مراكش- آسفي","الصويرة","الزاويت","532","8374","USFP","حسن حفظ الله","129174"
"مراكش- آسفي","الصويرة","الزاويت","532","8374","USFP","فاضمة اكيدر","129196"
"مراكش- آسفي","الصويرة","الزاويت","532","8373","USFP","احمد امهال","128953"
"مراكش- آسفي","الصويرة","الزاويت","532","8373","USFP","زهرة ابضار","128971"
"مراكش- آسفي","الصويرة","الزاويت","532","8368","USFP","مبارك ازرا","114935"
"مراكش- آسفي","الصويرة","الزاويت","532","8368","USFP","فاطمة اكركاوي","115045"
"مراكش- آسفي","الصويرة","الزاويت","532","8364","USFP","عبد الله الصغير","113784"
"مراكش- آسفي","الصويرة","الزاويت","532","8372","USFP","اعراب امهال","115410"
"مراكش- آسفي","الصويرة","الزاويت","532","8371","MP","عبدالله عزمي","129216"
"مراكش- آسفي","الصويرة","الزاويت","532","8369","MP","حسن بن عامر","128987"
"مراكش- آسفي","الصويرة","الزاويت","532","8366","MP","مبارك اوتكانت","128842"
"مراكش- آسفي","الصويرة","الزاويت","532","8367","MP","سعيد اكرام","128847"
"مراكش- آسفي","الصويرة","الزاويت","532","8365","MP","عبد الله ربيل","128632"
"مراكش- آسفي","الصويرة","الصويرة","530","25093","PAM","علال اجرارعي","4302"
"مراكش- آسفي","الصويرة","الصويرة","530","25093","PAM","حليمة مودن","4570"
"مراكش- آسفي","الصويرة","الصويرة","530","25093","PAM","عبدالقادر الصبر","4362"
"مراكش- آسفي","الصويرة","الصويرة","530","25093","PAM","ميلود ابنين","4372"
"مراكش- آسفي","الصويرة","الصويرة","530","25093","PAM","محمد  زكري","4391"
"مراكش- آسفي","الصويرة","الصويرة","530","25093","PAM","رضوان الكمني","4414"
"مراكش- آسفي","الصويرة","الصويرة","530","25093","PAM","رشيد  التنوسي","4429"
"مراكش- آسفي","الصويرة","الصويرة","530","25093","PAM","محمد اعويمير","4438"
"مراكش- آسفي","الصويرة","الصويرة","530","25093","PAM","مبارك العينوس","4448"
"مراكش- آسفي","الصويرة","الصويرة","530","25093","PJD","امبارك العيدي","22615"
"مراكش- آسفي","الصويرة","الصويرة","530","25093","PJD","فاطمة افقير","24559"
"مراكش- آسفي","الصويرة","الصويرة","530","25093","PJD","سامي الخرواع","23042"
"مراكش- آسفي","الصويرة","الصويرة","530","25093","PJD","عبد الرحيم الزاهر","23068"
"مراكش- آسفي","الصويرة","الصويرة","530","25093","PJD","عبد الرحيم بالخناتي","23135"
"مراكش- آسفي","الصويرة","الصويرة","530","25093","PJD","محمد لشراوي","23149"
"مراكش- آسفي","الصويرة","الصويرة","530","25093","PJD","هشام امتلدي","23170"
"مراكش- آسفي","الصويرة","الصويرة","530","25093","MP","محماد الفراع","43621"
"مراكش- آسفي","الصويرة","الصويرة","530","25093","MP","ثورية حساني","44799"
"مراكش- آسفي","الصويرة","الصويرة","530","25093","MP","الحسن البدوي","43663"
"مراكش- آسفي","الصويرة","الصويرة","530","25093","MP","حسن الرغيش","43738"
"مراكش- آسفي","الصويرة","الصويرة","530","25093","MP","محمد اسوس","43794"
"مراكش- آسفي","الصويرة","الصويرة","530","25093","MP","مولاي رشيد اشغوغ","43860"
"مراكش- آسفي","الصويرة","الصويرة","530","25093","RNI","هشام جباري","26291"
"مراكش- آسفي","الصويرة","الصويرة","530","25093","RNI","فاطمة اشفيرة","25732"
"مراكش- آسفي","الصويرة","الصويرة","530","25093","RNI","سعيد المانع","26287"
"مراكش- آسفي","الصويرة","الصويرة","530","25093","RNI","محمد اشكاج","26284"
"مراكش- آسفي","الصويرة","الصويرة","530","25093","RNI","بوجمعة بومنقار","26281"
"مراكش- آسفي","الصويرة","الصويرة","530","25093","USFP","محمد ملال","13704"
"مراكش- آسفي","الصويرة","الصويرة","530","25093","USFP","شادية فاقي","13824"
"مراكش- آسفي","الصويرة","الصويرة","530","25093","USFP","السعيد عديدي","13728"
"مراكش- آسفي","الصويرة","الصويرة","530","25093","USFP","طارق محمد عثماني","13736"
"مراكش- آسفي","الصويرة","الصويرة","530","25093","PI","عبداللطيف بهر","54244"
"مراكش- آسفي","الصويرة","الصويرة","530","25093","PI","حفيظة جادلي","58642"
"مراكش- آسفي","الصويرة","الصويرة","530","25093","PI","عبد القادر العدلوي","54309"
"مراكش- آسفي","الصويرة","الصويرة","530","25093","PI","المصطفى الساكر","54345"
"مراكش- آسفي","الصويرة","الكريمات","722","11358","PI","العربي اعراب","120632"
"مراكش- آسفي","الصويرة","الكريمات","722","11358","PI","سميرة اعراب","120730"
"مراكش- آسفي","الصويرة","الكريمات","722","11359","PI","محمد الخطيبي","120889"
"مراكش- آسفي","الصويرة","الكريمات","722","11359","PI","رشيدة اطبيلي","120975"
"مراكش- آسفي","الصويرة","الكريمات","722","11360","PI","محماد اكضاض","43893"
"مراكش- آسفي","الصويرة","الكريمات","722","11355","PI","صالح الحرش","122462"
"مراكش- آسفي","الصويرة","الكريمات","722","11357","PI","بوجمعة اعكيريش","121848"
"مراكش- آسفي","الصويرة","الكريمات","722","11364","PI","محمد النبيقي","121543"
"مراكش- آسفي","الصويرة","الكريمات","722","11365","PI","عزيز بونصر","121382"
"مراكش- آسفي","الصويرة","الكريمات","722","11361","PI","بوجمعة السقلي","121703"
"مراكش- آسفي","الصويرة","الكريمات","722","11356","PPS","عز الدين الزريويل","124649"
"مراكش- آسفي","الصويرة","الكريمات","722","11354","PPS","عبد الرحمان الجوهري","123730"
"مراكش- آسفي","الصويرة","الكريمات","722","11354","PPS","امال الزاويا","123905"
"مراكش- آسفي","الصويرة","الكريمات","722","11362","PPS","سعيد الخير","95815"
"مراكش- آسفي","الصويرة","الكريمات","722","11362","PPS","عائشة الشلح","95827"
"مراكش- آسفي","الصويرة","الكريمات","722","11363","PPS","عبد الوافي ابن اسماعيل","122805"
"مراكش- آسفي","الصويرة","الكريمات","722","11366","RNI","احمد بن اعويسة","44148"
"مراكش- آسفي","الصويرة","المخاليف","817","12907","PI","عبد اللطيف اسطيلي","8439"
"مراكش- آسفي","الصويرة","المخاليف","817","12907","PI","نجية البيدية","8473"
"مراكش- آسفي","الصويرة","المخاليف","817","12909","PI","محمد اقويقة","8387"
"مراكش- آسفي","الصويرة","المخاليف","817","12909","PI","نزهة بنروى ","8413"
"مراكش- آسفي","الصويرة","المخاليف","817","12900","PI","بوشعيب  المجاهد","8405"
"مراكش- آسفي","الصويرة","المخاليف","817","12900","PI","بهيجة شراغ","8430"
"مراكش- آسفي","الصويرة","المخاليف","817","12902","PI","حفيظ  بن سويس ","20524"
"مراكش- آسفي","الصويرة","المخاليف","817","12903","PI","عبدالرحيم الرحيمى","43767"
"مراكش- آسفي","الصويرة","المخاليف","817","12905","PI","محمد فتح الله","4187"
"مراكش- آسفي","الصويرة","المخاليف","817","12908","PI","عبد الرحيم زروال","8545"
"مراكش- آسفي","الصويرة","المخاليف","817","12899","PI","احمد الفلاح","43185"
"مراكش- آسفي","الصويرة","المخاليف","817","12899","PI","حبيبة  حسني","43246"
"مراكش- آسفي","الصويرة","المخاليف","817","12906","PI","عبدالنبي المدني","20509"
"مراكش- آسفي","الصويرة","المخاليف","817","12901","PI","المصطفى بريضة","8388"
"مراكش- آسفي","الصويرة","المخاليف","817","12904","PI","خالد لوديني","14349"
"مراكش- آسفي","الصويرة","المزيلات","920","14567","RNI","خالد سابق","20205"
"مراكش- آسفي","الصويرة","المزيلات","920","14567","RNI","صباح سابق","20223"
"مراكش- آسفي","الصويرة","المزيلات","920","14564","RNI","مصطفى الكسار","20401"
"مراكش- آسفي","الصويرة","المزيلات","920","14564","RNI","مريم الخراف","20407"
"مراكش- آسفي","الصويرة","المزيلات","920","14568","RNI","عز الدين سابق","19727"
"مراكش- آسفي","الصويرة","المزيلات","920","14565","RNI","عبد اللطيف مصيد","20330"
"مراكش- آسفي","الصويرة","المزيلات","920","14565","RNI","الذهبية الخبطي","20364"
"مراكش- آسفي","الصويرة","المزيلات","920","14566","RNI","المصطفى الكويط","20275"
"مراكش- آسفي","الصويرة","المزيلات","920","14566","RNI","كلثوم سابق","20297"
"مراكش- آسفي","الصويرة","المزيلات","920","14574","RNI","عبد العزيز لعناوي","19421"
"مراكش- آسفي","الصويرة","المزيلات","920","14572","RNI","حميد العبراط","19561"
"مراكش- آسفي","الصويرة","المزيلات","920","14570","RNI","حسن لفرم","19606"
"مراكش- آسفي","الصويرة","المزيلات","920","14573","RNI","عبد الواحد العزوني","19469"
"مراكش- آسفي","الصويرة","المزيلات","920","14571","USFP","حميد العسري","67226"
"مراكش- آسفي","الصويرة","المزيلات","920","14569","USFP","عبد الرحيم الاشقر","125472"
"مراكش- آسفي","الصويرة","المواريد","895","14163","PJD","محماد القدوري","55036"
"مراكش- آسفي","الصويرة","المواريد","895","14163","PJD","ام العيد القدوري","55049"
"مراكش- آسفي","الصويرة","المواريد","895","14164","PJD","عبد الصادق شاكر","55756"
"مراكش- آسفي","الصويرة","المواريد","895","14164","PJD","عائشة الرايس","55776"
"مراكش- آسفي","الصويرة","المواريد","895","14169","PJD","عبد الوهاب المتوكل","54993"
"مراكش- آسفي","الصويرة","المواريد","895","14165","PJD","العربي السوسي","56021"
"مراكش- آسفي","الصويرة","المواريد","895","14172","PJD","زهير المحمودي","55661"
"مراكش- آسفي","الصويرة","المواريد","895","14167","PJD","بوجمعة علا","56105"
"مراكش- آسفي","الصويرة","المواريد","895","14170","PJD","حسن الزيكي","55686"
"مراكش- آسفي","الصويرة","المواريد","895","14170","PJD","فاظمة المعروفي","55714"
"مراكش- آسفي","الصويرة","المواريد","895","14168","PJD","سعيد القرقوري","56154"
"مراكش- آسفي","الصويرة","المواريد","895","14173","USFP","بلعيد الزموق","26416"
"مراكش- آسفي","الصويرة","المواريد","895","14173","USFP","خديجة المزوضي","26418"
"مراكش- آسفي","الصويرة","المواريد","895","14166","USFP","المهدي الناصري","79730"
"مراكش- آسفي","الصويرة","المواريد","895","14171","USFP","محمد لوفا","30726"
"مراكش- آسفي","الصويرة","امرامر","820","12947","PI","سعيد ازويتين","110083"
"مراكش- آسفي","الصويرة","امرامر","820","12947","PI","امباركة  برشيد","97973"
"مراكش- آسفي","الصويرة","امرامر","820","12948","PI","احمد الكباحي","44435"
"مراكش- آسفي","الصويرة","امرامر","820","12948","PI","عائشة اشميمة","44453"
"مراكش- آسفي","الصويرة","امرامر","820","12939","PI","محمد لمعاشي","14620"
"مراكش- آسفي","الصويرة","امرامر","820","12939","PI","فاطمة بومراح","14631"
"مراكش- آسفي","الصويرة","امرامر","820","12949","PI","عبد الله ماهر","14598"
"مراكش- آسفي","الصويرة","امرامر","820","12940","PI","خالد  بيروكي","14664"
"مراكش- آسفي","الصويرة","امرامر","820","12942","PI","عمر الراجي","14629"
"مراكش- آسفي","الصويرة","امرامر","820","12938","RNI","عمر المرابط","98157"
"مراكش- آسفي","الصويرة","امرامر","820","12938","RNI","فوزية قدوري","98240"
"مراكش- آسفي","الصويرة","امرامر","820","12950","RNI","الطاهر الكرداع","14636"
"مراكش- آسفي","الصويرة","امرامر","820","12944","RNI","بوجمعة الربعية","14645"
"مراكش- آسفي","الصويرة","امرامر","820","12945","RNI","عبدالنبي الهرموشي","20417"
"مراكش- آسفي","الصويرة","امرامر","820","12943","RNI","عبد الصمد لوديني","26285"
"مراكش- آسفي","الصويرة","امرامر","820","12946","RNI","الفاطمي ازدو","26294"
"مراكش- آسفي","الصويرة","امرامر","820","12941","PAM","عبد اللطيف بومراح","123829"
"مراكش- آسفي","الصويرة","بوزمور","421","6509","RNI","حسن ايت سي","101041"
"مراكش- آسفي","الصويرة","بوزمور","421","6509","RNI","اجة الشادلي","101178"
"مراكش- آسفي","الصويرة","بوزمور","421","6505","RNI","سعيد الشادلي","40605"
"مراكش- آسفي","الصويرة","بوزمور","421","6511","RNI","محمد كمدي","80827"
"مراكش- آسفي","الصويرة","بوزمور","421","6511","RNI","فاطمة امنزو","80944"
"مراكش- آسفي","الصويرة","بوزمور","421","6504","RNI","الحسين شضوض","78891"
"مراكش- آسفي","الصويرة","بوزمور","421","6504","RNI","فاضمة شضوض","78943"
"مراكش- آسفي","الصويرة","بوزمور","421","6503","RNI","سعيد  افارس","64378"
"مراكش- آسفي","الصويرة","بوزمور","421","6501","RNI","احمد انشوم","79817"
"مراكش- آسفي","الصويرة","بوزمور","421","6507","RNI","الحسن ابو القاسم","80289"
"مراكش- آسفي","الصويرة","بوزمور","421","6507","RNI","ايجة امروض","80375"
"مراكش- آسفي","الصويرة","بوزمور","421","6508","RNI","محمد الدرت","80720"
"مراكش- آسفي","الصويرة","بوزمور","421","6506","FFD","محمد الشادلي","79065"
"مراكش- آسفي","الصويرة","بوزمور","421","6502","FFD","سعيد احكور","79010"
"مراكش- آسفي","الصويرة","بوزمور","421","6510","PPS","حسن كركدان","112012"
"مراكش- آسفي","الصويرة","بيزضاض","310","4781","PAM","لحسن كرمة","129076"
"مراكش- آسفي","الصويرة","بيزضاض","310","4781","PAM","عربية بنجدي","129118"
"مراكش- آسفي","الصويرة","بيزضاض","310","4780","PAM","رشيد كرمة","129057"
"مراكش- آسفي","الصويرة","بيزضاض","310","4780","PAM","خديجة اضمين ","129070"
"مراكش- آسفي","الصويرة","بيزضاض","310","4788","PAM","محمد احميمش","129054"
"مراكش- آسفي","الصويرة","بيزضاض","310","4788","PAM","فاضمة امضو","128984"
"مراكش- آسفي","الصويرة","بيزضاض","310","4782","PAM","الحسين الشيخ","129188"
"مراكش- آسفي","الصويرة","بيزضاض","310","4790","PAM","ابراهيم امورغي","129051"
"مراكش- آسفي","الصويرة","بيزضاض","310","4791","PAM","الحسين العسري","129009"
"مراكش- آسفي","الصويرة","بيزضاض","310","4784","PAM","بلعيد بروك","128342"
"مراكش- آسفي","الصويرة","بيزضاض","310","4783","PAM","احمد كرمة","128236"
"مراكش- آسفي","الصويرة","بيزضاض","310","4789","PAM","احمد  كرمة","129014"
"مراكش- آسفي","الصويرة","بيزضاض","310","4786","PPS","احمد الماضي","50870"
"مراكش- آسفي","الصويرة","بيزضاض","310","4792","PPS","المناني رشيد ","57082"
"مراكش- آسفي","الصويرة","بيزضاض","310","4785","PPS","المختار النظر","31773"
"مراكش- آسفي","الصويرة","بيزضاض","310","4787","PPS","المصطفى حيلي","129117"
"مراكش- آسفي","الصويرة","بيزضاض","310","4787","PPS","مينة امقشوا","129139"
"مراكش- آسفي","الصويرة","تاركانت","1391","21911","USFP","ابراهيم اثنان","44586"
"مراكش- آسفي","الصويرة","تاركانت","1391","21911","USFP","كوثر اثنان","44646"
"مراكش- آسفي","الصويرة","تاركانت","1391","21912","USFP","احمد اكيجي","13647"
"مراكش- آسفي","الصويرة","تاركانت","1391","21910","USFP","احمد محمو","116009"
"مراكش- آسفي","الصويرة","تاركانت","1391","21918","USFP","محمد جارف","43512"
"مراكش- آسفي","الصويرة","تاركانت","1391","21910","USFP","يمنة  اوتنريت","116361"
"مراكش- آسفي","الصويرة","تاركانت","1391","21909","USFP","محمد بوتيت","13607"
"مراكش- آسفي","الصويرة","تاركانت","1391","21914","USFP","عمر ابج","13620"
"مراكش- آسفي","الصويرة","تاركانت","1391","21907","USFP","الحسين اسكور","44876"
"مراكش- آسفي","الصويرة","تاركانت","1391","21917","RNI","الحسين ابندير","115149"
"مراكش- آسفي","الصويرة","تاركانت","1391","21917","RNI","مينة ابندير","129329"
"مراكش- آسفي","الصويرة","تاركانت","1391","21908","RNI","ابراهيم الرئيس ","78114"
"مراكش- آسفي","الصويرة","تاركانت","1391","21908","RNI","الزهرة ابشوش","129401"
"مراكش- آسفي","الصويرة","تاركانت","1391","21919","RNI","علي عكران","13956"
"مراكش- آسفي","الصويرة","تاركانت","1391","21915","RNI","سعيد   جني","78315"
"مراكش- آسفي","الصويرة","تاركانت","1391","21916","RNI","الحسن وحمان","27240"
"مراكش- آسفي","الصويرة","تاركانت","1391","21913","PPS","محمد اوسوس ","111165"
"مراكش- آسفي","الصويرة","تاكوشت","1344","21224","PAM","مبارك لهواوي","128280"
"مراكش- آسفي","الصويرة","تاكوشت","1344","21224","PAM","يامنة المنصور","128324"
"مراكش- آسفي","الصويرة","تاكوشت","1344","21223","PAM","لحسن زافو","128884"
"مراكش- آسفي","الصويرة","تاكوشت","1344","21223","PAM","خديجة الكماسي","128998"
"مراكش- آسفي","الصويرة","تاكوشت","1344","21226","PAM","المصطفى   الكماسي","129027"
"مراكش- آسفي","الصويرة","تاكوشت","1344","21218","PAM","عبد الله ازفرار","128412"
"مراكش- آسفي","الصويرة","تاكوشت","1344","21218","PAM","زهرة ايكمان ","128477"
"مراكش- آسفي","الصويرة","تاكوشت","1344","21216","PAM","ابراهيم المنصوري","128300"
"مراكش- آسفي","الصويرة","تاكوشت","1344","21222","PAM","احمد اكيمي","128184"
"مراكش- آسفي","الصويرة","تاكوشت","1344","21220","PAM","اعراب شافي","128527"
"مراكش- آسفي","الصويرة","تاكوشت","1344","21217","PAM","مبارك ايت صالح","128542"
"مراكش- آسفي","الصويرة","تاكوشت","1344","21221","USFP","محمد تومزيط","114267"
"مراكش- آسفي","الصويرة","تاكوشت","1344","21221","USFP","فاطمة شاطر ","114446"
"مراكش- آسفي","الصويرة","تاكوشت","1344","21225","USFP","محمد الامين","48009"
"مراكش- آسفي","الصويرة","تاكوشت","1344","21219","USFP","الحسن رطوبي","113583"
"مراكش- آسفي","الصويرة","تالمست","1352","21310","PAM","عبد العزيز انعيري","36229"
"مراكش- آسفي","الصويرة","تالمست","1352","21310","PAM","تورية تابت","36310"
"مراكش- آسفي","الصويرة","تالمست","1352","21312","PAM","محمد ايو","36586"
"مراكش- آسفي","الصويرة","تالمست","1352","21315","PAM","شعيب اهريشة","36987"
"مراكش- آسفي","الصويرة","تالمست","1352","21315","PAM","اسمهان محسن","37048"
"مراكش- آسفي","الصويرة","تالمست","1352","21307","PAM","زين الدين سمان","35851"
"مراكش- آسفي","الصويرة","تالمست","1352","21313","PAM","عبد القادر زربع","36670"
"مراكش- آسفي","الصويرة","تالمست","1352","21316","PAM","سعيد الوردي","35791"
"مراكش- آسفي","الصويرة","تالمست","1352","21314","PAM","اسماعيل شاعري","36860"
"مراكش- آسفي","الصويرة","تالمست","1352","21309","PPS","عبد الرحيم صويلح","49770"
"مراكش- آسفي","الصويرة","تالمست","1352","21309","PPS","نعيمة الدحاني","49821"
"مراكش- آسفي","الصويرة","تالمست","1352","21311","PPS","ابراهيم  امين","106724"
"مراكش- آسفي","الصويرة","تالمست","1352","21311","PPS","الغالية رفيق","106788"
"مراكش- آسفي","الصويرة","تالمست","1352","21308","PPS","هشام القزدار","49331"
"مراكش- آسفي","الصويرة","تالمست","1352","21306","USFP","عبد الرحيم الكوط","107009"
"مراكش- آسفي","الصويرة","تدزي","1432","22583","USFP","عبد الله دوزلك","118310"
"مراكش- آسفي","الصويرة","تدزي","1432","22583","USFP","مريم لمهوان","118852"
"مراكش- آسفي","الصويرة","تدزي","1432","22585","USFP","محمد دوزلك","69912"
"مراكش- آسفي","الصويرة","تدزي","1432","22590","PPS","محمد رضى اخرضيض","119970"
"مراكش- آسفي","الصويرة","تدزي","1432","22588","PPS","الطيب اغريش","117411"
"مراكش- آسفي","الصويرة","تدزي","1432","22588","PPS","فاضمة  فوقليل","117791"
"مراكش- آسفي","الصويرة","تدزي","1432","22581","PPS","مبارك بلموش","127695"
"مراكش- آسفي","الصويرة","تدزي","1432","22589","PPS","محمد لفقير","119860"
"مراكش- آسفي","الصويرة","تدزي","1432","22580","MP","عبد الناصر شكيحي","119520"
"مراكش- آسفي","الصويرة","تدزي","1432","22580","MP","فاطمة شكيحي","119672"
"مراكش- آسفي","الصويرة","تدزي","1432","22584","MP","اعراب الحداد","117258"
"مراكش- آسفي","الصويرة","تدزي","1432","22582","MP","امبارك السعداني","118585"
"مراكش- آسفي","الصويرة","تدزي","1432","22582","MP","خديجة وركا","118723"
"مراكش- آسفي","الصويرة","تدزي","1432","22586","PAM","حسن تكويت","49895"
"مراكش- آسفي","الصويرة","تدزي","1432","22587","PAM","عادل عائش","8108"
"مراكش- آسفي","الصويرة","تفتاشت","1318","20859","RNI","بوشعيب لبحيح","13640"
"مراكش- آسفي","الصويرة","تفتاشت","1318","20859","RNI","حسناء زين الدين","13656"
"مراكش- آسفي","الصويرة","تفتاشت","1318","20868","RNI","عمر اباجي","4174"
"مراكش- آسفي","الصويرة","تفتاشت","1318","20867","RNI","ميلود المتوكي","9564"
"مراكش- آسفي","الصويرة","تفتاشت","1318","20864","RNI","ابراهيم الساخري","7821"
"مراكش- آسفي","الصويرة","تفتاشت","1318","20866","RNI","محمد نجيب ابو الطيب","7899"
"مراكش- آسفي","الصويرة","تفتاشت","1318","20861","PJD","احمد الصاك","26450"
"مراكش- آسفي","الصويرة","تفتاشت","1318","20861","PJD","السعدية الرويس","26451"
"مراكش- آسفي","الصويرة","تفتاشت","1318","20862","PJD","نورالدين العواد","51331"
"مراكش- آسفي","الصويرة","تفتاشت","1318","20862","PJD","نادية العواد","51378"
"مراكش- آسفي","الصويرة","تفتاشت","1318","20863","PJD","عبد الرحيم الشراضية","26417"
"مراكش- آسفي","الصويرة","تفتاشت","1318","20860","PJD","عبد الجبار  اعوينات ","13623"
"مراكش- آسفي","الصويرة","تفتاشت","1318","20865","PJD","احمد بوطيب","26420"
"مراكش- آسفي","الصويرة","تفتاشت","1318","20858","PJD","عبد المجيد اكحيزة","26437"
"مراكش- آسفي","الصويرة","تفتاشت","1318","20858","PJD","نعيمة الجمايلي","26443"
"مراكش- آسفي","الصويرة","تفضنة","1316","20836","RNI","حسن الهادي","20404"
"مراكش- آسفي","الصويرة","تفضنة","1316","20836","RNI","عائشة عطاء","20412"
"مراكش- آسفي","الصويرة","تفضنة","1316","20837","RNI","محمد  الديب","26460"
"مراكش- آسفي","الصويرة","تفضنة","1316","20839","RNI","محجوبة ند موليد","20386"
"مراكش- آسفي","الصويرة","تفضنة","1316","20835","RNI","محمد  الحيحي","14204"
"مراكش- آسفي","الصويرة","تفضنة","1316","20841","RNI","عزيز العطير","20442"
"مراكش- آسفي","الصويرة","تفضنة","1316","20841","RNI","زهرة العرج","20452"
"مراكش- آسفي","الصويرة","تفضنة","1316","20844","RNI","محمد اكنيون","20374"
"مراكش- آسفي","الصويرة","تفضنة","1316","20842","RNI","لحسن امخربي","20419"
"مراكش- آسفي","الصويرة","تفضنة","1316","20842","RNI","ايجة اهموم","20435"
"مراكش- آسفي","الصويرة","تفضنة","1316","20838","RNI","ابراهيم بيمورن","14152"
"مراكش- آسفي","الصويرة","تفضنة","1316","20834","RNI","حسن اثنان","49014"
"مراكش- آسفي","الصويرة","تفضنة","1316","20843","MP","مبارك موليد","112405"
"مراكش- آسفي","الصويرة","تفضنة","1316","20843","MP","اشميرو رقية ","114078"
"مراكش- آسفي","الصويرة","تفضنة","1316","20840","MP","يوسف ايت السيد","113190"
"مراكش- آسفي","الصويرة","تكاط","1343","21204","PI","عبد الله يشوا","7167"
"مراكش- آسفي","الصويرة","تكاط","1343","21213","PI","ميلود القللولي","20512"
"مراكش- آسفي","الصويرة","تكاط","1343","21213","PI","عائشة الهبطي","20518"
"مراكش- آسفي","الصويرة","تكاط","1343","21214","PI","الركراكي  الفصاص","86736"
"مراكش- آسفي","الصويرة","تكاط","1343","21212","PI","عبد العزيز السرايتي","20534"
"مراكش- آسفي","الصويرة","تكاط","1343","21215","PI","الناجم الزكموني","20628"
"مراكش- آسفي","الصويرة","تكاط","1343","21215","PI","زهرة البرج","20635"
"مراكش- آسفي","الصويرة","تكاط","1343","21208","PAM","عبد الرزاق برويس","98491"
"مراكش- آسفي","الصويرة","تكاط","1343","21208","PAM","حسناء الجديري","98628"
"مراكش- آسفي","الصويرة","تكاط","1343","21207","PAM","عبد الحفيظ الجديري","54413"
"مراكش- آسفي","الصويرة","تكاط","1343","21205","PAM","حسن الفاتحي","54456"
"مراكش- آسفي","الصويرة","تكاط","1343","21210","PAM","عبد الله الدوسي","54476"
"مراكش- آسفي","الصويرة","تكاط","1343","21206","PJD","عبد العزيز الخال","86296"
"مراكش- آسفي","الصويرة","تكاط","1343","21209","PJD","عبد العزيز الشرقي","101098"
"مراكش- آسفي","الصويرة","تكاط","1343","21209","PJD","فتيحة انكب","101172"
"مراكش- آسفي","الصويرة","تكاط","1343","21211","PJD","الحسين الغازي","82118"
"مراكش- آسفي","الصويرة","تكاط","1343","21203","RNI","عبد الرزاق العبار","85309"
"مراكش- آسفي","الصويرة","تمزكدة أوفتاس","1456","22914","PPS","عبد الله ابلا","103646"
"مراكش- آسفي","الصويرة","تمزكدة أوفتاس","1456","22914","PPS","فاضمة بوتساروت","103716"
"مراكش- آسفي","الصويرة","تمزكدة أوفتاس","1456","22913","PPS","اليزيد ماوس","20588"
"مراكش- آسفي","الصويرة","تمزكدة أوفتاس","1456","22913","PPS","مماسة زنكض","20598"
"مراكش- آسفي","الصويرة","تمزكدة أوفتاس","1456","22911","PPS","محند موما","20503"
"مراكش- آسفي","الصويرة","تمزكدة أوفتاس","1456","22910","PPS","محمد اومنصور","20555"
"مراكش- آسفي","الصويرة","تمزكدة أوفتاس","1456","22910","PPS","عائشة باغو","20566"
"مراكش- آسفي","الصويرة","تمزكدة أوفتاس","1456","22915","PPS","حسن  امجاض","9508"
"مراكش- آسفي","الصويرة","تمزكدة أوفتاس","1456","22906","PPS","المدني  الفسيان ","26393"
"مراكش- آسفي","الصويرة","تمزكدة أوفتاس","1456","22906","PPS","عائشة  بعجين","31712"
"مراكش- آسفي","الصويرة","تمزكدة أوفتاس","1456","22912","PPS","الحسن سعيدي","9505"
"مراكش- آسفي","الصويرة","تمزكدة أوفتاس","1456","22907","PPS","محمد  منتري","20517"
"مراكش- آسفي","الصويرة","تمزكدة أوفتاس","1456","22908","PPS","عبد الرحمان جرت","31789"
"مراكش- آسفي","الصويرة","تمزكدة أوفتاس","1456","22909","PPS","الحسين اد يونس","20527"
"مراكش- آسفي","الصويرة","تمزكدة أوفتاس","1456","22916","RNI","محند اكازو","9524"
"مراكش- آسفي","الصويرة","تمنار","1359","21396","USFP","منير اضرضور","52352"
"مراكش- آسفي","الصويرة","تمنار","1359","21396","USFP","مليكة البوز","52394"
"مراكش- آسفي","الصويرة","تمنار","1359","21400","USFP","عبد الحميد ليشير","14621"
"مراكش- آسفي","الصويرة","تمنار","1359","21395","USFP","عبد الله بورهين","110843"
"مراكش- آسفي","الصويرة","تمنار","1359","21398","USFP","محمد دوامزيل","4325"
"مراكش- آسفي","الصويرة","تمنار","1359","21399","USFP","ابراهيم اد حمو","32456"
"مراكش- آسفي","الصويرة","تمنار","1359","21404","USFP","حسن الرامي","14588"
"مراكش- آسفي","الصويرة","تمنار","1359","21402","RNI","الحسين جني","52083"
"مراكش- آسفي","الصويرة","تمنار","1359","21402","RNI","فاضنة كوراج","52207"
"مراكش- آسفي","الصويرة","تمنار","1359","21397","RNI","سعيد اد القاضي","14594"
"مراكش- آسفي","الصويرة","تمنار","1359","21393","RNI","محمد جني","32625"
"مراكش- آسفي","الصويرة","تمنار","1359","21393","RNI","فاطمة بزكرن","32652"
"مراكش- آسفي","الصويرة","تمنار","1359","21403","RNI","محمد  ابرائم ","32685"
"مراكش- آسفي","الصويرة","تمنار","1359","21401","RNI","حسن قلل","14599"
"مراكش- آسفي","الصويرة","تمنار","1359","21394","PPS","محمد رزاني","109627"
"مراكش- آسفي","الصويرة","تمنار","1359","21394","PPS","مليكة اد اشبان","109755"
"مراكش- آسفي","الصويرة","تمنار","1359","21405","PJD","محمد اومحى","2578"
"مراكش- آسفي","الصويرة","تهلوانت","1339","21149","USFP","محمد ايت بالماضي","129398"
"مراكش- آسفي","الصويرة","تهلوانت","1339","21149","USFP","فاضمة امشني","129417"
"مراكش- آسفي","الصويرة","تهلوانت","1339","21144","USFP","الحسين الحيان","129358"
"مراكش- آسفي","الصويرة","تهلوانت","1339","21152","USFP","امبارك السعيد","129260"
"مراكش- آسفي","الصويرة","تهلوانت","1339","21143","USFP","احمد جارك","129296"
"مراكش- آسفي","الصويرة","تهلوانت","1339","21145","USFP","عبد السلام امشني","129214"
"مراكش- آسفي","الصويرة","تهلوانت","1339","21150","USFP","اعراب الديز","129347"
"مراكش- آسفي","الصويرة","تهلوانت","1339","21150","USFP","السعدية كريم","129368"
"مراكش- آسفي","الصويرة","تهلوانت","1339","21151","USFP","الحسن ابنسير","129294"
"مراكش- آسفي","الصويرة","تهلوانت","1339","21151","USFP","مينة جارك","129317"
"مراكش- آسفي","الصويرة","تهلوانت","1339","21153","USFP","بلعيد بولكرت","129399"
"مراكش- آسفي","الصويرة","تهلوانت","1339","21153","USFP","رقية  اغير","129420"
"مراكش- آسفي","الصويرة","تهلوانت","1339","21147","USFP","الحسن السعيد","129310"
"مراكش- آسفي","الصويرة","تهلوانت","1339","21148","USFP","عبدالكريم مولخنيف","129353"
"مراكش- آسفي","الصويرة","تهلوانت","1339","21146","USFP"," مولاي بوسلام الحيان","129259"
"مراكش- آسفي","الصويرة","حد الدرا","585","9226","PAM","محمد الصلح","14491"
"مراكش- آسفي","الصويرة","حد الدرا","585","9226","PAM","سميرة كنين","14500"
"مراكش- آسفي","الصويرة","حد الدرا","585","9225","PAM","محمد القصير","14510"
"مراكش- آسفي","الصويرة","حد الدرا","585","9225","PAM","نوال اشهيبة","14528"
"مراكش- آسفي","الصويرة","حد الدرا","585","9228","PAM","عبد المجيد حودان","20614"
"مراكش- آسفي","الصويرة","حد الدرا","585","9228","PAM","نعيمة بوزيد","20618"
"مراكش- آسفي","الصويرة","حد الدرا","585","9229","PAM","العربي الميموني","20587"
"مراكش- آسفي","الصويرة","حد الدرا","585","9224","PAM","المصطفى الزواي","14486"
"مراكش- آسفي","الصويرة","حد الدرا","585","9223","PAM","سعيد المستري","20557"
"مراكش- آسفي","الصويرة","حد الدرا","585","9218","PAM","المصطفى الساحلي","20582"
"مراكش- آسفي","الصويرة","حد الدرا","585","9219","PAM","حسن الكبيدة","14565"
"مراكش- آسفي","الصويرة","حد الدرا","585","9221","PAM","عبد الرزاق دكار","14550"
"مراكش- آسفي","الصويرة","حد الدرا","585","9227","PAM","رشيد فوزي","20608"
"مراكش- آسفي","الصويرة","حد الدرا","585","9217","USFP","كبير النعيم","26442"
"مراكش- آسفي","الصويرة","حد الدرا","585","9217","USFP","نعيمة الحكيم","26445"
"مراكش- آسفي","الصويرة","حد الدرا","585","9220","USFP","سي عبد المجيد  النعيم","26456"
"مراكش- آسفي","الصويرة","حد الدرا","585","9222","PI","عبد الصمد الفهري","44868"
"مراكش- آسفي","الصويرة","زاوية بن احميدة","1522","23806","PAM","محمدان المقدم","54361"
"مراكش- آسفي","الصويرة","زاوية بن احميدة","1522","23806","PAM","هيبة المرضي","54377"
"مراكش- آسفي","الصويرة","زاوية بن احميدة","1522","23816","PAM","محمد الناجي","53783"
"مراكش- آسفي","الصويرة","زاوية بن احميدة","1522","23816","PAM","امنة العزري","53813"
"مراكش- آسفي","الصويرة","زاوية بن احميدة","1522","23807","PAM","حسن المذكوري","54282"
"مراكش- آسفي","الصويرة","زاوية بن احميدة","1522","23807","PAM","خديجة صويلح","54317"
"مراكش- آسفي","الصويرة","زاوية بن احميدة","1522","23808","PAM","عبد اللطيف الركاني","53514"
"مراكش- آسفي","الصويرة","زاوية بن احميدة","1522","23810","PAM","سعيد اميني","54073"
"مراكش- آسفي","الصويرة","زاوية بن احميدة","1522","23811","PI","عبد اللطيف ادريسي","109384"
"مراكش- آسفي","الصويرة","زاوية بن احميدة","1522","23809","PI","عابد زكرياء","108330"
"مراكش- آسفي","الصويرة","زاوية بن احميدة","1522","23812","PI","المصطفى الحومي","108227"
"مراكش- آسفي","الصويرة","زاوية بن احميدة","1522","23813","PI","رشيد ازويتة","108119"
"مراكش- آسفي","الصويرة","زاوية بن احميدة","1522","23815","USFP"," سي محمد تيسير ","44072"
"مراكش- آسفي","الصويرة","زاوية بن احميدة","1522","23815","USFP","السعدية اشعضيض","44095"
"مراكش- آسفي","الصويرة","زاوية بن احميدة","1522","23814","USFP","محمد اسحيري","43716"
"مراكش- آسفي","الصويرة","سميمو","1292","20462","MP","مصطفى جضهيم","67029"
"مراكش- آسفي","الصويرة","سميمو","1292","20462","MP","تلايتماش اغرداش","67207"
"مراكش- آسفي","الصويرة","سميمو","1292","20461","MP","يوسف اخشخوش","20586"
"مراكش- آسفي","الصويرة","سميمو","1292","20460","MP","مصطفى  البخاري","124068"
"مراكش- آسفي","الصويرة","سميمو","1292","20460","MP","البخاري فاطمة","125286"
"مراكش- آسفي","الصويرة","سميمو","1292","27700","MP","الحسين ابلوش","14498"
"مراكش- آسفي","الصويرة","سميمو","1292","20458","MP","محمد ازروال","20580"
"مراكش- آسفي","الصويرة","سميمو","1292","20459","MP","عبدالله عفيف","48313"
"مراكش- آسفي","الصويرة","سميمو","1292","27701","MP","حسن موخوا","14480"
"مراكش- آسفي","الصويرة","سميمو","1292","20464","RNI","محمد العمري","20615"
"مراكش- آسفي","الصويرة","سميمو","1292","20464","RNI","سارة انفلوس","20619"
"مراكش- آسفي","الصويرة","سميمو","1292","20465","RNI","المدني وفضول","20597"
"مراكش- آسفي","الصويرة","سميمو","1292","20466","RNI","محمد اموش","31207"
"مراكش- آسفي","الصويرة","سميمو","1292","20463","RNI","محمد اماخير","31243"
"مراكش- آسفي","الصويرة","سميمو","1292","20457","USFP","مبارك اكيزول","14470"
"مراكش- آسفي","الصويرة","سميمو","1292","20456","CNI","احمد شبكوني","104538"
"مراكش- آسفي","الصويرة","سميمو","1292","20456","CNI","السعدية شبكوني","104653"
"مراكش- آسفي","الصويرة","سيدي أحمد أومبارك","1236","19488","USFP","الحسين تنسفت","46759"
"مراكش- آسفي","الصويرة","سيدي أحمد أومبارك","1236","19488","USFP","حياة اوبارة","46801"
"مراكش- آسفي","الصويرة","سيدي أحمد أومبارك","1236","19494","USFP","الحسين امخز","113682"
"مراكش- آسفي","الصويرة","سيدي أحمد أومبارك","1236","19494","USFP","رقية خيراث الله","113806"
"مراكش- آسفي","الصويرة","سيدي أحمد أومبارك","1236","19490","USFP","عبد الكريم ارزي","46658"
"مراكش- آسفي","الصويرة","سيدي أحمد أومبارك","1236","19490","USFP","زهرة اكراض","46688"
"مراكش- آسفي","الصويرة","سيدي أحمد أومبارك","1236","19496","USFP","احمد سامي","46197"
"مراكش- آسفي","الصويرة","سيدي أحمد أومبارك","1236","19489","USFP","احمد اوشن","26367"
"مراكش- آسفي","الصويرة","سيدي أحمد أومبارك","1236","19497","USFP","محمد اشعيب","26375"
"مراكش- آسفي","الصويرة","سيدي أحمد أومبارك","1236","19498","USFP","الحسن لمغاري","88660"
"مراكش- آسفي","الصويرة","سيدي أحمد أومبارك","1236","19498","USFP","امينة تنزفت","88752"
"مراكش- آسفي","الصويرة","سيدي أحمد أومبارك","1236","19493","USFP","محمد  لمغاري","45311"
"مراكش- آسفي","الصويرة","سيدي أحمد أومبارك","1236","19492","USFP","احمد افاري","116787"
"مراكش- آسفي","الصويرة","سيدي أحمد أومبارك","1236","19491","RNI","وكريم الامغاري","46083"
"مراكش- آسفي","الصويرة","سيدي أحمد أومبارك","1236","19495","RNI","محمد  السموق","14379"
"مراكش- آسفي","الصويرة","سيدي إسحاق","1239","19542","PI","عزيز الفيدي","21217"
"مراكش- آسفي","الصويرة","سيدي إسحاق","1239","19542","PI","ام العيد  الحجري ","23937"
"مراكش- آسفي","الصويرة","سيدي إسحاق","1239","19534","PI","عبد الواحد  العوادي ","21774"
"مراكش- آسفي","الصويرة","سيدي إسحاق","1239","19543","PI","العياشي الحمداوي","21462"
"مراكش- آسفي","الصويرة","سيدي إسحاق","1239","19537","PI","احمد لبيض","21772"
"مراكش- آسفي","الصويرة","سيدي إسحاق","1239","19545","PI","ميلود الهلالي","21835"
"مراكش- آسفي","الصويرة","سيدي إسحاق","1239","19544","PI","عبد الرحمان رضاوي","21862"
"مراكش- آسفي","الصويرة","سيدي إسحاق","1239","19544","PI","كبورة كرام","21880"
"مراكش- آسفي","الصويرة","سيدي إسحاق","1239","19540","PI","عمر الدغوغي","21432"
"مراكش- آسفي","الصويرة","سيدي إسحاق","1239","19533","PI","حسن الهلالي","21812"
"مراكش- آسفي","الصويرة","سيدي إسحاق","1239","19538","PI","محمد شلاخ","21390"
"مراكش- آسفي","الصويرة","سيدي إسحاق","1239","19539","MP","عبد المجيد لبروفى","2013"
"مراكش- آسفي","الصويرة","سيدي إسحاق","1239","19539","MP","فاطمة بونوارة","2051"
"مراكش- آسفي","الصويرة","سيدي إسحاق","1239","19535","PJD","ميلود الطوهري","21360"
"مراكش- آسفي","الصويرة","سيدي إسحاق","1239","19541","PJD","امحمد الفتال","31898"
"مراكش- آسفي","الصويرة","سيدي إسحاق","1239","19536","RNI","المصطفى التوبالي","25550"
"مراكش- آسفي","الصويرة","سيدي إسحاق","1239","19536","RNI","السعدية العاقل","25557"
"مراكش- آسفي","الصويرة","سيدي احمد أوحامد","1228","19385","MP","سعيد الدبراهيم","31624"
"مراكش- آسفي","الصويرة","سيدي احمد أوحامد","1228","19385","MP","رشيدة اسوس","31642"
"مراكش- آسفي","الصويرة","سيدي احمد أوحامد","1228","19384","MP","محمد اسوار","68029"
"مراكش- آسفي","الصويرة","سيدي احمد أوحامد","1228","19386","MP","لحسن عامر","31672"
"مراكش- آسفي","الصويرة","سيدي احمد أوحامد","1228","19386","MP","لطيفة اوبريك","31680"
"مراكش- آسفي","الصويرة","سيدي احمد أوحامد","1228","19382","MP","المصطفى  اسوس","68231"
"مراكش- آسفي","الصويرة","سيدي احمد أوحامد","1228","19379","MP","رشيد بكضاض","49617"
"مراكش- آسفي","الصويرة","سيدي احمد أوحامد","1228","19383","MP","عبد الله اسوس","68092"
"مراكش- آسفي","الصويرة","سيدي احمد أوحامد","1228","19388","PAM","محمد السايح","57125"
"مراكش- آسفي","الصويرة","سيدي احمد أوحامد","1228","19388","PAM","فتيحة السايح","57208"
"مراكش- آسفي","الصويرة","سيدي احمد أوحامد","1228","19378","PAM","الحسين بواكو","59056"
"مراكش- آسفي","الصويرة","سيدي احمد أوحامد","1228","19378","PAM","حسناء مزال","59111"
"مراكش- آسفي","الصويرة","سيدي احمد أوحامد","1228","19380","USFP","محمد الفتاش","119891"
"مراكش- آسفي","الصويرة","سيدي احمد أوحامد","1228","19381","RNI","عبدالله قروش","102412"
"مراكش- آسفي","الصويرة","سيدي احمد أوحامد","1228","19387","PJD","محمد الباز","103529"
"مراكش- آسفي","الصويرة","سيدي احمد السايح","1163","18389","MP","محمد امزال","112383"
"مراكش- آسفي","الصويرة","سيدي احمد السايح","1163","18389","MP","زهرة والي","112457"
"مراكش- آسفي","الصويرة","سيدي احمد السايح","1163","18388","MP","علي كزبنو","31694"
"مراكش- آسفي","الصويرة","سيدي احمد السايح","1163","18388","MP","فاطمة بوجها","31714"
"مراكش- آسفي","الصويرة","سيدي احمد السايح","1163","18393","MP","لحسن امشطون","49982"
"مراكش- آسفي","الصويرة","سيدي احمد السايح","1163","18386","MP","احمد ارحبي","50054"
"مراكش- آسفي","الصويرة","سيدي احمد السايح","1163","18387","MP","بوجمعة احضيض","112019"
"مراكش- آسفي","الصويرة","سيدي احمد السايح","1163","18392","MP","محمد ابدار","111385"
"مراكش- آسفي","الصويرة","سيدي احمد السايح","1163","18390","PI","محمد وزاض","26463"
"مراكش- آسفي","الصويرة","سيدي احمد السايح","1163","18390","PI","مينة اتعربت","26466"
"مراكش- آسفي","الصويرة","سيدي احمد السايح","1163","18384","PI","رشيد سعد","67869"
"مراكش- آسفي","الصويرة","سيدي احمد السايح","1163","18383","PI","محمد الامن","68706"
"مراكش- آسفي","الصويرة","سيدي احمد السايح","1163","18385","RNI","احمد بهيش","110990"
"مراكش- آسفي","الصويرة","سيدي احمد السايح","1163","18391","RNI","عبد الله اباحبيبي","112800"
"مراكش- آسفي","الصويرة","سيدي احمد السايح","1163","18391","RNI","فاطمة بوبلا","112909"
"مراكش- آسفي","الصويرة","سيدي الجزولي","1220","19263","USFP","محمد باعمي","47561"
"مراكش- آسفي","الصويرة","سيدي الجزولي","1220","19272","USFP","حسن الاشقر","123701"
"مراكش- آسفي","الصويرة","سيدي الجزولي","1220","19272","USFP","رقية الماضي","123768"
"مراكش- آسفي","الصويرة","سيدي الجزولي","1220","19267","USFP","احمد البوزيدي","47941"
"مراكش- آسفي","الصويرة","سيدي الجزولي","1220","19267","USFP","خديجة بوزيدي","48088"
"مراكش- آسفي","الصويرة","سيدي الجزولي","1220","19265","USFP","محمد بشوطار","47739"
"مراكش- آسفي","الصويرة","سيدي الجزولي","1220","19265","USFP","عبوش عاصف","47818"
"مراكش- آسفي","الصويرة","سيدي الجزولي","1220","19268","USFP","الحسين جباطي","31733"
"مراكش- آسفي","الصويرة","سيدي الجزولي","1220","19262","USFP","عبد الكريم ملال","47657"
"مراكش- آسفي","الصويرة","سيدي الجزولي","1220","19266","PJD","عبدالله اخراز","124153"
"مراكش- آسفي","الصويرة","سيدي الجزولي","1220","19266","PJD","فاطمة فاتح","124234"
"مراكش- آسفي","الصويرة","سيدي الجزولي","1220","19269","PJD","محمد افقير","69098"
"مراكش- آسفي","الصويرة","سيدي الجزولي","1220","19270","PJD","مبارك الوردي","70329"
"مراكش- آسفي","الصويرة","سيدي الجزولي","1220","19271","MP","لحسن لمين","68710"
"مراكش- آسفي","الصويرة","سيدي الجزولي","1220","19264","MP","امبارك بوديل","47325"
"مراكش- آسفي","الصويرة","سيدي امحمد أو مرزوق","1252","19756","PI","عبد اللطيف الحميدي","44813"
"مراكش- آسفي","الصويرة","سيدي امحمد أو مرزوق","1252","19748","PI","عبد الرحيم الفائزة","30240"
"مراكش- آسفي","الصويرة","سيدي امحمد أو مرزوق","1252","19748","PI","نعيمة الفطاني","30291"
"مراكش- آسفي","الصويرة","سيدي امحمد أو مرزوق","1252","19757","PI","المختار الجفري","30354"
"مراكش- آسفي","الصويرة","سيدي امحمد أو مرزوق","1252","19758","PI","المصطفى احمودات","30383"
"مراكش- آسفي","الصويرة","سيدي امحمد أو مرزوق","1252","19753","PI","محمد الكبش","30118"
"مراكش- آسفي","الصويرة","سيدي امحمد أو مرزوق","1252","19750","PI","بوجمعة البحيزي","30166"
"مراكش- آسفي","الصويرة","سيدي امحمد أو مرزوق","1252","19752","RNI","فاتح خبان","50133"
"مراكش- آسفي","الصويرة","سيدي امحمد أو مرزوق","1252","19755","RNI","الطيبي الطيب","50397"
"مراكش- آسفي","الصويرة","سيدي امحمد أو مرزوق","1252","19752","RNI","سكينة خبان","56029"
"مراكش- آسفي","الصويرة","سيدي امحمد أو مرزوق","1252","19754","RNI","عبد القادر اتكيك","127644"
"مراكش- آسفي","الصويرة","سيدي امحمد أو مرزوق","1252","19754","RNI","فاطمة الطيب","127676"
"مراكش- آسفي","الصويرة","سيدي امحمد أو مرزوق","1252","19749","RNI","عبد العزيز غازي","50160"
"مراكش- آسفي","الصويرة","سيدي امحمد أو مرزوق","1252","19751","RNI","المحجوب الساسي","51163"
"مراكش- آسفي","الصويرة","سيدي امحمد أو مرزوق","1252","19751","RNI","فاطمة  الساسي","51207"
"مراكش- آسفي","الصويرة","سيدي بولعلام","1201","19002","PJD","رشيد الفيرك","117007"
"مراكش- آسفي","الصويرة","سيدي بولعلام","1201","19002","PJD","السعدية ابن احديد","117140"
"مراكش- آسفي","الصويرة","سيدي بولعلام","1201","19000","PJD","المصطفى الملوسي","117382"
"مراكش- آسفي","الصويرة","سيدي بولعلام","1201","19000","PJD","فاطمة المودن","117473"
"مراكش- آسفي","الصويرة","سيدي بولعلام","1201","18999","PJD","اليزيد الفهيم","113117"
"مراكش- آسفي","الصويرة","سيدي بولعلام","1201","18997","PJD","عبد العزيز اللحياني","118276"
"مراكش- آسفي","الصويرة","سيدي بولعلام","1201","19003","PJD","عبد النبي الجميل","98552"
"مراكش- آسفي","الصويرة","سيدي بولعلام","1201","19001","PJD","ميلود الصابري","116753"
"مراكش- آسفي","الصويرة","سيدي بولعلام","1201","19001","PJD","يزة الاعرج","116859"
"مراكش- آسفي","الصويرة","سيدي بولعلام","1201","19005","PJD","محمد العوادي","118168"
"مراكش- آسفي","الصويرة","سيدي بولعلام","1201","25607","PI","سعيد المجدوب","120118"
"مراكش- آسفي","الصويرة","سيدي بولعلام","1201","19004","PI","عبد العاطي فكري","122345"
"مراكش- آسفي","الصويرة","سيدي بولعلام","1201","18996","PI","محمد الردادي","118801"
"مراكش- آسفي","الصويرة","سيدي بولعلام","1201","18996","PI","اهنية الردادي","118855"
"مراكش- آسفي","الصويرة","سيدي بولعلام","1201","18998","PI","الركراكي المجدوب","122810"
"مراكش- آسفي","الصويرة","سيدي بولعلام","1201","25606","PI","عبدالكبير الطالب","119719"
"مراكش- آسفي","الصويرة","سيدي بولعلام","1201","18995","PI","علي ززوان","120017"
"مراكش- آسفي","الصويرة","سيدي عبد الجليل","1150","18206","USFP","حميد اشقيف","74077"
"مراكش- آسفي","الصويرة","سيدي عبد الجليل","1150","18206","USFP","ام هاني اشقيف","74089"
"مراكش- آسفي","الصويرة","سيدي عبد الجليل","1150","18204","USFP","سعيد الجلوطي","54411"
"مراكش- آسفي","الصويرة","سيدي عبد الجليل","1150","18204","USFP","كبيرة اشقيف","54425"
"مراكش- آسفي","الصويرة","سيدي عبد الجليل","1150","18203","USFP","عبد الوهاب المصلوحي","54548"
"مراكش- آسفي","الصويرة","سيدي عبد الجليل","1150","18196","USFP","عبد الواحد  الصبان ","54690"
"مراكش- آسفي","الصويرة","سيدي عبد الجليل","1150","18196","USFP","مريم لخضيرة","54711"
"مراكش- آسفي","الصويرة","سيدي عبد الجليل","1150","18205","USFP","الركركي كيتي","74109"
"مراكش- آسفي","الصويرة","سيدي عبد الجليل","1150","18198","USFP","بوشعيب اميح","53012"
"مراكش- آسفي","الصويرة","سيدي عبد الجليل","1150","18199","USFP","عبد الرزاق شوقي","54911"
"مراكش- آسفي","الصويرة","سيدي عبد الجليل","1150","18201","USFP","المصطفى اعليان","54481"
"مراكش- آسفي","الصويرة","سيدي عبد الجليل","1150","18200","USFP","محمد نعوم","66686"
"مراكش- آسفي","الصويرة","سيدي عبد الجليل","1150","18197","PJD","مولاي محمد  عادل","74037"
"مراكش- آسفي","الصويرة","سيدي عبد الجليل","1150","18197","PJD","نادية المصلي","74048"
"مراكش- آسفي","الصويرة","سيدي عبد الجليل","1150","18202","PI","عبد الكبير العثماني","14425"
"مراكش- آسفي","الصويرة","سيدي علي الكراتي","1177","18596","PAM","عبد الوهاب الوارمة","45194"
"مراكش- آسفي","الصويرة","سيدي علي الكراتي","1177","18596","PAM","خديجة ناضف","45216"
"مراكش- آسفي","الصويرة","سيدي علي الكراتي","1177","18595","PAM","عبد الرحيم العش","45158"
"مراكش- آسفي","الصويرة","سيدي علي الكراتي","1177","18602","PAM","محمد كريم","45237"
"مراكش- آسفي","الصويرة","سيدي علي الكراتي","1177","18602","PAM","بشرى اسحيت","45247"
"مراكش- آسفي","الصويرة","سيدي علي الكراتي","1177","18600","PAM","عبد المجيد ازبيدي","31868"
"مراكش- آسفي","الصويرة","سيدي علي الكراتي","1177","18601","PAM","عبد العزيز حاو","45275"
"مراكش- آسفي","الصويرة","سيدي علي الكراتي","1177","18597","PAM","عبد الله جواد","45296"
"مراكش- آسفي","الصويرة","سيدي علي الكراتي","1177","18605","PI","عبد الرحيم البيضاء","44766"
"مراكش- آسفي","الصويرة","سيدي علي الكراتي","1177","18605","PI","خدوج لحمر","44798"
"مراكش- آسفي","الصويرة","سيدي علي الكراتي","1177","18604","PI","ميلود الخراز","54672"
"مراكش- آسفي","الصويرة","سيدي علي الكراتي","1177","18603","PI","حسن عروب","45066"
"مراكش- آسفي","الصويرة","سيدي علي الكراتي","1177","18603","PI","كلثوم الناجي","45080"
"مراكش- آسفي","الصويرة","سيدي علي الكراتي","1177","18598","PI","محمد الخرازي","44711"
"مراكش- آسفي","الصويرة","سيدي علي الكراتي","1177","18599","UC","محماد لحمر","54706"
"مراكش- آسفي","الصويرة","سيدي عيسى الركراكي","1171","18499","USFP","عبد الرحيم حمادي","30463"
"مراكش- آسفي","الصويرة","سيدي عيسى الركراكي","1171","18499","USFP","فتيحة العنتري","30517"
"مراكش- آسفي","الصويرة","سيدي عيسى الركراكي","1171","18506","USFP","عبد الكبير المسكين","44716"
"مراكش- آسفي","الصويرة","سيدي عيسى الركراكي","1171","18509","USFP","الركراكي النعيري","123210"
"مراكش- آسفي","الصويرة","سيدي عيسى الركراكي","1171","18509","USFP","امنة الزين","123261"
"مراكش- آسفي","الصويرة","سيدي عيسى الركراكي","1171","18510","USFP","عبد الاله ابن الاصفر","110182"
"مراكش- آسفي","الصويرة","سيدي عيسى الركراكي","1171","18511","USFP","الحبيب التكاني","122923"
"مراكش- آسفي","الصويرة","سيدي عيسى الركراكي","1171","18500","PRE","ميلود كوسى","111988"
"مراكش- آسفي","الصويرة","سيدي عيسى الركراكي","1171","18500","PRE","بوشرى الوردي","112085"
"مراكش- آسفي","الصويرة","سيدي عيسى الركراكي","1171","18501","PRE","حسن  الدابد","126234"
"مراكش- آسفي","الصويرة","سيدي عيسى الركراكي","1171","18505","PRE","المصطفى الرحماني","127258"
"مراكش- آسفي","الصويرة","سيدي عيسى الركراكي","1171","18508","PRE","عبد الله كوسا","127380"
"مراكش- آسفي","الصويرة","سيدي عيسى الركراكي","1171","18502","RNI","مولاي احمد المفضل","70382"
"مراكش- آسفي","الصويرة","سيدي عيسى الركراكي","1171","18504","RNI","محمد بناصر","26315"
"مراكش- آسفي","الصويرة","سيدي عيسى الركراكي","1171","18504","RNI","حنان المفضل","26330"
"مراكش- آسفي","الصويرة","سيدي عيسى الركراكي","1171","18507","PJD","محمد القب","123053"
"مراكش- آسفي","الصويرة","سيدي عيسى الركراكي","1171","18503","PI","عبد الحكيم اجعيمة","97476"
"مراكش- آسفي","الصويرة","سيدي غانم","1227","19367","USFP","محمد اهدون","128821"
"مراكش- آسفي","الصويرة","سيدي غانم","1227","19367","USFP","عائشة الاشقر","128869"
"مراكش- آسفي","الصويرة","سيدي غانم","1227","19377","USFP","ابراهيم امسعود","128649"
"مراكش- آسفي","الصويرة","سيدي غانم","1227","19374","USFP","لحسن اورغ","128596"
"مراكش- آسفي","الصويرة","سيدي غانم","1227","19372","USFP","احمد قماس","128745"
"مراكش- آسفي","الصويرة","سيدي غانم","1227","19373","USFP","عبد الله الكاطص","128928"
"مراكش- آسفي","الصويرة","سيدي غانم","1227","19376","USFP","حميد افقير","128714"
"مراكش- آسفي","الصويرة","سيدي غانم","1227","19368","RNI","ابراهيم بوراس","129017"
"مراكش- آسفي","الصويرة","سيدي غانم","1227","19368","RNI","هنية بوراس","129049"
"مراكش- آسفي","الصويرة","سيدي غانم","1227","19375","RNI","محمد تيلان","116360"
"مراكش- آسفي","الصويرة","سيدي غانم","1227","19371","RNI","محمد بركات","129219"
"مراكش- آسفي","الصويرة","سيدي غانم","1227","19371","RNI","زهرة بركات","129233"
"مراكش- آسفي","الصويرة","سيدي غانم","1227","19370","RNI","عمر الاتقان","115849"
"مراكش- آسفي","الصويرة","سيدي غانم","1227","19369","PAM","الحسين اكيدر","129326"
"مراكش- آسفي","الصويرة","سيدي غانم","1227","19369","PAM","يامنة اكركاوي","129342"
"مراكش- آسفي","الصويرة","سيدي كاوكي","1242","19602","USFP","عبد الله بولبلاط","59387"
"مراكش- آسفي","الصويرة","سيدي كاوكي","1242","19606","USFP","محمد عقيزة","48926"
"مراكش- آسفي","الصويرة","سيدي كاوكي","1242","19608","USFP","عبدالعالي بط","122056"
"مراكش- آسفي","الصويرة","سيدي كاوكي","1242","19608","USFP","حفيظة فنكرير","122131"
"مراكش- آسفي","الصويرة","سيدي كاوكي","1242","19601","USFP","الحسين حراشي","59518"
"مراكش- آسفي","الصويرة","سيدي كاوكي","1242","19605","USFP","حسن ابالي","59176"
"مراكش- آسفي","الصويرة","سيدي كاوكي","1242","19603","USFP","محمد الحوص","114462"
"مراكش- آسفي","الصويرة","سيدي كاوكي","1242","19600","RNI","عمر مومن","14548"
"مراكش- آسفي","الصويرة","سيدي كاوكي","1242","19600","RNI","نعيمة مردا","14561"
"مراكش- آسفي","الصويرة","سيدي كاوكي","1242","19609","RNI","عبد الله الساخي","26493"
"مراكش- آسفي","الصويرة","سيدي كاوكي","1242","19609","RNI","خديجة رشماين","26496"
"مراكش- آسفي","الصويرة","سيدي كاوكي","1242","19607","RNI","الحسن داوودي","26490"
"مراكش- آسفي","الصويرة","سيدي كاوكي","1242","19610","PAM","سعيد الصرارفي","47294"
"مراكش- آسفي","الصويرة","سيدي كاوكي","1242","19610","PAM","امينة بواكو","47340"
"مراكش- آسفي","الصويرة","سيدي كاوكي","1242","19604","PAM","عمر ماوس","26488"
"مراكش- آسفي","الصويرة","سيدي لعروسي","1243","19618","PI","جمال بنيني ","43988"
"مراكش- آسفي","الصويرة","سيدي لعروسي","1243","19618","PI","محجوبة حلامي","44037"
"مراكش- آسفي","الصويرة","سيدي لعروسي","1243","19611","PI","عبدالهادي الكيحل","31929"
"مراكش- آسفي","الصويرة","سيدي لعروسي","1243","19611","PI","افضيلة حدوش","31936"
"مراكش- آسفي","الصويرة","سيدي لعروسي","1243","19617","PI","احمد الزوين","31915"
"مراكش- آسفي","الصويرة","سيدي لعروسي","1243","19622","PI","عزيز الهنداوي","31895"
"مراكش- آسفي","الصويرة","سيدي لعروسي","1243","19613","PI","عبدالعزيز  الصديق","43105"
"مراكش- آسفي","الصويرة","سيدي لعروسي","1243","19614","PI","الحسن ناصر","25626"
"مراكش- آسفي","الصويرة","سيدي لعروسي","1243","19615","PI","الفاطمي الزبدي","44118"
"مراكش- آسفي","الصويرة","سيدي لعروسي","1243","19623","PI","حفيظ الناشط","31910"
"مراكش- آسفي","الصويرة","سيدي لعروسي","1243","19623","PI","حبيبة لبجولي","31920"
"مراكش- آسفي","الصويرة","سيدي لعروسي","1243","19616","PI","حسن لبزيوي","25657"
"مراكش- آسفي","الصويرة","سيدي لعروسي","1243","19619","RNI","محمد الجزولي","43313"
"مراكش- آسفي","الصويرة","سيدي لعروسي","1243","19620","RNI","مسعود الجزولي","43448"
"مراكش- آسفي","الصويرة","سيدي لعروسي","1243","19620","RNI","عيدة  الجمجومي","43488"
"مراكش- آسفي","الصويرة","سيدي لعروسي","1243","19612","USFP","الحسن السباعي","4143"
"مراكش- آسفي","الصويرة","سيدي لعروسي","1243","19621","PPS","ميلود  الفاضلي","74333"
"مراكش- آسفي","الصويرة","كشولة","705","11022","PAM","محمد منقار","38984"
"مراكش- آسفي","الصويرة","كشولة","705","11022","PAM","اعبوش العواد","39004"
"مراكش- آسفي","الصويرة","كشولة","705","11021","PAM","البشير دروس","31000"
"مراكش- آسفي","الصويرة","كشولة","705","11023","PAM","عبد المالك عوبيد","38772"
"مراكش- آسفي","الصويرة","كشولة","705","11023","PAM","عائشة برجي","38822"
"مراكش- آسفي","الصويرة","كشولة","705","11016","PAM","عبد العزيز الامين","30944"
"مراكش- آسفي","الصويرة","كشولة","705","11016","PAM","نزهة الرحيلي","30983"
"مراكش- آسفي","الصويرة","كشولة","705","11013","PAM","عبد الله بوخريص","38897"
"مراكش- آسفي","الصويرة","كشولة","705","11013","PAM","خدوج الدرويش","38930"
"مراكش- آسفي","الصويرة","كشولة","705","11015","PAM","عبد الكبير برجال","31023"
"مراكش- آسفي","الصويرة","كشولة","705","11019","PAM","حسن المرزوكي","125106"
"مراكش- آسفي","الصويرة","كشولة","705","11017","PJD","محمد نجيب رتوت","26444"
"مراكش- آسفي","الصويرة","كشولة","705","11018","PJD","مسعود الساخي","30918"
"مراكش- آسفي","الصويرة","كشولة","705","11020","PJD","عبد الواحد بروك","30872"
"مراكش- آسفي","الصويرة","كشولة","705","11014","USFP","عبد الحكيم شاكر","124623"
"مراكش- آسفي","الصويرة","لحسينات","766","12070","MP","عبد المجيد بوتور","71238"
"مراكش- آسفي","الصويرة","لحسينات","766","12068","MP","عبد المجيد  بكوت ","71179"
"مراكش- آسفي","الصويرة","لحسينات","766","12069","MP","عبدالقادر مجبار","71650"
"مراكش- آسفي","الصويرة","لحسينات","766","12069","MP","رقية جلول","71687"
"مراكش- آسفي","الصويرة","لحسينات","766","12077","MP","محمد الركيك","54934"
"مراكش- آسفي","الصويرة","لحسينات","766","12074","MP","محمد انجار","54955"
"مراكش- آسفي","الصويرة","لحسينات","766","12074","MP","اشريفة العويطة","54973"
"مراكش- آسفي","الصويرة","لحسينات","766","12076","PAM","الحسين زنيط","24911"
"مراكش- آسفي","الصويرة","لحسينات","766","12076","PAM","زينب هومير","24943"
"مراكش- آسفي","الصويرة","لحسينات","766","12078","PAM","المصطفى بوكير","12852"
"مراكش- آسفي","الصويرة","لحسينات","766","12078","PAM","ثوريا القطرة","12894"
"مراكش- آسفي","الصويرة","لحسينات","766","12073","PAM","حسن طويص","12791"
"مراكش- آسفي","الصويرة","لحسينات","766","12072","PAM","عبد اللطيف الحمداوي","54781"
"مراكش- آسفي","الصويرة","لحسينات","766","12075","PAM","عبدالجليل بوفشخة","19262"
"مراكش- آسفي","الصويرة","لحسينات","766","12071","PI","عبدالعزيز لعريضات","71448"
"مراكش- آسفي","الصويرة","لكدادرة","751","11821","USFP","محمد المسلوت","120297"
"مراكش- آسفي","الصويرة","لكدادرة","751","11825","USFP","هشام الفركوسي","71072"
"مراكش- آسفي","الصويرة","لكدادرة","751","11823","USFP","احمد عصمان","70599"
"مراكش- آسفي","الصويرة","لكدادرة","751","11823","USFP","غزلان الاركط","70639"
"مراكش- آسفي","الصويرة","لكدادرة","751","11819","USFP","عبدالوافي اللفاعي","69865"
"مراكش- آسفي","الصويرة","لكدادرة","751","11824","PI","عبدالوافي البدازي","120626"
"مراكش- آسفي","الصويرة","لكدادرة","751","11824","PI","زهرة  انوني ","120713"
"مراكش- آسفي","الصويرة","لكدادرة","751","11822","PI","عبد العزيز كنوك","38354"
"مراكش- آسفي","الصويرة","لكدادرة","751","11822","PI","هند الملالي","38379"
"مراكش- آسفي","الصويرة","لكدادرة","751","11815","PI","محمد الفلالي","38533"
"مراكش- آسفي","الصويرة","لكدادرة","751","11815","PI","فاطمة امحراش","38573"
"مراكش- آسفي","الصويرة","لكدادرة","751","11820","PI","عمر اشريط","38730"
"مراكش- آسفي","الصويرة","لكدادرة","751","11816","PI","توفيق امحراش","38170"
"مراكش- آسفي","الصويرة","لكدادرة","751","11817","PI","عبد الحق العبيل","69464"
"مراكش- آسفي","الصويرة","لكدادرة","751","11818","PPS","عبد ربي الخناتي","118036"
"مراكش- آسفي","الصويرة","مجي","861","13597","USFP","عبد المجيد المعتمد","121315"
"مراكش- آسفي","الصويرة","مجي","861","13597","USFP","مامان بن يفو","121536"
"مراكش- آسفي","الصويرة","مجي","861","13606","USFP","مبارك المسكيني","125270"
"مراكش- آسفي","الصويرة","مجي","861","13606","USFP","نجمة الهلالي","125505"
"مراكش- آسفي","الصويرة","مجي","861","13601","USFP","توفيق الفجاج","121689"
"مراكش- آسفي","الصويرة","مجي","861","13601","USFP","عتيقة بنعدي","121766"
"مراكش- آسفي","الصويرة","مجي","861","13604","USFP","بوجمعة ابو الفتح","123699"
"مراكش- آسفي","الصويرة","مجي","861","13607","USFP","اعريش نصر","124122"
"مراكش- آسفي","الصويرة","مجي","861","13605","USFP","الحسين الناشر","124936"
"مراكش- آسفي","الصويرة","مجي","861","13598","USFP","المصطفى لشكر","122429"
"مراكش- آسفي","الصويرة","مجي","861","13598","USFP","سعاد منتصر","122580"
"مراكش- آسفي","الصويرة","مجي","861","13603","USFP","احمد بن فاطنة","122231"
"مراكش- آسفي","الصويرة","مجي","861","13602","USFP","صالح مساعد","119941"
"مراكش- آسفي","الصويرة","مجي","861","13600","PAM","محمد زكرياء توتوا","123302"
"مراكش- آسفي","الصويرة","مجي","861","13599","PAM","محمد الضوا توتو","26410"
"مراكش- آسفي","الصويرة","مسكالة","868","13733","USFP","محمد البنسيري","26427"
"مراكش- آسفي","الصويرة","مسكالة","868","13733","USFP","حنان مرابط","26432"
"مراكش- آسفي","الصويرة","مسكالة","868","13735","USFP","المختار زروال","26452"
"مراكش- آسفي","الصويرة","مسكالة","868","13736","USFP","يونس زروال","26453"
"مراكش- آسفي","الصويرة","مسكالة","868","13736","USFP","نعيمة مرابط","26454"
"مراكش- آسفي","الصويرة","مسكالة","868","13726","USFP","محمد صالح بوسرحان","26364"
"مراكش- آسفي","الصويرة","مسكالة","868","13726","USFP","خديجة  اغريضو","26352"
"مراكش- آسفي","الصويرة","مسكالة","868","13734","USFP","فوزي  الشفيق ","26436"
"مراكش- آسفي","الصويرة","مسكالة","868","13734","USFP","الزهرة زعيتي","26440"
"مراكش- آسفي","الصويرة","مسكالة","868","13731","USFP","محمد اعز","26480"
"مراكش- آسفي","الصويرة","مسكالة","868","13727","USFP","عبد المجيد مومن","26377"
"مراكش- آسفي","الصويرة","مسكالة","868","13732","USFP","حدان بوكريم","26421"
"مراكش- آسفي","الصويرة","مسكالة","868","13730","USFP","محمد حفيظ خبان","26472"
"مراكش- آسفي","الصويرة","مسكالة","868","13728","PJD","محمد جبلي","54937"
"مراكش- آسفي","الصويرة","مسكالة","868","13729","PJD","عزيز ابودرار","14305"
"مراكش- آسفي","الصويرة","مولاي بوزرقطون","906","14334","RNI","ريضا فيض","127973"
"مراكش- آسفي","الصويرة","مولاي بوزرقطون","906","14334","RNI","كبيرة الدربكي","128049"
"مراكش- آسفي","الصويرة","مولاي بوزرقطون","906","14343","RNI","يوسف البيض","126590"
"مراكش- آسفي","الصويرة","مولاي بوزرقطون","906","14343","RNI","هشيمة المودن","126676"
"مراكش- آسفي","الصويرة","مولاي بوزرقطون","906","14337","RNI","رشيد الفاتحي","127472"
"مراكش- آسفي","الصويرة","مولاي بوزرقطون","906","14344","RNI","عبد الصادق الصابح","127774"
"مراكش- آسفي","الصويرة","مولاي بوزرقطون","906","14344","RNI","مريم فيض","127807"
"مراكش- آسفي","الصويرة","مولاي بوزرقطون","906","14340","RNI","حسن حيدة","127838"
"مراكش- آسفي","الصويرة","مولاي بوزرقطون","906","14341","PI","عبد الوهاب العسري","25471"
"مراكش- آسفي","الصويرة","مولاي بوزرقطون","906","14342","PI","بوجمعة اعمارة","54323"
"مراكش- آسفي","الصويرة","مولاي بوزرقطون","906","14338","PI","محمد بوشمش","54592"
"مراكش- آسفي","الصويرة","مولاي بوزرقطون","906","14339","PI","عبد الواحد لعوينة","45103"
"مراكش- آسفي","الصويرة","مولاي بوزرقطون","906","14335","PI","خالد اللحيا","54414"
"مراكش- آسفي","الصويرة","مولاي بوزرقطون","906","14336","PI","عبد الصماد بحروي","54507"
"مراكش- آسفي","الصويرة","مولاي بوزرقطون","906","14336","PI","هشومة جليل","54567"
"مراكش- آسفي","اليوسفية","إيغود","623","9823","PI","محمد الجبري ","78569"
"مراكش- آسفي","اليوسفية","إيغود","623","9823","PI","فتيحة الجبري","78624"
"مراكش- آسفي","اليوسفية","إيغود","623","9816","PI","حميد الدباغ","7371"
"مراكش- آسفي","اليوسفية","إيغود","623","9815","PI","احمد الحسناوي","5203"
"مراكش- آسفي","اليوسفية","إيغود","623","9824","PI","عبد العاطي لعناية","100119"
"مراكش- آسفي","اليوسفية","إيغود","623","9819","PI","الضو الحرشاوي","5271"
"مراكش- آسفي","اليوسفية","إيغود","623","9830","PI","محمد البوري","10599"
"مراكش- آسفي","اليوسفية","إيغود","623","9818","PI","عبد الكبير الدحاني","10609"
"مراكش- آسفي","اليوسفية","إيغود","623","9812","PAM","حسن العزاب","22975"
"مراكش- آسفي","اليوسفية","إيغود","623","9812","PAM","رشيدة العزاب","22985"
"مراكش- آسفي","اليوسفية","إيغود","623","9811","PAM","عبد الكبير بن علو","24472"
"مراكش- آسفي","اليوسفية","إيغود","623","9813","PAM","خالد الخلادي","5118"
"مراكش- آسفي","اليوسفية","إيغود","623","9817","PAM","عبد الله الدباغ","5236"
"مراكش- آسفي","اليوسفية","إيغود","623","9814","PAM","عبد الحق الشويخ","22902"
"مراكش- آسفي","اليوسفية","إيغود","623","9832","PAM","عمر الحاضري","10474"
"مراكش- آسفي","اليوسفية","إيغود","623","9827","PAM","عبد الحكيم الحاضري","10553"
"مراكش- آسفي","اليوسفية","إيغود","623","9821","PAM","عيسى الداهي","10515"
"مراكش- آسفي","اليوسفية","إيغود","623","9828","PAM","يوسف الجود","55691"
"مراكش- آسفي","اليوسفية","إيغود","623","9822","PAM","عبد المجيد العزاب","5296"
"مراكش- آسفي","اليوسفية","إيغود","623","9833","PAM","العلمي لهديلي","11270"
"مراكش- آسفي","اليوسفية","إيغود","623","9831","PAM","ابراهيم بنفاضل","16772"
"مراكش- آسفي","اليوسفية","إيغود","623","9829","PAM","ابراهيم الحمريتى","7302"
"مراكش- آسفي","اليوسفية","إيغود","623","9820","PJD","محمد الرام","78599"
"مراكش- آسفي","اليوسفية","إيغود","623","9820","PJD","فوزية الرام","78465"
"مراكش- آسفي","اليوسفية","إيغود","623","9826","PJD","عبدالرحيم لعميري","78800"
"مراكش- آسفي","اليوسفية","إيغود","623","9826","PJD","مليكة صواب","78719"
"مراكش- آسفي","اليوسفية","إيغود","623","9825","PJD","الحافظي بودراع","55929"
"مراكش- آسفي","اليوسفية","اجنان بويه","686","10732","PAM","نورالدين عائدي","5611"
"مراكش- آسفي","اليوسفية","اجنان بويه","686","10743","PAM","عبد الكبير المجرادي","16727"
"مراكش- آسفي","اليوسفية","اجنان بويه","686","10726","PAM","عمر الغديري","5286"
"مراكش- آسفي","اليوسفية","اجنان بويه","686","10741","PAM","عبد الرحيم الدخية","27578"
"مراكش- آسفي","اليوسفية","اجنان بويه","686","10741","PAM","حليمة الدخية","27594"
"مراكش- آسفي","اليوسفية","اجنان بويه","686","10745","PAM","الكوشي الخلوقي","5817"
"مراكش- آسفي","اليوسفية","اجنان بويه","686","10740","PAM","عبد العزيز الجوهري","27416"
"مراكش- آسفي","اليوسفية","اجنان بويه","686","10740","PAM","محجوبة حمام","27439"
"مراكش- آسفي","اليوسفية","اجنان بويه","686","10738","PAM","محمد بن رزوق","44492"
"مراكش- آسفي","اليوسفية","اجنان بويه","686","10739","PAM","ميلود البزاوي","16799"
"مراكش- آسفي","اليوسفية","اجنان بويه","686","10733","PAM","بوشعيب  الفردوسي ","27463"
"مراكش- آسفي","اليوسفية","اجنان بويه","686","10734","PAM","عبدالسلام عطيف","27503"
"مراكش- آسفي","اليوسفية","اجنان بويه","686","10731","PAM","التهامي الفرخي","5591"
"مراكش- آسفي","اليوسفية","اجنان بويه","686","10737","PAM","عبدالرحيم الهلالي","5672"
"مراكش- آسفي","اليوسفية","اجنان بويه","686","10728","UC","عبدالسلام التوبة","5335"
"مراكش- آسفي","اليوسفية","اجنان بويه","686","10728","UC","حفيظة السلماني","5355"
"مراكش- آسفي","اليوسفية","اجنان بويه","686","10725","UC","هشام مشناعي","1974"
"مراكش- آسفي","اليوسفية","اجنان بويه","686","10746","UC","الفاطمي الزكوري","16819"
"مراكش- آسفي","اليوسفية","اجنان بويه","686","10746","UC","نوال سندي","17163"
"مراكش- آسفي","اليوسفية","اجنان بويه","686","10729","UC","محمد الشهابي","2109"
"مراكش- آسفي","اليوسفية","اجنان بويه","686","10730","UC","عمر لمفضل","2153"
"مراكش- آسفي","اليوسفية","اجنان بويه","686","10724","UC","حسن البهي ","16812"
"مراكش- آسفي","اليوسفية","اجنان بويه","686","10742","PI","عبدالعاطي الزهر","5776"
"مراكش- آسفي","اليوسفية","اجنان بويه","686","10736","PI","احمد عابيد","9802"
"مراكش- آسفي","اليوسفية","اجنان بويه","686","10744","PPS","سعيد محسني","5791"
"مراكش- آسفي","اليوسفية","اجنان بويه","686","10727","PJD","خالد المتحمس","27461"
"مراكش- آسفي","اليوسفية","اجنان بويه","686","10735","PJD","احمد الفرجاني","10079"
"مراكش- آسفي","اليوسفية","اسبيعات","529","8310","PAM","محمد ملكون","23617"
"مراكش- آسفي","اليوسفية","اسبيعات","529","8310","PAM","دنيا ملكون","23635"
"مراكش- آسفي","اليوسفية","اسبيعات","529","8313","PAM","العربي الحربولي","23575"
"مراكش- آسفي","اليوسفية","اسبيعات","529","8316","PAM","سعيد العروي","10250"
"مراكش- آسفي","اليوسفية","اسبيعات","529","8312","PAM","احمد تواجة","17249"
"مراكش- آسفي","اليوسفية","اسبيعات","529","8309","PAM","الطاهر الفاتحي","17274"
"مراكش- آسفي","اليوسفية","اسبيعات","529","8309","PAM","مليكة  حنيف ","17338"
"مراكش- آسفي","اليوسفية","اسبيعات","529","8321","PAM","محمد الرويجل","23952"
"مراكش- آسفي","اليوسفية","اسبيعات","529","8308","PAM","الحسين حادق","23491"
"مراكش- آسفي","اليوسفية","اسبيعات","529","8308","PAM","مجيدة ملكون","23512"
"مراكش- آسفي","اليوسفية","اسبيعات","529","8315","PAM","محمود بلقاضي","10406"
"مراكش- آسفي","اليوسفية","اسبيعات","529","8311","PAM","عبد الرحمان النقاش","55764"
"مراكش- آسفي","اليوسفية","اسبيعات","529","8317","PAM","عبد الحق الكبش","10044"
"مراكش- آسفي","اليوسفية","اسبيعات","529","8318","PAM","عبد النبي مري","55555"
"مراكش- آسفي","اليوسفية","اسبيعات","529","8319","PAM","عبد الفتاح الحنفي","17235"
"مراكش- آسفي","اليوسفية","اسبيعات","529","8307","PJD","مصطفى الحرار","2406"
"مراكش- آسفي","اليوسفية","اسبيعات","529","8307","PJD","السعدية طهو","2421"
"مراكش- آسفي","اليوسفية","اسبيعات","529","8320","PJD","عبد الفتاح طالبي","79129"
"مراكش- آسفي","اليوسفية","اسبيعات","529","8314","PPS","عبد النبي السالك","5270"
"مراكش- آسفي","اليوسفية","اطياميم","259","3885","PPS","نبيل الشكري","5653"
"مراكش- آسفي","اليوسفية","اطياميم","259","3887","PPS","عباس الحيني","79002"
"مراكش- آسفي","اليوسفية","اطياميم","259","3887","PPS","حسنية ايت بن رحمون","78781"
"مراكش- آسفي","اليوسفية","اطياميم","259","3880","PPS","عبد الخالق بليل","5498"
"مراكش- آسفي","اليوسفية","اطياميم","259","3883","PPS","محمد الضرفي","44120"
"مراكش- آسفي","اليوسفية","اطياميم","259","3883","PPS","سعيدة مهيمر","44142"
"مراكش- آسفي","اليوسفية","اطياميم","259","3877","PPS","مولاي الجيلالي الطالبى","5390"
"مراكش- آسفي","اليوسفية","اطياميم","259","3881","PPS","عبد الكريم البكار","44218"
"مراكش- آسفي","اليوسفية","اطياميم","259","3882","PPS","عبد الهادي  البوعزاوي","5609"
"مراكش- آسفي","اليوسفية","اطياميم","259","3878","PAM","عبد المجيد الحمريتي","22559"
"مراكش- آسفي","اليوسفية","اطياميم","259","3878","PAM","جميلة  بالقاضي","22657"
"مراكش- آسفي","اليوسفية","اطياميم","259","3886","PAM","ميلود الموطيع","32030"
"مراكش- آسفي","اليوسفية","اطياميم","259","3879","MP","عبد اللطيف كوميا","44170"
"مراكش- آسفي","اليوسفية","اطياميم","259","3879","MP","بشرى الجاحيضي","44184"
"مراكش- آسفي","اليوسفية","اطياميم","259","3884","MP","احمد الضريف","2400"
"مراكش- آسفي","اليوسفية","الشماعية","477","7451","PAM","يوسف الرويجل","10483"
"مراكش- آسفي","اليوسفية","الشماعية","477","7462","PAM","عبد اللطيف ارفال","55837"
"مراكش- آسفي","اليوسفية","الشماعية","477","7462","PAM","اغزالة  بشكاوي ","55847"
"مراكش- آسفي","اليوسفية","الشماعية","477","7448","PAM","سعيد بوطهير","10468"
"مراكش- آسفي","اليوسفية","الشماعية","477","7450","PAM","عبد الكريم المني","2210"
"مراكش- آسفي","اليوسفية","الشماعية","477","7445","PAM","عبد الرحيم خربوش","16516"
"مراكش- آسفي","اليوسفية","الشماعية","477","7445","PAM","فتيحة الرويجل","16527"
"مراكش- آسفي","اليوسفية","الشماعية","477","7452","PAM","طارق شماع","10494"
"مراكش- آسفي","اليوسفية","الشماعية","477","7458","PAM","عبد الغاني الشباني","16319"
"مراكش- آسفي","اليوسفية","الشماعية","477","7465","PAM","هشام لفتات","6133"
"مراكش- آسفي","اليوسفية","الشماعية","477","7453","PAM","محمد بوزين","2168"
"مراكش- آسفي","اليوسفية","الشماعية","477","7464","MP","محمد لعوينة","43576"
"مراكش- آسفي","اليوسفية","الشماعية","477","7467","MP","عبد العاطي قبلال","55659"
"مراكش- آسفي","اليوسفية","الشماعية","477","7446","MP","امبارك القدوري","16232"
"مراكش- آسفي","اليوسفية","الشماعية","477","7466","MP","زائد الشأن","44446"
"مراكش- آسفي","اليوسفية","الشماعية","477","7459","MP","علي زروقي","93761"
"مراكش- آسفي","اليوسفية","الشماعية","477","7454","MP","احمد متواكد ","42727"
"مراكش- آسفي","اليوسفية","الشماعية","477","7457","MP","محمد فائق","93561"
"مراكش- آسفي","اليوسفية","الشماعية","477","7456","MP","محمد قبلال","93185"
"مراكش- آسفي","اليوسفية","الشماعية","477","7463","MP","احمد اجلايدي","2145"
"مراكش- آسفي","اليوسفية","الشماعية","477","7447","PI","فاطمة عريش","15595"
"مراكش- آسفي","اليوسفية","الشماعية","477","7447","PI","مينة عريش","15704"
"مراكش- آسفي","اليوسفية","الشماعية","477","7455","PI","محمد الحفضاوي","55557"
"مراكش- آسفي","اليوسفية","الشماعية","477","7449","PPS","المصطفى العزوزي","78821"
"مراكش- آسفي","اليوسفية","الشماعية","477","7449","PPS","مريم العزوزي","78394"
"مراكش- آسفي","اليوسفية","الشماعية","477","7460","PPS","عائشة المهندز","2044"
"مراكش- آسفي","اليوسفية","الشماعية","477","7461","UC","الحبيب ضغار","78425"
"مراكش- آسفي","اليوسفية","الكنتور","492","7676","PI","عمر السوسي","44190"
"مراكش- آسفي","اليوسفية","الكنتور","492","7662","PI","عبد العزيز عينوش","44154"
"مراكش- آسفي","اليوسفية","الكنتور","492","7662","PI","سعيدة زفاتي","44208"
"مراكش- آسفي","اليوسفية","الكنتور","492","7674","PI","مسعود بوطهير","99876"
"مراكش- آسفي","اليوسفية","الكنتور","492","7682","PI","عز الدين مربوح","23207"
"مراكش- آسفي","اليوسفية","الكنتور","492","7682","PI","زهرة الحلاوي","23228"
"مراكش- آسفي","اليوسفية","الكنتور","492","7681","PI","عبد السلام العوسي","56405"
"مراكش- آسفي","اليوسفية","الكنتور","492","7681","PI","اجميعة العيرج","56345"
"مراكش- آسفي","اليوسفية","الكنتور","492","7665","PI","احمد لوجداني","44273"
"مراكش- آسفي","اليوسفية","الكنتور","492","7670","PI","بلعيد البدوي","16822"
"مراكش- آسفي","اليوسفية","الكنتور","492","7684","PI","عبد الخالق غريب","27075"
"مراكش- آسفي","اليوسفية","الكنتور","492","7663","RNI","عبدالنبي شهيد","16805"
"مراكش- آسفي","اليوسفية","الكنتور","492","7675","RNI","نور الدين بوعدي","55542"
"مراكش- آسفي","اليوسفية","الكنتور","492","7683","RNI","محمد الغفيري","16844"
"مراكش- آسفي","اليوسفية","الكنتور","492","7669","RNI","احمد الصيلة","10454"
"مراكش- آسفي","اليوسفية","الكنتور","492","7664","RNI","عثمان المزياني","55571"
"مراكش- آسفي","اليوسفية","الكنتور","492","7667","PAM","عبد الجبار الدريزي","79377"
"مراكش- آسفي","اليوسفية","الكنتور","492","7667","PAM","وفاء الدغمي","80815"
"مراكش- آسفي","اليوسفية","الكنتور","492","7677","PAM","عبد الكريم القصير","55537"
"مراكش- آسفي","اليوسفية","الكنتور","492","7668","PAM","عبد اللطيف قشاب","99559"
"مراكش- آسفي","اليوسفية","الكنتور","492","7679","PAM","المصطفى عكوش","44048"
"مراكش- آسفي","اليوسفية","الكنتور","492","7680","PJD","محمد شضية","55522"
"مراكش- آسفي","اليوسفية","الكنتور","492","7666","PJD","رضوان بنتابت","23151"
"مراكش- آسفي","اليوسفية","الكنتور","492","7672","USFP","عبدالجليل دوبلالي","5063"
"مراكش- آسفي","اليوسفية","الكنتور","492","7678","PEDD","عبدالمولى قيصر","31899"
"مراكش- آسفي","اليوسفية","الكنتور","492","7673","PPS","محمد الغرابي","16836"
"مراكش- آسفي","اليوسفية","الكنتور","492","7671","UC","محمد زعنان","117423"
"مراكش- آسفي","اليوسفية","اليوسفية","1510","25111","PAM","العربي زكري","103254"
"مراكش- آسفي","اليوسفية","اليوسفية","1510","25111","PAM","مليكة الكباب","104043"
"مراكش- آسفي","اليوسفية","اليوسفية","1510","25111","PAM","عبد الله الجوهري","103451"
"مراكش- آسفي","اليوسفية","اليوسفية","1510","25111","PAM","لالة فاطنة مفحول","104158"
"مراكش- آسفي","اليوسفية","اليوسفية","1510","25111","PAM","العربي بوزيد","103589"
"مراكش- آسفي","اليوسفية","اليوسفية","1510","25111","PAM","احمد صظار","104232"
"مراكش- آسفي","اليوسفية","اليوسفية","1510","25111","PAM","عبد اللطيف زكري","103858"
"مراكش- آسفي","اليوسفية","اليوسفية","1510","25111","PAM","صالح الناجي","103995"
"مراكش- آسفي","اليوسفية","اليوسفية","1510","25111","PAM","محمد فتاح","104368"
"مراكش- آسفي","اليوسفية","اليوسفية","1510","25111","PAM","عبد المجيد مطراج","104482"
"مراكش- آسفي","اليوسفية","اليوسفية","1510","25111","PAM","الحبيب سالكي","104649"
"مراكش- آسفي","اليوسفية","اليوسفية","1510","25111","PJD","محمد القادري","31120"
"مراكش- آسفي","اليوسفية","اليوسفية","1510","25111","PJD","زنيب اولحاج","32045"
"مراكش- آسفي","اليوسفية","اليوسفية","1510","25111","PJD","عبد العزيز بن لحمداني","31374"
"مراكش- آسفي","اليوسفية","اليوسفية","1510","25111","PJD","محمد البوريات","31526"
"مراكش- آسفي","اليوسفية","اليوسفية","1510","25111","PJD","الحسن الفخري","31571"
"مراكش- آسفي","اليوسفية","اليوسفية","1510","25111","PJD","عبد النبي النحيلي","31675"
"مراكش- آسفي","اليوسفية","اليوسفية","1510","25111","PJD","محمد ايت ملوك","31728"
"مراكش- آسفي","اليوسفية","اليوسفية","1510","25111","PPS","محمد النافع","92649"
"مراكش- آسفي","اليوسفية","اليوسفية","1510","25111","PPS","جهان  امان ","98200"
"مراكش- آسفي","اليوسفية","اليوسفية","1510","25111","PPS","بوبكر مترو","92732"
"مراكش- آسفي","اليوسفية","اليوسفية","1510","25111","PPS","العربي الباز","92850"
"مراكش- آسفي","اليوسفية","اليوسفية","1510","25111","PPS","صالح الدبالي","93003"
"مراكش- آسفي","اليوسفية","اليوسفية","1510","25111","PPS","ابراهيم الفينو","101958"
"مراكش- آسفي","اليوسفية","اليوسفية","1510","25111","PI","الحسين بومسمار","58452"
"مراكش- آسفي","اليوسفية","اليوسفية","1510","25111","PI","نوال الجوهري","58822"
"مراكش- آسفي","اليوسفية","اليوسفية","1510","25111","PI","محمد فؤاد","58494"
"مراكش- آسفي","اليوسفية","اليوسفية","1510","25111","PI","ادريس الوليد","58631"
"مراكش- آسفي","اليوسفية","اليوسفية","1510","25111","PI","مصطفى كراندوت","58678"
"مراكش- آسفي","اليوسفية","اليوسفية","1510","25111","USFP","عبد المجيد مبروك","59619"
"مراكش- آسفي","اليوسفية","اليوسفية","1510","25111","USFP","حنان مبروك","59704"
"مراكش- آسفي","اليوسفية","اليوسفية","1510","25111","USFP","عبد الكبير حدان","59748"
"مراكش- آسفي","اليوسفية","اليوسفية","1510","25111","USFP","عمر الفاروقي","59800"
"مراكش- آسفي","اليوسفية","اليوسفية","1510","25111","RNI","يوسف العجيلي","103195"
"مراكش- آسفي","اليوسفية","اليوسفية","1510","25111","RNI","المهدي الغندور","103309"
"مراكش- آسفي","اليوسفية","جذور","683","10667","UC","عبد الراحيم رماني","44529"
"مراكش- آسفي","اليوسفية","جذور","683","10667","UC","السعدية هادي","44541"
"مراكش- آسفي","اليوسفية","جذور","683","10665","UC","عبد المالك جمال الدين","16627"
"مراكش- آسفي","اليوسفية","جذور","683","10665","UC","زهرة جمال الدين","16644"
"مراكش- آسفي","اليوسفية","جذور","683","10666","UC","محمد فكري","2244"
"مراكش- آسفي","اليوسفية","جذور","683","10660","UC","ابراهيم الطلحاوي","16980"
"مراكش- آسفي","اليوسفية","جذور","683","10660","UC","مليكة لحنين","16994"
"مراكش- آسفي","اليوسفية","جذور","683","10677","UC","احمد مرفوق","55523"
"مراكش- آسفي","اليوسفية","جذور","683","10679","UC","الطاهر الجردني","5508"
"مراكش- آسفي","اليوسفية","جذور","683","10669","UC","عبد الوهاب الشرقي","2209"
"مراكش- آسفي","اليوسفية","جذور","683","10661","UC","عبد النبي بويري","2252"
"مراكش- آسفي","اليوسفية","جذور","683","10659","UC","عبد المجيد التاجر","55528"
"مراكش- آسفي","اليوسفية","جذور","683","10681","UC","عبد الغاني الزواوي","1903"
"مراكش- آسفي","اليوسفية","جذور","683","10668","UC","غالم شجاري","2228"
"مراكش- آسفي","اليوسفية","جذور","683","10670","UC","محمد الجبلي","10184"
"مراكش- آسفي","اليوسفية","جذور","683","10672","UC","كبور الشعبي","2152"
"مراكش- آسفي","اليوسفية","جذور","683","10676","UC","احمد بورقية","5559"
"مراكش- آسفي","اليوسفية","جذور","683","10664","PI","مسعود الاندلسي","5704"
"مراكش- آسفي","اليوسفية","جذور","683","10674","PI","التهامي الصباح","2069"
"مراكش- آسفي","اليوسفية","جذور","683","10673","PI","المصطفى القصار","79072"
"مراكش- آسفي","اليوسفية","جذور","683","10678","PAM","عبد الفتاح الحفيضي","55538"
"مراكش- آسفي","اليوسفية","جذور","683","10678","PAM","محجوبة    الحمريطي","55533"
"مراكش- آسفي","اليوسفية","جذور","683","10675","PAM","ابراهيم عبد البار","44423"
"مراكش- آسفي","اليوسفية","جذور","683","10663","PJD","عمر تسماوي","5399"
"مراكش- آسفي","اليوسفية","جذور","683","10662","PJD","عبد العزيز ركوبي","43960"
"مراكش- آسفي","اليوسفية","جذور","683","10680","MP","بلخير حبيب الله","44360"
"مراكش- آسفي","اليوسفية","جذور","683","10671","RNI","بوجمعة الخنوسي","5660"
"مراكش- آسفي","اليوسفية","رأس العين","1080","16975","UC","عبد القادر سويبة ","32042"
"مراكش- آسفي","اليوسفية","رأس العين","1080","16975","UC","سارة مسرار","32021"
"مراكش- آسفي","اليوسفية","رأس العين","1080","16990","UC","عبد الرحيم القاسمي","6021"
"مراكش- آسفي","اليوسفية","رأس العين","1080","16976","UC","حفيظ اربوح","5868"
"مراكش- آسفي","اليوسفية","رأس العين","1080","16987","UC","حميد النويني","2236"
"مراكش- آسفي","اليوسفية","رأس العين","1080","16984","UC","العرش الزياني","23386"
"مراكش- آسفي","اليوسفية","رأس العين","1080","16981","UC","مبارك جابير","5886"
"مراكش- آسفي","اليوسفية","رأس العين","1080","16979","UC","عبد الكريم الهيراوي","2340"
"مراكش- آسفي","اليوسفية","رأس العين","1080","16983","UC","ابراهيم الخادر","5937"
"مراكش- آسفي","اليوسفية","رأس العين","1080","16994","UC","عبد الحفيظ الفلاحي","2140"
"مراكش- آسفي","اليوسفية","رأس العين","1080","16978","UC","لهنى الكرش","2296"
"مراكش- آسفي","اليوسفية","رأس العين","1080","16992","PJD","عبد الحق الوظيفي","2258"
"مراكش- آسفي","اليوسفية","رأس العين","1080","16992","PJD","خديجة اجبيري","2271"
"مراكش- آسفي","اليوسفية","رأس العين","1080","16989","PJD","خالد الواضيح","2213"
"مراكش- آسفي","اليوسفية","رأس العين","1080","16977","PJD","عبد العزيز بوطيب","2306"
"مراكش- آسفي","اليوسفية","رأس العين","1080","16991","PJD","محمد البشارة","2197"
"مراكش- آسفي","اليوسفية","رأس العين","1080","16986","PJD","التجاني الزاكي","2297"
"مراكش- آسفي","اليوسفية","رأس العين","1080","16982","PJD","مبارك التبوتي","23201"
"مراكش- آسفي","اليوسفية","رأس العين","1080","16995","PJD","عبد المجيد الكدادي","1920"
"مراكش- آسفي","اليوسفية","رأس العين","1080","16996","PJD","حميد الناوي","2300"
"مراكش- آسفي","اليوسفية","رأس العين","1080","16974","PPS","احمد بوطيب","44348"
"مراكش- آسفي","اليوسفية","رأس العين","1080","16974","PPS","عزيزة بوطيب","44374"
"مراكش- آسفي","اليوسفية","رأس العين","1080","16985","PPS","عبد الرزاق الصافي","17417"
"مراكش- آسفي","اليوسفية","رأس العين","1080","16993","PPS","العياشي بورج الدين","11978"
"مراكش- آسفي","اليوسفية","رأس العين","1080","16993","PPS","الواضحة  الشطاينة","12028"
"مراكش- آسفي","اليوسفية","رأس العين","1080","16980","PPS","المحجوب الفخار","44316"
"مراكش- آسفي","اليوسفية","رأس العين","1080","16988","MP","محمد الحو","10401"
"مراكش- آسفي","اليوسفية","سيدي شيكر","1212","19145","PPS","هشام البقالي","78166"
"مراكش- آسفي","اليوسفية","سيدي شيكر","1212","19145","PPS","مريم البقالي","78210"
"مراكش- آسفي","اليوسفية","سيدي شيكر","1212","19140","PPS","التهامي دنياوي","5773"
"مراكش- آسفي","اليوسفية","سيدي شيكر","1212","19141","PPS","محمد الحباوي","16738"
"مراكش- آسفي","اليوسفية","سيدي شيكر","1212","19136","PPS","محمد اشعواني","16757"
"مراكش- آسفي","اليوسفية","سيدي شيكر","1212","19150","PPS","هشام  ايت بن عبيس","10067"
"مراكش- آسفي","اليوسفية","سيدي شيكر","1212","19143","PPS","عبدالفتاح الادريسي","56371"
"مراكش- آسفي","اليوسفية","سيدي شيكر","1212","19151","PPS","بوجمعة الفنيدي","5708"
"مراكش- آسفي","اليوسفية","سيدي شيكر","1212","19138","PAM","هدي السداتي","55795"
"مراكش- آسفي","اليوسفية","سيدي شيكر","1212","19152","PAM","الحسن العباسي","27864"
"مراكش- آسفي","اليوسفية","سيدي شيكر","1212","19146","PAM","مبارك الحيرش","24017"
"مراكش- آسفي","اليوسفية","سيدي شيكر","1212","19147","PAM","محمد السوطي","27824"
"مراكش- آسفي","اليوسفية","سيدي شيكر","1212","19144","PAM","بوجمعة  قيدي","56281"
"مراكش- آسفي","اليوسفية","سيدي شيكر","1212","19148","PAM","محمد ابوفارس","24054"
"مراكش- آسفي","اليوسفية","سيدي شيكر","1212","19139","PI","محمد الطوكي","44001"
"مراكش- آسفي","اليوسفية","سيدي شيكر","1212","19139","PI","فاطمة الطوكي","44068"
"مراكش- آسفي","اليوسفية","سيدي شيكر","1212","19137","PI","محمد اوزيد","55926"
"مراكش- آسفي","اليوسفية","سيدي شيكر","1212","19137","PI","بديعة اوزيد","55939"
"مراكش- آسفي","اليوسفية","سيدي شيكر","1212","19134","PI","حميد  عركاش","16723"
"مراكش- آسفي","اليوسفية","سيدي شيكر","1212","19131","PI","ميلود خويلي","42369"
"مراكش- آسفي","اليوسفية","سيدي شيكر","1212","19142","PI","زياد الناسك","16770"
"مراكش- آسفي","اليوسفية","سيدي شيكر","1212","19130","PJD","الحسن سبيكا","55895"
"مراكش- آسفي","اليوسفية","سيدي شيكر","1212","19130","PJD","تواب سبيكا","55911"
"مراكش- آسفي","اليوسفية","سيدي شيكر","1212","19135","PJD","ياسين لهبيبي","31956"
"مراكش- آسفي","اليوسفية","سيدي شيكر","1212","19132","PJD","مصطفى شوعبي","27884"
"مراكش- آسفي","اليوسفية","سيدي شيكر","1212","19133","USFP","الحسن الساطوري","9986"
"مراكش- آسفي","اليوسفية","سيدي شيكر","1212","19149","UC","موسى القاري","24237"
"مراكش- آسفي","اليوسفية","لخوالقة","769","12128","RNI","عبد السلام دبيري","31969"
"مراكش- آسفي","اليوسفية","لخوالقة","769","12128","RNI","نجية الدبيري","31985"
"مراكش- آسفي","اليوسفية","لخوالقة","769","12124","RNI","عبد العزيز اعليوات","27924"
"مراكش- آسفي","اليوسفية","لخوالقة","769","12124","RNI","عائشة البطاش","27932"
"مراكش- آسفي","اليوسفية","لخوالقة","769","12111","RNI","سعيد الصاديق","16285"
"مراكش- آسفي","اليوسفية","لخوالقة","769","12108","RNI","محمد الحاضر","22674"
"مراكش- آسفي","اليوسفية","لخوالقة","769","12115","RNI","رحال عنور","10308"
"مراكش- آسفي","اليوسفية","لخوالقة","769","12119","RNI","احمد العجيلي ","27957"
"مراكش- آسفي","اليوسفية","لخوالقة","769","12116","RNI","لحسن بالغرابية","16143"
"مراكش- آسفي","اليوسفية","لخوالقة","769","12118","RNI","مولاي محمد شويخ","78948"
"مراكش- آسفي","اليوسفية","لخوالقة","769","12118","RNI","للا فطيمة الصغيرة ناصر الدين","78919"
"مراكش- آسفي","اليوسفية","لخوالقة","769","12113","RNI","جواد خليل","16180"
"مراكش- آسفي","اليوسفية","لخوالقة","769","12117","RNI","مولاي اسماعيل النواوي","78881"
"مراكش- آسفي","اليوسفية","لخوالقة","769","12109","RNI","محمد لمشحشح","16412"
"مراكش- آسفي","اليوسفية","لخوالقة","769","12112","RNI","حاميد الدفري ","16251"
"مراكش- آسفي","اليوسفية","لخوالقة","769","12127","RNI","ابراهيم البطاش","10130"
"مراكش- آسفي","اليوسفية","لخوالقة","769","12121","RNI","الحسن صمصام","27730"
"مراكش- آسفي","اليوسفية","لخوالقة","769","12120","RNI","مولاي عمر بنسيدي","78991"
"مراكش- آسفي","اليوسفية","لخوالقة","769","12122","PAM"," عمر الزيتوني","27628"
"مراكش- آسفي","اليوسفية","لخوالقة","769","12122","PAM","مليكة  الزهيري","27664"
"مراكش- آسفي","اليوسفية","لخوالقة","769","12110","PAM","عبد الكريم دباج","10185"
"مراكش- آسفي","اليوسفية","لخوالقة","769","12125","PAM","التهامي دبدوبي","31988"
"مراكش- آسفي","اليوسفية","لخوالقة","769","12107","PAM","عبد المجيد فضلي","16455"
"مراكش- آسفي","اليوسفية","لخوالقة","769","12123","UC","ربيع  العمراني","22809"
"مراكش- آسفي","اليوسفية","لخوالقة","769","12129","UC","عبد الجليل القريشي","16511"
"مراكش- آسفي","اليوسفية","لخوالقة","769","12114","UC","امبارك توفيق الله","27702"
"مراكش- آسفي","اليوسفية","لخوالقة","769","12126","UC","حسن السلاوي","10335"
"مراكش- آسفي","شيشاوة","إروهالن","663","10393","PAM","محمد اكرام","82875"
"مراكش- آسفي","شيشاوة","إروهالن","663","10401","PAM","حسن ايت الحسين","16359"
"مراكش- آسفي","شيشاوة","إروهالن","663","10391","PAM","احمد الكابوس","82719"
"مراكش- آسفي","شيشاوة","إروهالن","663","10399","PAM","عمر العسري","16663"
"مراكش- آسفي","شيشاوة","إروهالن","663","10399","PAM","فاضمة امدجار","16673"
"مراكش- آسفي","شيشاوة","إروهالن","663","10400","PAM","احمد ايت احيا","16496"
"مراكش- آسفي","شيشاوة","إروهالن","663","10394","PAM","العربي مركدان","16467"
"مراكش- آسفي","شيشاوة","إروهالن","663","10395","PAM","محمد ايت عبد الله","16435"
"مراكش- آسفي","شيشاوة","إروهالن","663","10392","PAM","عبد الله اوضمن","46053"
"مراكش- آسفي","شيشاوة","إروهالن","663","10398","UC","سعيد اجكون","63042"
"مراكش- آسفي","شيشاوة","إروهالن","663","10398","UC","فاطمة اجكون","63126"
"مراكش- آسفي","شيشاوة","إروهالن","663","10397","UC","الحسين وكريم","22131"
"مراكش- آسفي","شيشاوة","إروهالن","663","10397","UC","فاطمة وكريم","22246"
"مراكش- آسفي","شيشاوة","إروهالن","663","10396","FFD","محمد العسري","84365"
"مراكش- آسفي","شيشاوة","إروهالن","663","10396","FFD","فاطمة العجان","84452"
"مراكش- آسفي","شيشاوة","أسيف المال","255","3799","UC","بوشعيب المسنافي","62711"
"مراكش- آسفي","شيشاوة","أسيف المال","255","3799","UC","هنية البركادي","63140"
"مراكش- آسفي","شيشاوة","أسيف المال","255","3803","UC","محمد المش","133783"
"مراكش- آسفي","شيشاوة","أسيف المال","255","3803","UC","فاطمة ازوض","43506"
"مراكش- آسفي","شيشاوة","أسيف المال","255","3809","UC","لحسن اوشن","16074"
"مراكش- آسفي","شيشاوة","أسيف المال","255","3809","UC","امينة انجار","16132"
"مراكش- آسفي","شيشاوة","أسيف المال","255","3807","UC","حسن منكوف","45991"
"مراكش- آسفي","شيشاوة","أسيف المال","255","3802","PAM","ادريس لمهيمر","46255"
"مراكش- آسفي","شيشاوة","أسيف المال","255","3801","PI","ادريس اضبيب","64156"
"مراكش- آسفي","شيشاوة","أسيف المال","255","3801","PI","زهراء  الجاري","64204"
"مراكش- آسفي","شيشاوة","أسيف المال","255","3805","PAM","ايدار اعراروش","44231"
"مراكش- آسفي","شيشاوة","أسيف المال","255","3808","PAM","محمد الكجون","81594"
"مراكش- آسفي","شيشاوة","أسيف المال","255","3800","PAM","محمد ابلقاس","82565"
"مراكش- آسفي","شيشاوة","أسيف المال","255","3806","PAM","عمر بوازولا","81475"
"مراكش- آسفي","شيشاوة","أسيف المال","255","27459","PI","عثمان افروك","21429"
"مراكش- آسفي","شيشاوة","أسيف المال","255","3804","PPS","حميد الشاوي","57949"
"مراكش- آسفي","شيشاوة","أسيف المال","255","27458","PPS","لحسن  ايت المحب ","81522"
"مراكش- آسفي","شيشاوة","أفلا إيسن","15","186","PAM"," لحسن  عامر","92145"
"مراكش- آسفي","شيشاوة","أفلا إيسن","15","186","PAM","كلتومة الشلح","92188"
"مراكش- آسفي","شيشاوة","أفلا إيسن","15","187","PAM","ابراهيم  بوصالح","86179"
"مراكش- آسفي","شيشاوة","أفلا إيسن","15","184","PAM","ابراهيم اكرام","86205"
"مراكش- آسفي","شيشاوة","أفلا إيسن","15","189","PAM","وكريم  ارفوش","84630"
"مراكش- آسفي","شيشاوة","أفلا إيسن","15","190","PAM","حسن ايت حمو","86029"
"مراكش- آسفي","شيشاوة","أفلا إيسن","15","192","PAM","محمد بوكطاي","126180"
"مراكش- آسفي","شيشاوة","أفلا إيسن","15","192","PAM","فاضمة اخراز","126246"
"مراكش- آسفي","شيشاوة","أفلا إيسن","15","191","PAM","امبارك ايت بهي","83304"
"مراكش- آسفي","شيشاوة","أفلا إيسن","15","25526","PAM","عمر  اخراز","82661"
"مراكش- آسفي","شيشاوة","أفلا إيسن","15","183","PAM","محمد ازوكاي","86410"
"مراكش- آسفي","شيشاوة","أفلا إيسن","15","25527","PAM","حسن ابناين","86040"
"مراكش- آسفي","شيشاوة","أفلا إيسن","15","188","UC","ابراهيم زضاو","21529"
"مراكش- آسفي","شيشاوة","أفلا إيسن","15","188","UC","فاطمة ابرزاق","21561"
"مراكش- آسفي","شيشاوة","أفلا إيسن","15","185","UC","محمد بن بهي","21638"
"مراكش- آسفي","شيشاوة","أفلا إيسن","15","185","UC","خديجة اسباعي","21686"
"مراكش- آسفي","شيشاوة","أفلا إيسن","15","193","PJD","ابراهيم بن محمد","46003"
"مراكش- آسفي","شيشاوة","إمندونيت","645","10116","PI","عبد العزيز بيروك","83721"
"مراكش- آسفي","شيشاوة","إمندونيت","645","10116","PI","عائشة ايت بلا","83853"
"مراكش- آسفي","شيشاوة","إمندونيت","645","10113","PI","الحسين التومي","94512"
"مراكش- آسفي","شيشاوة","إمندونيت","645","10113","PI","محجوبة الكابوس","94552"
"مراكش- آسفي","شيشاوة","إمندونيت","645","10125","PI","العربي الفن","43277"
"مراكش- آسفي","شيشاوة","إمندونيت","645","10125","PI","حفيظة فرهي","43314"
"مراكش- آسفي","شيشاوة","إمندونيت","645","10118","PI","مبارك امجاد","15902"
"مراكش- آسفي","شيشاوة","إمندونيت","645","10118","PI","يامنة ايت جاعة","15921"
"مراكش- آسفي","شيشاوة","إمندونيت","645","10123","PI","يوسف ايت بلا","82822"
"مراكش- آسفي","شيشاوة","إمندونيت","645","10122","PI","محمد ايت الوك","21541"
"مراكش- آسفي","شيشاوة","إمندونيت","645","10121","PI","لحسن ايت القاضي","27138"
"مراكش- آسفي","شيشاوة","إمندونيت","645","10117","PI","محمد حمي","32755"
"مراكش- آسفي","شيشاوة","إمندونيت","645","10119","PI","الحسين احفيظ","15658"
"مراكش- آسفي","شيشاوة","إمندونيت","645","10124","PI","حميد المحجوب","32799"
"مراكش- آسفي","شيشاوة","إمندونيت","645","10120","PI","لحسن افقير","82933"
"مراكش- آسفي","شيشاوة","إمندونيت","645","10115","UC","الحسين ازمزي","83107"
"مراكش- آسفي","شيشاوة","إمندونيت","645","10114","PAM","محمد ايت اخرجو","82475"
"مراكش- آسفي","شيشاوة","أولاد مومنة","1017","15959","RNI","محمد الدهبي","15835"
"مراكش- آسفي","شيشاوة","أولاد مومنة","1017","15959","RNI","بوشرى الذهبي","15881"
"مراكش- آسفي","شيشاوة","أولاد مومنة","1017","15955","RNI","محمد ناصح","81803"
"مراكش- آسفي","شيشاوة","أولاد مومنة","1017","15954","RNI","البشير الملوكي","44622"
"مراكش- آسفي","شيشاوة","أولاد مومنة","1017","15961","RNI","عبداللطيف اهل ابيه","58576"
"مراكش- آسفي","شيشاوة","أولاد مومنة","1017","15958","RNI","عبد القادر المذكور","9829"
"مراكش- آسفي","شيشاوة","أولاد مومنة","1017","27613","RNI","عبد اللطيف بوصباط","58358"
"مراكش- آسفي","شيشاوة","أولاد مومنة","1017","15962","RNI","مبارك البوحسيني","118092"
"مراكش- آسفي","شيشاوة","أولاد مومنة","1017","15962","RNI","عائشة اعكيدة","118186"
"مراكش- آسفي","شيشاوة","أولاد مومنة","1017","15953","MP","عبد اللطيف جوادي","44867"
"مراكش- آسفي","شيشاوة","أولاد مومنة","1017","15956","MP","مبارك اهل حرم الله","45128"
"مراكش- آسفي","شيشاوة","أولاد مومنة","1017","15956","MP","ربيعة ناصح","45151"
"مراكش- آسفي","شيشاوة","أولاد مومنة","1017","15963","MP","امجيد شكري","45741"
"مراكش- آسفي","شيشاوة","أولاد مومنة","1017","27612","MP","عبد الهادي بن ابريكة","58439"
"مراكش- آسفي","شيشاوة","أولاد مومنة","1017","15957","PAM","مبارك الاصلي","63111"
"مراكش- آسفي","شيشاوة","أولاد مومنة","1017","15957","PAM","عواطف السراج","85528"
"مراكش- آسفي","شيشاوة","أولاد مومنة","1017","15960","PAM","الحافظ كردون","82987"
"مراكش- آسفي","شيشاوة","آيت حدو يوسف","116","1691","PAM","الحسين ايت بن همو","5598"
"مراكش- آسفي","شيشاوة","آيت حدو يوسف","116","1689","PAM","محمد اوعلا","5623"
"مراكش- آسفي","شيشاوة","آيت حدو يوسف","116","1683","PAM","ابراهيم واكريم","21799"
"مراكش- آسفي","شيشاوة","آيت حدو يوسف","116","1683","PAM","رقية شهير","21847"
"مراكش- آسفي","شيشاوة","آيت حدو يوسف","116","1684","PAM","ابراهيم حمجيت","22232"
"مراكش- آسفي","شيشاوة","آيت حدو يوسف","116","1684","PAM","فاظمة حمو","22259"
"مراكش- آسفي","شيشاوة","آيت حدو يوسف","116","1688","PAM","الحسين اوسي احمد","5713"
"مراكش- آسفي","شيشاوة","آيت حدو يوسف","116","1686","PAM","الحسن اوبلعيد","9964"
"مراكش- آسفي","شيشاوة","آيت حدو يوسف","116","1687","PAM","الطيب اسقال","5582"
"مراكش- آسفي","شيشاوة","آيت حدو يوسف","116","1685","PI","عمر  اديف","87702"
"مراكش- آسفي","شيشاوة","آيت حدو يوسف","116","1685","PI","رقوش المنصوري","87872"
"مراكش- آسفي","شيشاوة","آيت حدو يوسف","116","1682","PI","ادريس وكريم","62044"
"مراكش- آسفي","شيشاوة","آيت حدو يوسف","116","1682","PI","سهام بن ابراهيم","62095"
"مراكش- آسفي","شيشاوة","آيت حدو يوسف","116","1692","PI","علي ايت الحاج علي","82120"
"مراكش- آسفي","شيشاوة","آيت حدو يوسف","116","1690","PI","احمد اوداد","27070"
"مراكش- آسفي","شيشاوة","آيت هادي","117","1702","MP","خالد اعمارة","5257"
"مراكش- آسفي","شيشاوة","آيت هادي","117","1702","MP","كلثومة اعيسي","5291"
"مراكش- آسفي","شيشاوة","آيت هادي","117","1697","MP","طارق اعمارة","95141"
"مراكش- آسفي","شيشاوة","آيت هادي","117","1697","MP","ابتسام منصور","95196"
"مراكش- آسفي","شيشاوة","آيت هادي","117","1698","MP","العربي حران","16061"
"مراكش- آسفي","شيشاوة","آيت هادي","117","1701","MP","محمد نافع","45764"
"مراكش- آسفي","شيشاوة","آيت هادي","117","1693","MP","الحسين احياد","45208"
"مراكش- آسفي","شيشاوة","آيت هادي","117","1694","MP","الحسن ارسموك","45889"
"مراكش- آسفي","شيشاوة","آيت هادي","117","1700","MP","الحسين اشكاج","64511"
"مراكش- آسفي","شيشاوة","آيت هادي","117","1695","PAM","محمد امزا","16166"
"مراكش- آسفي","شيشاوة","آيت هادي","117","1695","PAM","خديجة الغموري","16190"
"مراكش- آسفي","شيشاوة","آيت هادي","117","1696","PAM","الحسين بنحسون","85228"
"مراكش- آسفي","شيشاوة","آيت هادي","117","1703","PAM","اسماعيل الرويزة","16127"
"مراكش- آسفي","شيشاوة","آيت هادي","117","1699","PI","لحسن الغازي","44496"
"مراكش- آسفي","شيشاوة","آيت هادي","117","1699","PI","نادية اكنتوش","44536"
"مراكش- آسفي","شيشاوة","اداسيل","11","139","PI","محمد بلعسري","83554"
"مراكش- آسفي","شيشاوة","اداسيل","11","139","PI","لطيفة العسري","83656"
"مراكش- آسفي","شيشاوة","اداسيل","11","143","PI","عمر اوالحاج","83275"
"مراكش- آسفي","شيشاوة","اداسيل","11","142","PI","محمد سي حمو","32760"
"مراكش- آسفي","شيشاوة","اداسيل","11","145","PI","لحسن  ايت عبد الله","82889"
"مراكش- آسفي","شيشاوة","اداسيل","11","149","PI","الحسين مقس","84238"
"مراكش- آسفي","شيشاوة","اداسيل","11","149","PI","حليمة الطجين","84318"
"مراكش- آسفي","شيشاوة","اداسيل","11","140","PI","مولاي علي  الفاريسي","15721"
"مراكش- آسفي","شيشاوة","اداسيل","11","146","PAM","لحسن اعلا","85477"
"مراكش- آسفي","شيشاوة","اداسيل","11","146","PAM","نزهة امقيص","85608"
"مراكش- آسفي","شيشاوة","اداسيل","11","147","PAM","حميد الطاجين","83481"
"مراكش- آسفي","شيشاوة","اداسيل","11","148","PAM","ابراهيم نايت اومغار","94138"
"مراكش- آسفي","شيشاوة","اداسيل","11","148","PAM","فتيحة نايت امغار","94234"
"مراكش- آسفي","شيشاوة","اداسيل","11","144","MP","الحسين اوبهي","66372"
"مراكش- آسفي","شيشاوة","اداسيل","11","141","MP","محمد بلعسري","82099"
"مراكش- آسفي","شيشاوة","ادويران","471","7340","PJD","الحسين ايت هشا","85542"
"مراكش- آسفي","شيشاوة","ادويران","471","7340","PJD","حبيبة احنشاو","85704"
"مراكش- آسفي","شيشاوة","ادويران","471","7344","PJD","سعيد  هماد","9766"
"مراكش- آسفي","شيشاوة","ادويران","471","7346","PJD","حميد اكرام","85263"
"مراكش- آسفي","شيشاوة","ادويران","471","7346","PJD","نعيمة انفلوس","85425"
"مراكش- آسفي","شيشاوة","ادويران","471","25539","PJD","عبد الله ياهان","22088"
"مراكش- آسفي","شيشاوة","ادويران","471","27491","PJD","عبدالله الباير","9709"
"مراكش- آسفي","شيشاوة","ادويران","471","27488","PJD","عبد الرحيم  كرهيش","33196"
"مراكش- آسفي","شيشاوة","ادويران","471","7343","PJD","محمد ايت الطاهر","5699"
"مراكش- آسفي","شيشاوة","ادويران","471","7339","PJD","محمد ايت الحاج","82849"
"مراكش- آسفي","شيشاوة","ادويران","471","27487","PJD","عبد العزيز ايت اوكرام","43079"
"مراكش- آسفي","شيشاوة","ادويران","471","27486","PJD","عدي  حزداك","81108"
"مراكش- آسفي","شيشاوة","ادويران","471","7347","MP","الحسن اوالرايس","45266"
"مراكش- آسفي","شيشاوة","ادويران","471","7347","MP","فاطمة اوالرايس","45305"
"مراكش- آسفي","شيشاوة","ادويران","471","7338","MP","حسن ايت البشير","82121"
"مراكش- آسفي","شيشاوة","ادويران","471","7337","MP","حسن بلقزيز","32764"
"مراكش- آسفي","شيشاوة","ادويران","471","7345","MP","ادريس بن جعا","43261"
"مراكش- آسفي","شيشاوة","ادويران","471","7336","MP","حسن اسيت","61894"
"مراكش- آسفي","شيشاوة","ادويران","471","7336","MP","عتيقة اسيت","61990"
"مراكش- آسفي","شيشاوة","ادويران","471","7335","MP","ابراهيم ايت علي","59734"
"مراكش- آسفي","شيشاوة","ادويران","471","27489","MP","العربي بلا","33271"
"مراكش- آسفي","شيشاوة","ادويران","471","27493","MP","الحسين او الحاج","27280"
"مراكش- آسفي","شيشاوة","ادويران","471","25538","PAM","لكبير ورعوش","22083"
"مراكش- آسفي","شيشاوة","ادويران","471","7341","PAM","المصطفى اشوال","59567"
"مراكش- آسفي","شيشاوة","ادويران","471","27490","PAM","بحسين موم","33282"
"مراكش- آسفي","شيشاوة","ادويران","471","7342","PI","رشيد امنزو","58698"
"مراكش- آسفي","شيشاوة","ادويران","471","27492","UC","الحسين اعراب","82689"
"مراكش- آسفي","شيشاوة","اشمرارن","607","9619","RNI","مولاي رشيد الدريوش","45205"
"مراكش- آسفي","شيشاوة","اشمرارن","607","9619","RNI","زهرة انضام","45228"
"مراكش- آسفي","شيشاوة","اشمرارن","607","9620","RNI","العربي  بلاونص","27576"
"مراكش- آسفي","شيشاوة","اشمرارن","607","9620","RNI","فاطمة بوغاض","27613"
"مراكش- آسفي","شيشاوة","اشمرارن","607","9622","RNI","محمد بيبكر","27152"
"مراكش- آسفي","شيشاوة","اشمرارن","607","9614","RNI","سعيد  اكماض","27008"
"مراكش- آسفي","شيشاوة","اشمرارن","607","9616","RNI","الحسن المنسور","27087"
"مراكش- آسفي","شيشاوة","اشمرارن","607","9615","RNI","الحسن بخطار","27043"
"مراكش- آسفي","شيشاوة","اشمرارن","607","9617","PAM","الحسن الكرارى","44157"
"مراكش- آسفي","شيشاوة","اشمرارن","607","9617","PAM","فاظمة  زروال","44227"
"مراكش- آسفي","شيشاوة","اشمرارن","607","9623","UC","احمد الدغوغي","66460"
"مراكش- آسفي","شيشاوة","اشمرارن","607","9618","UC","محمد اموليد ","9711"
"مراكش- آسفي","شيشاوة","اشمرارن","607","9621","MP","محمد وحمان","81498"
"مراكش- آسفي","شيشاوة","اشمرارن","607","9613","PI","اعراب  افقير","27393"
"مراكش- آسفي","شيشاوة","اشمرارن","607","9613","PI","خدوج المخيزن","27427"
"مراكش- آسفي","شيشاوة","الزاوية النحلية","1519","23769","PAM","حسن بلاونص","33278"
"مراكش- آسفي","شيشاوة","الزاوية النحلية","1519","23769","PAM","ربيعة  بويحيا ","33329"
"مراكش- آسفي","شيشاوة","الزاوية النحلية","1519","23767","PAM","العربي امهدي","27222"
"مراكش- آسفي","شيشاوة","الزاوية النحلية","1519","23767","PAM","السعدية لخزوز","27246"
"مراكش- آسفي","شيشاوة","الزاوية النحلية","1519","23772","PAM","الحسين  اكشيري","27432"
"مراكش- آسفي","شيشاوة","الزاوية النحلية","1519","23770","PAM","محمد  بلاونص","21932"
"مراكش- آسفي","شيشاوة","الزاوية النحلية","1519","23775","PAM","مولاي احمد بن جدي","15782"
"مراكش- آسفي","شيشاوة","الزاوية النحلية","1519","23768","PAM","ابراهيم الغنضور","33190"
"مراكش- آسفي","شيشاوة","الزاوية النحلية","1519","23768","PAM","سميرة بوبريك","33216"
"مراكش- آسفي","شيشاوة","الزاوية النحلية","1519","23771","PAM","ميلود ايت حمو ","21867"
"مراكش- آسفي","شيشاوة","الزاوية النحلية","1519","23776","PAM","الحسن بوبريك","27397"
"مراكش- آسفي","شيشاوة","الزاوية النحلية","1519","23777","PAM","سعيد برضاش","9654"
"مراكش- آسفي","شيشاوة","الزاوية النحلية","1519","23766","PAM","محمد احسين","9749"
"مراكش- آسفي","شيشاوة","الزاوية النحلية","1519","23774","PAM","محمد شرهني","22006"
"مراكش- آسفي","شيشاوة","الزاوية النحلية","1519","23773","PAM","محمد احمو","9692"
"مراكش- آسفي","شيشاوة","الزاوية النحلية","1519","23765","PI","ابراهيم  ايت مولاي","93620"
"مراكش- آسفي","شيشاوة","الزاوية النحلية","1519","23765","PI","ربيعة بوقشوش","93664"
"مراكش- آسفي","شيشاوة","السعيدات","1114","17491","MP","الحافظ ابوتيان","122605"
"مراكش- آسفي","شيشاوة","السعيدات","1114","17491","MP","حنان توفيق","122713"
"مراكش- آسفي","شيشاوة","السعيدات","1114","17496","MP","التهامي ابوطرقان","84617"
"مراكش- آسفي","شيشاوة","السعيدات","1114","17496","MP","فطومة ايت حماد","84710"
"مراكش- آسفي","شيشاوة","السعيدات","1114","17487","MP","عبد الخالق تبرور","82576"
"مراكش- آسفي","شيشاوة","السعيدات","1114","17488","MP","محمد النزاري","58331"
"مراكش- آسفي","شيشاوة","السعيدات","1114","17495","MP","محمد اعمارة","99293"
"مراكش- آسفي","شيشاوة","السعيدات","1114","17493","MP","عبد الكبير باني","99040"
"مراكش- آسفي","شيشاوة","السعيدات","1114","17492","PAM","مولاي ادريس اهل لعمارة","16584"
"مراكش- آسفي","شيشاوة","السعيدات","1114","17492","PAM","الزهرة ازكي","16622"
"مراكش- آسفي","شيشاوة","السعيدات","1114","17486","PAM","محمد البشير المبروكي","16687"
"مراكش- آسفي","شيشاوة","السعيدات","1114","17486","PAM","فطومة بودربيلة","16698"
"مراكش- آسفي","شيشاوة","السعيدات","1114","17490","PAM","مولاي الطاهر ايت سيدي مومن","5378"
"مراكش- آسفي","شيشاوة","السعيدات","1114","17489","PAM","محمد الحسيني","10052"
"مراكش- آسفي","شيشاوة","السعيدات","1114","17494","PAM","مولاي عمر اهل لعمارة","5364"
"مراكش- آسفي","شيشاوة","امزوضة","829","25554","PPS","سعيد اجمني","16424"
"مراكش- آسفي","شيشاوة","امزوضة","829","25554","PPS","سعيدة اهمان","16450"
"مراكش- آسفي","شيشاوة","امزوضة","829","25551","PPS","عمر  الغيوري","32819"
"مراكش- آسفي","شيشاوة","امزوضة","829","13080","PPS","مولاي عبد السلام ابوزيد","9737"
"مراكش- آسفي","شيشاوة","امزوضة","829","13075","PPS","محمد  العياشي","59112"
"مراكش- آسفي","شيشاوة","امزوضة","829","25553","PPS","ابراهيم  بلعسري","93492"
"مراكش- آسفي","شيشاوة","امزوضة","829","13079","PPS","مولاي ابراهيم حق","9620"
"مراكش- آسفي","شيشاوة","امزوضة","829","13081","PPS","ادريس اصبان","93695"
"مراكش- آسفي","شيشاوة","امزوضة","829","13076","PPS","الحسين بن لكطو","93769"
"مراكش- آسفي","شيشاوة","امزوضة","829","13082","PPS","الحسين  ورشان ","85340"
"مراكش- آسفي","شيشاوة","امزوضة","829","13073","PI","محمد الحيان","16374"
"مراكش- آسفي","شيشاوة","امزوضة","829","13073","PI","فاطمة بعلي","16399"
"مراكش- آسفي","شيشاوة","امزوضة","829","13077","PI","ادريس بازي","61893"
"مراكش- آسفي","شيشاوة","امزوضة","829","13077","PI","خديجة المرشيق","61922"
"مراكش- آسفي","شيشاوة","امزوضة","829","13083","PI","الحافظ فايز","1218"
"مراكش- آسفي","شيشاوة","امزوضة","829","25550","PI","العربي انهض","27403"
"مراكش- آسفي","شيشاوة","امزوضة","829","25550","PI","حفيظة  اعويس","27425"
"مراكش- آسفي","شيشاوة","امزوضة","829","25557","PI","ابراهيم بن علا","93768"
"مراكش- آسفي","شيشاوة","امزوضة","829","25555","PI","الحسن كوركوز","1198"
"مراكش- آسفي","شيشاوة","امزوضة","829","13078","PI","مولاي حميد اليكوتي","84843"
"مراكش- آسفي","شيشاوة","امزوضة","829","13072","PI","محمد بوساكن","58565"
"مراكش- آسفي","شيشاوة","امزوضة","829","13074","PI","ابراهيم المزوضي ","15843"
"مراكش- آسفي","شيشاوة","امزوضة","829","25556","PI","مولاي حسن بوزيد","5645"
"مراكش- آسفي","شيشاوة","امزوضة","829","25552","PI","عبد العزيز جناح","44938"
"مراكش- آسفي","شيشاوة","امزوضة","829","13084","UC","احمد  واهروش","85144"
"مراكش- آسفي","شيشاوة","امزوضة","829","13085","UC","عبد اللطيف يوس","32761"
"مراكش- آسفي","شيشاوة","امزوضة","829","13071","UC","الحسين ايت علا","21669"
"مراكش- آسفي","شيشاوة","امنتانوت","646","25541","USFP","محمد احليق","64600"
"مراكش- آسفي","شيشاوة","امنتانوت","646","10135","USFP","ابراهيم يحيا","93036"
"مراكش- آسفي","شيشاوة","امنتانوت","646","10135","USFP","ملعيد بوعدي","93116"
"مراكش- آسفي","شيشاوة","امنتانوت","646","10130","USFP","محمد اكنراي","64793"
"مراكش- آسفي","شيشاوة","امنتانوت","646","10134","USFP","عبد الله اعمارة","93150"
"مراكش- آسفي","شيشاوة","امنتانوت","646","25544","USFP","حسن شينوى","64116"
"مراكش- آسفي","شيشاوة","امنتانوت","646","25544","USFP","خديجة ايت ايدار","64208"
"مراكش- آسفي","شيشاوة","امنتانوت","646","25542","USFP","الحسين البصير","33003"
"مراكش- آسفي","شيشاوة","امنتانوت","646","10137","USFP","سعيد ابلا","92551"
"مراكش- آسفي","شيشاوة","امنتانوت","646","10138","USFP","مبارك شتتهي","84781"
"مراكش- آسفي","شيشاوة","امنتانوت","646","10138","USFP","خديجة اومرزوك","84935"
"مراكش- آسفي","شيشاوة","امنتانوت","646","25545","USFP","سعيد فهيم","43597"
"مراكش- آسفي","شيشاوة","امنتانوت","646","10133","USFP","ابراهيم ابرام","26862"
"مراكش- آسفي","شيشاوة","امنتانوت","646","10136","USFP","العربي مشكوك","59527"
"مراكش- آسفي","شيشاوة","امنتانوت","646","25543","USFP","ابراهيم ارك","44784"
"مراكش- آسفي","شيشاوة","امنتانوت","646","10140","USFP","احمد بن يدار","83209"
"مراكش- آسفي","شيشاوة","امنتانوت","646","10126","USFP","احمد يززان","59161"
"مراكش- آسفي","شيشاوة","امنتانوت","646","10132","USFP","علي جمودي","33057"
"مراكش- آسفي","شيشاوة","امنتانوت","646","10127","PAM","حسن سموم","63301"
"مراكش- آسفي","شيشاوة","امنتانوت","646","10127","PAM","حسناء شارفة","63376"
"مراكش- آسفي","شيشاوة","امنتانوت","646","10129","PAM","محمد  ايت القاضي","56800"
"مراكش- آسفي","شيشاوة","امنتانوت","646","10131","PAM","سعيد افلوا","45914"
"مراكش- آسفي","شيشاوة","امنتانوت","646","10128","PAM","عبداللطيف العادلي","46310"
"مراكش- آسفي","شيشاوة","امنتانوت","646","25546","PAM","الحسين اركمان","58015"
"مراكش- آسفي","شيشاوة","امنتانوت","646","25547","PAM","عزيز متوكل","64705"
"مراكش- آسفي","شيشاوة","امنتانوت","646","25540","PAM","سعيد اجاحو","45928"
"مراكش- آسفي","شيشاوة","امنتانوت","646","10139","PJD","الحسين امدجار","43418"
"مراكش- آسفي","شيشاوة","اهديل","43","624","PAM","عبد الرحمان رفيق","5431"
"مراكش- آسفي","شيشاوة","اهديل","43","624","PAM","مريم شهيد","5459"
"مراكش- آسفي","شيشاوة","اهديل","43","627","PAM","عبد المولى الرفيعي","16173"
"مراكش- آسفي","شيشاوة","اهديل","43","632","PAM","بوجمعة ايكني","16495"
"مراكش- آسفي","شيشاوة","اهديل","43","632","PAM","فاطمة الزهراء ايكني","16514"
"مراكش- آسفي","شيشاوة","اهديل","43","626","MP","عبد الجبار البراك","15709"
"مراكش- آسفي","شيشاوة","اهديل","43","628","MP","عزيز الكطابي","46188"
"مراكش- آسفي","شيشاوة","اهديل","43","622","MP","محمد فرتات","16392"
"مراكش- آسفي","شيشاوة","اهديل","43","625","PI","محمد العيداني","5310"
"مراكش- آسفي","شيشاوة","اهديل","43","623","PI","عبد الفتاح زعام","44129"
"مراكش- آسفي","شيشاوة","اهديل","43","623","PI","حياة الفرداوي","44230"
"مراكش- آسفي","شيشاوة","اهديل","43","631","PI","عبد العزيز الحمريتي","83975"
"مراكش- آسفي","شيشاوة","اهديل","43","631","PI","فاطمة لحزازبة","84105"
"مراكش- آسفي","شيشاوة","اهديل","43","629","PI","ابراهيم الباقيلي","5504"
"مراكش- آسفي","شيشاوة","اهديل","43","621","PJD","احمد الدبالي","16342"
"مراكش- آسفي","شيشاوة","اهديل","43","630","PJD","جعفر الصناف","57986"
"مراكش- آسفي","شيشاوة","اهديل","43","633","UC","عياد الوردي","21458"
"مراكش- آسفي","شيشاوة","بوابوض","377","5798","PAM","محمد ازناك","22247"
"مراكش- آسفي","شيشاوة","بوابوض","377","5798","PAM","فاظمة اركيك","22265"
"مراكش- آسفي","شيشاوة","بوابوض","377","5799","PAM","حسن اشتوك","27276"
"مراكش- آسفي","شيشاوة","بوابوض","377","5799","PAM","فاطمة الزهرة الكطيوي","27298"
"مراكش- آسفي","شيشاوة","بوابوض","377","5808","PAM","عبد الله بوزرود","27191"
"مراكش- آسفي","شيشاوة","بوابوض","377","5806","PAM","لحسن كباش","27228"
"مراكش- آسفي","شيشاوة","بوابوض","377","5801","PAM","عبدالسلام الحداد","82516"
"مراكش- آسفي","شيشاوة","بوابوض","377","5809","PAM","ابراهيم  افيف","27014"
"مراكش- آسفي","شيشاوة","بوابوض","377","5803","PAM","محمد اوشليح","81321"
"مراكش- آسفي","شيشاوة","بوابوض","377","5804","PAM","عبد الرزاق اعيسي","92628"
"مراكش- آسفي","شيشاوة","بوابوض","377","5802","RNI","الحسين اكرام","124989"
"مراكش- آسفي","شيشاوة","بوابوض","377","5802","RNI","عائشة اوبلا","125053"
"مراكش- آسفي","شيشاوة","بوابوض","377","5797","RNI","عمر امين","21645"
"مراكش- آسفي","شيشاوة","بوابوض","377","5805","RNI","عبد العزيز ماجي","21596"
"مراكش- آسفي","شيشاوة","بوابوض","377","5800","UC","المدني بتفروت","33280"
"مراكش- آسفي","شيشاوة","بوابوض","377","5800","UC","مينة بوتفروت","33351"
"مراكش- آسفي","شيشاوة","بوابوض","377","5807","PJD","مصطفى اركي","81468"
"مراكش- آسفي","شيشاوة","بوابوض  امدلان","378","5821","PAM","حفيظ المرابط","86215"
"مراكش- آسفي","شيشاوة","بوابوض  امدلان","378","5821","PAM","خديجة العسري ","86356"
"مراكش- آسفي","شيشاوة","بوابوض  امدلان","378","5815","PAM","رشيد اكزو","86084"
"مراكش- آسفي","شيشاوة","بوابوض  امدلان","378","5815","PAM","فاظمة  دروش","86225"
"مراكش- آسفي","شيشاوة","بوابوض  امدلان","378","5817","PAM","ابراهيم ادريوش","66185"
"مراكش- آسفي","شيشاوة","بوابوض  امدلان","378","5819","PAM","عبدالعالي شطير","65692"
"مراكش- آسفي","شيشاوة","بوابوض  امدلان","378","5822","PAM","حميد الهرج","83498"
"مراكش- آسفي","شيشاوة","بوابوض  امدلان","378","5816","PAM","محمد ضكوك","66442"
"مراكش- آسفي","شيشاوة","بوابوض  امدلان","378","5820","PAM","عبد الرحمان  مزوز","65158"
"مراكش- آسفي","شيشاوة","بوابوض  امدلان","378","5810","PAM","ابراهيم هرومتي","66343"
"مراكش- آسفي","شيشاوة","بوابوض  امدلان","378","5812","PAM","بوجمعة اسوس","66340"
"مراكش- آسفي","شيشاوة","بوابوض  امدلان","378","5814","RNI","عبدالله وحمان","86141"
"مراكش- آسفي","شيشاوة","بوابوض  امدلان","378","5814","RNI","مينة احصاين","107437"
"مراكش- آسفي","شيشاوة","بوابوض  امدلان","378","5813","RNI","الحسين  ايت بلا","93447"
"مراكش- آسفي","شيشاوة","بوابوض  امدلان","378","5813","RNI","فاظمة بن طالب","93526"
"مراكش- آسفي","شيشاوة","بوابوض  امدلان","378","5818","RNI","الحسن بوملاك","92918"
"مراكش- آسفي","شيشاوة","بوابوض  امدلان","378","5811","RNI","الحسن اكزو","92793"
"مراكش- آسفي","شيشاوة","تاولوكلت","1383","21787","PAM","حميد الساهل","64969"
"مراكش- آسفي","شيشاوة","تاولوكلت","1383","21787","PAM","فاطمة المودن","65759"
"مراكش- آسفي","شيشاوة","تاولوكلت","1383","21790","PAM","عبد الفتاح العسري","33089"
"مراكش- آسفي","شيشاوة","تاولوكلت","1383","21790","PAM","خديجة  الهوبي","33133"
"مراكش- آسفي","شيشاوة","تاولوكلت","1383","21786","PAM","الطيب الهرويض","16696"
"مراكش- آسفي","شيشاوة","تاولوكلت","1383","21786","PAM","خديجة  الوصيف","16714"
"مراكش- آسفي","شيشاوة","تاولوكلت","1383","21791","PAM","محمد اسكور","64692"
"مراكش- آسفي","شيشاوة","تاولوكلت","1383","21783","PAM","الطاهر  صنبا","64779"
"مراكش- آسفي","شيشاوة","تاولوكلت","1383","21785","PAM","محمد مصلح","16521"
"مراكش- آسفي","شيشاوة","تاولوكلت","1383","21782","RNI","ابراهيم  المسافر ","16428"
"مراكش- آسفي","شيشاوة","تاولوكلت","1383","21789","RNI","الصغير مناصر","33185"
"مراكش- آسفي","شيشاوة","تاولوكلت","1383","21788","RNI","مبارك اجوكي","91345"
"مراكش- آسفي","شيشاوة","تاولوكلت","1383","21784","RNI","محمد اسكيتير","45695"
"مراكش- آسفي","شيشاوة","تاولوكلت","1383","21779","PI","مبارك  ملوك","43094"
"مراكش- آسفي","شيشاوة","تاولوكلت","1383","21779","PI","عتيقة سحنون","43139"
"مراكش- آسفي","شيشاوة","تاولوكلت","1383","21780","PI","الحنفي وحماني","45796"
"مراكش- آسفي","شيشاوة","تاولوكلت","1383","21781","MDS","حسن  زهير","83664"
"مراكش- آسفي","شيشاوة","تمزكدوين","1451","22846","PJD","الحسن ايت امزيل","21709"
"مراكش- آسفي","شيشاوة","تمزكدوين","1451","22847","PJD","حمز الصوفي","21843"
"مراكش- آسفي","شيشاوة","تمزكدوين","1451","22848","PJD","سعيد الخمور","43708"
"مراكش- آسفي","شيشاوة","تمزكدوين","1451","22848","PJD","حنان اسياخ","43758"
"مراكش- آسفي","شيشاوة","تمزكدوين","1451","22845","PJD","العربي بلحسن","27288"
"مراكش- آسفي","شيشاوة","تمزكدوين","1451","22845","PJD","ربيعة المسعودي","27356"
"مراكش- آسفي","شيشاوة","تمزكدوين","1451","22849","PJD","رشيد بسيسو","82871"
"مراكش- آسفي","شيشاوة","تمزكدوين","1451","22855","PJD","احمد حدوش","22138"
"مراكش- آسفي","شيشاوة","تمزكدوين","1451","22855","PJD","عائشة  ايت بوضروب","22164"
"مراكش- آسفي","شيشاوة","تمزكدوين","1451","22854","PJD","عمر ادمو","44666"
"مراكش- آسفي","شيشاوة","تمزكدوين","1451","22854","PJD","سناء غصاب","44721"
"مراكش- آسفي","شيشاوة","تمزكدوين","1451","22851","PJD","احمد الناصري","26946"
"مراكش- آسفي","شيشاوة","تمزكدوين","1451","22857","PJD","لحسن اواليزدي","27101"
"مراكش- آسفي","شيشاوة","تمزكدوين","1451","22852","PJD","لحسن احيا","86051"
"مراكش- آسفي","شيشاوة","تمزكدوين","1451","22850","PJD","احمد  بن با علي","46063"
"مراكش- آسفي","شيشاوة","تمزكدوين","1451","22856","FFD","صالح بسكري","82969"
"مراكش- آسفي","شيشاوة","تمزكدوين","1451","22853","FFD","عمر ابراهيمي","26967"
"مراكش- آسفي","شيشاوة","تمليلت","1453","22882","PAM","لحسن القرمودي","26875"
"مراكش- آسفي","شيشاوة","تمليلت","1453","22873","PAM","عبد السلام  اوعدي","27563"
"مراكش- آسفي","شيشاوة","تمليلت","1453","22873","PAM","خدوج عبيد","27587"
"مراكش- آسفي","شيشاوة","تمليلت","1453","22881","PAM","محمد اتجار","27485"
"مراكش- آسفي","شيشاوة","تمليلت","1453","22880","PAM","سعيد الهياض","27421"
"مراكش- آسفي","شيشاوة","تمليلت","1453","22883","PAM","محمد التايك","27523"
"مراكش- آسفي","شيشاوة","تمليلت","1453","22874","PAM","محمد بوصالح","27304"
"مراكش- آسفي","شيشاوة","تمليلت","1453","22878","PAM","محمد ارز","27383"
"مراكش- آسفي","شيشاوة","تمليلت","1453","22875","RNI","ابراهيم الكيشر","43057"
"مراكش- آسفي","شيشاوة","تمليلت","1453","22875","RNI","عائشة الكيشر","43118"
"مراكش- آسفي","شيشاوة","تمليلت","1453","22876","RNI","ابراهيم عمارة","43585"
"مراكش- آسفي","شيشاوة","تمليلت","1453","22876","RNI","زهرة اوهمو","43615"
"مراكش- آسفي","شيشاوة","تمليلت","1453","22879","RNI","الحسين بركامي","43400"
"مراكش- آسفي","شيشاوة","تمليلت","1453","22879","RNI","زهرة  الكتاني","43452"
"مراكش- آسفي","شيشاوة","تمليلت","1453","22877","RNI","حسن خدان","46608"
"مراكش- آسفي","شيشاوة","رحالة","1076","16928","PAM","عمر الهداجي","92677"
"مراكش- آسفي","شيشاوة","رحالة","1076","16928","PAM","فتيحة سعدان","92755"
"مراكش- آسفي","شيشاوة","رحالة","1076","16926","PAM","عبدالكبير  العدام","44535"
"مراكش- آسفي","شيشاوة","رحالة","1076","16926","PAM","نعيمة سكان","44597"
"مراكش- آسفي","شيشاوة","رحالة","1076","16927","PAM","محمد كنايش","43278"
"مراكش- آسفي","شيشاوة","رحالة","1076","16927","PAM","نزهة العسري","43402"
"مراكش- آسفي","شيشاوة","رحالة","1076","16930","PAM","ابراهيم سمير","45325"
"مراكش- آسفي","شيشاوة","رحالة","1076","16933","PAM","عبد السلام  المتوكل","21459"
"مراكش- آسفي","شيشاوة","رحالة","1076","16935","PAM","عبد الرحيم الطاهري","21488"
"مراكش- آسفي","شيشاوة","رحالة","1076","16936","PAM","احمد الباز","21528"
"مراكش- آسفي","شيشاوة","رحالة","1076","16932","RNI","محمد  كروان","64049"
"مراكش- آسفي","شيشاوة","رحالة","1076","16932","RNI","حبيبة  عمارة","64137"
"مراكش- آسفي","شيشاوة","رحالة","1076","16929","RNI","يوسف مومن","45799"
"مراكش- آسفي","شيشاوة","رحالة","1076","16934","RNI","مسعود مزوز","21411"
"مراكش- آسفي","شيشاوة","رحالة","1076","16931","RNI","لحسن  اكازو","16348"
"مراكش- آسفي","شيشاوة","سيدي المختار","1145","18127","RNI","عبد الرحيم بوستوت","58136"
"مراكش- آسفي","شيشاوة","سيدي المختار","1145","18141","RNI","الضو افدفيل","45974"
"مراكش- آسفي","شيشاوة","سيدي المختار","1145","18142","RNI","عادل الخير في","82481"
"مراكش- آسفي","شيشاوة","سيدي المختار","1145","18125","RNI","عبد الصماد لشقر","44820"
"مراكش- آسفي","شيشاوة","سيدي المختار","1145","18137","RNI","الحسين  الطويل","44890"
"مراكش- آسفي","شيشاوة","سيدي المختار","1145","18129","RNI","اشرف حظري","83051"
"مراكش- آسفي","شيشاوة","سيدي المختار","1145","18129","RNI","حورية حكيم","83203"
"مراكش- آسفي","شيشاوة","سيدي المختار","1145","18136","RNI","الصديق لمنين","45920"
"مراكش- آسفي","شيشاوة","سيدي المختار","1145","18146","RNI","عبدالغني المصبن","93309"
"مراكش- آسفي","شيشاوة","سيدي المختار","1145","18147","USFP","رشيد سكة","93331"
"مراكش- آسفي","شيشاوة","سيدي المختار","1145","18133","USFP","مولاي الحسن طالب","21671"
"مراكش- آسفي","شيشاوة","سيدي المختار","1145","18134","USFP","عبد الالاه نازه","118696"
"مراكش- آسفي","شيشاوة","سيدي المختار","1145","18130","USFP","عبد النعيم خطاري","92809"
"مراكش- آسفي","شيشاوة","سيدي المختار","1145","18130","USFP","سمية مختاري","92922"
"مراكش- آسفي","شيشاوة","سيدي المختار","1145","18131","USFP","نور الدين النوري","44974"
"مراكش- آسفي","شيشاوة","سيدي المختار","1145","18144","USFP","فؤاد اليزيدي","15978"
"مراكش- آسفي","شيشاوة","سيدي المختار","1145","18145","USFP","اسماعيل السعدي","81434"
"مراكش- آسفي","شيشاوة","سيدي المختار","1145","18143","USFP","مصطفى بوعلام","82942"
"مراكش- آسفي","شيشاوة","سيدي المختار","1145","18132","USFP","حميد البهلول","118736"
"مراكش- آسفي","شيشاوة","سيدي المختار","1145","18128","PJD","حسن منير","45878"
"مراكش- آسفي","شيشاوة","سيدي المختار","1145","18140","PJD","خسن لحلو","62590"
"مراكش- آسفي","شيشاوة","سيدي المختار","1145","18140","PJD","عزيزة ابريهوما","62628"
"مراكش- آسفي","شيشاوة","سيدي المختار","1145","18126","PJD","جلال الضافر","118081"
"مراكش- آسفي","شيشاوة","سيدي المختار","1145","18126","PJD","فاطمة بغد","120763"
"مراكش- آسفي","شيشاوة","سيدي المختار","1145","18138","PAM","رضوان الزروكي","65608"
"مراكش- آسفي","شيشاوة","سيدي المختار","1145","18139","PAM","يونس النظيري","119288"
"مراكش- آسفي","شيشاوة","سيدي المختار","1145","18135","PAM","عبد الحق الفارس","65713"
"مراكش- آسفي","شيشاوة","سيدي امحمد دليل","1251","19738","MP","عبد الحكيم رافع","44344"
"مراكش- آسفي","شيشاوة","سيدي امحمد دليل","1251","19738","MP","عيادة لبيض","44452"
"مراكش- آسفي","شيشاوة","سيدي امحمد دليل","1251","19746","MP","محمد صالح اقميزة","59275"
"مراكش- آسفي","شيشاوة","سيدي امحمد دليل","1251","19740","MP","عبد الله الخرشي","45720"
"مراكش- آسفي","شيشاوة","سيدي امحمد دليل","1251","19741","PI","عبدالجليل حرمل","99540"
"مراكش- آسفي","شيشاوة","سيدي امحمد دليل","1251","19741","PI","رشيدة حرمل","99669"
"مراكش- آسفي","شيشاوة","سيدي امحمد دليل","1251","19745","PI","احمد لكرارات","99072"
"مراكش- آسفي","شيشاوة","سيدي امحمد دليل","1251","19742","RNI","عمر اكنتوش","99039"
"مراكش- آسفي","شيشاوة","سيدي امحمد دليل","1251","19742","RNI","امباركة زرهان","99200"
"مراكش- آسفي","شيشاوة","سيدي امحمد دليل","1251","19737","RNI","الطيب بادي","122097"
"مراكش- آسفي","شيشاوة","سيدي امحمد دليل","1251","19737","RNI","فتيحة بوعمران","122323"
"مراكش- آسفي","شيشاوة","سيدي امحمد دليل","1251","19747","RNI","البشير مومن","99339"
"مراكش- آسفي","شيشاوة","سيدي امحمد دليل","1251","19744","PPS","الحافظ جوهر","10015"
"مراكش- آسفي","شيشاوة","سيدي امحمد دليل","1251","19743","PPS","رشيد الطاهري","45703"
"مراكش- آسفي","شيشاوة","سيدي امحمد دليل","1251","19739","PAM","الصغير القطب","33088"
"مراكش- آسفي","شيشاوة","سيدي بوزيد الركراكي","1210","19106","PI","رشيد اكوضار","1191"
"مراكش- آسفي","شيشاوة","سيدي بوزيد الركراكي","1210","19106","PI","حفيظة جريش","1197"
"مراكش- آسفي","شيشاوة","سيدي بوزيد الركراكي","1210","19115","PI","عبد الدايم مزوز","1136"
"مراكش- آسفي","شيشاوة","سيدي بوزيد الركراكي","1210","19108","PI","محمد  الدريفي","1172"
"مراكش- آسفي","شيشاوة","سيدي بوزيد الركراكي","1210","19108","PI","توريا ايت ميزان","1183"
"مراكش- آسفي","شيشاوة","سيدي بوزيد الركراكي","1210","19107","PI","العربي ايبالين","1168"
"مراكش- آسفي","شيشاوة","سيدي بوزيد الركراكي","1210","19107","PI","حفيظة احسبي","1179"
"مراكش- آسفي","شيشاوة","سيدي بوزيد الركراكي","1210","19112","PI","الطيب ميحاد","1142"
"مراكش- آسفي","شيشاوة","سيدي بوزيد الركراكي","1210","19112","PI","كبورة  العسلي","1166"
"مراكش- آسفي","شيشاوة","سيدي بوزيد الركراكي","1210","19117","PI","محمد ايت انزار","1151"
"مراكش- آسفي","شيشاوة","سيدي بوزيد الركراكي","1210","19110","PI","ابراهيم باري","1177"
"مراكش- آسفي","شيشاوة","سيدي بوزيد الركراكي","1210","19113","PI","عبد الرحيم الصاوي","5783"
"مراكش- آسفي","شيشاوة","سيدي بوزيد الركراكي","1210","19111","PI","حماد محسن","1165"
"مراكش- آسفي","شيشاوة","سيدي بوزيد الركراكي","1210","19118","PI","حسن بنور","1141"
"مراكش- آسفي","شيشاوة","سيدي بوزيد الركراكي","1210","19109","PI","حسن  تاج","1162"
"مراكش- آسفي","شيشاوة","سيدي بوزيد الركراكي","1210","19116","PI","العربي السماوي","1143"
"مراكش- آسفي","شيشاوة","سيدي بوزيد الركراكي","1210","19114","PI","الحسين المجاهد","1132"
"مراكش- آسفي","شيشاوة","سيدي عبد المومن","1157","18299","RNI","سعيد الزباق","32961"
"مراكش- آسفي","شيشاوة","سيدي عبد المومن","1157","18299","RNI","حسناء الزباق","32998"
"مراكش- آسفي","شيشاوة","سيدي عبد المومن","1157","18300","RNI","سعيد جايت","46092"
"مراكش- آسفي","شيشاوة","سيدي عبد المومن","1157","18301","RNI","مصطفى بودحيم","59103"
"مراكش- آسفي","شيشاوة","سيدي عبد المومن","1157","18302","RNI","مبارك  الباز","33045"
"مراكش- آسفي","شيشاوة","سيدي عبد المومن","1157","18305","RNI","لحسن اوبلا ","119108"
"مراكش- آسفي","شيشاوة","سيدي عبد المومن","1157","18305","RNI","زهرة ابرضيز","119403"
"مراكش- آسفي","شيشاوة","سيدي عبد المومن","1157","18296","RNI","حسن بقدير","45923"
"مراكش- آسفي","شيشاوة","سيدي عبد المومن","1157","18297","RNI","ابراهيم اكداش","59255"
"مراكش- آسفي","شيشاوة","سيدي عبد المومن","1157","18295","RNI","الحسين ابو العلاء","83395"
"مراكش- آسفي","شيشاوة","سيدي عبد المومن","1157","18298","PAM","الحسين  روشدي","62165"
"مراكش- آسفي","شيشاوة","سيدي عبد المومن","1157","18298","PAM","عائشة زوهير","62221"
"مراكش- آسفي","شيشاوة","سيدي عبد المومن","1157","18303","PAM","احمد بسلام","46171"
"مراكش- آسفي","شيشاوة","سيدي عبد المومن","1157","18304","PAM","مليد  افست","58981"
"مراكش- آسفي","شيشاوة","سيدي عبد المومن","1157","18294","PAM","محمد اليزيدي","91988"
"مراكش- آسفي","شيشاوة","سيدي عبد المومن","1157","18294","PAM","خديجة شوايح","92059"
"مراكش- آسفي","شيشاوة","سيدي عبد المومن","1157","18293","PI","فارس المهروش","32999"
"مراكش- آسفي","شيشاوة","سيدي غانم","1225","19342","PAM","بريك ايت حفيظ","5641"
"مراكش- آسفي","شيشاوة","سيدي غانم","1225","19342","PAM","فاضمة اباروش","5675"
"مراكش- آسفي","شيشاوة","سيدي غانم","1225","19341","PAM","حميد المشاري","21419"
"مراكش- آسفي","شيشاوة","سيدي غانم","1225","19352","PAM","محمد ايحشم","22200"
"مراكش- آسفي","شيشاوة","سيدي غانم","1225","19352","PAM","ربيعة  اقورو","22234"
"مراكش- آسفي","شيشاوة","سيدي غانم","1225","19346","PAM","الطاهر ايت الزرك","33006"
"مراكش- آسفي","شيشاوة","سيدي غانم","1225","19351","PAM","ابراهيم نيت لمختار","15705"
"مراكش- آسفي","شيشاوة","سيدي غانم","1225","19353","PAM","ابراهيم الطالب","16059"
"مراكش- آسفي","شيشاوة","سيدي غانم","1225","19345","PAM","محمد  بوكرورو","16171"
"مراكش- آسفي","شيشاوة","سيدي غانم","1225","19350","PAM","عمر ازروال","15739"
"مراكش- آسفي","شيشاوة","سيدي غانم","1225","19347","FFD","حسن محجوب","63908"
"مراكش- آسفي","شيشاوة","سيدي غانم","1225","19347","FFD","عائشة  الخناش","63995"
"مراكش- آسفي","شيشاوة","سيدي غانم","1225","19344","FFD","بهي زهوان","63189"
"مراكش- آسفي","شيشاوة","سيدي غانم","1225","19344","FFD","مينة السوسي","63074"
"مراكش- آسفي","شيشاوة","سيدي غانم","1225","19349","FFD","محمد اشضاض","26934"
"مراكش- آسفي","شيشاوة","سيدي غانم","1225","19343","FFD","ابريك حوى","26899"
"مراكش- آسفي","شيشاوة","سيدي غانم","1225","19348","RNI","حسن اليسين","33052"
"مراكش- آسفي","شيشاوة","شيشاوة","439","25536","PI","محمد برقيق","2460"
"مراكش- آسفي","شيشاوة","شيشاوة","439","25536","PI","رقوش بركة","2471"
"مراكش- آسفي","شيشاوة","شيشاوة","439","6806","PI","عبد المجيد لفريعي","1953"
"مراكش- آسفي","شيشاوة","شيشاوة","439","6807","PI","هشام الحروكي","1868"
"مراكش- آسفي","شيشاوة","شيشاوة","439","6805","PI","حسن الدريقي","21301"
"مراكش- آسفي","شيشاوة","شيشاوة","439","25535","PI","نور الدين الريحاني","2353"
"مراكش- آسفي","شيشاوة","شيشاوة","439","27484","PI","بوجمعة  عدعود","10093"
"مراكش- آسفي","شيشاوة","شيشاوة","439","6811","PI","المحفوض النمريش","9892"
"مراكش- آسفي","شيشاوة","شيشاوة","439","25532","PI","المجيد الجبير","2122"
"مراكش- آسفي","شيشاوة","شيشاوة","439","6801","PI","مصطفى دماق","1805"
"مراكش- آسفي","شيشاوة","شيشاوة","439","25528","MP","مبارك لعظيم","2120"
"مراكش- آسفي","شيشاوة","شيشاوة","439","25528","MP","حبيبة مكريز","2143"
"مراكش- آسفي","شيشاوة","شيشاوة","439","25529","MP","حاتم اعمارة","46118"
"مراكش- آسفي","شيشاوة","شيشاوة","439","6800","MP","نور الدين ادهيده","15972"
"مراكش- آسفي","شيشاوة","شيشاوة","439","6800","MP","صباح الفطومي","16021"
"مراكش- آسفي","شيشاوة","شيشاوة","439","25533","MP","عبد النبي بجي","2320"
"مراكش- آسفي","شيشاوة","شيشاوة","439","6809","MP","عبد المنعم بن ايوب","1925"
"مراكش- آسفي","شيشاوة","شيشاوة","439","6808","MP","خليد المعطاوي","21430"
"مراكش- آسفي","شيشاوة","شيشاوة","439","6810","MP","عبد الهادي محاتي","2016"
"مراكش- آسفي","شيشاوة","شيشاوة","439","25537","PAM","المختار خوشان","10158"
"مراكش- آسفي","شيشاوة","شيشاوة","439","6803","PAM","احمد الهلال","21544"
"مراكش- آسفي","شيشاوة","شيشاوة","439","6799","PAM","محمد ايت حمو","46706"
"مراكش- آسفي","شيشاوة","شيشاوة","439","25531","PAM","احمد حارتي","9858"
"مراكش- آسفي","شيشاوة","شيشاوة","439","25530","PAM","السعيد المهاجري","109643"
"مراكش- آسفي","شيشاوة","شيشاوة","439","6802","PAM","عبد الجليل السكراتي","15772"
"مراكش- آسفي","شيشاوة","شيشاوة","439","6804","UC","عادل ايت التهامي","16658"
"مراكش- آسفي","شيشاوة","شيشاوة","439","25534","PJD","السعيد العنكي","2324"
"مراكش- آسفي","شيشاوة","شيشاوة","439","25534","PJD","انسام محسن","2364"
"مراكش- آسفي","شيشاوة","شيشاوة","439","27485","RNI","هشام العابد","10117"
"مراكش- آسفي","شيشاوة","عين تزيتونت","85","1299","PAM","عبد الله ايت بلا","21905"
"مراكش- آسفي","شيشاوة","عين تزيتونت","85","1297","PAM","الحسن  بويسنكارن","16682"
"مراكش- آسفي","شيشاوة","عين تزيتونت","85","1297","PAM","زاينة  حوكان","16706"
"مراكش- آسفي","شيشاوة","عين تزيتونت","85","1298","PAM","المهدي  اغمار","95248"
"مراكش- آسفي","شيشاوة","عين تزيتونت","85","1298","PAM","ربيعة هباز","95281"
"مراكش- آسفي","شيشاوة","عين تزيتونت","85","1300","PAM","لحسن بن عمر","10152"
"مراكش- آسفي","شيشاوة","عين تزيتونت","85","1307","PAM","مبارك جوهري","5540"
"مراكش- آسفي","شيشاوة","عين تزيتونت","85","1302","MP","علي اموليد","84569"
"مراكش- آسفي","شيشاوة","عين تزيتونت","85","1302","MP","يامنة اموليد","84646"
"مراكش- آسفي","شيشاوة","عين تزيتونت","85","1304","MP","حسن  اغروض","64831"
"مراكش- آسفي","شيشاوة","عين تزيتونت","85","1303","MP","مصطفى ازازان","81465"
"مراكش- آسفي","شيشاوة","عين تزيتونت","85","1306","MP","الحسين ايت سعيد","81728"
"مراكش- آسفي","شيشاوة","عين تزيتونت","85","1301","PI","اعراب  اضمان","16613"
"مراكش- آسفي","شيشاوة","عين تزيتونت","85","1301","PI","خديجة الراجيمي","16662"
"مراكش- آسفي","شيشاوة","عين تزيتونت","85","1305","PI","محمد  ايت وحمان","16340"
"مراكش- آسفي","شيشاوة","كماسة","568","8949","UC","حسن بلقطيب","9765"
"مراكش- آسفي","شيشاوة","كماسة","568","8955","UC","عبدالسلام عيلا","22023"
"مراكش- آسفي","شيشاوة","كماسة","568","8952","UC","سعيد الدشراوي","9820"
"مراكش- آسفي","شيشاوة","كماسة","568","8954","UC","حميد دعنون","9799"
"مراكش- آسفي","شيشاوة","كماسة","568","8948","PJD","محمود بوعدي","27316"
"مراكش- آسفي","شيشاوة","كماسة","568","8948","PJD","نسرين بنفضيل","27348"
"مراكش- آسفي","شيشاوة","كماسة","568","8956","PJD","عبدالله  مصباحي","84492"
"مراكش- آسفي","شيشاوة","كماسة","568","8956","PJD","مالكة الفقيه","84605"
"مراكش- آسفي","شيشاوة","كماسة","568","8953","PJD","عبد الرحمان بوعدي","44079"
"مراكش- آسفي","شيشاوة","كماسة","568","8950","PJD","عمر  الزهيري","1231"
"مراكش- آسفي","شيشاوة","كماسة","568","8951","PJD","حميد  الاشقر","16181"
"مراكش- آسفي","شيشاوة","كماسة","568","8959","PI","عبد المجيد موزان","58973"
"مراكش- آسفي","شيشاوة","كماسة","568","8958","PI","احمد ارحم","58888"
"مراكش- آسفي","شيشاوة","كماسة","568","8960","RNI","محمد الصدوق","94384"
"مراكش- آسفي","شيشاوة","كماسة","568","8960","RNI","فاطمة منير","94424"
"مراكش- آسفي","شيشاوة","كماسة","568","8957","RNI","توفيق  ازنكد","94418"
"مراكش- آسفي","شيشاوة","كماسة","568","8957","RNI","كبورة ادناس","94477"
"مراكش- آسفي","شيشاوة","كوزمت","724","11394","PAM","عبدالكريم حوامي","84127"
"مراكش- آسفي","شيشاوة","كوزمت","724","11394","PAM","امينة احولي","84245"
"مراكش- آسفي","شيشاوة","كوزمت","724","11393","PAM","محمد اصبان","83580"
"مراكش- آسفي","شيشاوة","كوزمت","724","11393","PAM","سعدية وعزيز","83699"
"مراكش- آسفي","شيشاوة","كوزمت","724","11397","PAM","لحسن  ابدار","87869"
"مراكش- آسفي","شيشاوة","كوزمت","724","11397","PAM","فاضمة بنجابر","87968"
"مراكش- آسفي","شيشاوة","كوزمت","724","11395","PAM","محمد اكزوم","82249"
"مراكش- آسفي","شيشاوة","كوزمت","724","11396","PAM","محمد  اسوس","84892"
"مراكش- آسفي","شيشاوة","كوزمت","724","11396","PAM","زهرة لمين","84996"
"مراكش- آسفي","شيشاوة","كوزمت","724","11399","PAM","الحسين طنان","46420"
"مراكش- آسفي","شيشاوة","كوزمت","724","11390","PPS","عمر المهزم","82340"
"مراكش- آسفي","شيشاوة","كوزمت","724","11392","PPS","محمد ازروال","134022"
"مراكش- آسفي","شيشاوة","كوزمت","724","11400","PPS","عبد الله ابج","83560"
"مراكش- آسفي","شيشاوة","كوزمت","724","11398","UC","لحسن اسكور","123467"
"مراكش- آسفي","شيشاوة","كوزمت","724","11391","FFD","رشيد اشبان","93290"
"مراكش- آسفي","شيشاوة","للاعزيزة","772","12159","PAM","حسين ايت اولحيان","21851"
"مراكش- آسفي","شيشاوة","للاعزيزة","772","12162","PAM","ابراهيم اشعوي","81657"
"مراكش- آسفي","شيشاوة","للاعزيزة","772","12155","PAM","ابراهيم  احجوب","134228"
"مراكش- آسفي","شيشاوة","للاعزيزة","772","12156","PAM","سعيد الدريوش","5619"
"مراكش- آسفي","شيشاوة","للاعزيزة","772","12154","PAM","ابراهيم  اباس","27478"
"مراكش- آسفي","شيشاوة","للاعزيزة","772","12154","PAM","صالحة احجوب","27515"
"مراكش- آسفي","شيشاوة","للاعزيزة","772","12163","PAM","وكريم الورديغي","22059"
"مراكش- آسفي","شيشاوة","للاعزيزة","772","12163","PAM","السعدية الشكو","22086"
"مراكش- آسفي","شيشاوة","للاعزيزة","772","12161","PAM","الحسن الحيان","21974"
"مراكش- آسفي","شيشاوة","للاعزيزة","772","12157","PAM","حميد الشكو","21636"
"مراكش- آسفي","شيشاوة","للاعزيزة","772","25549","PAM","محمد  شتتهي","27274"
"مراكش- آسفي","شيشاوة","للاعزيزة","772","25548","PAM","عبد الله ادواب","22025"
"مراكش- آسفي","شيشاوة","للاعزيزة","772","12158","PAM","عبد السلام  افرياض","10013"
"مراكش- آسفي","شيشاوة","للاعزيزة","772","12164","PCS","عدي  ايت ناصر ","84201"
"مراكش- آسفي","شيشاوة","للاعزيزة","772","12164","PCS","خديجة اريحي","84400"
"مراكش- آسفي","شيشاوة","للاعزيزة","772","12160","UC","الحسين ازروال","86321"
"مراكش- آسفي","شيشاوة","للاعزيزة","772","12160","UC","رشيدة الواصيف","86521"
"مراكش- آسفي","شيشاوة","لمزوضية","788","12417","PJD","رشيد البودالي","83122"
"مراكش- آسفي","شيشاوة","لمزوضية","788","12417","PJD","سناء بونبات","83309"
"مراكش- آسفي","شيشاوة","لمزوضية","788","12421","PJD","عبد الكريم الركوبة","61927"
"مراكش- آسفي","شيشاوة","لمزوضية","788","12421","PJD","مليكة الحوزي","62038"
"مراكش- آسفي","شيشاوة","لمزوضية","788","12420","PJD","عبد الله حركوف","59168"
"مراكش- آسفي","شيشاوة","لمزوضية","788","12418","PJD","فؤاد الوافي","59468"
"مراكش- آسفي","شيشاوة","لمزوضية","788","12410","PJD","حميد لحلو","45791"
"مراكش- آسفي","شيشاوة","لمزوضية","788","12423","PJD","محمد الحيمر","92139"
"مراكش- آسفي","شيشاوة","لمزوضية","788","12419","PJD","ابراهيم السكوري","59296"
"مراكش- آسفي","شيشاوة","لمزوضية","788","12426","PJD","محمد الادريسي ","82306"
"مراكش- آسفي","شيشاوة","لمزوضية","788","27573","PJD","رشيد الحقيقي","81331"
"مراكش- آسفي","شيشاوة","لمزوضية","788","12424","PJD","عبد الحق الشيفوري","91335"
"مراكش- آسفي","شيشاوة","لمزوضية","788","12409","PJD","عبد الجليل السلامي","45218"
"مراكش- آسفي","شيشاوة","لمزوضية","788","12405","PJD","حميد ايت التهامي","83608"
"مراكش- آسفي","شيشاوة","لمزوضية","788","12425","PJD","عبد العزيز حفوظ","46416"
"مراكش- آسفي","شيشاوة","لمزوضية","788","12404","PJD","حسن العابد","91740"
"مراكش- آسفي","شيشاوة","لمزوضية","788","27572","PJD","خالد الوالد","91648"
"مراكش- آسفي","شيشاوة","لمزوضية","788","12412","PJD","عمر  الموقا","46038"
"مراكش- آسفي","شيشاوة","لمزوضية","788","12413","PAM","ميلود فاطمي","65930"
"مراكش- آسفي","شيشاوة","لمزوضية","788","12416","PAM","احمد  لكوابلي ","66045"
"مراكش- آسفي","شيشاوة","لمزوضية","788","12407","PAM","عبد الرحيم العماش","63309"
"مراكش- آسفي","شيشاوة","لمزوضية","788","12407","PAM","خديجة  لغدف","63482"
"مراكش- آسفي","شيشاوة","لمزوضية","788","12411","PAM","احمد لعفيسي","66021"
"مراكش- آسفي","شيشاوة","لمزوضية","788","12422","PAM","عبد القادر الخيراوي","91195"
"مراكش- آسفي","شيشاوة","لمزوضية","788","12408","UC","سعيد العقيدة","21482"
"مراكش- آسفي","شيشاوة","لمزوضية","788","12408","UC","مليكة  الناصري","21527"
"مراكش- آسفي","شيشاوة","لمزوضية","788","12414","UC","محمد العربي الشرقاوي","123490"
"مراكش- آسفي","شيشاوة","لمزوضية","788","12415","UC","محمد بولهنة","16497"
"مراكش- آسفي","شيشاوة","لمزوضية","788","12406","MP","عبد اللطيف  لوديني","65961"
"مراكش- آسفي","شيشاوة","مجاط","837","13180","PAM","حسن ايت بلعيد","93889"
"مراكش- آسفي","شيشاوة","مجاط","837","13180","PAM","الهام زطاطي","93984"
"مراكش- آسفي","شيشاوة","مجاط","837","13183","PAM","محمد مفيد","82917"
"مراكش- آسفي","شيشاوة","مجاط","837","27577","PAM","العياشي ايحو","58761"
"مراكش- آسفي","شيشاوة","مجاط","837","13182","PAM","ابراهيم الصطيلي","58671"
"مراكش- آسفي","شيشاوة","مجاط","837","13184","PAM","العربي ايت لميم","64797"
"مراكش- آسفي","شيشاوة","مجاط","837","13189","PAM","المصطفى  منوال ","57977"
"مراكش- آسفي","شيشاوة","مجاط","837","13185","PJD","رضوان طولون","27235"
"مراكش- آسفي","شيشاوة","مجاط","837","13185","PJD","مريم بردان","27279"
"مراكش- آسفي","شيشاوة","مجاط","837","27576","PJD","حميد امداح","5570"
"مراكش- آسفي","شيشاوة","مجاط","837","27576","PJD","ريحانة سعدوني","5603"
"مراكش- آسفي","شيشاوة","مجاط","837","13186","PI","احمد لبكيرة","43698"
"مراكش- آسفي","شيشاوة","مجاط","837","13186","PI","الهام لبكيرة","43779"
"مراكش- آسفي","شيشاوة","مجاط","837","13179","PI","عبدالعزيز البواب","15618"
"مراكش- آسفي","شيشاوة","مجاط","837","13190","PI","محمد الشراكي","15964"
"مراكش- آسفي","شيشاوة","مجاط","837","13191","PI","امجيد فرحات","46425"
"مراكش- آسفي","شيشاوة","مجاط","837","13188","MP","عبد الجليل الوفير","9717"
"مراكش- آسفي","شيشاوة","مجاط","837","13187","MP","هشام  سويد العين ","9663"
"مراكش- آسفي","شيشاوة","مجاط","837","13181","PPS","الحسين ايت مرزوق","46236"
"مراكش- آسفي","شيشاوة","نفيفة","930","14728","PAM","حسن ايت قاد","63850"
"مراكش- آسفي","شيشاوة","نفيفة","930","14728","PAM","تعرابت ايت طالب","63907"
"مراكش- آسفي","شيشاوة","نفيفة","930","14718","PAM","احمد البهلولي","85681"
"مراكش- آسفي","شيشاوة","نفيفة","930","14718","PAM","رشيدة اقديم","85764"
"مراكش- آسفي","شيشاوة","نفيفة","930","14721","PAM","العربي ايت اوبلا","59897"
"مراكش- آسفي","شيشاوة","نفيفة","930","14721","PAM","ربيعة  الحتاوي","60021"
"مراكش- آسفي","شيشاوة","نفيفة","930","14723","PAM","محمد ايت علي","57206"
"مراكش- آسفي","شيشاوة","نفيفة","930","14724","PAM","الحسين بوشتى","58616"
"مراكش- آسفي","شيشاوة","نفيفة","930","14720","PAM","ابراهيم بن زيدان","58414"
"مراكش- آسفي","شيشاوة","نفيفة","930","14719","PAM","حسن  قاد","58808"
"مراكش- آسفي","شيشاوة","نفيفة","930","14725","PAM","العربي ايت الطالب","58195"
"مراكش- آسفي","شيشاوة","نفيفة","930","14726","RNI","حكيم مشكوك","21468"
"مراكش- آسفي","شيشاوة","نفيفة","930","14727","RNI","بريك اثنان","21486"
"مراكش- آسفي","شيشاوة","نفيفة","930","14722","MP","عماد شويخ","118868"
"مراكش- آسفي","شيشاوة","نفيفة","930","14722","MP","الهام شويخ","118989"
"مراكش- آسفي","شيشاوة","واد البور","936","14806","PAM","طاهر باسوا","64417"
"مراكش- آسفي","شيشاوة","واد البور","936","14806","PAM","ملعيد باسو","64495"
"مراكش- آسفي","شيشاوة","واد البور","936","14803","PAM","الحسن منير","17353"
"مراكش- آسفي","شيشاوة","واد البور","936","14803","PAM","حنان ايت فارس","17373"
"مراكش- آسفي","شيشاوة","واد البور","936","14804","PAM","محمد ايت فارس","16562"
"مراكش- آسفي","شيشاوة","واد البور","936","14802","PAM","ابراهيم امسعود","82276"
"مراكش- آسفي","شيشاوة","واد البور","936","14801","PAM","لحسن  دوقي","57306"
"مراكش- آسفي","شيشاوة","واد البور","936","14809","PJD","حسن  موطهير","21603"
"مراكش- آسفي","شيشاوة","واد البور","936","14808","PJD","الحسين المضطر","21534"
"مراكش- آسفي","شيشاوة","واد البور","936","14800","PJD","الحسين القاضي","64091"
"مراكش- آسفي","شيشاوة","واد البور","936","14800","PJD","عائشة  نزه ","64142"
"مراكش- آسفي","شيشاوة","واد البور","936","14807","UC","عزيز بالعواد","46775"
"مراكش- آسفي","شيشاوة","واد البور","936","14805","UC","احمد  نباش","46837"
"مراكش- آسفي","شيشاوة","واد البور","936","14810","RNI","لحسن  الزكموط","44074"
"مراكش- آسفي","شيشاوة","واد البور","936","14810","RNI","جميلة الزكموط","44161"
"مراكش- آسفي","قلعة السراغنة","أولاد الشرقي","995","15673","MP","الكبير محسن","21073"
"مراكش- آسفي","قلعة السراغنة","أولاد الشرقي","995","15673","MP","خدوج زكي","21104"
"مراكش- آسفي","قلعة السراغنة","أولاد الشرقي","995","15678","MP","عبد السلام عتيق","21159"
"مراكش- آسفي","قلعة السراغنة","أولاد الشرقي","995","15678","MP","ثورية لشهب","21170"
"مراكش- آسفي","قلعة السراغنة","أولاد الشرقي","995","15679","MP","احمد عودات","673"
"مراكش- آسفي","قلعة السراغنة","أولاد الشرقي","995","15680","MP","موسى الرامي","712"
"مراكش- آسفي","قلعة السراغنة","أولاد الشرقي","995","15677","MP","الكبير بشار","4408"
"مراكش- آسفي","قلعة السراغنة","أولاد الشرقي","995","15672","PAM","عبد الله الحامدي","4433"
"مراكش- آسفي","قلعة السراغنة","أولاد الشرقي","995","15672","PAM","نجاة الحاتمي","4442"
"مراكش- آسفي","قلعة السراغنة","أولاد الشرقي","995","15671","PAM","الجيلالي احمني","4436"
"مراكش- آسفي","قلعة السراغنة","أولاد الشرقي","995","15671","PAM","لطيفة الحامدي","4484"
"مراكش- آسفي","قلعة السراغنة","أولاد الشرقي","995","15681","PAM","الميلودي افقيهي","8427"
"مراكش- آسفي","قلعة السراغنة","أولاد الشرقي","995","15676","PAM","عبدالكريم سميد","4457"
"مراكش- آسفي","قلعة السراغنة","أولاد الشرقي","995","15674","PAM","المهدي بلمقدم","4466"
"مراكش- آسفي","قلعة السراغنة","أولاد الشرقي","995","15675","RNI","عبد اللطيف لمزوق","4412"
"مراكش- آسفي","قلعة السراغنة","أولاد الكرن","1000","15741","UC","محمد اليامني","115729"
"مراكش- آسفي","قلعة السراغنة","أولاد الكرن","1000","15741","UC","سعاد اليامني  ","115498"
"مراكش- آسفي","قلعة السراغنة","أولاد الكرن","1000","15734","UC","عبد العالي الكمرة","114933"
"مراكش- آسفي","قلعة السراغنة","أولاد الكرن","1000","15734","UC","ليلة الوزكال","114998"
"مراكش- آسفي","قلعة السراغنة","أولاد الكرن","1000","15738","UC","المصطفى الكح","107149"
"مراكش- آسفي","قلعة السراغنة","أولاد الكرن","1000","15732","UC","عبد الله النسر","115861"
"مراكش- آسفي","قلعة السراغنة","أولاد الكرن","1000","15735","PJD","عبد اللطيف عاشر","115164"
"مراكش- آسفي","قلعة السراغنة","أولاد الكرن","1000","15733","PJD","عبد المجيد صدقي","114805"
"مراكش- آسفي","قلعة السراغنة","أولاد الكرن","1000","15742","PJD","عبد الهادي طلحة","55777"
"مراكش- آسفي","قلعة السراغنة","أولاد الكرن","1000","15742","PJD","خديجة جابري","57330"
"مراكش- آسفي","قلعة السراغنة","أولاد الكرن","1000","15740","PJD","نور الدين طاهر","55737"
"مراكش- آسفي","قلعة السراغنة","أولاد الكرن","1000","27608","PJD","محمد عاشر","90757"
"مراكش- آسفي","قلعة السراغنة","أولاد الكرن","1000","15739","PJD","عبدالغني الفلاح","115027"
"مراكش- آسفي","قلعة السراغنة","أولاد الكرن","1000","27609","RNI","نور الدين الكح","90890"
"مراكش- آسفي","قلعة السراغنة","أولاد الكرن","1000","15736","RNI","عبد القادر الكح","90309"
"مراكش- آسفي","قلعة السراغنة","أولاد الكرن","1000","15736","RNI","ثورية الكح","91302"
"مراكش- آسفي","قلعة السراغنة","أولاد الكرن","1000","15737","RNI","عبد الرزاق الكح","90429"
"مراكش- آسفي","قلعة السراغنة","أولاد امسبل","1018","15974","PAM","محمد الشائطي","4324"
"مراكش- آسفي","قلعة السراغنة","أولاد امسبل","1018","15974","PAM","سمية  امنور","28715"
"مراكش- آسفي","قلعة السراغنة","أولاد امسبل","1018","15965","PAM","رحال العامري","42874"
"مراكش- آسفي","قلعة السراغنة","أولاد امسبل","1018","15965","PAM","الزاهية البزوني","42928"
"مراكش- آسفي","قلعة السراغنة","أولاد امسبل","1018","15971","PAM","محمد بركوم","8486"
"مراكش- آسفي","قلعة السراغنة","أولاد امسبل","1018","15967","PJD","عبد الرحمان الشطابي","75300"
"مراكش- آسفي","قلعة السراغنة","أولاد امسبل","1018","15967","PJD","بهيجة سعدي","75241"
"مراكش- آسفي","قلعة السراغنة","أولاد امسبل","1018","15969","PJD","عبد القادر الهاشمي","42716"
"مراكش- آسفي","قلعة السراغنة","أولاد امسبل","1018","15968","PJD","محمد ابوبكر","52091"
"مراكش- آسفي","قلعة السراغنة","أولاد امسبل","1018","15973","PJD","عبد اللطيف العطاري","75094"
"مراكش- آسفي","قلعة السراغنة","أولاد امسبل","1018","15966","PI","عبد الجليل جاد","8502"
"مراكش- آسفي","قلعة السراغنة","أولاد امسبل","1018","15966","PI","نعيمة  جاد","8525"
"مراكش- آسفي","قلعة السراغنة","أولاد امسبل","1018","15970","PI","رحال سادة","43100"
"مراكش- آسفي","قلعة السراغنة","أولاد امسبل","1018","15964","PI","الجيلالي صلحي","42536"
"مراكش- آسفي","قلعة السراغنة","أولاد امسبل","1018","15972","MDS","احمد مزان","4287"
"مراكش- آسفي","قلعة السراغنة","أولاد بوعلي الواد","988","15590","RNI"," ياسير  حافيظ","21030"
"مراكش- آسفي","قلعة السراغنة","أولاد بوعلي الواد","988","15586","RNI","مصطفى حافيظ","20932"
"مراكش- آسفي","قلعة السراغنة","أولاد بوعلي الواد","988","15595","RNI","صالح الرقيبي","20935"
"مراكش- آسفي","قلعة السراغنة","أولاد بوعلي الواد","988","15595","RNI","مينة لغمامي","29149"
"مراكش- آسفي","قلعة السراغنة","أولاد بوعلي الواد","988","15594","RNI","عبد الرحمان لكناوي","24204"
"مراكش- آسفي","قلعة السراغنة","أولاد بوعلي الواد","988","15594","RNI","سعيدة قنديل","24233"
"مراكش- آسفي","قلعة السراغنة","أولاد بوعلي الواد","988","15588","RNI","ابراهيم المنسوف","20923"
"مراكش- آسفي","قلعة السراغنة","أولاد بوعلي الواد","988","15588","RNI","سعاد السالك","125385"
"مراكش- آسفي","قلعة السراغنة","أولاد بوعلي الواد","988","15596","RNI","محمد الصبار","20944"
"مراكش- آسفي","قلعة السراغنة","أولاد بوعلي الواد","988","15596","RNI","نجاة العدلاوي","125343"
"مراكش- آسفي","قلعة السراغنة","أولاد بوعلي الواد","988","15593","RNI","نور الدين داوود","29758"
"مراكش- آسفي","قلعة السراغنة","أولاد بوعلي الواد","988","15591","RNI","خليفة العطاوي","20911"
"مراكش- آسفي","قلعة السراغنة","أولاد بوعلي الواد","988","15587","RNI","ادريس زاهري","20910"
"مراكش- آسفي","قلعة السراغنة","أولاد بوعلي الواد","988","15592","RNI","الحسن الصبار","20930"
"مراكش- آسفي","قلعة السراغنة","أولاد بوعلي الواد","988","15589","RNI","السعيد ايت عبو","21043"
"مراكش- آسفي","قلعة السراغنة","أولاد خلوف","1011","15883","MP","السعيد الخال","4008"
"مراكش- آسفي","قلعة السراغنة","أولاد خلوف","1011","15884","MP","التجاني البوستاني","1923"
"مراكش- آسفي","قلعة السراغنة","أولاد خلوف","1011","15884","MP","الهام الهداجي","1890"
"مراكش- آسفي","قلعة السراغنة","أولاد خلوف","1011","15882","MP","عمر الخياري","106680"
"مراكش- آسفي","قلعة السراغنة","أولاد خلوف","1011","15882","MP","ثورية بنشريفة","106715"
"مراكش- آسفي","قلعة السراغنة","أولاد خلوف","1011","15879","MP","فخر الدين ابو الطالب","1993"
"مراكش- آسفي","قلعة السراغنة","أولاد خلوف","1011","15886","MP","عبدالغني زروال","1951"
"مراكش- آسفي","قلعة السراغنة","أولاد خلوف","1011","15887","MP","نور الدين العمراني","2062"
"مراكش- آسفي","قلعة السراغنة","أولاد خلوف","1011","15881","PJD","عبد الحكيم الدحاني","15197"
"مراكش- آسفي","قلعة السراغنة","أولاد خلوف","1011","15881","PJD","فاطمة الدحاني","15225"
"مراكش- آسفي","قلعة السراغنة","أولاد خلوف","1011","15890","PJD","نزهة  الخياوي","4051"
"مراكش- آسفي","قلعة السراغنة","أولاد خلوف","1011","15880","PJD","السعيد دليمي","4181"
"مراكش- آسفي","قلعة السراغنة","أولاد خلوف","1011","15885","PJD","عبدالصادق الكرومي","15209"
"مراكش- آسفي","قلعة السراغنة","أولاد خلوف","1011","15891","PAM","عبد اللطيف واحيد","82295"
"مراكش- آسفي","قلعة السراغنة","أولاد خلوف","1011","15889","PI","محمد السويبة","1983"
"مراكش- آسفي","قلعة السراغنة","أولاد خلوف","1011","15889","PI","مرية   بنشريفة","2034"
"مراكش- آسفي","قلعة السراغنة","أولاد خلوف","1011","15888","PI","عبدالرحمان بحيح","1980"
"مراكش- آسفي","قلعة السراغنة","أولاد زراد","1036","16245","CNI","عبد العالي الخنشر","102670"
"مراكش- آسفي","قلعة السراغنة","أولاد زراد","1036","16255","CNI","محمد الطلية","97198"
"مراكش- آسفي","قلعة السراغنة","أولاد زراد","1036","16255","CNI","ميلودة العطار ","97284"
"مراكش- آسفي","قلعة السراغنة","أولاد زراد","1036","16250","CNI","محمد البازة","97183"
"مراكش- آسفي","قلعة السراغنة","أولاد زراد","1036","16250","CNI","الفضة البازة ","97462"
"مراكش- آسفي","قلعة السراغنة","أولاد زراد","1036","16246","PSU","عبد السلام العمراني","97411"
"مراكش- آسفي","قلعة السراغنة","أولاد زراد","1036","16252","CNI","احمد الباز ","97103"
"مراكش- آسفي","قلعة السراغنة","أولاد زراد","1036","16247","CNI","التهامي شفيق","102377"
"مراكش- آسفي","قلعة السراغنة","أولاد زراد","1036","16256","CNI","احمد صابر","97506"
"مراكش- آسفي","قلعة السراغنة","أولاد زراد","1036","16253","UC","الحسن الشعيبي","75154"
"مراكش- آسفي","قلعة السراغنة","أولاد زراد","1036","16244","UC","عمر الدخاص","75184"
"مراكش- آسفي","قلعة السراغنة","أولاد زراد","1036","16244","UC","رقية الركيبة","122809"
"مراكش- آسفي","قلعة السراغنة","أولاد زراد","1036","16249","UC","المصطفى الشطيبي","75507"
"مراكش- آسفي","قلعة السراغنة","أولاد زراد","1036","16254","SAP","عبد العالي دومو","97311"
"مراكش- آسفي","قلعة السراغنة","أولاد زراد","1036","16254","SAP","خدوج دومو","97123"
"مراكش- آسفي","قلعة السراغنة","أولاد زراد","1036","16251","SAP","عبد الله دومو","97371"
"مراكش- آسفي","قلعة السراغنة","أولاد زراد","1036","16248","PJD","امبارك مبتسم","21023"
"مراكش- آسفي","قلعة السراغنة","أولاد صبيح","1026","16095","MP","حميد ابو الفضل","4135"
"مراكش- آسفي","قلعة السراغنة","أولاد صبيح","1026","16090","MP","عبد العزيز مصباح ","4156"
"مراكش- آسفي","قلعة السراغنة","أولاد صبيح","1026","16088","MP","عبد العزيز لحرش","4170"
"مراكش- آسفي","قلعة السراغنة","أولاد صبيح","1026","16096","MP","عبد العزيز  الراشدي ","24752"
"مراكش- آسفي","قلعة السراغنة","أولاد صبيح","1026","16096","MP","مليكة مطيع","24727"
"مراكش- آسفي","قلعة السراغنة","أولاد صبيح","1026","16089","MP","عبد اللطيف بوشكارة","4198"
"مراكش- آسفي","قلعة السراغنة","أولاد صبيح","1026","16086","MP","ابراهيم الحر","4161"
"مراكش- آسفي","قلعة السراغنة","أولاد صبيح","1026","16087","MP","عبد الرزاق صبحي","4197"
"مراكش- آسفي","قلعة السراغنة","أولاد صبيح","1026","16087","MP","بهيجة الشقوري","4147"
"مراكش- آسفي","قلعة السراغنة","أولاد صبيح","1026","16091","MP","عبد العزيز بلكاظي","4250"
"مراكش- آسفي","قلعة السراغنة","أولاد صبيح","1026","16093","PJD","التهامي البدوي","4122"
"مراكش- آسفي","قلعة السراغنة","أولاد صبيح","1026","16093","PJD","نجية نمروش","4125"
"مراكش- آسفي","قلعة السراغنة","أولاد صبيح","1026","16094","PJD","رشيد خديد","55931"
"مراكش- آسفي","قلعة السراغنة","أولاد صبيح","1026","16094","PJD","اغزالة الحطاب","55893"
"مراكش- آسفي","قلعة السراغنة","أولاد صبيح","1026","16092","PJD","ادريس الفاطمي","8474"
"مراكش- آسفي","قلعة السراغنة","أولاد عراض","973","15399","PAM","عبد الجليل لوشاشحة","42031"
"مراكش- آسفي","قلعة السراغنة","أولاد عراض","973","15399","PAM","رشيدة بن نانة","38744"
"مراكش- آسفي","قلعة السراغنة","أولاد عراض","973","15397","PAM","عبد الرحمان ايت بن احمد","19968"
"مراكش- آسفي","قلعة السراغنة","أولاد عراض","973","15397","PAM","بوشرة  ايت الري","19573"
"مراكش- آسفي","قلعة السراغنة","أولاد عراض","973","15395","PAM","عبد المجيد جريب","19730"
"مراكش- آسفي","قلعة السراغنة","أولاد عراض","973","15395","PAM","خدوج ابدلات","19754"
"مراكش- آسفي","قلعة السراغنة","أولاد عراض","973","15402","PAM","عمر ايت الري","67272"
"مراكش- آسفي","قلعة السراغنة","أولاد عراض","973","15398","PAM","عبد الحميد مدبوحي","7835"
"مراكش- آسفي","قلعة السراغنة","أولاد عراض","973","15396","PAM","عمر حبيريط","19710"
"مراكش- آسفي","قلعة السراغنة","أولاد عراض","973","15400","PAM","عبد الرحيم ايت شليح  ","19653"
"مراكش- آسفي","قلعة السراغنة","أولاد عراض","973","15400","PAM","سومية ايت ازريب","19687"
"مراكش- آسفي","قلعة السراغنة","أولاد عراض","973","15394","PAM","عبد الاله الفاطمي","42059"
"مراكش- آسفي","قلعة السراغنة","أولاد عراض","973","15401","PAM","الهاشمي دخشون","12848"
"مراكش- آسفي","قلعة السراغنة","أولاد عراض","973","15393","PJD","المصطفى الزيتوني","12892"
"مراكش- آسفي","قلعة السراغنة","أولاد عراض","973","15403","RNI","عبد الاله بوجعادة","7620"
"مراكش- آسفي","قلعة السراغنة","أولاد عمرو","971","15377","RNI","عبد الرحيم بوقارون","90098"
"مراكش- آسفي","قلعة السراغنة","أولاد عمرو","971","15377","RNI","فاطمة لزعر","90149"
"مراكش- آسفي","قلعة السراغنة","أولاد عمرو","971","15376","RNI","عبد الرزاق عدية","89419"
"مراكش- آسفي","قلعة السراغنة","أولاد عمرو","971","15376","RNI","زهرة العسلي","89473"
"مراكش- آسفي","قلعة السراغنة","أولاد عمرو","971","15378","RNI","حميد الديابي","89999"
"مراكش- آسفي","قلعة السراغنة","أولاد عمرو","971","15379","RNI","سليمان عرفي","89588"
"مراكش- آسفي","قلعة السراغنة","أولاد عمرو","971","15372","RNI","ابراهيم ابوعلي","125031"
"مراكش- آسفي","قلعة السراغنة","أولاد عمرو","971","15371","RNI"," محمد العربي ابو علي","89546"
"مراكش- آسفي","قلعة السراغنة","أولاد عمرو","971","15380","RNI","محمد زروق","89282"
"مراكش- آسفي","قلعة السراغنة","أولاد عمرو","971","15380","RNI","فاطمة الجوهري","89341"
"مراكش- آسفي","قلعة السراغنة","أولاد عمرو","971","15381","RNI","عبد اللطيف الكوضي","89630"
"مراكش- آسفي","قلعة السراغنة","أولاد عمرو","971","15375","FFD","السعيد محفوظ","89677"
"مراكش- آسفي","قلعة السراغنة","أولاد عمرو","971","15375","FFD","حنان محفوظ","89793"
"مراكش- آسفي","قلعة السراغنة","أولاد عمرو","971","15374","FFD","الميلودي الشلحاوي","24265"
"مراكش- آسفي","قلعة السراغنة","أولاد عمرو","971","15373","FFD","محمد الشويخ","55802"
"مراكش- آسفي","قلعة السراغنة","أولاد مسعود","1014","15923","PJD","احمد البعزاوي","75716"
"مراكش- آسفي","قلعة السراغنة","أولاد مسعود","1014","15923","PJD","جميلة الصالح","100040"
"مراكش- آسفي","قلعة السراغنة","أولاد مسعود","1014","15926","PJD","محمد  الحسناوي","75453"
"مراكش- آسفي","قلعة السراغنة","أولاد مسعود","1014","15926","PJD","فاطمة الزهراء الحسناوي","100258"
"مراكش- آسفي","قلعة السراغنة","أولاد مسعود","1014","15920","PJD","عبد الكريم موكريم","75515"
"مراكش- آسفي","قلعة السراغنة","أولاد مسعود","1014","15924","PJD","اعمر المتوكل","75488"
"مراكش- آسفي","قلعة السراغنة","أولاد مسعود","1014","15925","PJD","صالح  كنوط","75588"
"مراكش- آسفي","قلعة السراغنة","أولاد مسعود","1014","15921","PJD","عبد القادر  المزيدي","75689"
"مراكش- آسفي","قلعة السراغنة","أولاد مسعود","1014","15916","PAM","محمد الاوريكة","55715"
"مراكش- آسفي","قلعة السراغنة","أولاد مسعود","1014","15916","PAM","فاتحة الاوريكة","102512"
"مراكش- آسفي","قلعة السراغنة","أولاد مسعود","1014","15922","PAM","عبدالرحمان الكز","56451"
"مراكش- آسفي","قلعة السراغنة","أولاد مسعود","1014","15918","PAM","صالح الصالحي","124775"
"مراكش- آسفي","قلعة السراغنة","أولاد مسعود","1014","15917","PAM","السعيد صادق","56490"
"مراكش- آسفي","قلعة السراغنة","أولاد مسعود","1014","15919","PI","زوهير رضوان","21001"
"مراكش- آسفي","قلعة السراغنة","أولاد مسعود","1014","15919","PI","نجات الشائب","124831"
"مراكش- آسفي","قلعة السراغنة","أولاد يعكوب","1033","16212","RNI","عامر العزبي","21179"
"مراكش- آسفي","قلعة السراغنة","أولاد يعكوب","1033","16212","RNI","بوشرة فهمي","21207"
"مراكش- آسفي","قلعة السراغنة","أولاد يعكوب","1033","16208","RNI","عبد الحق الرازي","6824"
"مراكش- آسفي","قلعة السراغنة","أولاد يعكوب","1033","16208","RNI","اميمة الرازي","6826"
"مراكش- آسفي","قلعة السراغنة","أولاد يعكوب","1033","16207","RNI","الجيلالي عبد الوارت","21096"
"مراكش- آسفي","قلعة السراغنة","أولاد يعكوب","1033","16211","RNI","عبدالاله الرضى","47315"
"مراكش- آسفي","قلعة السراغنة","أولاد يعكوب","1033","16210","RNI","عبد الله الهيشر","21154"
"مراكش- آسفي","قلعة السراغنة","أولاد يعكوب","1033","16209","RNI","عبد الغني الزهري","21138"
"مراكش- آسفي","قلعة السراغنة","أولاد يعكوب","1033","16215","PAM","عبد الله الريضى","78284"
"مراكش- آسفي","قلعة السراغنة","أولاد يعكوب","1033","16215","PAM","قاطمة الزهراء الريضى","78380"
"مراكش- آسفي","قلعة السراغنة","أولاد يعكوب","1033","16214","PAM","المصطفى المسعودي","78353"
"مراكش- آسفي","قلعة السراغنة","أولاد يعكوب","1033","16214","PAM","امال الطير","78419"
"مراكش- آسفي","قلعة السراغنة","أولاد يعكوب","1033","16216","PAM","رحال سعداوي","46732"
"مراكش- آسفي","قلعة السراغنة","أولاد يعكوب","1033","16213","PAM","محمد عبد الهادي ايت الطالب","46519"
"مراكش- آسفي","قلعة السراغنة","أولاد يعكوب","1033","16217","PAM","احمد البوعناني","46815"
"مراكش- آسفي","قلعة السراغنة","اجبيل","681","10638","RNI","عبد المنعم الطوسي","28850"
"مراكش- آسفي","قلعة السراغنة","اجبيل","681","10638","RNI","الرحالية حيدة","28829"
"مراكش- آسفي","قلعة السراغنة","اجبيل","681","10635","RNI","الطاهر الحموني","36307"
"مراكش- آسفي","قلعة السراغنة","اجبيل","681","10635","RNI","اغزالة العامري","14034"
"مراكش- آسفي","قلعة السراغنة","اجبيل","681","10639","RNI","عبد العزيز المرسلي ","4542"
"مراكش- آسفي","قلعة السراغنة","اجبيل","681","10637","RNI","محمد المتوكل","4543"
"مراكش- آسفي","قلعة السراغنة","اجبيل","681","10640","RNI","احمد الزهراوي","4541"
"مراكش- آسفي","قلعة السراغنة","اجبيل","681","10642","RNI","احمد لشهب ","13992"
"مراكش- آسفي","قلعة السراغنة","اجبيل","681","10641","RNI","البدالي عابد","4523"
"مراكش- آسفي","قلعة السراغنة","اجبيل","681","10645","RNI","بوجمعة  الفن","4526"
"مراكش- آسفي","قلعة السراغنة","اجبيل","681","10643","PAM","احمد المكاوي","133004"
"مراكش- آسفي","قلعة السراغنة","اجبيل","681","10643","PAM","سكينة قديري","68014"
"مراكش- آسفي","قلعة السراغنة","اجبيل","681","10647","PAM","البدالي  الابيض","50294"
"مراكش- آسفي","قلعة السراغنة","اجبيل","681","10636","PJD","عبد الكريم استوتو","113524"
"مراكش- آسفي","قلعة السراغنة","اجبيل","681","10636","PJD","كريمة لصبهاني","51155"
"مراكش- آسفي","قلعة السراغنة","اجبيل","681","10644","PJD","حميد لشقر","50610"
"مراكش- آسفي","قلعة السراغنة","اجبيل","681","10646","PI","احمد السملالي","50383"
"مراكش- آسفي","قلعة السراغنة","ادزوز","474","7404","PI","عبد المولى العماري","12607"
"مراكش- آسفي","قلعة السراغنة","ادزوز","474","7408","PI","عبد اللطيف الشطيبي","56214"
"مراكش- آسفي","قلعة السراغنة","ادزوز","474","7408","PI","الكادة شنتار","56285"
"مراكش- آسفي","قلعة السراغنة","ادزوز","474","7398","PI","عبد الفتاح لكراري ","7238"
"مراكش- آسفي","قلعة السراغنة","ادزوز","474","7396","PI","لفضالي الفيلية","30253"
"مراكش- آسفي","قلعة السراغنة","ادزوز","474","7396","PI","سكينة  لشهب ","30275"
"مراكش- آسفي","قلعة السراغنة","ادزوز","474","7401","PI","عمر ايت الفقيرة","7216"
"مراكش- آسفي","قلعة السراغنة","ادزوز","474","7400","PI","السعيد الوافي","2865"
"مراكش- آسفي","قلعة السراغنة","ادزوز","474","7406","PI","محمد العماري","12591"
"مراكش- آسفي","قلعة السراغنة","ادزوز","474","7405","PI","عبد الجليل بنشطيبية","12530"
"مراكش- آسفي","قلعة السراغنة","ادزوز","474","7403","PI","المكي العسري","12558"
"مراكش- آسفي","قلعة السراغنة","ادزوز","474","7403","PI","فاطمة بوشحمة","12636"
"مراكش- آسفي","قلعة السراغنة","ادزوز","474","7399","PI","احمد طلحة","2917"
"مراكش- آسفي","قلعة السراغنة","ادزوز","474","7397","PI","مصطفى الركيطي","57605"
"مراكش- آسفي","قلعة السراغنة","ادزوز","474","7397","PI","نورة الابيض","57528"
"مراكش- آسفي","قلعة السراغنة","ادزوز","474","7402","PAM","عبد الهادي رزوق","56465"
"مراكش- آسفي","قلعة السراغنة","ادزوز","474","7407","PJD","عبد المولى رزوق","124257"
"مراكش- آسفي","قلعة السراغنة","ازنادة","1541","24128","MP","احمد العيمش","113015"
"مراكش- آسفي","قلعة السراغنة","ازنادة","1541","24128","MP","عزيزة بابا","113158"
"مراكش- آسفي","قلعة السراغنة","ازنادة","1541","24129","MP","عبدالكبير الراشدي","90621"
"مراكش- آسفي","قلعة السراغنة","ازنادة","1541","24129","MP","لطيفة الراشدي","90771"
"مراكش- آسفي","قلعة السراغنة","ازنادة","1541","24127","MP","المكي لعداري","56447"
"مراكش- آسفي","قلعة السراغنة","ازنادة","1541","24127","MP","جميلة  الرباع","56571"
"مراكش- آسفي","قلعة السراغنة","ازنادة","1541","24121","PJD","عبد الرحمان الزوزي","113149"
"مراكش- آسفي","قلعة السراغنة","ازنادة","1541","24125","PJD","عبد العالي الرباعي","55965"
"مراكش- آسفي","قلعة السراغنة","ازنادة","1541","24124","PJD","العربي هلالي","112857"
"مراكش- آسفي","قلعة السراغنة","ازنادة","1541","24119","PJD","السعيد السلامي","55996"
"مراكش- آسفي","قلعة السراغنة","ازنادة","1541","24120","PJD","خليفة قشقاش","56227"
"مراكش- آسفي","قلعة السراغنة","ازنادة","1541","24122","PJD","عبدالفتاح الزوزي","113274"
"مراكش- آسفي","قلعة السراغنة","ازنادة","1541","24126","RNI","عبد الغني الشابي","47569"
"مراكش- آسفي","قلعة السراغنة","ازنادة","1541","24126","RNI","الزهرة زروال","47400"
"مراكش- آسفي","قلعة السراغنة","ازنادة","1541","24123","PAM","عبد الفتاح حفيان  الراس ","56110"
"مراكش- آسفي","قلعة السراغنة","الجوالة","689","10781","RNI","المختار بنفائدة","81625"
"مراكش- آسفي","قلعة السراغنة","الجوالة","689","10781","RNI","ليلى اعميرة","81712"
"مراكش- آسفي","قلعة السراغنة","الجوالة","689","10776","RNI","نورالدين  الهردة","81958"
"مراكش- آسفي","قلعة السراغنة","الجوالة","689","10776","RNI","مليكة بوعناني","81552"
"مراكش- آسفي","قلعة السراغنة","الجوالة","689","10783","RNI","رحال اكريران","110213"
"مراكش- آسفي","قلعة السراغنة","الجوالة","689","10783","RNI","السعدية بودلعة","109898"
"مراكش- آسفي","قلعة السراغنة","الجوالة","689","10785","RNI","عبدالكبير البحر ","82052"
"مراكش- آسفي","قلعة السراغنة","الجوالة","689","10773","RNI","فتيح بوكلة","81763"
"مراكش- آسفي","قلعة السراغنة","الجوالة","689","10782","RNI","محمد اعويناتي","81614"
"مراكش- آسفي","قلعة السراغنة","الجوالة","689","10774","RNI","عبد الرحيم الصالحي","82090"
"مراكش- آسفي","قلعة السراغنة","الجوالة","689","10784","RNI","حسن اعريوش","111367"
"مراكش- آسفي","قلعة السراغنة","الجوالة","689","10780","RNI","عبداللطيف كاينو","81549"
"مراكش- آسفي","قلعة السراغنة","الجوالة","689","10778","RNI","السعيد البغدادي","81948"
"مراكش- آسفي","قلعة السراغنة","الجوالة","689","10777","RNI","محمد الحجام","81707"
"مراكش- آسفي","قلعة السراغنة","الجوالة","689","10775","PJD","عبد الرحيم لطرش","38678"
"مراكش- آسفي","قلعة السراغنة","الجوالة","689","10779","PAM","الذهبي الزاهر","38607"
"مراكش- آسفي","قلعة السراغنة","الجوالة","689","10779","PAM","سعاد الزاهر","38621"
"مراكش- آسفي","قلعة السراغنة","الدشرة","478","7469","PJD","رشيد اعليو","37796"
"مراكش- آسفي","قلعة السراغنة","الدشرة","478","7470","PJD"," المهدي سعيد","20952"
"مراكش- آسفي","قلعة السراغنة","الدشرة","478","7471","PJD","خاليد الشوبي","20959"
"مراكش- آسفي","قلعة السراغنة","الدشرة","478","7468","PJD","المصطفى سعدان","20967"
"مراكش- آسفي","قلعة السراغنة","الدشرة","478","7475","PSU","علال  فخر الدين","29896"
"مراكش- آسفي","قلعة السراغنة","الدشرة","478","7474","PSU","محمد الناصري","29574"
"مراكش- آسفي","قلعة السراغنة","الدشرة","478","7474","PSU","امينة فخر الدين","124774"
"مراكش- آسفي","قلعة السراغنة","الدشرة","478","27494","PAM","المصطفى لهلالي","90223"
"مراكش- آسفي","قلعة السراغنة","الدشرة","478","7477","USFP","سعيد بوحديدي","37854"
"مراكش- آسفي","قلعة السراغنة","الدشرة","478","7477","USFP","نزهة الشعبي","37912"
"مراكش- آسفي","قلعة السراغنة","الدشرة","478","7476","USFP","جواد  النواح","38017"
"مراكش- آسفي","قلعة السراغنة","الدشرة","478","27495","FFD","محمد الهردة","29609"
"مراكش- آسفي","قلعة السراغنة","الدشرة","478","7473","PPS","عبد الجليل شاكر","56059"
"مراكش- آسفي","قلعة السراغنة","الدشرة","478","7473","PPS","رشيدة العوميري","124701"
"مراكش- آسفي","قلعة السراغنة","الدشرة","478","7472","PPS","عبد الخالق زرورة","55949"
"مراكش- آسفي","قلعة السراغنة","الدشرة","478","7478","PI","المولودي بن رزوق","55836"
"مراكش- آسفي","قلعة السراغنة","الدشرة","478","7478","PI","الزهرة الزهراوي","124720"
"مراكش- آسفي","قلعة السراغنة","الرافعية","524","8224","RNI","احمد انواري ","56048"
"مراكش- آسفي","قلعة السراغنة","الرافعية","524","8224","RNI","خديجة الشرقي","56022"
"مراكش- آسفي","قلعة السراغنة","الرافعية","524","8223","RNI","عبد اللطيف البوشيخي ","75413"
"مراكش- آسفي","قلعة السراغنة","الرافعية","524","8231","RNI","عبد الكبير خيي","38247"
"مراكش- آسفي","قلعة السراغنة","الرافعية","524","8225","RNI","الجيلالي الحسناوي","13401"
"مراكش- آسفي","قلعة السراغنة","الرافعية","524","8226","RNI","سعيد ايت الفقيه","55997"
"مراكش- آسفي","قلعة السراغنة","الرافعية","524","8228","RNI","موسى ناجي","12048"
"مراكش- آسفي","قلعة السراغنة","الرافعية","524","8222","RNI","عبد الواحد الفاضلي","75657"
"مراكش- آسفي","قلعة السراغنة","الرافعية","524","8230","PAM","محمد الفائز","56125"
"مراكش- آسفي","قلعة السراغنة","الرافعية","524","8230","PAM","رابحة الزاهري","56151"
"مراكش- آسفي","قلعة السراغنة","الرافعية","524","8227","PAM","عبد الرحيم الرافعي","56312"
"مراكش- آسفي","قلعة السراغنة","الرافعية","524","8227","PAM","حفيظة الناصري","56348"
"مراكش- آسفي","قلعة السراغنة","الرافعية","524","8229","PAM","عبد الله  الرافعي","55782"
"مراكش- آسفي","قلعة السراغنة","الرافعية","524","8232","MP","خالد الكوضي","85162"
"مراكش- آسفي","قلعة السراغنة","الرافعية","524","8232","MP","فاطمة الرافعي","85291"
"مراكش- آسفي","قلعة السراغنة","الشطيبة","445","6892","RNI","حميد  الدهبي","19866"
"مراكش- آسفي","قلعة السراغنة","الشطيبة","445","6892","RNI","حكيمة المالكي","19882"
"مراكش- آسفي","قلعة السراغنة","الشطيبة","445","6896","RNI","عبد الغني فتحي","13068"
"مراكش- آسفي","قلعة السراغنة","الشطيبة","445","6897","RNI","رحال لعناية","13599"
"مراكش- آسفي","قلعة السراغنة","الشطيبة","445","6897","RNI","السعدية لعناية","13359"
"مراكش- آسفي","قلعة السراغنة","الشطيبة","445","6893","RNI","عبد القادر عزيز","13063"
"مراكش- آسفي","قلعة السراغنة","الشطيبة","445","6890","RNI","المصطفى لكعيوة","13362"
"مراكش- آسفي","قلعة السراغنة","الشطيبة","445","6901","RNI","محمد المسعودي","19678"
"مراكش- آسفي","قلعة السراغنة","الشطيبة","445","6894","RNI","عبد الله الغزالي","13608"
"مراكش- آسفي","قلعة السراغنة","الشطيبة","445","6895","RNI","محمد الكحل","8424"
"مراكش- آسفي","قلعة السراغنة","الشطيبة","445","6900","PAM","المصطفى  السالمي","19789"
"مراكش- آسفي","قلعة السراغنة","الشطيبة","445","6900","PAM","عزيزة السالمي","19808"
"مراكش- آسفي","قلعة السراغنة","الشطيبة","445","6899","PAM","احمد الغربالي","19732"
"مراكش- آسفي","قلعة السراغنة","الشطيبة","445","6898","PAM","محمد ندير","126008"
"مراكش- آسفي","قلعة السراغنة","الشطيبة","445","6891","MP","الميلودي البهلي","55656"
"مراكش- آسفي","قلعة السراغنة","الشطيبة","445","6891","MP","ليلى البوعناني","55673"
"مراكش- آسفي","قلعة السراغنة","الشطيبة","445","6889","PI","صالح احديدوا","55814"
"مراكش- آسفي","قلعة السراغنة","الشعراء","440","6812","PAM","المصطفى عامري","66895"
"مراكش- آسفي","قلعة السراغنة","الشعراء","440","6812","PAM","خديجة الفاطمي","67326"
"مراكش- آسفي","قلعة السراغنة","الشعراء","440","6813","PAM","بوشعيب البكار","51453"
"مراكش- آسفي","قلعة السراغنة","الشعراء","440","6813","PAM","خديجة لكرويز","51672"
"مراكش- آسفي","قلعة السراغنة","الشعراء","440","6815","PAM","عبدالجليل العباسي","66768"
"مراكش- آسفي","قلعة السراغنة","الشعراء","440","6815","PAM","جميلة العباسي","66801"
"مراكش- آسفي","قلعة السراغنة","الشعراء","440","6814","PAM","منير العلاوي","42573"
"مراكش- آسفي","قلعة السراغنة","الشعراء","440","6822","PAM","رشيد هاشم","51074"
"مراكش- آسفي","قلعة السراغنة","الشعراء","440","6823","PAM","عبد الجليل لمحمدي","66548"
"مراكش- آسفي","قلعة السراغنة","الشعراء","440","6817","MP","يوسف اركيك ","90361"
"مراكش- آسفي","قلعة السراغنة","الشعراء","440","6817","MP","تاجة البيصوري","90418"
"مراكش- آسفي","قلعة السراغنة","الشعراء","440","6820","MP","عمر الضيف","90862"
"مراكش- آسفي","قلعة السراغنة","الشعراء","440","6819","MP","عبد الرحيم علالي","90648"
"مراكش- آسفي","قلعة السراغنة","الشعراء","440","6816","MP","جمال الكرام","89742"
"مراكش- آسفي","قلعة السراغنة","الشعراء","440","6818","MP","المختار مكوكي","90464"
"مراكش- آسفي","قلعة السراغنة","الشعراء","440","6824","PI","عمر الحيدودي","26505"
"مراكش- آسفي","قلعة السراغنة","الشعراء","440","6821","PPS","محمد الزريبات","66595"
"مراكش- آسفي","قلعة السراغنة","الصهريج","250","3749","PJD","خاليد الغريب","74955"
"مراكش- آسفي","قلعة السراغنة","الصهريج","250","3749","PJD","سلوى المزواري","74973"
"مراكش- آسفي","قلعة السراغنة","الصهريج","250","3741","PJD","رشيد اسمعين","75120"
"مراكش- آسفي","قلعة السراغنة","الصهريج","250","3741","PJD","سعاد صادق","75967"
"مراكش- آسفي","قلعة السراغنة","الصهريج","250","3738","PJD","عبد الرزاق حيدة","15163"
"مراكش- آسفي","قلعة السراغنة","الصهريج","250","3738","PJD","سميرة حيدة","15285"
"مراكش- آسفي","قلعة السراغنة","الصهريج","250","3752","PJD","بوشعيب جناح","36018"
"مراكش- آسفي","قلعة السراغنة","الصهريج","250","27452","PJD","عبد العزيز  لمقس","7958"
"مراكش- آسفي","قلعة السراغنة","الصهريج","250","27456","PJD","محمد صادق","90945"
"مراكش- آسفي","قلعة السراغنة","الصهريج","250","3740","PJD","عبد الخالق النصاري","36251"
"مراكش- آسفي","قلعة السراغنة","الصهريج","250","3739","PJD","محمد لكحل","37785"
"مراكش- آسفي","قلعة السراغنة","الصهريج","250","3751","PJD","رشيد ناجم","1909"
"مراكش- آسفي","قلعة السراغنة","الصهريج","250","3750","PJD","حمزة الموحدي","90875"
"مراكش- آسفي","قلعة السراغنة","الصهريج","250","3747","PJD","لحبيب اعمر","36092"
"مراكش- آسفي","قلعة السراغنة","الصهريج","250","3748","PJD","عبد الخالق هردبوا","90582"
"مراكش- آسفي","قلعة السراغنة","الصهريج","250","3748","PJD","بشرى محمدي","91216"
"مراكش- آسفي","قلعة السراغنة","الصهريج","250","27457","PJD","عبدالاله ناجم","75026"
"مراكش- آسفي","قلعة السراغنة","الصهريج","250","3744","PAM","كمال اقويدة","37707"
"مراكش- آسفي","قلعة السراغنة","الصهريج","250","27453","PAM","لحبيب الحمداوي","26615"
"مراكش- آسفي","قلعة السراغنة","الصهريج","250","3746","PAM","الحسن الطويل","26596"
"مراكش- آسفي","قلعة السراغنة","الصهريج","250","3742","PAM","السعيد  الخراك","26606"
"مراكش- آسفي","قلعة السراغنة","الصهريج","250","3743","PAM","محمد رابح","90984"
"مراكش- آسفي","قلعة السراغنة","الصهريج","250","27450","PAM","محمد اشحيم","15268"
"مراكش- آسفي","قلعة السراغنة","الصهريج","250","27455","PAM","عبد الغاني سكوم","15214"
"مراكش- آسفي","قلعة السراغنة","الصهريج","250","27454","PSU","عبد الوهاب الميلالي","75015"
"مراكش- آسفي","قلعة السراغنة","الصهريج","250","27451","FFD","محمد كركر","3972"
"مراكش- آسفي","قلعة السراغنة","الصهريج","250","3745","PPS","عبد الرزاق السعيدي","75052"
"مراكش- آسفي","قلعة السراغنة","العامرية","481","7520","PRE","المولودي الابيض","43061"
"مراكش- آسفي","قلعة السراغنة","العامرية","481","7520","PRE","حليمة الجواد","42973"
"مراكش- آسفي","قلعة السراغنة","العامرية","481","7514","PRE","عبد العالي محمد هلالي","74958"
"مراكش- آسفي","قلعة السراغنة","العامرية","481","7523","PRE","حميد اتريعي","52190"
"مراكش- آسفي","قلعة السراغنة","العامرية","481","7521","PRE","علال الشوبي","51627"
"مراكش- آسفي","قلعة السراغنة","العامرية","481","7515","RNI","محمد  العباسي  ","4492"
"مراكش- آسفي","قلعة السراغنة","العامرية","481","7518","RNI","عبد القادر الخروبي ","15331"
"مراكش- آسفي","قلعة السراغنة","العامرية","481","7518","RNI","نعيمة عطيف","15315"
"مراكش- آسفي","قلعة السراغنة","العامرية","481","7516","RNI","احمد الهازلي","15317"
"مراكش- آسفي","قلعة السراغنة","العامرية","481","7522","RNI","حسن نادر","15346"
"مراكش- آسفي","قلعة السراغنة","العامرية","481","7522","RNI","فاتحة الزهيري","15366"
"مراكش- آسفي","قلعة السراغنة","العامرية","481","7519","RNI","الكبير البيضاوي","4441"
"مراكش- آسفي","قلعة السراغنة","العامرية","481","7517","RNI","عزيز الشاوي","4468"
"مراكش- آسفي","قلعة السراغنة","العامرية","481","7525","PAM","محمد الطاهري ","8372"
"مراكش- آسفي","قلعة السراغنة","العامرية","481","7525","PAM","الزاهية الطاهري","8400"
"مراكش- آسفي","قلعة السراغنة","العامرية","481","7513","PAM","البشير فهمي","19961"
"مراكش- آسفي","قلعة السراغنة","العامرية","481","7524","PAM","عبد العزيز الزهري","43167"
"مراكش- آسفي","قلعة السراغنة","العثامنة","741","11657","RNI","يوسف بوعتمان","57147"
"مراكش- آسفي","قلعة السراغنة","العثامنة","741","11657","RNI","نادية الموح","57112"
"مراكش- آسفي","قلعة السراغنة","العثامنة","741","11665","RNI","خليفة الابيض","125130"
"مراكش- آسفي","قلعة السراغنة","العثامنة","741","11665","RNI","صباح بوعتمان","125282"
"مراكش- آسفي","قلعة السراغنة","العثامنة","741","11663","RNI","ابراهيم الطلحي","34977"
"مراكش- آسفي","قلعة السراغنة","العثامنة","741","11659","RNI","عبيد القرافلي","34716"
"مراكش- آسفي","قلعة السراغنة","العثامنة","741","11659","RNI","فاتحة العداو","34770"
"مراكش- آسفي","قلعة السراغنة","العثامنة","741","11669","RNI","عباس الابيض","20905"
"مراكش- آسفي","قلعة السراغنة","العثامنة","741","11664","RNI","المصطفى اميح","30205"
"مراكش- آسفي","قلعة السراغنة","العثامنة","741","11658","RNI","عبد الرحيم زيان","56975"
"مراكش- آسفي","قلعة السراغنة","العثامنة","741","11661","PAM","الحنفي العطار","19983"
"مراكش- آسفي","قلعة السراغنة","العثامنة","741","11661","PAM","رشيدة العطار","20869"
"مراكش- آسفي","قلعة السراغنة","العثامنة","741","11667","PAM","زهير الفحلي","20891"
"مراكش- آسفي","قلعة السراغنة","العثامنة","741","11666","PAM","عبد النبي ايت بعيسى","20885"
"مراكش- آسفي","قلعة السراغنة","العثامنة","741","11662","PAM","محمد اخي","20875"
"مراكش- آسفي","قلعة السراغنة","العثامنة","741","11660","PI","حاميد الفقير","56384"
"مراكش- آسفي","قلعة السراغنة","العثامنة","741","11668","USFP","عبد الرزاق اكسيكسوا","56556"
"مراكش- آسفي","قلعة السراغنة","العطاوية","744","25581","PAM","عبد الرزاق الورزازي","25376"
"مراكش- آسفي","قلعة السراغنة","العطاوية","744","25582","PAM","ياسين علالي","25119"
"مراكش- آسفي","قلعة السراغنة","العطاوية","744","11706","PAM","احمد دشري","25366"
"مراكش- آسفي","قلعة السراغنة","العطاوية","744","11700","PAM","محمدعبدالهادي فوزي","46413"
"مراكش- آسفي","قلعة السراغنة","العطاوية","744","11700","PAM","فاطمة الزهراء اسكور","46180"
"مراكش- آسفي","قلعة السراغنة","العطاوية","744","25586","PAM","محمد  بدر الدين","26517"
"مراكش- آسفي","قلعة السراغنة","العطاوية","744","25586","PAM","فاطمة الزهراء الريحاني","26520"
"مراكش- آسفي","قلعة السراغنة","العطاوية","744","25587","PAM","احمد الريحاني","26513"
"مراكش- آسفي","قلعة السراغنة","العطاوية","744","25587","PAM","اسماء بدر الدين","25436"
"مراكش- آسفي","قلعة السراغنة","العطاوية","744","11704","PAM","عباس بن موسى ","25331"
"مراكش- آسفي","قلعة السراغنة","العطاوية","744","11708","PAM","حسن ازمي","46652"
"مراكش- آسفي","قلعة السراغنة","العطاوية","744","11708","PAM","حياة اوعزو","120109"
"مراكش- آسفي","قلعة السراغنة","العطاوية","744","25579","PAM","عبد الرحيم بوجو","88103"
"مراكش- آسفي","قلعة السراغنة","العطاوية","744","25584","PAM","محمد  بدرالدين","25241"
"مراكش- آسفي","قلعة السراغنة","العطاوية","744","25583","PAM","رحال حلحال","25407"
"مراكش- آسفي","قلعة السراغنة","العطاوية","744","11712","PAM","شراف  عو","25292"
"مراكش- آسفي","قلعة السراغنة","العطاوية","744","25580","PAM","عمر لحمادني ","26518"
"مراكش- آسفي","قلعة السراغنة","العطاوية","744","11703","PAM","عبدالكبير فوزي","25065"
"مراكش- آسفي","قلعة السراغنة","العطاوية","744","11702","PAM","يوسف بقلول","25162"
"مراكش- آسفي","قلعة السراغنة","العطاوية","744","11711","PAM","عبد المجيد سدون","26514"
"مراكش- آسفي","قلعة السراغنة","العطاوية","744","11710","PAM","يوسف  علالي","87902"
"مراكش- آسفي","قلعة السراغنة","العطاوية","744","11709","PAM","عبد الاله سدون ","30180"
"مراكش- آسفي","قلعة السراغنة","العطاوية","744","11707","PAM","الهاشمي مسهول","25409"
"مراكش- آسفي","قلعة السراغنة","العطاوية","744","11701","PJD","عماد حيداوي","87991"
"مراكش- آسفي","قلعة السراغنة","العطاوية","744","25585","PPS","عادل  بدرالدين","75632"
"مراكش- آسفي","قلعة السراغنة","العطاوية","744","11705","PPS","كمال الطاهري ","87094"
"مراكش- آسفي","قلعة السراغنة","العطاوية","744","27555","PI","محمد   بلفاسي","55829"
"مراكش- آسفي","قلعة السراغنة","العطاوية","744","27554","USFP","خليفة ايت الطالب","46825"
"مراكش- آسفي","قلعة السراغنة","العطاوية","744","25578","USFP","عبدالكبير الزنزاني","112011"
"مراكش- آسفي","قلعة السراغنة","العطاوية الشعيبية","745","11719","PAM","عبد الجليل العلاوي","19853"
"مراكش- آسفي","قلعة السراغنة","العطاوية الشعيبية","745","11719","PAM","نجاة الماكني","19865"
"مراكش- آسفي","قلعة السراغنة","العطاوية الشعيبية","745","11722","PAM","العربي شعيج","42419"
"مراكش- آسفي","قلعة السراغنة","العطاوية الشعيبية","745","11722","PAM","حكيمة بلقايد","47146"
"مراكش- آسفي","قلعة السراغنة","العطاوية الشعيبية","745","11718","PAM","عبد  الوهاب فتحي","19787"
"مراكش- آسفي","قلعة السراغنة","العطاوية الشعيبية","745","11718","PAM","ابتسام الحوزي","19801"
"مراكش- آسفي","قلعة السراغنة","العطاوية الشعيبية","745","11715","PAM","احمد اسنينة","12999"
"مراكش- آسفي","قلعة السراغنة","العطاوية الشعيبية","745","11713","PAM","التجاني العرش ","25326"
"مراكش- آسفي","قلعة السراغنة","العطاوية الشعيبية","745","11720","PAM","البشير سدون","19812"
"مراكش- آسفي","قلعة السراغنة","العطاوية الشعيبية","745","11714","PAM","عبد العاطي لغفيري","13038"
"مراكش- آسفي","قلعة السراغنة","العطاوية الشعيبية","745","11721","PAM","ادريس الدباح","19829"
"مراكش- آسفي","قلعة السراغنة","العطاوية الشعيبية","745","11716","PJD","احمد شامي","13195"
"مراكش- آسفي","قلعة السراغنة","العطاوية الشعيبية","745","11716","PJD","نورة القوسي ","13098"
"مراكش- آسفي","قلعة السراغنة","العطاوية الشعيبية","745","11717","PJD","عبد الرحمان خليل","25355"
"مراكش- آسفي","قلعة السراغنة","العطاوية الشعيبية","745","11723","RNI","الحسن الموازر","12959"
"مراكش- آسفي","قلعة السراغنة","المربوح","508","7979","PPS","العياشي الفرفار","29434"
"مراكش- آسفي","قلعة السراغنة","المربوح","508","7976","PPS","سعيد المنوني","8322"
"مراكش- آسفي","قلعة السراغنة","المربوح","508","7978","PPS","عبدالغني السحير","63321"
"مراكش- آسفي","قلعة السراغنة","المربوح","508","7978","PPS","غيتة الحياني","63393"
"مراكش- آسفي","قلعة السراغنة","المربوح","508","7974","PPS","عبدالكبير العبادي","28623"
"مراكش- آسفي","قلعة السراغنة","المربوح","508","7984","PPS","بومحمد معط الله","8750"
"مراكش- آسفي","قلعة السراغنة","المربوح","508","7980","PPS","رحال ابراروش","8390"
"مراكش- آسفي","قلعة السراغنة","المربوح","508","7977","PPS","رضوان بنعيدة","8348"
"مراكش- آسفي","قلعة السراغنة","المربوح","508","27498","PPS","احمد بوجي","29476"
"مراكش- آسفي","قلعة السراغنة","المربوح","508","7975","PPS","عبد النبي الطاهري","8563"
"مراكش- آسفي","قلعة السراغنة","المربوح","508","7981","CNI","سعيد مومن","121729"
"مراكش- آسفي","قلعة السراغنة","المربوح","508","7981","CNI","سعاد جبار","121778"
"مراكش- آسفي","قلعة السراغنة","المربوح","508","7982","CNI","الرحالي ادويدة","4361"
"مراكش- آسفي","قلعة السراغنة","المربوح","508","27499","RNI","سعيد قادري","74966"
"مراكش- آسفي","قلعة السراغنة","المربوح","508","27499","RNI","زهيرة السعدي","74940"
"مراكش- آسفي","قلعة السراغنة","المربوح","508","7983","PJD","احمد  العطار","47550"
"مراكش- آسفي","قلعة السراغنة","المربوح","508","7983","PJD","لطيفة المنوني","47500"
"مراكش- آسفي","قلعة السراغنة","الهيادنة","598","9472","PAM","سالم عيشوش","20943"
"مراكش- آسفي","قلعة السراغنة","الهيادنة","598","9472","PAM","فوزية جمال","20945"
"مراكش- آسفي","قلعة السراغنة","الهيادنة","598","9470","PAM","محمد المعطاوي","14001"
"مراكش- آسفي","قلعة السراغنة","الهيادنة","598","9470","PAM","رجاء العمري","14058"
"مراكش- آسفي","قلعة السراغنة","الهيادنة","598","9471","PAM","محمد لمنور","20934"
"مراكش- آسفي","قلعة السراغنة","الهيادنة","598","9471","PAM","الزيتونية المتلبي","20939"
"مراكش- آسفي","قلعة السراغنة","الهيادنة","598","9466","PAM","عمر الجديد","14003"
"مراكش- آسفي","قلعة السراغنة","الهيادنة","598","9475","PAM","محمد  الباز","20961"
"مراكش- آسفي","قلعة السراغنة","الهيادنة","598","9476","PAM","محمد ذاكر","20968"
"مراكش- آسفي","قلعة السراغنة","الهيادنة","598","9477","PAM","الصديق العابيد","20977"
"مراكش- آسفي","قلعة السراغنة","الهيادنة","598","9467","PAM","رحال المعطاوي","13975"
"مراكش- آسفي","قلعة السراغنة","الهيادنة","598","9468","PAM","عبدالرحيم الباز","14056"
"مراكش- آسفي","قلعة السراغنة","الهيادنة","598","9469","PAM","عبدالمولى الباز","14035"
"مراكش- آسفي","قلعة السراغنة","الهيادنة","598","9478","PPS","المختار السكراتي","75730"
"مراكش- آسفي","قلعة السراغنة","الهيادنة","598","9478","PPS","مزوارة شهيد","121405"
"مراكش- آسفي","قلعة السراغنة","الهيادنة","598","9473","PJD","عمر الشتوي","24683"
"مراكش- آسفي","قلعة السراغنة","الهيادنة","598","9474","USFP","عبد الجليل البياض","55718"
"مراكش- آسفي","قلعة السراغنة","الواد لخضر","802","12661","PAM","المولودي عيساوي","26585"
"مراكش- آسفي","قلعة السراغنة","الواد لخضر","802","12661","PAM","كريمة  حلوم ","26578"
"مراكش- آسفي","قلعة السراغنة","الواد لخضر","802","12666","PAM","عبد المجيد مساعيد","28694"
"مراكش- آسفي","قلعة السراغنة","الواد لخضر","802","12666","PAM","سارة علوان","28735"
"مراكش- آسفي","قلعة السراغنة","الواد لخضر","802","12664","PAM","يوسف  الكومي","26637"
"مراكش- آسفي","قلعة السراغنة","الواد لخضر","802","12662","PAM","الحسن الحمري","26790"
"مراكش- آسفي","قلعة السراغنة","الواد لخضر","802","12669","PAM","نور الدين البحراوي","26677"
"مراكش- آسفي","قلعة السراغنة","الواد لخضر","802","12660","PAM","احمد الخضيري","26571"
"مراكش- آسفي","قلعة السراغنة","الواد لخضر","802","12663","PAM","عمر صابر","26611"
"مراكش- آسفي","قلعة السراغنة","الواد لخضر","802","12663","PAM","نعيمة قيشو","27036"
"مراكش- آسفي","قلعة السراغنة","الواد لخضر","802","12665","PAM","عزيز اعمارة","26659"
"مراكش- آسفي","قلعة السراغنة","الواد لخضر","802","12672","PAM","الفائزة السملالي","26623"
"مراكش- آسفي","قلعة السراغنة","الواد لخضر","802","12671","PAM","عبد الصمد العلواني","26550"
"مراكش- آسفي","قلعة السراغنة","الواد لخضر","802","12668","PAM","الحسن الكحلاوي","28776"
"مراكش- آسفي","قلعة السراغنة","الواد لخضر","802","12670","PI","حميد حسان","90965"
"مراكش- آسفي","قلعة السراغنة","الواد لخضر","802","12670","PI","كنزة حسان","91044"
"مراكش- آسفي","قلعة السراغنة","الواد لخضر","802","12667","USFP","محمد بوركبة","90519"
"مراكش- آسفي","قلعة السراغنة","بوي عمر","419","6489","PAM","محمد الكح","42128"
"مراكش- آسفي","قلعة السراغنة","بوي عمر","419","6489","PAM","نورة الشضمي","35355"
"مراكش- آسفي","قلعة السراغنة","بوي عمر","419","6488","PAM","الهاشمي الزين","57020"
"مراكش- آسفي","قلعة السراغنة","بوي عمر","419","6488","PAM","بوشرة محفوظ","51954"
"مراكش- آسفي","قلعة السراغنة","بوي عمر","419","6475","PAM","عمر المجناوي","57662"
"مراكش- آسفي","قلعة السراغنة","بوي عمر","419","6475","PAM","سعاد الباهي","57703"
"مراكش- آسفي","قلعة السراغنة","بوي عمر","419","6483","PAM","ميلود الحواصي","51929"
"مراكش- آسفي","قلعة السراغنة","بوي عمر","419","6484","PAM","عبد العزيز كميح","35617"
"مراكش- آسفي","قلعة السراغنة","بوي عمر","419","6479","PAM","محمد الحيداوي ","87760"
"مراكش- آسفي","قلعة السراغنة","بوي عمر","419","6479","PAM","فاطمة شكري","87318"
"مراكش- آسفي","قلعة السراغنة","بوي عمر","419","6477","PAM","محمد عزوزي","13285"
"مراكش- آسفي","قلعة السراغنة","بوي عمر","419","6478","PAM","محمد لغفير","38319"
"مراكش- آسفي","قلعة السراغنة","بوي عمر","419","6485","PAM","محمد الفلالي","13187"
"مراكش- آسفي","قلعة السراغنة","بوي عمر","419","6486","PAM","عبد الرحيم لبيض","13246"
"مراكش- آسفي","قلعة السراغنة","بوي عمر","419","6481","PJD","عبد المولى العسري","51968"
"مراكش- آسفي","قلعة السراغنة","بوي عمر","419","6487","PJD","السعيد البرهومي","67948"
"مراكش- آسفي","قلعة السراغنة","بوي عمر","419","6482","PJD","خالد اميرة","51858"
"مراكش- آسفي","قلعة السراغنة","بوي عمر","419","6480","MP","يونس النحيلي","51934"
"مراكش- آسفي","قلعة السراغنة","بوي عمر","419","6476","MP","عبد الفتاح لحميدي","57675"
"مراكش- آسفي","قلعة السراغنة","تملالت","1357","27709","RNI","عبد السلام الجامعي","57326"
"مراكش- آسفي","قلعة السراغنة","تملالت","1357","27709","RNI","مريم ادريسي","57468"
"مراكش- آسفي","قلعة السراغنة","تملالت","1357","21380","RNI","جمال كنيون","122022"
"مراكش- آسفي","قلعة السراغنة","تملالت","1357","21380","RNI","زهيرة البوناكي","56707"
"مراكش- آسفي","قلعة السراغنة","تملالت","1357","21375","RNI","الحبيب العميري","57234"
"مراكش- آسفي","قلعة السراغنة","تملالت","1357","21381","RNI","عبد الرحيم الطويل","56645"
"مراكش- آسفي","قلعة السراغنة","تملالت","1357","27708","RNI","محمد بنزعير","56702"
"مراكش- آسفي","قلعة السراغنة","تملالت","1357","21378","RNI","سليمان برطال","61999"
"مراكش- آسفي","قلعة السراغنة","تملالت","1357","27707","RNI","عبد الكريم اكليف","56781"
"مراكش- آسفي","قلعة السراغنة","تملالت","1357","21372","RNI","احمد  اعويناتي","57347"
"مراكش- آسفي","قلعة السراغنة","تملالت","1357","27706","RNI","محمد بنفائدة","57070"
"مراكش- آسفي","قلعة السراغنة","تملالت","1357","27711","RNI","زهير ايت غانم","57389"
"مراكش- آسفي","قلعة السراغنة","تملالت","1357","27702","PAM","عبدالرحيم السملالي","18672"
"مراكش- آسفي","قلعة السراغنة","تملالت","1357","21379","PAM","رضوان السملالي","91698"
"مراكش- آسفي","قلعة السراغنة","تملالت","1357","21373","PAM","عبد الجليل شقرون","24834"
"مراكش- آسفي","قلعة السراغنة","تملالت","1357","21369","PAM","رشيد مورتاقي","4010"
"مراكش- آسفي","قلعة السراغنة","تملالت","1357","27703","PAM","عبد الاله  المنافح","11940"
"مراكش- آسفي","قلعة السراغنة","تملالت","1357","27703","PAM","نعيمة شكير","11864"
"مراكش- آسفي","قلعة السراغنة","تملالت","1357","21371","PAM","رحال العماري","24817"
"مراكش- آسفي","قلعة السراغنة","تملالت","1357","21370","PAM","عمر العود","4068"
"مراكش- آسفي","قلعة السراغنة","تملالت","1357","21374","PAM","عباس بوقدير","91114"
"مراكش- آسفي","قلعة السراغنة","تملالت","1357","21376","PAM","عبد الكريم الرابحي","24791"
"مراكش- آسفي","قلعة السراغنة","تملالت","1357","27705","PAM","عبد الكبير دنون","67149"
"مراكش- آسفي","قلعة السراغنة","تملالت","1357","27704","PJD","عزيز لدية","897"
"مراكش- آسفي","قلعة السراغنة","تملالت","1357","21377","PJD","هشام العابدي","876"
"مراكش- آسفي","قلعة السراغنة","تملالت","1357","27710","FFD","عزوز  القاشمي","29819"
"مراكش- آسفي","قلعة السراغنة","تملالت","1357","27710","FFD","جميلة ادوش","29848"
"مراكش- آسفي","قلعة السراغنة","توزينت","1388","21878","RNI","العلمي بوعنان","55953"
"مراكش- آسفي","قلعة السراغنة","توزينت","1388","21878","RNI","فاطمة السملالى","55971"
"مراكش- آسفي","قلعة السراغنة","توزينت","1388","21881","RNI","عبدالرحمان الكاردها","134289"
"مراكش- آسفي","قلعة السراغنة","توزينت","1388","21881","RNI","رشيدة الحراز","75758"
"مراكش- آسفي","قلعة السراغنة","توزينت","1388","21880","RNI","المصطفى المعزوزي","134290"
"مراكش- آسفي","قلعة السراغنة","توزينت","1388","21879","RNI","محمد البركي","30371"
"مراكش- آسفي","قلعة السراغنة","توزينت","1388","21877","PAM","عبد اللطيف الزين","30475"
"مراكش- آسفي","قلعة السراغنة","توزينت","1388","21877","PAM","نجاة الصالح","30432"
"مراكش- آسفي","قلعة السراغنة","توزينت","1388","21884","PAM","عبد المجيد الدحاني","25169"
"مراكش- آسفي","قلعة السراغنة","توزينت","1388","21882","PAM","الميلودي العود","25209"
"مراكش- آسفي","قلعة السراغنة","توزينت","1388","21876","PAM","قدور اقزبير","56216"
"مراكش- آسفي","قلعة السراغنة","توزينت","1388","21876","PAM","مباركة الشافعي","56301"
"مراكش- آسفي","قلعة السراغنة","توزينت","1388","21874","PAM","عزيز بنشلح","13279"
"مراكش- آسفي","قلعة السراغنة","توزينت","1388","21875","PAM","الذهبي الذهابي","13325"
"مراكش- آسفي","قلعة السراغنة","توزينت","1388","21883","PAM","عبد الرحيم بالخادم","13363"
"مراكش- آسفي","قلعة السراغنة","زمران","1533","23980","PAM","عبد الواحد المزدي","67974"
"مراكش- آسفي","قلعة السراغنة","زمران","1533","23980","PAM","فاطمة الحربالي","114271"
"مراكش- آسفي","قلعة السراغنة","زمران","1533","23974","PAM","عبدالحكيم اليزيدي","96919"
"مراكش- آسفي","قلعة السراغنة","زمران","1533","23985","PAM","عبدالباقي بنملوك","67858"
"مراكش- آسفي","قلعة السراغنة","زمران","1533","23985","PAM","حليمة العاطي الله","67771"
"مراكش- آسفي","قلعة السراغنة","زمران","1533","23972","PAM","بوبكر ليمان","50667"
"مراكش- آسفي","قلعة السراغنة","زمران","1533","23973","PAM","عبد المولى يوسف","41743"
"مراكش- آسفي","قلعة السراغنة","زمران","1533","23976","PAM","عبد الكريم الرامي","67943"
"مراكش- آسفي","قلعة السراغنة","زمران","1533","23976","PAM","فنيدة الشيهب","68016"
"مراكش- آسفي","قلعة السراغنة","زمران","1533","23971","PAM","عبد الحكيم العاطي الله","50247"
"مراكش- آسفي","قلعة السراغنة","زمران","1533","23979","PAM","بوجمعة الزحنوني","38767"
"مراكش- آسفي","قلعة السراغنة","زمران","1533","23984","PAM","حميد كراك","50163"
"مراكش- آسفي","قلعة السراغنة","زمران","1533","23978","PAM","العلمي حراتي","50380"
"مراكش- آسفي","قلعة السراغنة","زمران","1533","23981","PAM"," الجيلالي الشكرا","50059"
"مراكش- آسفي","قلعة السراغنة","زمران","1533","23975","PAM","محمد المروازي","50494"
"مراكش- آسفي","قلعة السراغنة","زمران","1533","23977","PAM","مجيد الاطرش","67619"
"مراكش- آسفي","قلعة السراغنة","زمران","1533","23983","PJD","محمد  بن  الكحلة","41882"
"مراكش- آسفي","قلعة السراغنة","زمران","1533","23983","PJD","مليكة الدرعي","41863"
"مراكش- آسفي","قلعة السراغنة","زمران","1533","23982","PJD","عز الدين العراسي","50588"
"مراكش- آسفي","قلعة السراغنة","زمران الشرقية","1534","26403","PAM","عبد الهادي لغراري","947"
"مراكش- آسفي","قلعة السراغنة","زمران الشرقية","1534","26410","PAM","لحسن بن رحال","12280"
"مراكش- آسفي","قلعة السراغنة","زمران الشرقية","1534","26410","PAM","فنيدة لغراري","12750"
"مراكش- آسفي","قلعة السراغنة","زمران الشرقية","1534","26404","PAM","عبد الجليل اعمارة","961"
"مراكش- آسفي","قلعة السراغنة","زمران الشرقية","1534","26402","PAM","المصطفى ايت البيض","8521"
"مراكش- آسفي","قلعة السراغنة","زمران الشرقية","1534","26414","PAM","محمد كلتين","1011"
"مراكش- آسفي","قلعة السراغنة","زمران الشرقية","1534","26413","PAM","عبد الغني الجازري","4031"
"مراكش- آسفي","قلعة السراغنة","زمران الشرقية","1534","26408","PAM","عبد الرحيم الحائلة","995"
"مراكش- آسفي","قلعة السراغنة","زمران الشرقية","1534","26412","PAM","عبد العاطي السورني","1077"
"مراكش- آسفي","قلعة السراغنة","زمران الشرقية","1534","26411","PAM","المختار الرشيدي","19075"
"مراكش- آسفي","قلعة السراغنة","زمران الشرقية","1534","26405","PAM","نور الدين اسنابلة","977"
"مراكش- آسفي","قلعة السراغنة","زمران الشرقية","1534","26415","PAM","ابراهيم الحدوي","8356"
"مراكش- آسفي","قلعة السراغنة","زمران الشرقية","1534","26398","PAM","عمر بن العود","8504"
"مراكش- آسفي","قلعة السراغنة","زمران الشرقية","1534","26391","PAM","عمر شاكر ","12248"
"مراكش- آسفي","قلعة السراغنة","زمران الشرقية","1534","26399","PI"," عبد الكبير  كبدي","19588"
"مراكش- آسفي","قلعة السراغنة","زمران الشرقية","1534","26399","PI","حسناء كبدي","19635"
"مراكش- آسفي","قلعة السراغنة","زمران الشرقية","1534","26393","PI","عبدالمجيد الصريدي","12380"
"مراكش- آسفي","قلعة السراغنة","زمران الشرقية","1534","26393","PI","حليمة القائدي","12247"
"مراكش- آسفي","قلعة السراغنة","زمران الشرقية","1534","26409","PI"," خالد بن عمر ","12037"
"مراكش- آسفي","قلعة السراغنة","زمران الشرقية","1534","26395","PI","عمر ايت بيهي","19337"
"مراكش- آسفي","قلعة السراغنة","زمران الشرقية","1534","26396","PI","محمد لبصير","12269"
"مراكش- آسفي","قلعة السراغنة","زمران الشرقية","1534","26407","PI","رحال بن ايدار","18616"
"مراكش- آسفي","قلعة السراغنة","زمران الشرقية","1534","26400","UC","عبدالله ايت غالم","106810"
"مراكش- آسفي","قلعة السراغنة","زمران الشرقية","1534","26400","UC","رشيدة البدري","106854"
"مراكش- آسفي","قلعة السراغنة","زمران الشرقية","1534","26397","UC","عبد الرحمان الجوهاري","106524"
"مراكش- آسفي","قلعة السراغنة","زمران الشرقية","1534","26406","UC","هشام الناصري","83654"
"مراكش- آسفي","قلعة السراغنة","زمران الشرقية","1534","26392","PJD","عبد الحليم بن حادة ","3876"
"مراكش- آسفي","قلعة السراغنة","زمران الشرقية","1534","26394","PPS","عبدالعزيز الحضري","65054"
"مراكش- آسفي","قلعة السراغنة","زمران الشرقية","1534","26401","FFD","يونس جبور","48576"
"مراكش- آسفي","قلعة السراغنة","سور العز","1303","20657","PI","عبد الكريم ارتضى","75659"
"مراكش- آسفي","قلعة السراغنة","سور العز","1303","20657","PI","هشومة زاهري","75177"
"مراكش- آسفي","قلعة السراغنة","سور العز","1303","20656","PI","عمر نجيب","15218"
"مراكش- آسفي","قلعة السراغنة","سور العز","1303","20661","PI","المحجوب زروال","7980"
"مراكش- آسفي","قلعة السراغنة","سور العز","1303","20658","PAM","عبد المجيد الغطاس","7995"
"مراكش- آسفي","قلعة السراغنة","سور العز","1303","20659","PAM","عبد الله بونوار","18920"
"مراكش- آسفي","قلعة السراغنة","سور العز","1303","20659","PAM","نجاة بونوار","18847"
"مراكش- آسفي","قلعة السراغنة","سور العز","1303","20660","PAM","حسن قوسني","7915"
"مراكش- آسفي","قلعة السراغنة","سور العز","1303","20660","PAM","خديجة المالكي","7881"
"مراكش- آسفي","قلعة السراغنة","سور العز","1303","20664","PJD","زكرياء منصوري ","15036"
"مراكش- آسفي","قلعة السراغنة","سور العز","1303","20664","PJD","حياة العماري","15164"
"مراكش- آسفي","قلعة السراغنة","سور العز","1303","20665","PJD","عبد الحكيم السني","15063"
"مراكش- آسفي","قلعة السراغنة","سور العز","1303","20663","PJD","احمد حركات","15051"
"مراكش- آسفي","قلعة السراغنة","سور العز","1303","20662","PJD","جمال  المير","75324"
"مراكش- آسفي","قلعة السراغنة","سور العز","1303","20655","USFP","محمد القريشي","15152"
"مراكش- آسفي","قلعة السراغنة","سيدي الحطاب","1219","19261","PAM","محمد عون","25097"
"مراكش- آسفي","قلعة السراغنة","سيدي الحطاب","1219","19261","PAM","سعيدة لعوج","25120"
"مراكش- آسفي","قلعة السراغنة","سيدي الحطاب","1219","19254","PAM","احمد البوعزاوي","75336"
"مراكش- آسفي","قلعة السراغنة","سيدي الحطاب","1219","25592","PAM","محمد المزوق","56200"
"مراكش- آسفي","قلعة السراغنة","سيدي الحطاب","1219","25592","PAM","فاطمة علواني","56231"
"مراكش- آسفي","قلعة السراغنة","سيدي الحطاب","1219","19258","PAM","رحال سعيد","30557"
"مراكش- آسفي","قلعة السراغنة","سيدي الحطاب","1219","19252","PAM","المصطفى صبور","75414"
"مراكش- آسفي","قلعة السراغنة","سيدي الحطاب","1219","19251","PJD","مصطفى الحطابي","55841"
"مراكش- آسفي","قلعة السراغنة","سيدي الحطاب","1219","19251","PJD","مينة الابراهمي ","56002"
"مراكش- آسفي","قلعة السراغنة","سيدي الحطاب","1219","25593","PJD","الميلودي العاتقي ","55796"
"مراكش- آسفي","قلعة السراغنة","سيدي الحطاب","1219","19257","PJD","سعيد السرغيني","55891"
"مراكش- آسفي","قلعة السراغنة","سيدي الحطاب","1219","19257","PJD","مينة جمال","55919"
"مراكش- آسفي","قلعة السراغنة","سيدي الحطاب","1219","19260","PJD","محمد الهاشمي ","38447"
"مراكش- آسفي","قلعة السراغنة","سيدي الحطاب","1219","19253","PJD","خالد حنيني","38408"
"مراكش- آسفي","قلعة السراغنة","سيدي الحطاب","1219","19256","MP","نور الدين الطاهري","19910"
"مراكش- آسفي","قلعة السراغنة","سيدي الحطاب","1219","19259","MP","هشام  سعيد","8373"
"مراكش- آسفي","قلعة السراغنة","سيدي الحطاب","1219","19255","MP","ادريس سهيل","75590"
"مراكش- آسفي","قلعة السراغنة","سيدي رحال","1268","20022","PAM","المصطفى  بن الحاج","97090"
"مراكش- آسفي","قلعة السراغنة","سيدي رحال","1268","20022","PAM","سميرة لحماش","97113"
"مراكش- آسفي","قلعة السراغنة","سيدي رحال","1268","25596","PAM","صلاح الدين واعمرو","97189"
"مراكش- آسفي","قلعة السراغنة","سيدي رحال","1268","25596","PAM","بهيجة اعويدات","97231"
"مراكش- آسفي","قلعة السراغنة","سيدي رحال","1268","25597","PAM","لحسن باوي","97268"
"مراكش- آسفي","قلعة السراغنة","سيدي رحال","1268","20020","PAM","عبد الله  واعمرو","96995"
"مراكش- آسفي","قلعة السراغنة","سيدي رحال","1268","20020","PAM","نجوى السملالي","97012"
"مراكش- آسفي","قلعة السراغنة","سيدي رحال","1268","20021","PAM","جواد كموم","97050"
"مراكش- آسفي","قلعة السراغنة","سيدي رحال","1268","20019","PAM","صالح بنالطالب","96934"
"مراكش- آسفي","قلعة السراغنة","سيدي رحال","1268","20017","PAM","عبدالرحيم واعمرو","97054"
"مراكش- آسفي","قلعة السراغنة","سيدي رحال","1268","20016","PAM","لحسن امحاول","96923"
"مراكش- آسفي","قلعة السراغنة","سيدي رحال","1268","20015","PAM","حسن التاديلي","97081"
"مراكش- آسفي","قلعة السراغنة","سيدي رحال","1268","20018","PAM","مجيدة بوقنطار","96910"
"مراكش- آسفي","قلعة السراغنة","سيدي رحال","1268","20014","PAM","المحجوب بن حابة","97043"
"مراكش- آسفي","قلعة السراغنة","سيدي رحال","1268","20012","PJD","عبدالله اربع","56990"
"مراكش- آسفي","قلعة السراغنة","سيدي رحال","1268","20013","PJD","جواد الغنامي","75255"
"مراكش- آسفي","قلعة السراغنة","سيدي رحال","1268","20013","PJD","نعيمة نجاح","75291"
"مراكش- آسفي","قلعة السراغنة","سيدي عيسى بن سليمان","1170","18486","PI","احمد الزيتوني","21878"
"مراكش- آسفي","قلعة السراغنة","سيدي عيسى بن سليمان","1170","18487","PI","ابراهيم ناعوم","25434"
"مراكش- آسفي","قلعة السراغنة","سيدي عيسى بن سليمان","1170","18489","PI","احمد لخضر ","16185"
"مراكش- آسفي","قلعة السراغنة","سيدي عيسى بن سليمان","1170","18479","PI","عبد الله الماضي","16304"
"مراكش- آسفي","قلعة السراغنة","سيدي عيسى بن سليمان","1170","18496","PI","محمد الصاديق","21814"
"مراكش- آسفي","قلعة السراغنة","سيدي عيسى بن سليمان","1170","18481","PI","محمد مصور","15899"
"مراكش- آسفي","قلعة السراغنة","سيدي عيسى بن سليمان","1170","18481","PI","رجاء بهيج","15838"
"مراكش- آسفي","قلعة السراغنة","سيدي عيسى بن سليمان","1170","18477","PI","الفاطمي اسويهل","21926"
"مراكش- آسفي","قلعة السراغنة","سيدي عيسى بن سليمان","1170","18493","PI","عبد الرحيم الغالي","35502"
"مراكش- آسفي","قلعة السراغنة","سيدي عيسى بن سليمان","1170","18495","PI","احمد التومي","21933"
"مراكش- آسفي","قلعة السراغنة","سيدي عيسى بن سليمان","1170","18492","PI","بوزكري البلغيتي","16250"
"مراكش- آسفي","قلعة السراغنة","سيدي عيسى بن سليمان","1170","18478","PI","محمد السعدي","15788"
"مراكش- آسفي","قلعة السراغنة","سيدي عيسى بن سليمان","1170","18497","PI","عبد الرحيم الرازي","21914"
"مراكش- آسفي","قلعة السراغنة","سيدي عيسى بن سليمان","1170","18483","PI","عبد العزيز ميرة","62598"
"مراكش- آسفي","قلعة السراغنة","سيدي عيسى بن سليمان","1170","18498","PAM","عبد الله البلغيتي","36391"
"مراكش- آسفي","قلعة السراغنة","سيدي عيسى بن سليمان","1170","18484","PAM","الحسن لكحل","46851"
"مراكش- آسفي","قلعة السراغنة","سيدي عيسى بن سليمان","1170","18484","PAM","السعدية لكحل","46877"
"مراكش- آسفي","قلعة السراغنة","سيدي عيسى بن سليمان","1170","18485","PAM","المصطفى شكري","16056"
"مراكش- آسفي","قلعة السراغنة","سيدي عيسى بن سليمان","1170","18488","PAM","حميد ايت الطالب","62425"
"مراكش- آسفي","قلعة السراغنة","سيدي عيسى بن سليمان","1170","18490","RNI","عبد الهادي زهير ","16229"
"مراكش- آسفي","قلعة السراغنة","سيدي عيسى بن سليمان","1170","18491","RNI","محمد طلحة","16202"
"مراكش- آسفي","قلعة السراغنة","سيدي عيسى بن سليمان","1170","18482","PPS","حميد العاطفي","15960"
"مراكش- آسفي","قلعة السراغنة","سيدي عيسى بن سليمان","1170","18482","PPS","فنيدة  العاطفي","15976"
"مراكش- آسفي","قلعة السراغنة","سيدي عيسى بن سليمان","1170","18476","PPS","مصطفى حديدو","62528"
"مراكش- آسفي","قلعة السراغنة","سيدي عيسى بن سليمان","1170","18494","PJD","جمال المالكي","62812"
"مراكش- آسفي","قلعة السراغنة","سيدي عيسى بن سليمان","1170","18480","PJD","عبد الرحيم ادريسي","21877"
"مراكش- آسفي","قلعة السراغنة","سيدي عيسى بن سليمان","1170","18480","PJD","سمية ناشط","21889"
"مراكش- آسفي","قلعة السراغنة","سيدي موسى","1259","19881","PAM","عبد الرحمان الزلزولي","15160"
"مراكش- آسفي","قلعة السراغنة","سيدي موسى","1259","19881","PAM","خدوج زائرة","15177"
"مراكش- آسفي","قلعة السراغنة","سيدي موسى","1259","19882","PAM","حسن عدنان","74934"
"مراكش- آسفي","قلعة السراغنة","سيدي موسى","1259","19882","PAM","صابيرة متنبي","74929"
"مراكش- آسفي","قلعة السراغنة","سيدي موسى","1259","19883","PAM","احمد الحجام","25228"
"مراكش- آسفي","قلعة السراغنة","سيدي موسى","1259","19877","PAM","الحسن صبري","20903"
"مراكش- آسفي","قلعة السراغنة","سيدي موسى","1259","25594","PAM","المصطفى الرضواني","19901"
"مراكش- آسفي","قلعة السراغنة","سيدي موسى","1259","19878","PAM","علال المعزوزي","15091"
"مراكش- آسفي","قلعة السراغنة","سيدي موسى","1259","19878","PAM","السعدية السالمي","15119"
"مراكش- آسفي","قلعة السراغنة","سيدي موسى","1259","19880","PAM","عبد المولى  النهضي","42827"
"مراكش- آسفي","قلعة السراغنة","سيدي موسى","1259","19879","PAM","عبدالرحيم السريدي","15230"
"مراكش- آسفي","قلعة السراغنة","سيدي موسى","1259","19885","PAM","محمد انعنع","19956"
"مراكش- آسفي","قلعة السراغنة","سيدي موسى","1259","19884","PAM","عبد الرحمان السريدي","75321"
"مراكش- آسفي","قلعة السراغنة","سيدي موسى","1259","25595","PAM","جمال المنصوري","42776"
"مراكش- آسفي","قلعة السراغنة","سيدي موسى","1259","19886","PAM","محمد  الاكلع","20881"
"مراكش- آسفي","قلعة السراغنة","سيدي موسى","1259","19887","PSU","المصطفى زمام","75017"
"مراكش- آسفي","قلعة السراغنة","سيدي موسى","1259","19887","PSU","الهاشمية باني","74985"
"مراكش- آسفي","قلعة السراغنة","فرايطة","555","8742","USFP","احمد  اتواشي","12644"
"مراكش- آسفي","قلعة السراغنة","فرايطة","555","8742","USFP","نجية موموا","12504"
"مراكش- آسفي","قلعة السراغنة","فرايطة","555","8741","USFP","محمد المالكي ","12563"
"مراكش- آسفي","قلعة السراغنة","فرايطة","555","8741","USFP","الزهرة اضريكة","12599"
"مراكش- آسفي","قلعة السراغنة","فرايطة","555","8747","USFP","احمد المرسلي","2889"
"مراكش- آسفي","قلعة السراغنة","فرايطة","555","8747","USFP","فاطمة لبصيلي","2914"
"مراكش- آسفي","قلعة السراغنة","فرايطة","555","8740","USFP","عبد السلام كريم","12473"
"مراكش- آسفي","قلعة السراغنة","فرايطة","555","8740","USFP","سمية بلكادة","12519"
"مراكش- آسفي","قلعة السراغنة","فرايطة","555","8738","USFP","عبد القادر لعنيبي","597"
"مراكش- آسفي","قلعة السراغنة","فرايطة","555","8743","USFP","ادريس عياد","620"
"مراكش- آسفي","قلعة السراغنة","فرايطة","555","8739","USFP","ادريس خليلي","584"
"مراكش- آسفي","قلعة السراغنة","فرايطة","555","8744","USFP","الزعيم مديوف","606"
"مراكش- آسفي","قلعة السراغنة","فرايطة","555","8745","USFP","الخضير لكحل","19914"
"مراكش- آسفي","قلعة السراغنة","فرايطة","555","8748","USFP","رحال الهوس","35154"
"مراكش- آسفي","قلعة السراغنة","فرايطة","555","8737","PAM","حميد الكحلة","56568"
"مراكش- آسفي","قلعة السراغنة","فرايطة","555","8749","PAM","بوبكر  شبوبة","75166"
"مراكش- آسفي","قلعة السراغنة","فرايطة","555","8746","PAM","محمد جمال","7234"
"مراكش- آسفي","قلعة السراغنة","قلعة السراغنة","695","25090","PAM","نورالدين ايت الحاج","130502"
"مراكش- آسفي","قلعة السراغنة","قلعة السراغنة","695","25090","PAM","الطاهرة اخشيشين","130909"
"مراكش- آسفي","قلعة السراغنة","قلعة السراغنة","695","25090","PAM","العلامي ابي العلاء","130513"
"مراكش- آسفي","قلعة السراغنة","قلعة السراغنة","695","25090","PAM","فاتحة الرافعي","130866"
"مراكش- آسفي","قلعة السراغنة","قلعة السراغنة","695","25090","PAM","عبد الله بابي","130523"
"مراكش- آسفي","قلعة السراغنة","قلعة السراغنة","695","25090","PAM","عبد الرحيم الصالح","130532"
"مراكش- آسفي","قلعة السراغنة","قلعة السراغنة","695","25090","PAM","عبدالرحيم مؤدن","130545"
"مراكش- آسفي","قلعة السراغنة","قلعة السراغنة","695","25090","PAM","محمد لبيهي","130559"
"مراكش- آسفي","قلعة السراغنة","قلعة السراغنة","695","25090","PAM","عبد الله حدو","130570"
"مراكش- آسفي","قلعة السراغنة","قلعة السراغنة","695","25090","PAM","الطاهر ايت الحاج","130578"
"مراكش- آسفي","قلعة السراغنة","قلعة السراغنة","695","25090","PAM","بوشعيب زكري","130590"
"مراكش- آسفي","قلعة السراغنة","قلعة السراغنة","695","25090","PAM","حامد ابن الحاج","130611"
"مراكش- آسفي","قلعة السراغنة","قلعة السراغنة","695","25090","PI","يوسف اخديد","2545"
"مراكش- آسفي","قلعة السراغنة","قلعة السراغنة","695","25090","PI","الزهرة افس ","2694"
"مراكش- آسفي","قلعة السراغنة","قلعة السراغنة","695","25090","PI","مولاي الطاهر بلفاسي","2549"
"مراكش- آسفي","قلعة السراغنة","قلعة السراغنة","695","25090","PI","المكي الداهي","2556"
"مراكش- آسفي","قلعة السراغنة","قلعة السراغنة","695","25090","PI","نبيل ابو الخير","2559"
"مراكش- آسفي","قلعة السراغنة","قلعة السراغنة","695","25090","PI","ياسين فنتاس","2567"
"مراكش- آسفي","قلعة السراغنة","قلعة السراغنة","695","25090","PI","فيصل حياني","2579"
"مراكش- آسفي","قلعة السراغنة","قلعة السراغنة","695","25090","PI","عبد الرحيم عياد","2594"
"مراكش- آسفي","قلعة السراغنة","قلعة السراغنة","695","25090","PI","رشيد افس","2616"
"مراكش- آسفي","قلعة السراغنة","قلعة السراغنة","695","25090","PJD","عبد الرحيم طوسي","90851"
"مراكش- آسفي","قلعة السراغنة","قلعة السراغنة","695","25090","PJD","سناء  هجير","92435"
"مراكش- آسفي","قلعة السراغنة","قلعة السراغنة","695","25090","PJD","احمد كريم","91009"
"مراكش- آسفي","قلعة السراغنة","قلعة السراغنة","695","25090","PJD","عبدالرحيم عبدالنعيم","91213"
"مراكش- آسفي","قلعة السراغنة","قلعة السراغنة","695","25090","PJD","عبد الفتاح عاقل","91307"
"مراكش- آسفي","قلعة السراغنة","قلعة السراغنة","695","25090","PJD","عبد العزيز   بن رزوق","91513"
"مراكش- آسفي","قلعة السراغنة","قلعة السراغنة","695","25090","FFD","أحمد رحاني","50158"
"مراكش- آسفي","قلعة السراغنة","قلعة السراغنة","695","25090","FFD","خديجة الكمرة","50088"
"مراكش- آسفي","قلعة السراغنة","قلعة السراغنة","695","25090","FFD","بدر الدين الغزالي","50255"
"مراكش- آسفي","قلعة السراغنة","قلعة السراغنة","695","25090","FFD","المصطفى منوني","50368"
"مراكش- آسفي","قلعة السراغنة","قلعة السراغنة","695","25090","MP","أحمد الشابي  ","67036"
"مراكش- آسفي","قلعة السراغنة","قلعة السراغنة","695","25090","MP","نعيمة عزو","67459"
"مراكش- آسفي","قلعة السراغنة","قلعة السراغنة","695","25090","MP","وديع لحمادي","67240"
"مراكش- آسفي","قلعة السراغنة","قلعة السراغنة","695","25090","MP","عبد الرزاق زهير","67343"
"مراكش- آسفي","قلعة السراغنة","لوناسدة","808","12763","MP","حميد لخصيم","90083"
"مراكش- آسفي","قلعة السراغنة","لوناسدة","808","12763","MP","نضيرة  السالمي","90255"
"مراكش- آسفي","قلعة السراغنة","لوناسدة","808","12762","MP","رحال لخصيم","106616"
"مراكش- آسفي","قلعة السراغنة","لوناسدة","808","12762","MP","فاطمة اعويدات ","106667"
"مراكش- آسفي","قلعة السراغنة","لوناسدة","808","12769","MP","عبد اللطيف العباسي","89832"
"مراكش- آسفي","قلعة السراغنة","لوناسدة","808","12769","MP","العالية مومن","106122"
"مراكش- آسفي","قلعة السراغنة","لوناسدة","808","12770","MP","ادريس مجيدي ","90097"
"مراكش- آسفي","قلعة السراغنة","لوناسدة","808","12770","MP","رحمة ايت المجدوب","106170"
"مراكش- آسفي","قلعة السراغنة","لوناسدة","808","12768","MP","حسن غزالي","90830"
"مراكش- آسفي","قلعة السراغنة","لوناسدة","808","12766","MP","عبد اللطيف الساقي","106767"
"مراكش- آسفي","قلعة السراغنة","لوناسدة","808","12767","MP","عمر السلامي","90714"
"مراكش- آسفي","قلعة السراغنة","لوناسدة","808","12764","MP","محمد طوبى","106726"
"مراكش- آسفي","قلعة السراغنة","لوناسدة","808","12759","MP","سالم طارزا","89548"
"مراكش- آسفي","قلعة السراغنة","لوناسدة","808","12758","MP","عمر صادق","89405"
"مراكش- آسفي","قلعة السراغنة","لوناسدة","808","12765","MP","صالح البهالي","90397"
"مراكش- آسفي","قلعة السراغنة","لوناسدة","808","12760","PGVM","عبد الكريم جابري","55680"
"مراكش- آسفي","قلعة السراغنة","لوناسدة","808","12761","PGVM","المهدي جابري","78611"
"مراكش- آسفي","قلعة السراغنة","مزم صنهاجة","827","13054","PAM","المجدوب حنيني","63034"
"مراكش- آسفي","قلعة السراغنة","مزم صنهاجة","827","13054","PAM","فاطمة  شمة","62991"
"مراكش- آسفي","قلعة السراغنة","مزم صنهاجة","827","13050","PAM","عمر دشري","63098"
"مراكش- آسفي","قلعة السراغنة","مزم صنهاجة","827","13050","PAM","بهيجة لوريكة","63144"
"مراكش- آسفي","قلعة السراغنة","مزم صنهاجة","827","13047","PAM","الحسن الهلوان","63048"
"مراكش- آسفي","قلعة السراغنة","مزم صنهاجة","827","13058","PAM","عبدالقادر الهاني","63306"
"مراكش- آسفي","قلعة السراغنة","مزم صنهاجة","827","13058","PAM","نادية كمال","63247"
"مراكش- آسفي","قلعة السراغنة","مزم صنهاجة","827","13049","PAM","جواد السنابل","62949"
"مراكش- آسفي","قلعة السراغنة","مزم صنهاجة","827","13053","PAM","محمد ايت الحاج","63354"
"مراكش- آسفي","قلعة السراغنة","مزم صنهاجة","827","13052","PAM","عمر صيكوك","63134"
"مراكش- آسفي","قلعة السراغنة","مزم صنهاجة","827","13056","PAM","الحبيب السنبري ","63181"
"مراكش- آسفي","قلعة السراغنة","مزم صنهاجة","827","13051","PAM","كمال  نحلي","63070"
"مراكش- آسفي","قلعة السراغنة","مزم صنهاجة","827","13057","MP","حميد اضلوع","21813"
"مراكش- آسفي","قلعة السراغنة","مزم صنهاجة","827","13059","MP","عمر سمان","16060"
"مراكش- آسفي","قلعة السراغنة","مزم صنهاجة","827","13055","MP","عبد العزيز رحيم","47178"
"مراكش- آسفي","قلعة السراغنة","مزم صنهاجة","827","13055","MP","عزيزة زهير","47030"
"مراكش- آسفي","قلعة السراغنة","مزم صنهاجة","827","13048","MP","مبارك زهير","35412"
"مراكش- آسفي","قلعة السراغنة","ميات","852","13460","UC","رشيد منوني","4301"
"مراكش- آسفي","قلعة السراغنة","ميات","852","13459","UC","عبداللطيف الكيلالي","8319"
"مراكش- آسفي","قلعة السراغنة","ميات","852","13459","UC","امال الكيلالي","8342"
"مراكش- آسفي","قلعة السراغنة","ميات","852","13456","UC","عبد الصادق صادوق","24794"
"مراكش- آسفي","قلعة السراغنة","ميات","852","13462","UC","حميد اكويكة","4446"
"مراكش- آسفي","قلعة السراغنة","ميات","852","13462","UC","سعاد منوني","4347"
"مراكش- آسفي","قلعة السراغنة","ميات","852","13453","UC","عبد الجليل بنعيس","8362"
"مراكش- آسفي","قلعة السراغنة","ميات","852","13457","UC","الحسن السالمي","4426"
"مراكش- آسفي","قلعة السراغنة","ميات","852","13452","USFP","عبدالفتاح السليماني","21089"
"مراكش- آسفي","قلعة السراغنة","ميات","852","13454","USFP","عبد السلام بسطي ","122238"
"مراكش- آسفي","قلعة السراغنة","ميات","852","13454","USFP","غيثة اخاي","122298"
"مراكش- آسفي","قلعة السراغنة","ميات","852","13455","PI","النويتي  بابا ","121900"
"مراكش- آسفي","قلعة السراغنة","ميات","852","13455","PI","الياقوت بابا","121958"
"مراكش- آسفي","قلعة السراغنة","ميات","852","13451","CNI","محمد زعراط","47876"
"مراكش- آسفي","قلعة السراغنة","ميات","852","13461","PAM","رضوان الزيتوني","121784"
"مراكش- آسفي","قلعة السراغنة","ميات","852","13458","MP","احمد طوارسة","14048"
"مراكش- آسفي","قلعة السراغنة","ميات","852","13450","RNI","رحال بوعافية","4390"
"مراكش- آسفي","قلعة السراغنة","واركي","946","14940","USFP","عبد الاله العسري","38475"
"مراكش- آسفي","قلعة السراغنة","واركي","946","14940","USFP","خدوج اسيل","38515"
"مراكش- آسفي","قلعة السراغنة","واركي","946","14938","USFP","عبد الغني  وافق","13224"
"مراكش- آسفي","قلعة السراغنة","واركي","946","14936","USFP","عبد الله  اعمري ","67218"
"مراكش- آسفي","قلعة السراغنة","واركي","946","14936","USFP","غزلان البصري","67261"
"مراكش- آسفي","قلعة السراغنة","واركي","946","14934","USFP","كمال بابسي","36852"
"مراكش- آسفي","قلعة السراغنة","واركي","946","14937","USFP","عبد الغني العينوس ","38597"
"مراكش- آسفي","قلعة السراغنة","واركي","946","14942","PAM","عبدالحفيظ الفلس","38708"
"مراكش- آسفي","قلعة السراغنة","واركي","946","14942","PAM","جميلة مرزاق","38729"
"مراكش- آسفي","قلعة السراغنة","واركي","946","14944","PAM","فتح الله ايت بوشعيب ","124062"
"مراكش- آسفي","قلعة السراغنة","واركي","946","14946","PAM","محمد بقلول","30441"
"مراكش- آسفي","قلعة السراغنة","واركي","946","14939","PAM","خاليد الخوالفي","29957"
"مراكش- آسفي","قلعة السراغنة","واركي","946","14943","PAM","عمر الهواري","30170"
"مراكش- آسفي","قلعة السراغنة","واركي","946","14941","PJD","احمد واية","20909"
"مراكش- آسفي","قلعة السراغنة","واركي","946","14941","PJD","سماح الياقوتي","20919"
"مراكش- آسفي","قلعة السراغنة","واركي","946","14935","PJD","عبد الرحيم العمراني","38422"
"مراكش- آسفي","قلعة السراغنة","واركي","946","14945","PJD","ادريس كريم","20928"
"مراكش- آسفي","مراكش","أكفاي","24","332","PAM","خالد ايت المكي","1885"
"مراكش- آسفي","مراكش","أكفاي","24","330","PAM","عبد الحميد أيت مبارك","1876"
"مراكش- آسفي","مراكش","أكفاي","24","27387","PAM","عبد المجيد كوزين","7948"
"مراكش- آسفي","مراكش","أكفاي","24","27387","PAM","بوشرة كويزين","7914"
"مراكش- آسفي","مراكش","أكفاي","24","329","PAM","الحسين ايت مبارك","1850"
"مراكش- آسفي","مراكش","أكفاي","24","329","PAM","سامية ايت عسو","1863"
"مراكش- آسفي","مراكش","أكفاي","24","327","PAM","عبد اللطيف الفقري","8003"
"مراكش- آسفي","مراكش","أكفاي","24","327","PAM","زكية الزياني","8091"
"مراكش- آسفي","مراكش","أكفاي","24","334","PAM","جميلة عفيف","1970"
"مراكش- آسفي","مراكش","أكفاي","24","335","PAM","نوح خفيف","1981"
"مراكش- آسفي","مراكش","أكفاي","24","27385","PAM","عمر الخربة","2053"
"مراكش- آسفي","مراكش","أكفاي","24","326","PAM","عمر بوعليل","1765"
"مراكش- آسفي","مراكش","أكفاي","24","338","PAM","محمد بنعدي","5146"
"مراكش- آسفي","مراكش","أكفاي","24","27388","PAM","عبد العالي  القطبي","5106"
"مراكش- آسفي","مراكش","أكفاي","24","331","PAM","ابراهيم  زاهد ","5068"
"مراكش- آسفي","مراكش","أكفاي","24","336","PAM","الحبيب بن الطالب","2003"
"مراكش- آسفي","مراكش","أكفاي","24","27383","PAM","المصطفى كرماح","2234"
"مراكش- آسفي","مراكش","أكفاي","24","27380","PAM","المحجوب انويورات","2018"
"مراكش- آسفي","مراكش","أكفاي","24","27389","PAM","الصديق  بنسالم","5067"
"مراكش- آسفي","مراكش","أكفاي","24","333","PJD","عبد الرزاق امهصيص","90503"
"مراكش- آسفي","مراكش","أكفاي","24","333","PJD","مينة ريحان","90659"
"مراكش- آسفي","مراكش","أكفاي","24","27386","PJD","عبد الرزاق  اكوراي ","13371"
"مراكش- آسفي","مراكش","أكفاي","24","328","PJD","عبد الكريم باشا","25535"
"مراكش- آسفي","مراكش","أكفاي","24","27381","PPS","عمر بن الرايح","13315"
"مراكش- آسفي","مراكش","أكفاي","24","27384","PPS","عز الدين شاوليض","30927"
"مراكش- آسفي","مراكش","أكفاي","24","27382","RNI","عمر خفيف","2028"
"مراكش- آسفي","مراكش","أكفاي","24","337","RNI","بوجمعة الخلدوني","5127"
"مراكش- آسفي","مراكش","أولاد حسون","1008","15846","MP","حسن لعوينة","2101"
"مراكش- آسفي","مراكش","أولاد حسون","1008","15852","MP","عبد الرحيم بادي","2070"
"مراكش- آسفي","مراكش","أولاد حسون","1008","15845","MP","احمد بوديح","2077"
"مراكش- آسفي","مراكش","أولاد حسون","1008","15850","MP","عبد الوهاب البحتري","2029"
"مراكش- آسفي","مراكش","أولاد حسون","1008","15844","MP","مولاي حفيظ واضح","2058"
"مراكش- آسفي","مراكش","أولاد حسون","1008","15838","MP","عبدالجليل اجموري","1978"
"مراكش- آسفي","مراكش","أولاد حسون","1008","15839","MP","عمر برطال","2002"
"مراكش- آسفي","مراكش","أولاد حسون","1008","15848","MP","عبد العزيز الشكدالي","2129"
"مراكش- آسفي","مراكش","أولاد حسون","1008","15843","MP","محمد المسكي","2032"
"مراكش- آسفي","مراكش","أولاد حسون","1008","15831","MP","حسن بنخلتي","1856"
"مراكش- آسفي","مراكش","أولاد حسون","1008","15851","MP","الحسين مشماش","2055"
"مراكش- آسفي","مراكش","أولاد حسون","1008","15832","MP","ي عمر بليمام","1873"
"مراكش- آسفي","مراكش","أولاد حسون","1008","15832","MP","نادية لعميم","1878"
"مراكش- آسفي","مراكش","أولاد حسون","1008","15833","MP","حسن معتوق","1895"
"مراكش- آسفي","مراكش","أولاد حسون","1008","15834","MP","ي  اسعيد ابو النوافل","1924"
"مراكش- آسفي","مراكش","أولاد حسون","1008","15849","MP","السعيد السوسي","2099"
"مراكش- آسفي","مراكش","أولاد حسون","1008","15847","MP","توفيق تمام","28008"
"مراكش- آسفي","مراكش","أولاد حسون","1008","15836","UC","عبدالغني سجاع","8229"
"مراكش- آسفي","مراكش","أولاد حسون","1008","15836","UC","وداد  سجاع ","8268"
"مراكش- آسفي","مراكش","أولاد حسون","1008","15830","UC","الطيبي العنوبي","8506"
"مراكش- آسفي","مراكش","أولاد حسون","1008","15830","UC","نزهة بلحجام","8523"
"مراكش- آسفي","مراكش","أولاد حسون","1008","15842","UC","محمد نجيب الخالدي","87216"
"مراكش- آسفي","مراكش","أولاد حسون","1008","15835","UC","عبد الصمد العم","8336"
"مراكش- آسفي","مراكش","أولاد حسون","1008","15837","UC","عبد الواحد المعرف","8457"
"مراكش- آسفي","مراكش","أولاد حسون","1008","15840","PI","رضى خليل بنعباس التعارجي","50047"
"مراكش- آسفي","مراكش","أولاد حسون","1008","15840","PI","فاطمة رقيد","50149"
"مراكش- آسفي","مراكش","أولاد حسون","1008","15841","FFD","عبد القادر الزيواني","28054"
"مراكش- آسفي","مراكش","أولاد دليم","1042","16344","PI","لحسن القاري","24377"
"مراكش- آسفي","مراكش","أولاد دليم","1042","16344","PI","فوزية كروج","24686"
"مراكش- آسفي","مراكش","أولاد دليم","1042","16348","PI","محمد القطيبي","36693"
"مراكش- آسفي","مراكش","أولاد دليم","1042","16348","PI","فاطمة المرابط","36769"
"مراكش- آسفي","مراكش","أولاد دليم","1042","16352","PI","المصطفى الكفراوي","14951"
"مراكش- آسفي","مراكش","أولاد دليم","1042","16358","PI","حميد الرحالي","24602"
"مراكش- آسفي","مراكش","أولاد دليم","1042","16358","PI","حكيمة داوود","24657"
"مراكش- آسفي","مراكش","أولاد دليم","1042","16351","PI","المصطفى الفايق","14957"
"مراكش- آسفي","مراكش","أولاد دليم","1042","16355","PI","العربي  الحوزي ","16809"
"مراكش- آسفي","مراكش","أولاد دليم","1042","16347","PI","محمد  لعساري","56113"
"مراكش- آسفي","مراكش","أولاد دليم","1042","16356","PI","بوشعيب السالم","24708"
"مراكش- آسفي","مراكش","أولاد دليم","1042","16357","PI","المحجوب فكينيش","14920"
"مراكش- آسفي","مراكش","أولاد دليم","1042","16346","PI","التباري السالمي","41682"
"مراكش- آسفي","مراكش","أولاد دليم","1042","16345","PI","عبد الرزاق شروقات","14911"
"مراكش- آسفي","مراكش","أولاد دليم","1042","16353","PAM","السالك لكبوري","14945"
"مراكش- آسفي","مراكش","أولاد دليم","1042","16350","PAM","عبد الكريم حسونة","56174"
"مراكش- آسفي","مراكش","أولاد دليم","1042","16350","PAM","صباح الكرناوي","56223"
"مراكش- آسفي","مراكش","أولاد دليم","1042","16354","PAM","لعزيز لكجيوي","14941"
"مراكش- آسفي","مراكش","أولاد دليم","1042","16349","PJD","مولاي أحمد العنتري","14928"
"مراكش- آسفي","مراكش","آيت إيمور","125","1787","PAM","بوجمعة لحمادي","88406"
"مراكش- آسفي","مراكش","آيت إيمور","125","1787","PAM","وفاء الرحماني","88482"
"مراكش- آسفي","مراكش","آيت إيمور","125","1788","PAM","لحسن لحمام","13357"
"مراكش- آسفي","مراكش","آيت إيمور","125","1791","PAM","محمد الحماوي","6802"
"مراكش- آسفي","مراكش","آيت إيمور","125","1793","PAM","مولاي عبد اللطيف ادريسي","13355"
"مراكش- آسفي","مراكش","آيت إيمور","125","1793","PAM","بشرى عنيب","13390"
"مراكش- آسفي","مراكش","آيت إيمور","125","1790","PAM","بوجمعة الشكيك","17572"
"مراكش- آسفي","مراكش","آيت إيمور","125","1789","PAM","سعيد اعنيبة","13296"
"مراكش- آسفي","مراكش","آيت إيمور","125","1792","PAM","عبد الحكيم لبريشة","13259"
"مراكش- آسفي","مراكش","آيت إيمور","125","1797","PPS","احمد زفاطي","55566"
"مراكش- آسفي","مراكش","آيت إيمور","125","27418","PPS","جمال الطويل","55567"
"مراكش- آسفي","مراكش","آيت إيمور","125","27418","PPS","نزهة ملوكي","55574"
"مراكش- آسفي","مراكش","آيت إيمور","125","1799","PPS","محمد العساوي","55577"
"مراكش- آسفي","مراكش","آيت إيمور","125","1796","PPS","عمر الرائس","55612"
"مراكش- آسفي","مراكش","آيت إيمور","125","1796","PPS","خميسة الرايس","55683"
"مراكش- آسفي","مراكش","آيت إيمور","125","1798","PPS","عبد المجيد العساوي","70512"
"مراكش- آسفي","مراكش","آيت إيمور","125","1794","PPS","علال عسفور","38211"
"مراكش- آسفي","مراكش","آيت إيمور","125","1795","PPS","الحسين النيو","70465"
"مراكش- آسفي","مراكش","آيت إيمور","125","27419","PJD","المصطفى العلواني","70677"
"مراكش- آسفي","مراكش","الاوداية","805","12702","PJD","عبد الجليل  البو","21085"
"مراكش- آسفي","مراكش","الاوداية","805","12702","PJD","اسية باجا","21117"
"مراكش- آسفي","مراكش","الاوداية","805","12703","PJD","مولاي يوسف بوشكاوي","21055"
"مراكش- آسفي","مراكش","الاوداية","805","12703","PJD","الحسنية اشفا","21064"
"مراكش- آسفي","مراكش","الاوداية","805","12712","PJD","عبد الرحيم الكرد","20901"
"مراكش- آسفي","مراكش","الاوداية","805","12712","PJD","للاسعيدة العامر","20913"
"مراكش- آسفي","مراكش","الاوداية","805","12711","PJD","مولاي عبد السلام النشاط","20957"
"مراكش- آسفي","مراكش","الاوداية","805","25948","PJD","عبد الوهاب شحر","26500"
"مراكش- آسفي","مراكش","الاوداية","805","25948","PJD","سيهام الكرد","26501"
"مراكش- آسفي","مراكش","الاوداية","805","12714","PJD","مبارك النوخي","15358"
"مراكش- آسفي","مراكش","الاوداية","805","12708","PJD","هشام رماش","15190"
"مراكش- آسفي","مراكش","الاوداية","805","12720","PJD","عبد الكريم المنغنيزي","20927"
"مراكش- آسفي","مراكش","الاوداية","805","12715","PJD","احسين بدي","15258"
"مراكش- آسفي","مراكش","الاوداية","805","12719","PAM","خالد بوفكر","20921"
"مراكش- آسفي","مراكش","الاوداية","805","12716","PAM","عبد القادر بوخطارة","26527"
"مراكش- آسفي","مراكش","الاوداية","805","12713","PAM","عبد الكريم كشون","26529"
"مراكش- آسفي","مراكش","الاوداية","805","12709","PAM","عبد القادر  ركيمي","15220"
"مراكش- آسفي","مراكش","الاوداية","805","12707","PAM","حميد بن الرحة","31319"
"مراكش- آسفي","مراكش","الاوداية","805","12717","PAM","عبداللـه الرايسي","7678"
"مراكش- آسفي","مراكش","الاوداية","805","12721","PAM","عبد الهادي حفاص","20897"
"مراكش- آسفي","مراكش","الاوداية","805","12723","PAM","محمد  بولا","15365"
"مراكش- آسفي","مراكش","الاوداية","805","12722","PAM","المهدي الزاهدي","26511"
"مراكش- آسفي","مراكش","الاوداية","805","12718","RNI","عمر بن السوسي","41634"
"مراكش- آسفي","مراكش","الاوداية","805","25949","RNI","عبد الواحد الورس","26545"
"مراكش- آسفي","مراكش","الاوداية","805","12706","RNI","عبد العزيز بنعويدات","26534"
"مراكش- آسفي","مراكش","الاوداية","805","12701","RNI","محمد اجدي ","21066"
"مراكش- آسفي","مراكش","الاوداية","805","12704","RNI","عبد الرحيم قانت","41645"
"مراكش- آسفي","مراكش","الاوداية","805","12710","UC","كمال منتصر","7709"
"مراكش- آسفي","مراكش","الاوداية","805","12705","SAP","التهامي البوخاري","41619"
"مراكش- آسفي","مراكش","السويهلة","1295","20512","PAM","عبداللـه ايت برحال","69327"
"مراكش- آسفي","مراكش","السويهلة","1295","20516","PAM","احمد العامدي","69252"
"مراكش- آسفي","مراكش","السويهلة","1295","20497","PAM","عبد الكريم بيسار","31695"
"مراكش- آسفي","مراكش","السويهلة","1295","20498","PAM","احمد ايت بوهو","25815"
"مراكش- آسفي","مراكش","السويهلة","1295","20506","PAM","ميلود البور","25937"
"مراكش- آسفي","مراكش","السويهلة","1295","20504","PAM","محمد كجي","25959"
"مراكش- آسفي","مراكش","السويهلة","1295","20495","PAM","عبد اللطيف الحامض","38791"
"مراكش- آسفي","مراكش","السويهلة","1295","20496","PAM","عبداللـه بومزكورة","69413"
"مراكش- آسفي","مراكش","السويهلة","1295","27390","PAM","عبد الرحيم سليم","38493"
"مراكش- آسفي","مراكش","السويهلة","1295","20515","PAM","حسن خاطرو","69305"
"مراكش- آسفي","مراكش","السويهلة","1295","20502","PAM","صالح بور","38529"
"مراكش- آسفي","مراكش","السويهلة","1295","20511","RNI","ابراهيم سمباط","69402"
"مراكش- آسفي","مراكش","السويهلة","1295","20511","RNI","نزهة التيوتي","69461"
"مراكش- آسفي","مراكش","السويهلة","1295","20508","RNI","محمد اعبيلات","39567"
"مراكش- آسفي","مراكش","السويهلة","1295","20507","RNI","ميلود اولاد بن عبد الله","86370"
"مراكش- آسفي","مراكش","السويهلة","1295","20507","RNI","نادية الغلاس","86467"
"مراكش- آسفي","مراكش","السويهلة","1295","20503","RNI","يوسف ناموسي","69149"
"مراكش- آسفي","مراكش","السويهلة","1295","27391","RNI","عزيز ناموسي","51903"
"مراكش- آسفي","مراكش","السويهلة","1295","20513","PJD","عبد الرزاق احلوش","26064"
"مراكش- آسفي","مراكش","السويهلة","1295","20514","PJD","امبارك قربال","38880"
"مراكش- آسفي","مراكش","السويهلة","1295","20514","PJD","سمية مكروم","38955"
"مراكش- آسفي","مراكش","السويهلة","1295","20510","PJD","عبد اللطيف بعزيز","31608"
"مراكش- آسفي","مراكش","السويهلة","1295","20510","PJD","رقية مختاري","31629"
"مراكش- آسفي","مراكش","السويهلة","1295","20517","UC","عبد العزيز بونعيم","17964"
"مراكش- آسفي","مراكش","السويهلة","1295","20509","UC","عبد الهادي جموع","69338"
"مراكش- آسفي","مراكش","السويهلة","1295","20505","UC","عبد الكبير نجاي","25901"
"مراكش- آسفي","مراكش","السويهلة","1295","20501","UC","محمد بوكطاي","17981"
"مراكش- آسفي","مراكش","السويهلة","1295","20500","UC","محمد اعمو","25877"
"مراكش- آسفي","مراكش","السويهلة","1295","20499","FFD","عبد العزيز الناصري","25782"
"مراكش- آسفي","مراكش","المنابهة","818","12911","RNI","عبد العزيز بوضلعة","87979"
"مراكش- آسفي","مراكش","المنابهة","818","12911","RNI","كوثر اجدير","88048"
"مراكش- آسفي","مراكش","المنابهة","818","12921","RNI","محمد  بيدي","40402"
"مراكش- آسفي","مراكش","المنابهة","818","12910","RNI","نجيب  اجدير ","71798"
"مراكش- آسفي","مراكش","المنابهة","818","12910","RNI","غزلان بندومة","71816"
"مراكش- آسفي","مراكش","المنابهة","818","12912","RNI","ميلود طحان","71700"
"مراكش- آسفي","مراكش","المنابهة","818","12912","RNI","سكينة بندحان","79701"
"مراكش- آسفي","مراكش","المنابهة","818","12913","RNI","كمال الناهض","88911"
"مراكش- آسفي","مراكش","المنابهة","818","12922","RNI","احمد بنطالب","50574"
"مراكش- آسفي","مراكش","المنابهة","818","12919","PJD","المهدي طايف","40426"
"مراكش- آسفي","مراكش","المنابهة","818","12919","PJD","حليمة عفاف","40447"
"مراكش- آسفي","مراكش","المنابهة","818","12918","PJD","عبد الكريم قلي","71939"
"مراكش- آسفي","مراكش","المنابهة","818","12915","PJD","محمد بلكراوي","16796"
"مراكش- آسفي","مراكش","المنابهة","818","12920","UC","بوجمعة مضهور","71506"
"مراكش- آسفي","مراكش","المنابهة","818","12917","PAM","محمد امادة","50876"
"مراكش- آسفي","مراكش","المنابهة","818","27575","PAM","اخليفة القوري","87506"
"مراكش- آسفي","مراكش","المنابهة","818","12916","PAM","الحسين الهاشم","71471"
"مراكش- آسفي","مراكش","المنابهة","818","12914","MP","عبد الجليل زوبحير","71110"
"مراكش- آسفي","مراكش","المنابهة","818","27574","PPS","احمد عاكف","51853"
"مراكش- آسفي","مراكش","المنارة","2138","25139","PJD","محمد العربي بلقائد","1478"
"مراكش- آسفي","مراكش","المنارة","2138","25139","PJD","امينة العمراني الادريسي","1772"
"مراكش- آسفي","مراكش","المنارة","2138","25139","PJD","محمد توفلة","1482"
"مراكش- آسفي","مراكش","المنارة","2138","25139","PJD","امال ميصرة","1782"
"مراكش- آسفي","مراكش","المنارة","2138","25139","PJD","عبد الرزاق جبور","1489"
"مراكش- آسفي","مراكش","المنارة","2138","25139","PJD","رقية اوشويض","1803"
"مراكش- آسفي","مراكش","المنارة","2138","25139","PJD","عبد المجيد ايت القاضي","1508"
"مراكش- آسفي","مراكش","المنارة","2138","25139","PJD","مينة الفرسي","1798"
"مراكش- آسفي","مراكش","المنارة","2138","25139","PJD","توفيق بلوجور","1522"
"مراكش- آسفي","مراكش","المنارة","2138","25139","PJD","عبدالهادي ويسلات","1530"
"مراكش- آسفي","مراكش","المنارة","2138","25139","PJD","عادل المتصدق","1496"
"مراكش- آسفي","مراكش","المنارة","2138","25139","PJD","عبد الهادي  فاري","1519"
"مراكش- آسفي","مراكش","المنارة","2138","25139","PJD","محمد الزراف","1550"
"مراكش- آسفي","مراكش","المنارة","2138","25139","PJD","عبد الاله  الغلف","1575"
"مراكش- آسفي","مراكش","المنارة","2138","25139","PJD","مصطفى  بلفقير","1604"
"مراكش- آسفي","مراكش","المنارة","2138","25139","PJD","زكريا لغريب","1629"
"مراكش- آسفي","مراكش","المنارة","2138","25139","PJD","محمد بدوج","1694"
"مراكش- آسفي","مراكش","المنارة","2138","25139","PJD","عبد الرحمان زروال","1748"
"مراكش- آسفي","مراكش","المنارة","2138","25139","PJD","عبد اللطيف فائز","1515"
"مراكش- آسفي","مراكش","المنارة","2138","25139","PJD","عبد الحكيم العسري","1541"
"مراكش- آسفي","مراكش","المنارة","2138","25139","PJD","احمد سلام","1543"
"مراكش- آسفي","مراكش","المنارة","2138","25139","PJD","خالد الصبيعي","1558"
"مراكش- آسفي","مراكش","المنارة","2138","25139","PJD","نور الدين برودي","1577"
"مراكش- آسفي","مراكش","المنارة","2138","25139","PJD","ايوب الطيالسي","1592"
"مراكش- آسفي","مراكش","المنارة","2138","25139","PAM","عدنان بنعبد الله","24811"
"مراكش- آسفي","مراكش","المنارة","2138","25139","PAM","حياة المشفوع","25166"
"مراكش- آسفي","مراكش","المنارة","2138","25139","PAM","عبد الله الامكاري","24869"
"مراكش- آسفي","مراكش","المنارة","2138","25139","PAM","نسيمة سهيم","26740"
"مراكش- آسفي","مراكش","المنارة","2138","25139","PAM","عبد الرحمان وافا","25187"
"مراكش- آسفي","مراكش","المنارة","2138","25139","PAM","سفيان بنخالتي","25238"
"مراكش- آسفي","مراكش","المنارة","2138","25139","PAM","عبد العزيز الباز","25294"
"مراكش- آسفي","مراكش","المنارة","2138","25139","PAM","محمد ايت احسيسين","25335"
"مراكش- آسفي","مراكش","المنارة","2138","25139","PAM","لحسن حبيبو","24802"
"مراكش- آسفي","مراكش","المنارة","2138","25139","PAM","عادل الامكارى","25027"
"مراكش- آسفي","مراكش","المنارة","2138","25139","RNI","عبد الواحد الشافقي","10977"
"مراكش- آسفي","مراكش","المنارة","2138","25139","RNI","احمد محفوظ","11609"
"مراكش- آسفي","مراكش","المنارة","2138","25139","RNI","مصطفى ايت عدي","11058"
"مراكش- آسفي","مراكش","المنارة","2138","25139","RNI","محمد فراح","11099"
"مراكش- آسفي","مراكش","المنارة","2138","25139","UC","عبد المجيد  الدمناتي","29555"
"مراكش- آسفي","مراكش","المنارة","2138","25139","UC","عبد الصمد العمراني","29644"
"مراكش- آسفي","مراكش","المنارة","2138","25139","UC","خالد فرناوي","29728"
"مراكش- آسفي","مراكش","المنارة","2138","25139","UC","عزيز حيكان","29777"
"مراكش- آسفي","مراكش","النخيل","2019","25020","PAM","عبد العزيز بوسعيد","33637"
"مراكش- آسفي","مراكش","النخيل","2019","25020","PAM","فاطمة لمكهون","33641"
"مراكش- آسفي","مراكش","النخيل","2019","25020","PAM","محمد بوغربال","33672"
"مراكش- آسفي","مراكش","النخيل","2019","25020","PAM","عائشة ايت بلعربي","33686"
"مراكش- آسفي","مراكش","النخيل","2019","25020","PAM","محمد ابو صبر","33705"
"مراكش- آسفي","مراكش","النخيل","2019","25020","PAM","عبد اللطيف شيكر","33751"
"مراكش- آسفي","مراكش","النخيل","2019","25020","PAM","عبد الحكيم كموني","33836"
"مراكش- آسفي","مراكش","النخيل","2019","25020","PAM","مولاي احمد المرصاوي","33882"
"مراكش- آسفي","مراكش","النخيل","2019","25020","PJD","يوسف ايت رياض","45416"
"مراكش- آسفي","مراكش","النخيل","2019","25020","PJD","جويدة العويدي","45464"
"مراكش- آسفي","مراكش","النخيل","2019","25020","PJD","احماد اطرحي","45450"
"مراكش- آسفي","مراكش","النخيل","2019","25020","PJD","خميسة الخاوة","45487"
"مراكش- آسفي","مراكش","النخيل","2019","25020","PJD","خالد التادلى","45498"
"مراكش- آسفي","مراكش","النخيل","2019","25020","PJD","مولاي يوسف السعيدي","45530"
"مراكش- آسفي","مراكش","النخيل","2019","25020","PJD","ادريس الهواري","45527"
"مراكش- آسفي","مراكش","النخيل","2019","25020","PJD","السعيد رويري","45542"
"مراكش- آسفي","مراكش","النخيل","2019","25020","PI","عبد اللطيف ابدوح","1445"
"مراكش- آسفي","مراكش","النخيل","2019","25020","PI","حليمة بامحمد","1493"
"مراكش- آسفي","مراكش","النخيل","2019","25020","PI","عبد الرحمان اشتيا","1446"
"مراكش- آسفي","مراكش","النخيل","2019","25020","PI","عائشة موضح","1497"
"مراكش- آسفي","مراكش","النخيل","2019","25020","PI","المصطفى الحوري","1448"
"مراكش- آسفي","مراكش","النخيل","2019","25020","PI","عبد السلام السعداوي","1449"
"مراكش- آسفي","مراكش","النخيل","2019","25020","PI","علي بوناكي","1451"
"مراكش- آسفي","مراكش","النخيل","2019","25020","RNI","جمال الدين العكرود","23078"
"مراكش- آسفي","مراكش","النخيل","2019","25020","RNI","حميد بن كرين","23112"
"مراكش- آسفي","مراكش","النخيل","2019","25020","RNI","عزوز الكرومي","23159"
"مراكش- آسفي","مراكش","النخيل","2019","25020","RNI","عبد العظيم ايت ارحبي","23142"
"مراكش- آسفي","مراكش","النخيل","2019","25020","MP","مولاي الحسن المنادي","5218"
"مراكش- آسفي","مراكش","النخيل","2019","25020","MP","عمر العكاري","5239"
"مراكش- آسفي","مراكش","النخيل","2019","25020","MP","عبد الرحيم الزمزامي","5232"
"مراكش- آسفي","مراكش","النخيل","2019","25020","MP","موسى القاري","5246"
"مراكش- آسفي","مراكش","الويدان","192","27439","MP","الرشيد بن الدريوش","1728"
"مراكش- آسفي","مراكش","الويدان","192","2843","MP","يسين الرويل","1839"
"مراكش- آسفي","مراكش","الويدان","192","2843","MP","حجيبة السويسي","1866"
"مراكش- آسفي","مراكش","الويدان","192","2841","MP","حميد لمهيمدة","1822"
"مراكش- آسفي","مراكش","الويدان","192","2845","MP","احمد بوصلوح","1949"
"مراكش- آسفي","مراكش","الويدان","192","2845","MP","خذيجة الهزميري","1991"
"مراكش- آسفي","مراكش","الويدان","192","27438","MP","نورالدين رواج","14998"
"مراكش- آسفي","مراكش","الويدان","192","2831","MP","عبد الكبير الكوط","2022"
"مراكش- آسفي","مراكش","الويدان","192","2839","MP","عبد الهادي ازكاغ","1952"
"مراكش- آسفي","مراكش","الويدان","192","2837","MP","عبد النبي ابن التومي","1963"
"مراكش- آسفي","مراكش","الويدان","192","2839","MP","جميلة اسمير","1982"
"مراكش- آسفي","مراكش","الويدان","192","2844","MP","عز الدين حركة","1741"
"مراكش- آسفي","مراكش","الويدان","192","2838","MP","امبارك نجاتي","1769"
"مراكش- آسفي","مراكش","الويدان","192","2849","MP","مولاي الوافي العلوي كمال","1813"
"مراكش- آسفي","مراكش","الويدان","192","2842","MP","محمد  المنصوري","15010"
"مراكش- آسفي","مراكش","الويدان","192","2836","MP","بوبكر الخزراجي","1879"
"مراكش- آسفي","مراكش","الويدان","192","2836","MP","خدوج الكعكاع","1915"
"مراكش- آسفي","مراكش","الويدان","192","2835","MP","محمد الطاهري","1616"
"مراكش- آسفي","مراكش","الويدان","192","2848","MP","يوسف اعراب","1906"
"مراكش- آسفي","مراكش","الويدان","192","2846","MP","حسن تاليلي","1929"
"مراكش- آسفي","مراكش","الويدان","192","2834","MP","احمد اوفقير","1888"
"مراكش- آسفي","مراكش","الويدان","192","2832","MP","عبدالرحمان بن الشيخ","1703"
"مراكش- آسفي","مراكش","الويدان","192","2847","MP","محمد ايت لبريكي","1891"
"مراكش- آسفي","مراكش","الويدان","192","2850","MP","المصطفى داهي","14987"
"مراكش- آسفي","مراكش","الويدان","192","2830","MP","عبد الرحمان بن خالد","1787"
"مراكش- آسفي","مراكش","الويدان","192","2840","RNI","عبدالرحيم المغراني","15065"
"مراكش- آسفي","مراكش","الويدان","192","2833","RNI","عبد الهادي اللويزي","25010"
"مراكش- آسفي","مراكش","الويدان","192","2852","RNI","عبداللـه الناجي","13039"
"مراكش- آسفي","مراكش","الويدان","192","2851","RNI","صالح بوهنانة","15071"
"مراكش- آسفي","مراكش","تسلطانت","1399","22031","MP","عبد العزيز درويش","30279"
"مراكش- آسفي","مراكش","تسلطانت","1399","22031","MP","نادية لطيف","30971"
"مراكش- آسفي","مراكش","تسلطانت","1399","22031","MP","المهدي الحركي","30381"
"مراكش- آسفي","مراكش","تسلطانت","1399","22031","MP","نعيمة سهلي","30998"
"مراكش- آسفي","مراكش","تسلطانت","1399","22031","MP","رشيد انوى","30457"
"مراكش- آسفي","مراكش","تسلطانت","1399","22031","MP","حفيظة بومعيز","31009"
"مراكش- آسفي","مراكش","تسلطانت","1399","22031","MP","محمد المنسوم","30506"
"مراكش- آسفي","مراكش","تسلطانت","1399","22031","MP","بوجمعة اوسام","30528"
"مراكش- آسفي","مراكش","تسلطانت","1399","22031","MP","احمد حساني","30548"
"مراكش- آسفي","مراكش","تسلطانت","1399","22031","MP","عبد الفتاح ايت الغوات","30566"
"مراكش- آسفي","مراكش","تسلطانت","1399","22031","MP","عبدالكريم صايو","30589"
"مراكش- آسفي","مراكش","تسلطانت","1399","22031","MP","عبد العزيز ايت الزاد","30640"
"مراكش- آسفي","مراكش","تسلطانت","1399","22031","MP","المصطفى الشطيب","30686"
"مراكش- آسفي","مراكش","تسلطانت","1399","22031","MP","محمد اكجوض","30716"
"مراكش- آسفي","مراكش","تسلطانت","1399","22031","MP","محمد ريكل","30739"
"مراكش- آسفي","مراكش","تسلطانت","1399","22031","PAM","الحسين المداني","45754"
"مراكش- آسفي","مراكش","تسلطانت","1399","22031","PAM","محجوبة نافس","46550"
"مراكش- آسفي","مراكش","تسلطانت","1399","22031","PAM","عبد المالك المعلوف","45797"
"مراكش- آسفي","مراكش","تسلطانت","1399","22031","PAM","عبد القادر لحباب","45840"
"مراكش- آسفي","مراكش","تسلطانت","1399","22031","PAM","عبد الواحد  امجريح","45874"
"مراكش- آسفي","مراكش","تسلطانت","1399","22031","PAM","محمد ايت باعدي","45925"
"مراكش- آسفي","مراكش","تسلطانت","1399","22031","PAM","حميد المسرار","45958"
"مراكش- آسفي","مراكش","تسلطانت","1399","22031","PJD","حسن لغشيم","45731"
"مراكش- آسفي","مراكش","تسلطانت","1399","22031","PJD","للاة نجاة اوسامة","46307"
"مراكش- آسفي","مراكش","تسلطانت","1399","22031","PJD","مصطفى ازرودي","45773"
"مراكش- آسفي","مراكش","تسلطانت","1399","22031","PJD","ي يوسف مسكين","45809"
"مراكش- آسفي","مراكش","تسلطانت","1399","22031","PJD","عمر ارحوي","45867"
"مراكش- آسفي","مراكش","تسلطانت","1399","22031","PJD","عبد الغني رضوان","45837"
"مراكش- آسفي","مراكش","تسلطانت","1399","22031","PJD","عبد الرحيم قسمي","45864"
"مراكش- آسفي","مراكش","تسلطانت","1399","22031","RNI","محمد ايحوف","22754"
"مراكش- آسفي","مراكش","تسلطانت","1399","22031","RNI","نادية ايت بنداني","22769"
"مراكش- آسفي","مراكش","تسلطانت","1399","22031","RNI","عبد العالي دينامو","22777"
"مراكش- آسفي","مراكش","تسلطانت","1399","22031","RNI","حميد زريكة","22775"
"مراكش- آسفي","مراكش","تسلطانت","1399","22031","RNI","احمد موعتيقي","22784"
"مراكش- آسفي","مراكش","تسلطانت","1399","22031","RNI","عبد الفتاح كرومي","22789"
"مراكش- آسفي","مراكش","جيليز","2137","25138","PJD","عبد السلام سي كوري","5421"
"مراكش- آسفي","مراكش","جيليز","2137","25138","PJD","اشراق البويسفي","5455"
"مراكش- آسفي","مراكش","جيليز","2137","25138","PJD","خليل بولحسن","5397"
"مراكش- آسفي","مراكش","جيليز","2137","25138","PJD","مريم خاي","5487"
"مراكش- آسفي","مراكش","جيليز","2137","25138","PJD","محمد ايت بويدو","5525"
"مراكش- آسفي","مراكش","جيليز","2137","25138","PJD","فاطمة النجفي","5513"
"مراكش- آسفي","مراكش","جيليز","2137","25138","PJD","حميد خوزرك","5454"
"مراكش- آسفي","مراكش","جيليز","2137","25138","PJD","عفيفة الحيمر","5551"
"مراكش- آسفي","مراكش","جيليز","2137","25138","PJD","محمد بنبلا","5441"
"مراكش- آسفي","مراكش","جيليز","2137","25138","PJD","احمد عبيلة","5476"
"مراكش- آسفي","مراكش","جيليز","2137","25138","PJD","عبد الفتاح رزكي","5497"
"مراكش- آسفي","مراكش","جيليز","2137","25138","PJD","حسن بباوي","5510"
"مراكش- آسفي","مراكش","جيليز","2137","25138","PJD","محمد  شوقي","5529"
"مراكش- آسفي","مراكش","جيليز","2137","25138","PJD","احمد الشافعي","5553"
"مراكش- آسفي","مراكش","جيليز","2137","25138","PJD","عمر لخضر","5572"
"مراكش- آسفي","مراكش","جيليز","2137","25138","PJD","عبد الرحيم فيلالي","5571"
"مراكش- آسفي","مراكش","جيليز","2137","25138","PJD","محمد اوعديد","5595"
"مراكش- آسفي","مراكش","جيليز","2137","25138","PJD","علي بلغيتي","5599"
"مراكش- آسفي","مراكش","جيليز","2137","25138","PJD","عبد الجليل مودن","5614"
"مراكش- آسفي","مراكش","جيليز","2137","25138","PJD","عبد الوهاب رزوكي","5635"
"مراكش- آسفي","مراكش","جيليز","2137","25138","PJD","عبد الرحيم نصوح","5639"
"مراكش- آسفي","مراكش","جيليز","2137","25138","PAM","زكية المريني","27643"
"مراكش- آسفي","مراكش","جيليز","2137","25138","PAM","حبيبة الكرشال","28602"
"مراكش- آسفي","مراكش","جيليز","2137","25138","PAM","عبد العزيز مروان","27675"
"مراكش- آسفي","مراكش","جيليز","2137","25138","PAM","مينة ايت ابراهيم وحمو","28627"
"مراكش- آسفي","مراكش","جيليز","2137","25138","PAM","السعيد ايت المحجوب","27703"
"مراكش- آسفي","مراكش","جيليز","2137","25138","PAM","عبد المجيد بناني","27739"
"مراكش- آسفي","مراكش","جيليز","2137","25138","PAM","الحسين هل الفضل","27774"
"مراكش- آسفي","مراكش","جيليز","2137","25138","PAM","عبد الفتاح بن نجخوخ","27800"
"مراكش- آسفي","مراكش","جيليز","2137","25138","PAM","هاني فتح الله","27823"
"مراكش- آسفي","مراكش","جيليز","2137","25138","PAM","مولاي ابراهيم فرقان","27840"
"مراكش- آسفي","مراكش","جيليز","2137","25138","RNI","عبد العزيز البنين","29323"
"مراكش- آسفي","مراكش","جيليز","2137","25138","RNI","محمد الحر","29372"
"مراكش- آسفي","مراكش","جيليز","2137","25138","RNI","رشيد التمادلي","29408"
"مراكش- آسفي","مراكش","جيليز","2137","25138","RNI","عبد الرحيم ديم","29451"
"مراكش- آسفي","مراكش","جيليز","2137","25138","RNI","محمد توفيق المجدوبي","29480"
"مراكش- آسفي","مراكش","جيليز","2137","25138","RNI","فؤاد  حاجبي ","29503"
"مراكش- آسفي","مراكش","جيليز","2137","25138","MP","محمد لكبار","24778"
"مراكش- آسفي","مراكش","جيليز","2137","25138","MP","محمد عبدون","24824"
"مراكش- آسفي","مراكش","جيليز","2137","25138","MP","احمد الصلحي","25107"
"مراكش- آسفي","مراكش","حربيل","591","9323","RNI","اسماعيل البرهومي","41665"
"مراكش- آسفي","مراكش","حربيل","591","9323","RNI","بشرى اوحمودو","41742"
"مراكش- آسفي","مراكش","حربيل","591","9323","RNI","جمال الراوي","41680"
"مراكش- آسفي","مراكش","حربيل","591","9323","RNI","خديجة مقيو","41758"
"مراكش- آسفي","مراكش","حربيل","591","9323","RNI","سليمان الداودي","41698"
"مراكش- آسفي","مراكش","حربيل","591","9323","RNI","رشيدة  بلعيد ","41765"
"مراكش- آسفي","مراكش","حربيل","591","9323","RNI","عبدالرحمان الطمار","41710"
"مراكش- آسفي","مراكش","حربيل","591","9323","RNI","عبد الكبير بلقائد","41725"
"مراكش- آسفي","مراكش","حربيل","591","9323","RNI","عبد الصادق المتحف","41728"
"مراكش- آسفي","مراكش","حربيل","591","9323","RNI","محمد عنور","41746"
"مراكش- آسفي","مراكش","حربيل","591","9323","RNI","يوسف الكيس","41739"
"مراكش- آسفي","مراكش","حربيل","591","9323","RNI","المصطفى لهميدي","41731"
"مراكش- آسفي","مراكش","حربيل","591","9323","RNI","السعيد دقاوي","41745"
"مراكش- آسفي","مراكش","حربيل","591","9323","RNI","عبدالحكيم مقيو","41751"
"مراكش- آسفي","مراكش","حربيل","591","9323","RNI","عبدالواحد صابر","41772"
"مراكش- آسفي","مراكش","حربيل","591","9323","RNI","محمد العاطي الله","41764"
"مراكش- آسفي","مراكش","حربيل","591","9323","RNI","عبد المولى سرور","41795"
"مراكش- آسفي","مراكش","حربيل","591","9323","RNI","المصطفى شهيد","41792"
"مراكش- آسفي","مراكش","حربيل","591","9323","PJD","عبد الحق الكوط","75057"
"مراكش- آسفي","مراكش","حربيل","591","9323","PJD","السعدية ابن العزيز","75337"
"مراكش- آسفي","مراكش","حربيل","591","9323","PJD","عبد الواحد لهبال","75089"
"مراكش- آسفي","مراكش","حربيل","591","9323","PJD","خدوج الديري ","75377"
"مراكش- آسفي","مراكش","حربيل","591","9323","PJD","عبد الرحمان لكراتي","75320"
"مراكش- آسفي","مراكش","حربيل","591","9323","PJD","عثمان الكوط","75369"
"مراكش- آسفي","مراكش","حربيل","591","9323","PJD","احمد البنة","75402"
"مراكش- آسفي","مراكش","حربيل","591","9323","PJD","عبد الرحيم  رفيع","75463"
"مراكش- آسفي","مراكش","حربيل","591","9323","PJD","مبارك بن منصور","75513"
"مراكش- آسفي","مراكش","حربيل","591","9323","PJD","خالد بالمجيد","75570"
"مراكش- آسفي","مراكش","حربيل","591","9323","PJD","عبد الوهاب الصابي","75660"
"مراكش- آسفي","مراكش","حربيل","591","9323","USFP","حميد زيتوني","55512"
"مراكش- آسفي","مراكش","حربيل","591","9323","USFP","خديجة  منقاش ","55558"
"مراكش- آسفي","مراكش","حربيل","591","9323","USFP","بوجمعة  معروف","55511"
"مراكش- آسفي","مراكش","حربيل","591","9323","USFP","محمد خالوقي","55513"
"مراكش- آسفي","مراكش","حربيل","591","9323","USFP","فيصل ابو الفضل","55514"
"مراكش- آسفي","مراكش","حربيل","591","9323","USFP","الفاطمي اسباعلة","55515"
"مراكش- آسفي","مراكش","سعادة","1105","26005","MP","مولاي اسماعيل الحمداني","1447"
"مراكش- آسفي","مراكش","سعادة","1105","26005","MP","الهام سويلم","1557"
"مراكش- آسفي","مراكش","سعادة","1105","26005","MP","بوبكر بنبقال","1452"
"مراكش- آسفي","مراكش","سعادة","1105","26005","MP","ادريس مولاية","1457"
"مراكش- آسفي","مراكش","سعادة","1105","26005","MP","سيدي محمد العسري","1464"
"مراكش- آسفي","مراكش","سعادة","1105","26005","MP","مولاي عمر الزيتوني","1472"
"مراكش- آسفي","مراكش","سعادة","1105","26005","MP","عبد الاله دشيش","1479"
"مراكش- آسفي","مراكش","سعادة","1105","26005","RNI","عبد الرحيم لعميم","21915"
"مراكش- آسفي","مراكش","سعادة","1105","26005","RNI","مونية بداز","21904"
"مراكش- آسفي","مراكش","سعادة","1105","26005","RNI","مولاي حفيظ رمش","21856"
"مراكش- آسفي","مراكش","سعادة","1105","26005","RNI","مولاي عبد اللطيف الدمراني","21893"
"مراكش- آسفي","مراكش","سعادة","1105","26005","RNI","عبد الكريم الماحي","21938"
"مراكش- آسفي","مراكش","سعادة","1105","26005","RNI","عبد الحفيظ بداز","21946"
"مراكش- آسفي","مراكش","سعادة","1105","26005","PJD","كريم عبدون","35031"
"مراكش- آسفي","مراكش","سعادة","1105","26005","PJD","سومية الصريدي","37050"
"مراكش- آسفي","مراكش","سعادة","1105","26005","PJD","ابراهيم بغدوس","35096"
"مراكش- آسفي","مراكش","سعادة","1105","26005","PJD","الحسن  امباركي","35171"
"مراكش- آسفي","مراكش","سعادة","1105","26005","PJD","محمد لمزعزع","35251"
"مراكش- آسفي","مراكش","سعادة","1105","26005","PJD","محمد نجاي","35336"
"مراكش- آسفي","مراكش","سعادة","1105","26005","PAM","مولاي احمد طالبي","34178"
"مراكش- آسفي","مراكش","سعادة","1105","26005","PAM","زهرة ارعيدة","34159"
"مراكش- آسفي","مراكش","سعادة","1105","26005","PAM","مولاي رشيد بنلقليب","34304"
"مراكش- آسفي","مراكش","سعادة","1105","26005","PAM","حسن بنعلا","34313"
"مراكش- آسفي","مراكش","سعادة","1105","26005","PAM","محمد بنعباد","34325"
"مراكش- آسفي","مراكش","سعادة","1105","26005","PRV","عبد الحكيم موجي","14855"
"مراكش- آسفي","مراكش","سعادة","1105","26005","PRV","مليكة بوكتيب","14857"
"مراكش- آسفي","مراكش","سعادة","1105","26005","PRV","عبد اللطيف حيمود","14856"
"مراكش- آسفي","مراكش","سعادة","1105","26005","PRV","لحسن العدراوي","14858"
"مراكش- آسفي","مراكش","سعادة","1105","26005","PPS","عبد الرحمان ابو الكرم","14947"
"مراكش- آسفي","مراكش","سعادة","1105","26005","PPS","فوزية ابو الرضى","15118"
"مراكش- آسفي","مراكش","سعادة","1105","26005","PPS","ميلود زريكة","14958"
"مراكش- آسفي","مراكش","سعادة","1105","26005","PPS","كبيرة لوديي","14971"
"مراكش- آسفي","مراكش","سعادة","1105","26005","FFD","عبد النبي حربوشي","14963"
"مراكش- آسفي","مراكش","سعادة","1105","26005","FFD","لحسن لكلاوي","14972"
"مراكش- آسفي","مراكش","سعادة","1105","26005","FFD","رشيد مزال","14975"
"مراكش- آسفي","مراكش","سيد الزوين","1146","18151","MDS","احمد الرفيق","14908"
"مراكش- آسفي","مراكش","سيد الزوين","1146","18151","MDS","مليكة بوهية","14913"
"مراكش- آسفي","مراكش","سيد الزوين","1146","18156","MDS","الحسن بنتمة","41600"
"مراكش- آسفي","مراكش","سيد الزوين","1146","18156","MDS","محجوبة بنتمة","41606"
"مراكش- آسفي","مراكش","سيد الزوين","1146","18160","MDS","يوسف  الزويني","14931"
"مراكش- آسفي","مراكش","سيد الزوين","1146","18149","MDS","عبد الكبير قاشبة","15130"
"مراكش- آسفي","مراكش","سيد الزوين","1146","18157","MDS","محمد  الزياتة","14925"
"مراكش- آسفي","مراكش","سيد الزوين","1146","18155","MDS","احمد دعجي","14921"
"مراكش- آسفي","مراكش","سيد الزوين","1146","25961","MDS","صباري عمر","14916"
"مراكش- آسفي","مراكش","سيد الزوين","1146","25960","MDS","يوسف ايت الحفضي ","14956"
"مراكش- آسفي","مراكش","سيد الزوين","1146","18152","MDS","رشيد دكداك","14904"
"مراكش- آسفي","مراكش","سيد الزوين","1146","18159","PAM","نور الدين استيتو","8542"
"مراكش- آسفي","مراكش","سيد الزوين","1146","18159","PAM","لمياء اجنانة","8537"
"مراكش- آسفي","مراكش","سيد الزوين","1146","18150","PAM","العربي بوخريص","8215"
"مراكش- آسفي","مراكش","سيد الزوين","1146","18148","PAM","عبد الحكيم فاتل","8329"
"مراكش- آسفي","مراكش","سيد الزوين","1146","18153","PAM","عبد الحق عفيف","20787"
"مراكش- آسفي","مراكش","سيد الزوين","1146","18158","PJD","خليد الزويني","20795"
"مراكش- آسفي","مراكش","سيد الزوين","1146","18154","PRV","خالد الحيمر","14938"
"مراكش- آسفي","مراكش","سيد الزوين","1146","18154","PRV","للا اسماء علوي الهروني","14964"
"مراكش- آسفي","مراكش","سيدي يوسف بن علي","2020","25021","PJD","مولاي البشير طوبا","15329"
"مراكش- آسفي","مراكش","سيدي يوسف بن علي","2020","25021","PJD","حفيظة مجدار","15303"
"مراكش- آسفي","مراكش","سيدي يوسف بن علي","2020","25021","PJD","عبد الغني دريويش","15392"
"مراكش- آسفي","مراكش","سيدي يوسف بن علي","2020","25021","PJD","عزيزة الزواوكي","15334"
"مراكش- آسفي","مراكش","سيدي يوسف بن علي","2020","25021","PJD","خليفة الشحيمي","15405"
"مراكش- آسفي","مراكش","سيدي يوسف بن علي","2020","25021","PJD","عبد الهادي بن علا","15416"
"مراكش- آسفي","مراكش","سيدي يوسف بن علي","2020","25021","PJD","عبد الهادي تلماضي","15431"
"مراكش- آسفي","مراكش","سيدي يوسف بن علي","2020","25021","PJD","مولاي احفيظ قضاوي العباسي","15446"
"مراكش- آسفي","مراكش","سيدي يوسف بن علي","2020","25021","PJD","زكرياء الحداوي","15465"
"مراكش- آسفي","مراكش","سيدي يوسف بن علي","2020","25021","PJD","عبد الرشيد  وديع","15464"
"مراكش- آسفي","مراكش","سيدي يوسف بن علي","2020","25021","PJD","لحسن ايت حمو","15480"
"مراكش- آسفي","مراكش","سيدي يوسف بن علي","2020","25021","PJD","عبد العزيز شباني","15479"
"مراكش- آسفي","مراكش","سيدي يوسف بن علي","2020","25021","PJD","ربيع بن عدي","15493"
"مراكش- آسفي","مراكش","سيدي يوسف بن علي","2020","25021","PJD","احمد الكط","15518"
"مراكش- آسفي","مراكش","سيدي يوسف بن علي","2020","25021","PJD","مريم  الشاتي","15505"
"مراكش- آسفي","مراكش","سيدي يوسف بن علي","2020","25021","PAM","محمد نكيل","5226"
"مراكش- آسفي","مراكش","سيدي يوسف بن علي","2020","25021","PAM","تورية بوعباد","5592"
"مراكش- آسفي","مراكش","سيدي يوسف بن علي","2020","25021","PAM","حسن الهواري","5352"
"مراكش- آسفي","مراكش","سيدي يوسف بن علي","2020","25021","PAM","السعدية زكران","5630"
"مراكش- آسفي","مراكش","سيدي يوسف بن علي","2020","25021","PAM","عبد الصماد الهنيدي","5249"
"مراكش- آسفي","مراكش","سيدي يوسف بن علي","2020","25021","PAM","محمد مزي","5264"
"مراكش- آسفي","مراكش","سيدي يوسف بن علي","2020","25021","PAM","مولاي ادريس اوركيم","5304"
"مراكش- آسفي","مراكش","سيدي يوسف بن علي","2020","25021","PAM","محمد سركوتي","5332"
"مراكش- آسفي","مراكش","سيدي يوسف بن علي","2020","25021","PAM","رشيد بوركاب","5370"
"مراكش- آسفي","مراكش","سيدي يوسف بن علي","2020","25021","FFD","عبدالجليل بنسعود","1537"
"مراكش- آسفي","مراكش","سيدي يوسف بن علي","2020","25021","FFD","سعيدة سلالة","1687"
"مراكش- آسفي","مراكش","سيدي يوسف بن علي","2020","25021","FFD","يوسف بن الزاهر","1539"
"مراكش- آسفي","مراكش","سيدي يوسف بن علي","2020","25021","FFD","اسماء مرواح","1688"
"مراكش- آسفي","مراكش","سيدي يوسف بن علي","2020","25021","FFD","عثمان عزام","1542"
"مراكش- آسفي","مراكش","سيدي يوسف بن علي","2020","25021","FFD","عبد السلام لمغرتي","1553"
"مراكش- آسفي","مراكش","سيدي يوسف بن علي","2020","25021","RNI","اسماعيل امغاري","28180"
"مراكش- آسفي","مراكش","سيدي يوسف بن علي","2020","25021","RNI","محمد ايت الزاوي","28300"
"مراكش- آسفي","مراكش","سيدي يوسف بن علي","2020","25021","RNI","محمد الحبيب بوعلالة","28323"
"مراكش- آسفي","مراكش","سيدي يوسف بن علي","2020","25021","RNI","عبدالعزيز الحكيم","56437"
"مراكش- آسفي","مراكش","سيدي يوسف بن علي","2020","25021","PI","الحسين نوار","634"
"مراكش- آسفي","مراكش","سيدي يوسف بن علي","2020","25021","PI","عبد اللطيف  عطارد","628"
"مراكش- آسفي","مراكش","سيدي يوسف بن علي","2020","25021","PI","خليفة بوعرودة","736"
"مراكش- آسفي","مراكش","سيدي يوسف بن علي","2020","25021","PML","عبد الكريم لمشوم","58201"
"مراكش- آسفي","مراكش","سيدي يوسف بن علي","2020","25021","PML","عبد اللطيف عليبو","58338"
"مراكش- آسفي","مراكش","مراكش","1572","25139","PJD","محمد العربي بلقائد","1478"
"مراكش- آسفي","مراكش","مراكش","1572","25139","PJD","امينة العمراني الادريسي","1772"
"مراكش- آسفي","مراكش","مراكش","1572","25139","PJD","محمد توفلة","1482"
"مراكش- آسفي","مراكش","مراكش","1572","25139","PJD","امال ميصرة","1782"
"مراكش- آسفي","مراكش","مراكش","1572","25139","PJD","عبد الرزاق جبور","1489"
"مراكش- آسفي","مراكش","مراكش","1572","25139","PJD","عبد المجيد ايت القاضي","1508"
"مراكش- آسفي","مراكش","مراكش","1572","25139","PJD","توفيق بلوجور","1522"
"مراكش- آسفي","مراكش","مراكش","1572","25139","PJD","عبدالهادي ويسلات","1530"
"مراكش- آسفي","مراكش","مراكش","1572","25139","PJD","عادل المتصدق","1496"
"مراكش- آسفي","مراكش","مراكش","1572","25139","PJD","عبد الهادي  فاري","1519"
"مراكش- آسفي","مراكش","مراكش","1572","25139","PJD","محمد الزراف","1550"
"مراكش- آسفي","مراكش","مراكش","1572","25139","PJD","عبد الاله  الغلف","1575"
"مراكش- آسفي","مراكش","مراكش","1572","25138","PJD","عبد السلام سي كوري","5421"
"مراكش- آسفي","مراكش","مراكش","1572","25138","PJD","اشراق البويسفي","5455"
"مراكش- آسفي","مراكش","مراكش","1572","25138","PJD","خليل بولحسن","5397"
"مراكش- آسفي","مراكش","مراكش","1572","25138","PJD","مريم خاي","5487"
"مراكش- آسفي","مراكش","مراكش","1572","25138","PJD","محمد ايت بويدو","5525"
"مراكش- آسفي","مراكش","مراكش","1572","25138","PJD","حميد خوزرك","5454"
"مراكش- آسفي","مراكش","مراكش","1572","25138","PJD","محمد بنبلا","5441"
"مراكش- آسفي","مراكش","مراكش","1572","25138","PJD","احمد عبيلة","5476"
"مراكش- آسفي","مراكش","مراكش","1572","25138","PJD","عبد الفتاح رزكي","5497"
"مراكش- آسفي","مراكش","مراكش","1572","25138","PJD","حسن بباوي","5510"
"مراكش- آسفي","مراكش","مراكش","1572","25019","PJD","يونس بن سليمان","34915"
"مراكش- آسفي","مراكش","مراكش","1572","25019","PJD","خديجة الفضي","36114"
"مراكش- آسفي","مراكش","مراكش","1572","25019","PJD","المصطفى  الوجداني","34927"
"مراكش- آسفي","مراكش","مراكش","1572","25019","PJD","احمد المتصدق","35347"
"مراكش- آسفي","مراكش","مراكش","1572","25019","PJD","عبد الصمد العكاري","35014"
"مراكش- آسفي","مراكش","مراكش","1572","25019","PJD","ابراهيم بوحنش","35085"
"مراكش- آسفي","مراكش","مراكش","1572","25019","PJD","عبد الرحيم الفيرامي","35213"
"مراكش- آسفي","مراكش","مراكش","1572","25019","PJD","مولاي عبد الحفيظ المغراوي","35276"
"مراكش- آسفي","مراكش","مراكش","1572","25021","PJD","مولاي البشير طوبا","15329"
"مراكش- آسفي","مراكش","مراكش","1572","25021","PJD","حفيظة مجدار","15303"
"مراكش- آسفي","مراكش","مراكش","1572","25021","PJD","عبد الغني دريويش","15392"
"مراكش- آسفي","مراكش","مراكش","1572","25021","PJD","خليفة الشحيمي","15405"
"مراكش- آسفي","مراكش","مراكش","1572","25021","PJD","عبد الهادي بن علا","15416"
"مراكش- آسفي","مراكش","مراكش","1572","25021","PJD","عبد الهادي تلماضي","15431"
"مراكش- آسفي","مراكش","مراكش","1572","25021","PJD","مولاي احفيظ قضاوي العباسي","15446"
"مراكش- آسفي","مراكش","مراكش","1572","25020","PJD","يوسف ايت رياض","45416"
"مراكش- آسفي","مراكش","مراكش","1572","25020","PJD","جويدة العويدي","45464"
"مراكش- آسفي","مراكش","مراكش","1572","25020","PJD","احماد اطرحي","45450"
"مراكش- آسفي","مراكش","مراكش","1572","25139","PAM","عدنان بنعبد الله","24811"
"مراكش- آسفي","مراكش","مراكش","1572","25139","PAM","حياة المشفوع","25166"
"مراكش- آسفي","مراكش","مراكش","1572","25139","PAM","عبد الله الامكاري","24869"
"مراكش- آسفي","مراكش","مراكش","1572","25139","PAM","عبد الرحمان وافا","25187"
"مراكش- آسفي","مراكش","مراكش","1572","25139","PAM","سفيان بنخالتي","25238"
"مراكش- آسفي","مراكش","مراكش","1572","25138","PAM","زكية المريني","27643"
"مراكش- آسفي","مراكش","مراكش","1572","25138","PAM","حبيبة الكرشال","28602"
"مراكش- آسفي","مراكش","مراكش","1572","25138","PAM","عبد العزيز مروان","27675"
"مراكش- آسفي","مراكش","مراكش","1572","25138","PAM","السعيد ايت المحجوب","27703"
"مراكش- آسفي","مراكش","مراكش","1572","25138","PAM","عبد المجيد بناني","27739"
"مراكش- آسفي","مراكش","مراكش","1572","25021","PAM","محمد نكيل","5226"
"مراكش- آسفي","مراكش","مراكش","1572","25021","PAM","تورية بوعباد","5592"
"مراكش- آسفي","مراكش","مراكش","1572","25021","PAM","حسن الهواري","5352"
"مراكش- آسفي","مراكش","مراكش","1572","25021","PAM","عبد الصماد الهنيدي","5249"
"مراكش- آسفي","مراكش","مراكش","1572","25019","PAM","فاطمة الزهراء المنصوري","24057"
"مراكش- آسفي","مراكش","مراكش","1572","25019","PAM","عفيفة  الزنجاري","23875"
"مراكش- آسفي","مراكش","مراكش","1572","25019","PAM","حميد الشهواني","24102"
"مراكش- آسفي","مراكش","مراكش","1572","25019","PAM","المصطفى الشهواني","24240"
"مراكش- آسفي","مراكش","مراكش","1572","25019","PAM","محمد الادريسي","24300"
"مراكش- آسفي","مراكش","مراكش","1572","25020","PAM","عبد العزيز بوسعيد","33637"
"مراكش- آسفي","مراكش","مراكش","1572","25020","PAM","فاطمة لمكهون","33641"
"مراكش- آسفي","مراكش","مراكش","1572","25020","PAM","محمد بوغربال","33672"
"مراكش- آسفي","مراكش","مراكش","1572","25138","RNI","عبد العزيز البنين","29323"
"مراكش- آسفي","مراكش","مراكش","1572","25138","RNI","محمد الحر","29372"
"مراكش- آسفي","مراكش","مراكش","1572","25138","RNI","رشيد التمادلي","29408"
"مراكش- آسفي","مراكش","مراكش","1572","25139","RNI","عبد الواحد الشافقي","10977"
"مراكش- آسفي","مراكش","مراكش","1572","25139","RNI","احمد محفوظ","11609"
"مراكش- آسفي","مراكش","مراكش","1572","25020","RNI","جمال الدين العكرود","23078"
"مراكش- آسفي","مراكش","مراكش","1572","25019","RNI","محمد بنلعروسي","32488"
"مراكش- آسفي","مراكش","مراكش","1572","25019","RNI","عواطف البردعي","32522"
"مراكش- آسفي","مراكش","مراكش","1572","25019","RNI","محمد باقة","32511"
"مراكش- آسفي","مراكش","مراكش","1572","25021","RNI","اسماعيل امغاري","28180"
"مراكش- آسفي","مراكش","مراكش","1572","25021","RNI","محمد ايت الزاوي","28300"
"مراكش- آسفي","مراكش","مراكش","1572","25020","PI","عبد اللطيف ابدوح","1445"
"مراكش- آسفي","مراكش","مراكش","1572","25020","PI","حليمة بامحمد","1493"
"مراكش- آسفي","مراكش","مراكش","1572","25019","PI","خالد الفتاوي","23508"
"مراكش- آسفي","مراكش","مراكش","1572","25021","PI","الحسين نوار","634"
"مراكش- آسفي","مراكش","مراكش","1572","25138","MP","محمد لكبار","24778"
"مراكش- آسفي","مراكش","مراكش","1572","25020","MP","مولاي الحسن المنادي","5218"
"مراكش- آسفي","مراكش","مراكش","1572","25139","UC","عبد المجيد  الدمناتي","29555"
"مراكش- آسفي","مراكش","مراكش","1572","25139","UC","عبد الصمد العمراني","29644"
"مراكش- آسفي","مراكش","مراكش","1572","25021","FFD","عبدالجليل بنسعود","1537"
"مراكش- آسفي","مراكش","مراكش","1572","25021","FFD","سعيدة سلالة","1687"
"مراكش- آسفي","مراكش","مراكش","1572","25021","FFD","يوسف بن الزاهر","1539"
"مراكش- آسفي","مراكش","مراكش","1572","25019","USFP","نجيب  رفوش","39332"
"مراكش- آسفي","مراكش","مراكش","1572","25021","PML","عبد الكريم لمشوم","58201"
"مراكش- آسفي","مراكش","مراكش  - المدينة","2018","25019","PJD","يونس بن سليمان","34915"
"مراكش- آسفي","مراكش","مراكش  - المدينة","2018","25019","PJD","خديجة الفضي","36114"
"مراكش- آسفي","مراكش","مراكش  - المدينة","2018","25019","PJD","المصطفى  الوجداني","34927"
"مراكش- آسفي","مراكش","مراكش  - المدينة","2018","25019","PJD","نجية عوجاجي","36142"
"مراكش- آسفي","مراكش","مراكش  - المدينة","2018","25019","PJD","احمد المتصدق","35347"
"مراكش- آسفي","مراكش","مراكش  - المدينة","2018","25019","PJD","عبد الصمد العكاري","35014"
"مراكش- آسفي","مراكش","مراكش  - المدينة","2018","25019","PJD","ابراهيم بوحنش","35085"
"مراكش- آسفي","مراكش","مراكش  - المدينة","2018","25019","PJD","عبد الرحيم الفيرامي","35213"
"مراكش- آسفي","مراكش","مراكش  - المدينة","2018","25019","PJD","مولاي عبد الحفيظ المغراوي","35276"
"مراكش- آسفي","مراكش","مراكش  - المدينة","2018","25019","PJD","عبد اللطيف القدوري","35385"
"مراكش- آسفي","مراكش","مراكش  - المدينة","2018","25019","PJD","رضوان برادة","35416"
"مراكش- آسفي","مراكش","مراكش  - المدينة","2018","25019","PJD","ياسين وكنيمين","35471"
"مراكش- آسفي","مراكش","مراكش  - المدينة","2018","25019","PJD","محمد امين عزيز","35503"
"مراكش- آسفي","مراكش","مراكش  - المدينة","2018","25019","PJD","مصطفى بلحميد","35560"
"مراكش- آسفي","مراكش","مراكش  - المدينة","2018","25019","PJD","محمد بنهنون","35626"
"مراكش- آسفي","مراكش","مراكش  - المدينة","2018","25019","PJD","الحسان قسمي","35689"
"مراكش- آسفي","مراكش","مراكش  - المدينة","2018","25019","PJD","نجيب القزويني","35820"
"مراكش- آسفي","مراكش","مراكش  - المدينة","2018","25019","PAM","فاطمة الزهراء المنصوري","24057"
"مراكش- آسفي","مراكش","مراكش  - المدينة","2018","25019","PAM","عفيفة  الزنجاري","23875"
"مراكش- آسفي","مراكش","مراكش  - المدينة","2018","25019","PAM","حميد الشهواني","24102"
"مراكش- آسفي","مراكش","مراكش  - المدينة","2018","25019","PAM","للا مريم الادريسي","23898"
"مراكش- آسفي","مراكش","مراكش  - المدينة","2018","25019","PAM","المصطفى الشهواني","24240"
"مراكش- آسفي","مراكش","مراكش  - المدينة","2018","25019","PAM","محمد الادريسي","24300"
"مراكش- آسفي","مراكش","مراكش  - المدينة","2018","25019","PAM","خالد  اجديري ","24303"
"مراكش- آسفي","مراكش","مراكش  - المدينة","2018","25019","PAM","هشام صامض","24328"
"مراكش- آسفي","مراكش","مراكش  - المدينة","2018","25019","PAM","احمد انوس","23925"
"مراكش- آسفي","مراكش","مراكش  - المدينة","2018","25019","PAM","مراد الحنافي","23970"
"مراكش- آسفي","مراكش","مراكش  - المدينة","2018","25019","PAM","عبد اللطيف زاري","24025"
"مراكش- آسفي","مراكش","مراكش  - المدينة","2018","25019","RNI","محمد بنلعروسي","32488"
"مراكش- آسفي","مراكش","مراكش  - المدينة","2018","25019","RNI","عواطف البردعي","32522"
"مراكش- آسفي","مراكش","مراكش  - المدينة","2018","25019","RNI","محمد باقة","32511"
"مراكش- آسفي","مراكش","مراكش  - المدينة","2018","25019","RNI","  قمر     روشاد","32551"
"مراكش- آسفي","مراكش","مراكش  - المدينة","2018","25019","RNI","عبد العزيز الشرقاوي","32539"
"مراكش- آسفي","مراكش","مراكش  - المدينة","2018","25019","RNI","علي المذكوري","32506"
"مراكش- آسفي","مراكش","مراكش  - المدينة","2018","25019","PI","خالد الفتاوي","23508"
"مراكش- آسفي","مراكش","مراكش  - المدينة","2018","25019","PI","عبد الصادق بيطاري","23568"
"مراكش- آسفي","مراكش","مراكش  - المدينة","2018","25019","PI","احمد بنسافي","23580"
"مراكش- آسفي","مراكش","مراكش  - المدينة","2018","25019","USFP","نجيب  رفوش","39332"
"مراكش- آسفي","مراكش","مراكش  - المدينة","2018","25019","USFP","خالد زريكم","39403"
"مراكش- آسفي","مراكش","مشور - القصبة","855","13509","RNI","عبد اللطيف العرباوي","26665"
"مراكش- آسفي","مراكش","مشور - القصبة","855","13509","RNI","فاطمة تكوش","26680"
"مراكش- آسفي","مراكش","مشور - القصبة","855","13506","RNI","محمد فؤاد حوري","4715"
"مراكش- آسفي","مراكش","مشور - القصبة","855","13507","RNI","محمد ايت مولاي","18060"
"مراكش- آسفي","مراكش","مشور - القصبة","855","13507","RNI","لالة مريم الادريسي قايدي","18213"
"مراكش- آسفي","مراكش","مشور - القصبة","855","13504","RNI","سيدي محمد الحنادي","4711"
"مراكش- آسفي","مراكش","مشور - القصبة","855","13508","RNI","عبد الاله الصوصي","4714"
"مراكش- آسفي","مراكش","مشور - القصبة","855","13502","RNI","خالد بلهاشمي","4709"
"مراكش- آسفي","مراكش","مشور - القصبة","855","13501","PJD","رشيد ايت ابراهيم","88363"
"مراكش- آسفي","مراكش","مشور - القصبة","855","13501","PJD","رقية جيان","88555"
"مراكش- آسفي","مراكش","مشور - القصبة","855","13505","PJD","المصطفى مجدوبي","46900"
"مراكش- آسفي","مراكش","مشور - القصبة","855","13503","PJD","عبدالعاطي حازيوي","89225"
"مراكش- آسفي","مراكش","مشور - القصبة","855","13503","PJD","امل حازيوي","89306"
"مراكش- آسفي","مراكش","واحة سيدي ابراهيم","937","14814","PAM","محمد الشقيق","30564"
"مراكش- آسفي","مراكش","واحة سيدي ابراهيم","937","14824","PAM","  مولاي عبد الرحيم    الكامل","36629"
"مراكش- آسفي","مراكش","واحة سيدي ابراهيم","937","14824","PAM","للارجاء الكامل","36788"
"مراكش- آسفي","مراكش","واحة سيدي ابراهيم","937","25951","PAM","نور الدين معرفة","36923"
"مراكش- آسفي","مراكش","واحة سيدي ابراهيم","937","25951","PAM","زهيرة ملين","37005"
"مراكش- آسفي","مراكش","واحة سيدي ابراهيم","937","14816","PAM","محمد البرشماني","30647"
"مراكش- آسفي","مراكش","واحة سيدي ابراهيم","937","14822","PAM","عمر سحيمدان","31039"
"مراكش- آسفي","مراكش","واحة سيدي ابراهيم","937","14819","PAM","مولاي عبد الهادي مكريم","30890"
"مراكش- آسفي","مراكش","واحة سيدي ابراهيم","937","14818","PAM","مولاي الشريف الكامل","30784"
"مراكش- آسفي","مراكش","واحة سيدي ابراهيم","937","27596","PAM","هشام العنبة","31119"
"مراكش- آسفي","مراكش","واحة سيدي ابراهيم","937","27605","PAM","احمد بن البدوي","31240"
"مراكش- آسفي","مراكش","واحة سيدي ابراهيم","937","14815","PAM","هشام الكريتي","30952"
"مراكش- آسفي","مراكش","واحة سيدي ابراهيم","937","14825","PAM","محمد كوكاس","31077"
"مراكش- آسفي","مراكش","واحة سيدي ابراهيم","937","14817","PAM","عبد الغني برجوني","30704"
"مراكش- آسفي","مراكش","واحة سيدي ابراهيم","937","27604","PAM","مولاي عبد اللطيف محرار","31344"
"مراكش- آسفي","مراكش","واحة سيدي ابراهيم","937","14813","PAM","ميلود لكريش","30513"
"مراكش- آسفي","مراكش","واحة سيدي ابراهيم","937","14821","PAM","المصطفى الراجحي","30995"
"مراكش- آسفي","مراكش","واحة سيدي ابراهيم","937","27600","PAM","احمد كسن","31333"
"مراكش- آسفي","مراكش","واحة سيدي ابراهيم","937","14820","PAM","محمد العالوي","36458"
"مراكش- آسفي","مراكش","واحة سيدي ابراهيم","937","14820","PAM","نسرين الكرشي","36550"
"مراكش- آسفي","مراكش","واحة سيدي ابراهيم","937","27597","PAM","عبد الواحد بداز","31152"
"مراكش- آسفي","مراكش","واحة سيدي ابراهيم","937","27602","PAM","عبد الواحد مستقيم","31377"
"مراكش- آسفي","مراكش","واحة سيدي ابراهيم","937","27603","PAM","عبد الفتاح مستقيم","31213"
"مراكش- آسفي","مراكش","واحة سيدي ابراهيم","937","25950","PAM","هشام لكريعي","31283"
"مراكش- آسفي","مراكش","واحة سيدي ابراهيم","937","14823","PAM","عمر الموقت","36784"
"مراكش- آسفي","مراكش","واحة سيدي ابراهيم","937","14823","PAM","فاطمة الاصفر","36835"
"مراكش- آسفي","مراكش","واحة سيدي ابراهيم","937","27598","PAM","عبد الاله ايت المحفوظ","31294"
"مراكش- آسفي","مراكش","واحة سيدي ابراهيم","937","27599","PAM","مصطفى اسميدي","31437"
"مراكش- آسفي","مراكش","واحة سيدي ابراهيم","937","27601","PJD","عبد الرزاق النميري","67010"