region,province,commune,id_commune,circ,parti,candidat,id_candidat
"درعة -تافيلالت","الرشيدية","أرفود","239","3541","PJD","امحمد وبزة","45559"
"درعة -تافيلالت","الرشيدية","أرفود","239","3541","PJD","أسماء اسماعيلي","45588"
"درعة -تافيلالت","الرشيدية","أرفود","239","3534","PJD","توفيق السليماني","3332"
"درعة -تافيلالت","الرشيدية","أرفود","239","3534","PJD","سعاد عاطف","3366"
"درعة -تافيلالت","الرشيدية","أرفود","239","3533","PJD","محمد جدية","45248"
"درعة -تافيلالت","الرشيدية","أرفود","239","3533","PJD","بدة الشامي","45314"
"درعة -تافيلالت","الرشيدية","أرفود","239","3537","PJD","عبد الرحمن مديني","10545"
"درعة -تافيلالت","الرشيدية","أرفود","239","3542","PJD","علي اولمالح","590"
"درعة -تافيلالت","الرشيدية","أرفود","239","3524","PJD","الحسين وادي","10562"
"درعة -تافيلالت","الرشيدية","أرفود","239","3536","PJD","عبد السلام برجي","10544"
"درعة -تافيلالت","الرشيدية","أرفود","239","3530","PJD","عبد العزيز الحميم","15695"
"درعة -تافيلالت","الرشيدية","أرفود","239","3529","PJD","عبد الوهاب الفقير","6218"
"درعة -تافيلالت","الرشيدية","أرفود","239","3528","PJD","محمد الحيداوي","30056"
"درعة -تافيلالت","الرشيدية","أرفود","239","3535","PJD","عبد المجيد مسعودي","45358"
"درعة -تافيلالت","الرشيدية","أرفود","239","3540","PJD","بن سالم ابرشمي","45389"
"درعة -تافيلالت","الرشيدية","أرفود","239","3543","PI","اسماعيل بلحسان","6239"
"درعة -تافيلالت","الرشيدية","أرفود","239","3527","PI","علي  كراوي","176"
"درعة -تافيلالت","الرشيدية","أرفود","239","27448","PI","الخلاقة النحلي","6104"
"درعة -تافيلالت","الرشيدية","أرفود","239","3531","PI","محمد العربي النصيري","6090"
"درعة -تافيلالت","الرشيدية","أرفود","239","3538","PI","عبد الغاني حمداوي","42109"
"درعة -تافيلالت","الرشيدية","أرفود","239","3538","PI","خديجة اصغير","42169"
"درعة -تافيلالت","الرشيدية","أرفود","239","27449","PI","المصطفى رشدي","82634"
"درعة -تافيلالت","الرشيدية","أرفود","239","3544","PI","عبد الواحد مساوي","10560"
"درعة -تافيلالت","الرشيدية","أرفود","239","3545","PI","عبد الفتاح انصاري","15581"
"درعة -تافيلالت","الرشيدية","أرفود","239","3523","PI","محمد بلحسان","16"
"درعة -تافيلالت","الرشيدية","أرفود","239","3525","PI","صالح بنموسى","45856"
"درعة -تافيلالت","الرشيدية","أرفود","239","3526","PI","محمد لعالم","175"
"درعة -تافيلالت","الرشيدية","أرفود","239","3532","PI","عبد العزيز مديوبي","42241"
"درعة -تافيلالت","الرشيدية","أرفود","239","3539","PI","نور الدين صديقي","6211"
"درعة -تافيلالت","الرشيدية","أوفوس","221","3262","PJD","عبد القادر بقدير","28645"
"درعة -تافيلالت","الرشيدية","أوفوس","221","3262","PJD","مليكة قدار","28744"
"درعة -تافيلالت","الرشيدية","أوفوس","221","3263","PJD","رشيد باعلي","1862"
"درعة -تافيلالت","الرشيدية","أوفوس","221","3264","PJD","عبد الرحمان الفقير","81194"
"درعة -تافيلالت","الرشيدية","أوفوس","221","3258","PJD","عبد الكريم طاط","22954"
"درعة -تافيلالت","الرشيدية","أوفوس","221","3266","PJD","عبد السلام وجغو","106332"
"درعة -تافيلالت","الرشيدية","أوفوس","221","3266","PJD","فاتحة الحمداوي","106411"
"درعة -تافيلالت","الرشيدية","أوفوس","221","3268","RNI","يوسف اونير","105666"
"درعة -تافيلالت","الرشيدية","أوفوس","221","3268","RNI","فاطمة اتمامت","105760"
"درعة -تافيلالت","الرشيدية","أوفوس","221","3257","RNI","التهامي الحمداوي","16740"
"درعة -تافيلالت","الرشيدية","أوفوس","221","3257","RNI","خيرة الحيان","16775"
"درعة -تافيلالت","الرشيدية","أوفوس","221","3269","RNI","عبد الله هاشمي علوي","58511"
"درعة -تافيلالت","الرشيدية","أوفوس","221","3261","RNI","امحمد المخزون","78252"
"درعة -تافيلالت","الرشيدية","أوفوس","221","3265","RNI","لحسن ورحما","912"
"درعة -تافيلالت","الرشيدية","أوفوس","221","3259","PI","سعيد  ازوالي","110530"
"درعة -تافيلالت","الرشيدية","أوفوس","221","3260","PAM","علي احدى","87322"
"درعة -تافيلالت","الرشيدية","أوفوس","221","3267","PAM","لحسن ودو","80898"
"درعة -تافيلالت","الرشيدية","اعرب صباح اغريس","2","19","PJD","العربي اكريني","27130"
"درعة -تافيلالت","الرشيدية","اعرب صباح اغريس","2","19","PJD","للامريم اكريني","27278"
"درعة -تافيلالت","الرشيدية","اعرب صباح اغريس","2","20","PJD","عبد الحكيم بلغالي","36481"
"درعة -تافيلالت","الرشيدية","اعرب صباح اغريس","2","20","PJD","صفاء كرم","36733"
"درعة -تافيلالت","الرشيدية","اعرب صباح اغريس","2","18","PJD","رشيد عماري","23677"
"درعة -تافيلالت","الرشيدية","اعرب صباح اغريس","2","18","PJD","اغزالة بوطهري","23739"
"درعة -تافيلالت","الرشيدية","اعرب صباح اغريس","2","15","PJD","يوسف اعريبات","51448"
"درعة -تافيلالت","الرشيدية","اعرب صباح اغريس","2","14","PJD","اسماعيل عليوي","23792"
"درعة -تافيلالت","الرشيدية","اعرب صباح اغريس","2","17","PJD","محمد العربي الحمداني","23013"
"درعة -تافيلالت","الرشيدية","اعرب صباح اغريس","2","16","PJD","عبد الملك عماري","23056"
"درعة -تافيلالت","الرشيدية","اعرب صباح اغريس","2","22","PJD","محمد بيضي","51522"
"درعة -تافيلالت","الرشيدية","اعرب صباح اغريس","2","23","PI","عبد الغاني قدوري","37155"
"درعة -تافيلالت","الرشيدية","اعرب صباح اغريس","2","23","PI","الصافية  اسماعيلي علوي","37229"
"درعة -تافيلالت","الرشيدية","اعرب صباح اغريس","2","24","PI","محمد عبد البار بلحسان","24481"
"درعة -تافيلالت","الرشيدية","اعرب صباح اغريس","2","21","PI","سعيد قدوري","37570"
"درعة -تافيلالت","الرشيدية","اغبالو انكردوس","32","482","PAM","حمو المرتجي","6676"
"درعة -تافيلالت","الرشيدية","اغبالو انكردوس","32","482","PAM","عائشة كسي","6698"
"درعة -تافيلالت","الرشيدية","اغبالو انكردوس","32","477","PAM","سعيد اكريان","9533"
"درعة -تافيلالت","الرشيدية","اغبالو انكردوس","32","483","PAM","محمد بنزة","23354"
"درعة -تافيلالت","الرشيدية","اغبالو انكردوس","32","483","PAM","فاطمة عشمان","23432"
"درعة -تافيلالت","الرشيدية","اغبالو انكردوس","32","484","PAM","حميد ابرك","6969"
"درعة -تافيلالت","الرشيدية","اغبالو انكردوس","32","487","PAM","موحى اكرو","16925"
"درعة -تافيلالت","الرشيدية","اغبالو انكردوس","32","488","PAM","يدير بردي","9529"
"درعة -تافيلالت","الرشيدية","اغبالو انكردوس","32","486","PAM","امبارك عمومو","17251"
"درعة -تافيلالت","الرشيدية","اغبالو انكردوس","32","485","PAM","عثمان مزوار","17309"
"درعة -تافيلالت","الرشيدية","اغبالو انكردوس","32","478","PJD","موحى حوح ","2270"
"درعة -تافيلالت","الرشيدية","اغبالو انكردوس","32","478","PJD","مريم كسو","2277"
"درعة -تافيلالت","الرشيدية","اغبالو انكردوس","32","479","PJD","محمد شعو","27326"
"درعة -تافيلالت","الرشيدية","اغبالو انكردوس","32","479","PJD","صابرة مموح","27343"
"درعة -تافيلالت","الرشيدية","اغبالو انكردوس","32","476","PJD","سعيد فاوزي","56085"
"درعة -تافيلالت","الرشيدية","اغبالو انكردوس","32","481","PI","محمد كافي","60005"
"درعة -تافيلالت","الرشيدية","اغبالو انكردوس","32","480","RNI","زايد يعلا","10020"
"درعة -تافيلالت","الرشيدية","اغريس السفلي","564","8880","PJD","احمد العمري","37519"
"درعة -تافيلالت","الرشيدية","اغريس السفلي","564","8880","PJD","غيتة وازيزي","37636"
"درعة -تافيلالت","الرشيدية","اغريس السفلي","564","8881","PJD","محمد شكري","46262"
"درعة -تافيلالت","الرشيدية","اغريس السفلي","564","8890","PJD","محمد  جديدي","57885"
"درعة -تافيلالت","الرشيدية","اغريس السفلي","564","8888","PJD","عبدالسلام الرقيقي","15812"
"درعة -تافيلالت","الرشيدية","اغريس السفلي","564","8883","PJD","عبد الحفيظ خرو","48768"
"درعة -تافيلالت","الرشيدية","اغريس السفلي","564","8885","PJD","علي الجازولي","57800"
"درعة -تافيلالت","الرشيدية","اغريس السفلي","564","8882","USFP","رشيد فراح","48706"
"درعة -تافيلالت","الرشيدية","اغريس السفلي","564","8882","USFP","حرية الحداوي","48776"
"درعة -تافيلالت","الرشيدية","اغريس السفلي","564","8887","USFP","الجيلالي بن زيان","65974"
"درعة -تافيلالت","الرشيدية","اغريس السفلي","564","8889","USFP","عبد الرحمن اعلي","87892"
"درعة -تافيلالت","الرشيدية","اغريس السفلي","564","8889","USFP","رجاء بيضاوي","87961"
"درعة -تافيلالت","الرشيدية","اغريس السفلي","564","8886","MP","جمال عليوي","87115"
"درعة -تافيلالت","الرشيدية","اغريس السفلي","564","8886","MP","مونية مقلي","87332"
"درعة -تافيلالت","الرشيدية","اغريس السفلي","564","8884","PI","لحبيب اغشي","65526"
"درعة -تافيلالت","الرشيدية","اغريس العلوي","563","8867","USFP","عبد الله هروشان","65320"
"درعة -تافيلالت","الرشيدية","اغريس العلوي","563","8867","USFP","فاطمة راشدي","65424"
"درعة -تافيلالت","الرشيدية","اغريس العلوي","563","8872","USFP","مصطفى بن علا","103252"
"درعة -تافيلالت","الرشيدية","اغريس العلوي","563","8872","USFP","فاطمة بوعبيد","103459"
"درعة -تافيلالت","الرشيدية","اغريس العلوي","563","8879","USFP","موحى باطا","23110"
"درعة -تافيلالت","الرشيدية","اغريس العلوي","563","8878","USFP","علال  عنتار","15760"
"درعة -تافيلالت","الرشيدية","اغريس العلوي","563","8871","USFP","لحسن مخفي","63413"
"درعة -تافيلالت","الرشيدية","اغريس العلوي","563","8875","USFP","لحسن حجاجي","28234"
"درعة -تافيلالت","الرشيدية","اغريس العلوي","563","8869","USFP","لحسن والطارح","45811"
"درعة -تافيلالت","الرشيدية","اغريس العلوي","563","8873","USFP","محمد بروى","28253"
"درعة -تافيلالت","الرشيدية","اغريس العلوي","563","8874","USFP","ادريس كبول","37787"
"درعة -تافيلالت","الرشيدية","اغريس العلوي","563","8876","PAM","عمر بخير","110008"
"درعة -تافيلالت","الرشيدية","اغريس العلوي","563","8876","PAM","فاطمة العرفاوي","110212"
"درعة -تافيلالت","الرشيدية","اغريس العلوي","563","8877","PAM","مراد بروي","109073"
"درعة -تافيلالت","الرشيدية","اغريس العلوي","563","8877","PAM","حليمة عري","109279"
"درعة -تافيلالت","الرشيدية","اغريس العلوي","563","8868","MP","لحسن عمر","88320"
"درعة -تافيلالت","الرشيدية","اغريس العلوي","563","8870","PI","محمد اعبابو","5178"
"درعة -تافيلالت","الرشيدية","الجرف","687","10754","PJD","احمد عبد النوري","77594"
"درعة -تافيلالت","الرشيدية","الجرف","687","10754","PJD","سناء الشبراوي","77642"
"درعة -تافيلالت","الرشيدية","الجرف","687","10752","PJD","الطاهر بنعيسي","78002"
"درعة -تافيلالت","الرشيدية","الجرف","687","10752","PJD","راضية عالي","78039"
"درعة -تافيلالت","الرشيدية","الجرف","687","10758","PJD","عبد الصماد زنوحي","36406"
"درعة -تافيلالت","الرشيدية","الجرف","687","10750","PJD","عبد الله بوحامدي","77691"
"درعة -تافيلالت","الرشيدية","الجرف","687","10750","PJD","سعيدة الصغيري","77802"
"درعة -تافيلالت","الرشيدية","الجرف","687","10753","PJD","مينة عمراوي","59126"
"درعة -تافيلالت","الرشيدية","الجرف","687","10757","PJD","عمر مساوي","59349"
"درعة -تافيلالت","الرشيدية","الجرف","687","10759","PJD","العربي زنوحي","36599"
"درعة -تافيلالت","الرشيدية","الجرف","687","10751","PJD","حدو منصوري","98825"
"درعة -تافيلالت","الرشيدية","الجرف","687","10755","PJD","عبد الرزاق ابرشمي","36319"
"درعة -تافيلالت","الرشيدية","الجرف","687","10756","PJD","عبد القادر بوطاهري","58907"
"درعة -تافيلالت","الرشيدية","الجرف","687","10748","MP","لحسن الحسناوي","101915"
"درعة -تافيلالت","الرشيدية","الجرف","687","10747","MP","علال بلخيري","117977"
"درعة -تافيلالت","الرشيدية","الجرف","687","10747","MP","عائشة عبدلاوي","118215"
"درعة -تافيلالت","الرشيدية","الجرف","687","10749","MP","العرابي بوعزاوي","99348"
"درعة -تافيلالت","الرشيدية","الخنك","800","12639","PI","مولاي عبد الله المحمدي","81276"
"درعة -تافيلالت","الرشيدية","الخنك","800","12639","PI","نعيمة عسوبان","81363"
"درعة -تافيلالت","الرشيدية","الخنك","800","12631","PI","اسماعيل لكراطي","28218"
"درعة -تافيلالت","الرشيدية","الخنك","800","12637","PI","حدو ايت الحاج","81447"
"درعة -تافيلالت","الرشيدية","الخنك","800","12635","PI","علي ابرهو","47592"
"درعة -تافيلالت","الرشيدية","الخنك","800","12634","PI","مولاي المصطفى لمحمدي","82156"
"درعة -تافيلالت","الرشيدية","الخنك","800","12641","PI","مولود لهراوي","63877"
"درعة -تافيلالت","الرشيدية","الخنك","800","12633","PPS","عبد الكبير ايت عبد الله اعلي","10285"
"درعة -تافيلالت","الرشيدية","الخنك","800","12632","UC","ادريس بوشعال","61439"
"درعة -تافيلالت","الرشيدية","الخنك","800","12632","UC","رجاء بوشعال","61479"
"درعة -تافيلالت","الرشيدية","الخنك","800","12643","UC","امبارك والدرهو","49257"
"درعة -تافيلالت","الرشيدية","الخنك","800","12642","UC","لحسن ازروال","77796"
"درعة -تافيلالت","الرشيدية","الخنك","800","12636","PJD","سيدي محمد علوي","6250"
"درعة -تافيلالت","الرشيدية","الخنك","800","12644","RNI","احسين ايت الطالب","48016"
"درعة -تافيلالت","الرشيدية","الخنك","800","12630","USFP","العساوي الخو","47301"
"درعة -تافيلالت","الرشيدية","الخنك","800","12630","USFP","محجوبة الفارسي","47387"
"درعة -تافيلالت","الرشيدية","الخنك","800","12638","USFP","مولاي علي حمدي علوي","45587"
"درعة -تافيلالت","الرشيدية","الخنك","800","12638","USFP","نادية فهمي","45628"
"درعة -تافيلالت","الرشيدية","الخنك","800","12640","FFD","علي  اخليفي","63605"
"درعة -تافيلالت","الرشيدية","الرتب","521","8168","PJD","المهدي حماض","38019"
"درعة -تافيلالت","الرشيدية","الرتب","521","8168","PJD","امينة لهمام","37625"
"درعة -تافيلالت","الرشيدية","الرتب","521","8169","PJD","محمد الدباغ","59191"
"درعة -تافيلالت","الرشيدية","الرتب","521","8167","PJD","احمد الانصاري","44204"
"درعة -تافيلالت","الرشيدية","الرتب","521","8167","PJD","امباركة  رضاوي","44291"
"درعة -تافيلالت","الرشيدية","الرتب","521","8178","PJD","عبد العزيز ميموني","59022"
"درعة -تافيلالت","الرشيدية","الرتب","521","8178","PJD","مينة بنعمرو","59094"
"درعة -تافيلالت","الرشيدية","الرتب","521","8176","PJD","يوسف شكوك","16721"
"درعة -تافيلالت","الرشيدية","الرتب","521","8176","PJD","عبيشة الركي","16726"
"درعة -تافيلالت","الرشيدية","الرتب","521","25667","PJD","المهدي  المغروي","37083"
"درعة -تافيلالت","الرشيدية","الرتب","521","8172","PJD","لحسن ابها","36949"
"درعة -تافيلالت","الرشيدية","الرتب","521","8174","PJD","احمد عبد الخالق","36651"
"درعة -تافيلالت","الرشيدية","الرتب","521","8171","PJD","عبد الله البداوي","36507"
"درعة -تافيلالت","الرشيدية","الرتب","521","8173","PJD","لحسن بوى","36794"
"درعة -تافيلالت","الرشيدية","الرتب","521","25666","PJD","لحبيب جبور","63841"
"درعة -تافيلالت","الرشيدية","الرتب","521","8175","PJD","ابراهيم  وسعدن","34355"
"درعة -تافيلالت","الرشيدية","الرتب","521","8170","RNI","يوسف  اهكو","45723"
"درعة -تافيلالت","الرشيدية","الرتب","521","8177","RNI","عبد العزيز ربيعي","63030"
"درعة -تافيلالت","الرشيدية","الرتب","521","8179","RNI","محمد  مستعين","81124"
"درعة -تافيلالت","الرشيدية","الرشيدية","523","25101","PJD","عبدالله هناوي","8535"
"درعة -تافيلالت","الرشيدية","الرشيدية","523","25101","PJD","سميرة حجازي","8658"
"درعة -تافيلالت","الرشيدية","الرشيدية","523","25101","PJD","محمد التايكي","8571"
"درعة -تافيلالت","الرشيدية","الرشيدية","523","25101","PJD","للا ازهور مليكي","8702"
"درعة -تافيلالت","الرشيدية","الرشيدية","523","25101","PJD","مبارك جميلي","8594"
"درعة -تافيلالت","الرشيدية","الرشيدية","523","25101","PJD","عزيزة  ابوالارواح","8723"
"درعة -تافيلالت","الرشيدية","الرشيدية","523","25101","PJD","محمد الدريسي","8614"
"درعة -تافيلالت","الرشيدية","الرشيدية","523","25101","PJD","لالة عائشة بنهاشم","8639"
"درعة -تافيلالت","الرشيدية","الرشيدية","523","25101","PJD","الطاهر حميدي","8772"
"درعة -تافيلالت","الرشيدية","الرشيدية","523","25101","PJD","العربي الحسني العلوي","8657"
"درعة -تافيلالت","الرشيدية","الرشيدية","523","25101","PJD","المصطفى العمري علوي","8579"
"درعة -تافيلالت","الرشيدية","الرشيدية","523","25101","PJD","اسماعيل ابن مدان","8606"
"درعة -تافيلالت","الرشيدية","الرشيدية","523","25101","PJD","محمد برطويس","8634"
"درعة -تافيلالت","الرشيدية","الرشيدية","523","25101","PJD","عبد العزيز امامي","8664"
"درعة -تافيلالت","الرشيدية","الرشيدية","523","25101","PJD","مصطفى الزعيم","8683"
"درعة -تافيلالت","الرشيدية","الرشيدية","523","25101","PJD","امين الحسناوي","8709"
"درعة -تافيلالت","الرشيدية","الرشيدية","523","25101","PJD","رشيد سامح","8566"
"درعة -تافيلالت","الرشيدية","الرشيدية","523","25101","PJD","محمد عياط","8586"
"درعة -تافيلالت","الرشيدية","الرشيدية","523","25101","PJD","علي اسفري","8622"
"درعة -تافيلالت","الرشيدية","الرشيدية","523","25101","PI","مولاي الحسن بنلفقيه","75352"
"درعة -تافيلالت","الرشيدية","الرشيدية","523","25101","PI","فاطمة الدرويش","76413"
"درعة -تافيلالت","الرشيدية","الرشيدية","523","25101","PI","عبد الله  دندان","75395"
"درعة -تافيلالت","الرشيدية","الرشيدية","523","25101","PI","زهرة زيك","76484"
"درعة -تافيلالت","الرشيدية","الرشيدية","523","25101","PI","حسني رشيدي","75459"
"درعة -تافيلالت","الرشيدية","الرشيدية","523","25101","PI","مولاي علي علوي","75517"
"درعة -تافيلالت","الرشيدية","الرشيدية","523","25101","PI","الجلالي كرفال","75568"
"درعة -تافيلالت","الرشيدية","الرشيدية","523","25101","PI","محمد هدي","75627"
"درعة -تافيلالت","الرشيدية","الرشيدية","523","25101","PI","محمد امراني علوي","75678"
"درعة -تافيلالت","الرشيدية","الرشيدية","523","25101","PI","محمد كاريمي","75741"
"درعة -تافيلالت","الرشيدية","الرشيدية","523","25101","MP","عبيد كوردي","90973"
"درعة -تافيلالت","الرشيدية","الرشيدية","523","25101","MP","فوزية ابو بكر","92453"
"درعة -تافيلالت","الرشيدية","الرشيدية","523","25101","MP","مولاي المهدي عمري علوي","91070"
"درعة -تافيلالت","الرشيدية","الرشيدية","523","25101","MP","الغازي عدو","91198"
"درعة -تافيلالت","الرشيدية","الرشيدية","523","25101","PAM","مولاي الزهيد سيدي عمي","124052"
"درعة -تافيلالت","الرشيدية","الرشيدية","523","25101","PAM","مولاي علي العابد","124135"
"درعة -تافيلالت","الرشيدية","الريصاني","520","8166","PI","اعمرو عشابو","11055"
"درعة -تافيلالت","الرشيدية","الريصاني","520","8166","PI","رقية سكاوي","11092"
"درعة -تافيلالت","الرشيدية","الريصاني","520","8161","PI","اعمرو باكبو","7136"
"درعة -تافيلالت","الرشيدية","الريصاني","520","8161","PI","الزهرة ايت علي","7220"
"درعة -تافيلالت","الرشيدية","الريصاني","520","8164","PI","موحى قاسي","57966"
"درعة -تافيلالت","الرشيدية","الريصاني","520","8160","PI","ابراهيم تغلاوي","6918"
"درعة -تافيلالت","الرشيدية","الريصاني","520","8165","PI","لحسن اوعليشت","7134"
"درعة -تافيلالت","الرشيدية","الريصاني","520","8162","PPS","محمد والرامي","47612"
"درعة -تافيلالت","الرشيدية","الريصاني","520","8162","PPS","الزهرة اقنقاو","47680"
"درعة -تافيلالت","الرشيدية","الريصاني","520","8159","PPS","عبد السلام بخري","24514"
"درعة -تافيلالت","الرشيدية","الريصاني","520","8157","PPS","سعيد الجرموني","24064"
"درعة -تافيلالت","الرشيدية","الريصاني","520","8156","PPS","ابراهيم وادرو","47757"
"درعة -تافيلالت","الرشيدية","الريصاني","520","8156","PPS","فطو تغلاوي","47843"
"درعة -تافيلالت","الرشيدية","الريصاني","520","8163","PPS","عمر زكاوي","6952"
"درعة -تافيلالت","الرشيدية","الريصاني","520","8158","PJD","عبد السلام علمي","28815"
"درعة -تافيلالت","الرشيدية","السفلات","527","8280","PPS","احمد  لنبوعي","10543"
"درعة -تافيلالت","الرشيدية","السفلات","527","8279","PPS","عبدالكريم الودغيري","103946"
"درعة -تافيلالت","الرشيدية","السفلات","527","8279","PPS","نجية العابدي","104083"
"درعة -تافيلالت","الرشيدية","السفلات","527","8277","PPS","ابراهيم بلغريسي","6730"
"درعة -تافيلالت","الرشيدية","السفلات","527","8278","PPS","الحاج السعيد بن قاسم","37664"
"درعة -تافيلالت","الرشيدية","السفلات","527","8274","PPS","عمر  محمدي علوي","62881"
"درعة -تافيلالت","الرشيدية","السفلات","527","8274","PPS","حليمة قملي","62997"
"درعة -تافيلالت","الرشيدية","السفلات","527","8275","PPS","عبد اللطيف الزعيم","63209"
"درعة -تافيلالت","الرشيدية","السفلات","527","8283","PPS","عبد الواحد الغنامي","81907"
"درعة -تافيلالت","الرشيدية","السفلات","527","8276","PPS","الحسن الادريسي","17955"
"درعة -تافيلالت","الرشيدية","السفلات","527","8271","PJD","احمد عزوزي","79664"
"درعة -تافيلالت","الرشيدية","السفلات","527","8271","PJD","حفيضة حفوظ","79727"
"درعة -تافيلالت","الرشيدية","السفلات","527","8281","RNI","احمد الموساوي","47590"
"درعة -تافيلالت","الرشيدية","السفلات","527","8281","RNI","رشيدة العلوي","47697"
"درعة -تافيلالت","الرشيدية","السفلات","527","8282","RNI","الحبيب  ابو الحسن ","36738"
"درعة -تافيلالت","الرشيدية","السفلات","527","8273","PI","عبد الرحمان العباسي","6720"
"درعة -تافيلالت","الرشيدية","السفلات","527","8272","PI","عبد الرحمن عباسي","10983"
"درعة -تافيلالت","الرشيدية","السيفا","528","8301","PJD","محمد  عماري","2922"
"درعة -تافيلالت","الرشيدية","السيفا","528","8299","PJD","عبد الغني الطاهري","9836"
"درعة -تافيلالت","الرشيدية","السيفا","528","8299","PJD","نزهة زين الدين","9862"
"درعة -تافيلالت","الرشيدية","السيفا","528","8300","PJD","حسن بوبكري","16755"
"درعة -تافيلالت","الرشيدية","السيفا","528","8300","PJD","فتحة حافيضي","16766"
"درعة -تافيلالت","الرشيدية","السيفا","528","8298","PJD","عبد العالي بولنوار","35164"
"درعة -تافيلالت","الرشيدية","السيفا","528","8298","PJD","فوزية يعقوبي","35243"
"درعة -تافيلالت","الرشيدية","السيفا","528","8302","PJD","عبد الكريم الزاوي","2524"
"درعة -تافيلالت","الرشيدية","السيفا","528","8297","PJD","الحاج محمد العمراني","44386"
"درعة -تافيلالت","الرشيدية","السيفا","528","8296","PJD","احمد زين الدين","100458"
"درعة -تافيلالت","الرشيدية","السيفا","528","8304","MP","احماد خيرش","33936"
"درعة -تافيلالت","الرشيدية","السيفا","528","8304","MP","امينة بندبدوب","33975"
"درعة -تافيلالت","الرشيدية","السيفا","528","8303","MP","عثمان علوي","9803"
"درعة -تافيلالت","الرشيدية","السيفا","528","8294","MP","عبد الغني امطهري","10046"
"درعة -تافيلالت","الرشيدية","السيفا","528","8295","MP","مولاي ادريس الحسني علوي","9848"
"درعة -تافيلالت","الرشيدية","الطاوس","531","8353","PI","يوسف  موهو","29324"
"درعة -تافيلالت","الرشيدية","الطاوس","531","8353","PI","الزهرة اوكنير","29357"
"درعة -تافيلالت","الرشيدية","الطاوس","531","8354","PI","احماد بورشوق","179"
"درعة -تافيلالت","الرشيدية","الطاوس","531","8359","PI","محمد كراوي","12216"
"درعة -تافيلالت","الرشيدية","الطاوس","531","8359","PI","فاطمة  الفركلي","12255"
"درعة -تافيلالت","الرشيدية","الطاوس","531","8363","PI","محمد كراوي","12056"
"درعة -تافيلالت","الرشيدية","الطاوس","531","8358","PI","لحسن وركاكة","187"
"درعة -تافيلالت","الرشيدية","الطاوس","531","8362","PI","يوسف بن حيرت","46381"
"درعة -تافيلالت","الرشيدية","الطاوس","531","8355","PPS","عمرو ايت علي","34983"
"درعة -تافيلالت","الرشيدية","الطاوس","531","8355","PPS","مامة انعام","35044"
"درعة -تافيلالت","الرشيدية","الطاوس","531","8356","PPS","موح  وحدو","22966"
"درعة -تافيلالت","الرشيدية","الطاوس","531","8356","PPS","خديجة  عزيزي","22999"
"درعة -تافيلالت","الرشيدية","الطاوس","531","8360","PPS","علي  شرهان","34936"
"درعة -تافيلالت","الرشيدية","الطاوس","531","8357","PPS","لحسن اكنير","11854"
"درعة -تافيلالت","الرشيدية","الطاوس","531","8361","PSU","عمر رجدالي","46014"
"درعة -تافيلالت","الرشيدية","املاكو","199","2935","PAM","حمو ابوعروة","11112"
"درعة -تافيلالت","الرشيدية","املاكو","199","2935","PAM","خديجة لحشيش","11174"
"درعة -تافيلالت","الرشيدية","املاكو","199","2944","PAM","موحى زدو","37587"
"درعة -تافيلالت","الرشيدية","املاكو","199","2944","PAM","مامة اموجان","37652"
"درعة -تافيلالت","الرشيدية","املاكو","199","2945","PAM","موحى اديش","49233"
"درعة -تافيلالت","الرشيدية","املاكو","199","2936","PAM","مبارك اوشعو","80092"
"درعة -تافيلالت","الرشيدية","املاكو","199","2940","PAM","امبارك محنى","65597"
"درعة -تافيلالت","الرشيدية","املاكو","199","2940","PAM","رقية محداش","65698"
"درعة -تافيلالت","الرشيدية","املاكو","199","2941","PAM","حمو علالي","65707"
"درعة -تافيلالت","الرشيدية","املاكو","199","2937","PAM","احمد ابعوز","11184"
"درعة -تافيلالت","الرشيدية","املاكو","199","2943","PAM","دريس دود","66324"
"درعة -تافيلالت","الرشيدية","املاكو","199","2939","RNI","موحى الايوبي","49692"
"درعة -تافيلالت","الرشيدية","املاكو","199","2939","RNI","فاطمة الايوبي","49774"
"درعة -تافيلالت","الرشيدية","املاكو","199","2942","RNI","مصطفى  اعزيز ","49391"
"درعة -تافيلالت","الرشيدية","املاكو","199","2938","PI","بوعزة اوتيبا","49364"
"درعة -تافيلالت","الرشيدية","بني امحمد سجلماسة","351","5385","PI","محمد الانصاري","3917"
"درعة -تافيلالت","الرشيدية","بني امحمد سجلماسة","351","5386","PI","عبد الحق بوسكري","10017"
"درعة -تافيلالت","الرشيدية","بني امحمد سجلماسة","351","5381","PI","محمد رزاقي","23835"
"درعة -تافيلالت","الرشيدية","بني امحمد سجلماسة","351","5381","PI","الحسبية محجوبي","23892"
"درعة -تافيلالت","الرشيدية","بني امحمد سجلماسة","351","5383","PI","عبد المجيد الانصاري","3874"
"درعة -تافيلالت","الرشيدية","بني امحمد سجلماسة","351","5384","PI","اسماعيل حنافي علوي","3864"
"درعة -تافيلالت","الرشيدية","بني امحمد سجلماسة","351","5387","PI","ابريك عمري","5986"
"درعة -تافيلالت","الرشيدية","بني امحمد سجلماسة","351","5389","PI","العربي عباسي","3865"
"درعة -تافيلالت","الرشيدية","بني امحمد سجلماسة","351","5380","PI","محمد الطيبي","47600"
"درعة -تافيلالت","الرشيدية","بني امحمد سجلماسة","351","5388","PJD","عمر الانصاري","40418"
"درعة -تافيلالت","الرشيدية","بني امحمد سجلماسة","351","5376","PJD","عمر العمراني","17901"
"درعة -تافيلالت","الرشيدية","بني امحمد سجلماسة","351","5382","PJD","عبد الهادي معرو في","37192"
"درعة -تافيلالت","الرشيدية","بني امحمد سجلماسة","351","5379","RNI","محمد المهدي حسيني","36963"
"درعة -تافيلالت","الرشيدية","بني امحمد سجلماسة","351","5379","RNI","لعزيزة  منصوري","37019"
"درعة -تافيلالت","الرشيدية","بني امحمد سجلماسة","351","5377","RNI","محمد  طهري","42062"
"درعة -تافيلالت","الرشيدية","بني امحمد سجلماسة","351","5377","RNI","حكيمة مولودي","42073"
"درعة -تافيلالت","الرشيدية","بني امحمد سجلماسة","351","5375","RNI","عبد العزيز  مولاي التاج","47125"
"درعة -تافيلالت","الرشيدية","بني امحمد سجلماسة","351","5375","RNI","لطيفة طائعي","47188"
"درعة -تافيلالت","الرشيدية","بني امحمد سجلماسة","351","5378","RNI","العربي العلوي","81960"
"درعة -تافيلالت","الرشيدية","بودنيب","390","6032","PJD","مولاي محمد بنشريف","47955"
"درعة -تافيلالت","الرشيدية","بودنيب","390","6032","PJD","لعزيزة دحمان","48069"
"درعة -تافيلالت","الرشيدية","بودنيب","390","6031","PJD","رشيد العيرجي","65735"
"درعة -تافيلالت","الرشيدية","بودنيب","390","6030","PJD","احماد اولكدو","64829"
"درعة -تافيلالت","الرشيدية","بودنيب","390","6030","PJD","كريمة الطيبي","64935"
"درعة -تافيلالت","الرشيدية","بودنيب","390","6041","PJD","مصطفى لفضيلي","84259"
"درعة -تافيلالت","الرشيدية","بودنيب","390","6041","PJD","ربوح لوهابي","84347"
"درعة -تافيلالت","الرشيدية","بودنيب","390","6040","PJD","يوسف هرشان","82838"
"درعة -تافيلالت","الرشيدية","بودنيب","390","6039","PJD","مولاي هاشم الرشيدي","65165"
"درعة -تافيلالت","الرشيدية","بودنيب","390","6034","RNI","احماد بوكبوط","77056"
"درعة -تافيلالت","الرشيدية","بودنيب","390","6036","RNI","عبد العزيز بوعصب","100048"
"درعة -تافيلالت","الرشيدية","بودنيب","390","6038","PPS","لحسن لوهابي","44418"
"درعة -تافيلالت","الرشيدية","بودنيب","390","6035","PPS","بوسيف السماحي","84604"
"درعة -تافيلالت","الرشيدية","بودنيب","390","6037","PPS","عبد الله بنعيسى","33181"
"درعة -تافيلالت","الرشيدية","بودنيب","390","6033","FFD","جمال معمري","82850"
"درعة -تافيلالت","الرشيدية","بودنيب","390","6033","FFD","خديجة دحاوي","83003"
"درعة -تافيلالت","الرشيدية","بودنيب","390","6042","PSU","محمد الطاهيري","102498"
"درعة -تافيلالت","الرشيدية","تاديغوست","1313","20806","PAM","سكو زبود","45021"
"درعة -تافيلالت","الرشيدية","تاديغوست","1313","20806","PAM","سميرة ختار","45045"
"درعة -تافيلالت","الرشيدية","تاديغوست","1313","20802","PAM","براهيم غودان","44889"
"درعة -تافيلالت","الرشيدية","تاديغوست","1313","20802","PAM","فوزية محداشي","44934"
"درعة -تافيلالت","الرشيدية","تاديغوست","1313","20804","PAM","مولاي المصطفى الطائعي","37635"
"درعة -تافيلالت","الرشيدية","تاديغوست","1313","20804","PAM","صباح سكلو","37691"
"درعة -تافيلالت","الرشيدية","تاديغوست","1313","20809","PAM","محمد داز","3181"
"درعة -تافيلالت","الرشيدية","تاديغوست","1313","20803","PAM","احمد حمداوي","2963"
"درعة -تافيلالت","الرشيدية","تاديغوست","1313","20807","PAM","موح خبي","9901"
"درعة -تافيلالت","الرشيدية","تاديغوست","1313","20800","PAM","ادريس جباح","7100"
"درعة -تافيلالت","الرشيدية","تاديغوست","1313","20808","PAM","عبد العزيز ابرزيكو","2821"
"درعة -تافيلالت","الرشيدية","تاديغوست","1313","20805","PAM","اسماعيل بيشو","7080"
"درعة -تافيلالت","الرشيدية","تاديغوست","1313","20801","USFP","احمد قدور","23136"
"درعة -تافيلالت","الرشيدية","تاديغوست","1313","20801","USFP","فاطمة طعلي","23307"
"درعة -تافيلالت","الرشيدية","تاديغوست","1313","20799","USFP","محمد ايت موسى","3137"
"درعة -تافيلالت","الرشيدية","تنجداد","1458","22931","RNI","محمد بن سكى","3469"
"درعة -تافيلالت","الرشيدية","تنجداد","1458","22931","RNI","حياة هادي","3520"
"درعة -تافيلالت","الرشيدية","تنجداد","1458","25688","RNI","محمد حجي","33220"
"درعة -تافيلالت","الرشيدية","تنجداد","1458","25688","RNI","سعاد باخديل","33446"
"درعة -تافيلالت","الرشيدية","تنجداد","1458","22929","RNI","رشيد عرباني","9808"
"درعة -تافيلالت","الرشيدية","تنجداد","1458","25689","RNI","ادريس سملالي","6650"
"درعة -تافيلالت","الرشيدية","تنجداد","1458","22930","RNI","مولاي حفيظ الحاميدي","6791"
"درعة -تافيلالت","الرشيدية","تنجداد","1458","22935","RNI","علي مسكين","3528"
"درعة -تافيلالت","الرشيدية","تنجداد","1458","22928","RNI","بوكيل بوكيلي","10975"
"درعة -تافيلالت","الرشيدية","تنجداد","1458","22933","PI","يوسف اتغبالت","45318"
"درعة -تافيلالت","الرشيدية","تنجداد","1458","22932","PI","عمار اركاش","34331"
"درعة -تافيلالت","الرشيدية","تنجداد","1458","22938","PJD","محمد ازباير","87079"
"درعة -تافيلالت","الرشيدية","تنجداد","1458","22938","PJD","فيروز السفري","87203"
"درعة -تافيلالت","الرشيدية","تنجداد","1458","22937","PJD","عبد اللطيف عقاوي","87660"
"درعة -تافيلالت","الرشيدية","تنجداد","1458","22937","PJD","مينة عقاوي","87763"
"درعة -تافيلالت","الرشيدية","تنجداد","1458","22934","MP"," ابراهيم  فولكي","11049"
"درعة -تافيلالت","الرشيدية","تنجداد","1458","22936","PRV","محمد ادريسي ","57209"
"درعة -تافيلالت","الرشيدية","سيدي علي","1173","18536","RNI","لحسن بومسهول","27919"
"درعة -تافيلالت","الرشيدية","سيدي علي","1173","18536","RNI","خديجة ايت القائد","27933"
"درعة -تافيلالت","الرشيدية","سيدي علي","1173","18535","RNI","حمو ويحيى","27658"
"درعة -تافيلالت","الرشيدية","سيدي علي","1173","18535","RNI","بدة ايت القائد","27715"
"درعة -تافيلالت","الرشيدية","سيدي علي","1173","18541","RNI","لحسن  نكوط","27920"
"درعة -تافيلالت","الرشيدية","سيدي علي","1173","18541","RNI","الزهرة بوحايك","27956"
"درعة -تافيلالت","الرشيدية","سيدي علي","1173","18538","RNI","ابراهيم تغلاوي","27952"
"درعة -تافيلالت","الرشيدية","سيدي علي","1173","18538","RNI","فاطمة بومسهول","27959"
"درعة -تافيلالت","الرشيدية","سيدي علي","1173","18544","RNI","عسو اوبزة","45622"
"درعة -تافيلالت","الرشيدية","سيدي علي","1173","18543","RNI","بوجمعة بومسعود","28242"
"درعة -تافيلالت","الرشيدية","سيدي علي","1173","18537","PI","محمد  بوغررة","63275"
"درعة -تافيلالت","الرشيدية","سيدي علي","1173","18545","PI","ابراهيم امهارش","64128"
"درعة -تافيلالت","الرشيدية","سيدي علي","1173","18542","PI","عمرو بوتسكة","63367"
"درعة -تافيلالت","الرشيدية","سيدي علي","1173","18539","PI","محمد بوحايك","63404"
"درعة -تافيلالت","الرشيدية","سيدي علي","1173","18540","PI","مبارك ازروال","63085"
"درعة -تافيلالت","الرشيدية","شرفاء مدغرة","441","6837","PJD","عبد الواحد لعمرني","37318"
"درعة -تافيلالت","الرشيدية","شرفاء مدغرة","441","6837","PJD","عائشة  احماني","37374"
"درعة -تافيلالت","الرشيدية","شرفاء مدغرة","441","25656","PJD","التهامي لعمرني","37565"
"درعة -تافيلالت","الرشيدية","شرفاء مدغرة","441","6828","PJD","احمد الخوخي","63743"
"درعة -تافيلالت","الرشيدية","شرفاء مدغرة","441","6828","PJD","ربيعة باجدي","63813"
"درعة -تافيلالت","الرشيدية","شرفاء مدغرة","441","6832","PJD","محمد اهل عمر","60052"
"درعة -تافيلالت","الرشيدية","شرفاء مدغرة","441","6832","PJD","للامينة بابوي","60089"
"درعة -تافيلالت","الرشيدية","شرفاء مدغرة","441","6827","PJD","براهيم اويامنة","56236"
"درعة -تافيلالت","الرشيدية","شرفاء مدغرة","441","6833","PJD","محمد عرباوي","63915"
"درعة -تافيلالت","الرشيدية","شرفاء مدغرة","441","6826","PJD","رشيد عمراوي","63738"
"درعة -تافيلالت","الرشيدية","شرفاء مدغرة","441","6834","PJD","علي الحافي","22950"
"درعة -تافيلالت","الرشيدية","شرفاء مدغرة","441","6829","PI","عبد الرحمان خضري","117342"
"درعة -تافيلالت","الرشيدية","شرفاء مدغرة","441","25657","PI","مولاي المهدي العلوي الصوصي","81152"
"درعة -تافيلالت","الرشيدية","شرفاء مدغرة","441","6831","PI","حميد الحسناوي","10261"
"درعة -تافيلالت","الرشيدية","شرفاء مدغرة","441","6835","PI","محمد  كرفال","16732"
"درعة -تافيلالت","الرشيدية","شرفاء مدغرة","441","6830","PI","الجيلالي البوابي","117458"
"درعة -تافيلالت","الرشيدية","شرفاء مدغرة","441","6825","PI","محمد هلال","6957"
"درعة -تافيلالت","الرشيدية","شرفاء مدغرة","441","6836","PPS","التهامي  باحد","65331"
"درعة -تافيلالت","الرشيدية","شرفاء مدغرة","441","6836","PPS","عائشة  ايت مولود","65426"
"درعة -تافيلالت","الرشيدية","عرب صباح زيز","3","31","PI","الحبيب ابن احمادي","64117"
"درعة -تافيلالت","الرشيدية","عرب صباح زيز","3","31","PI","شريفة ادريسي علمي","64373"
"درعة -تافيلالت","الرشيدية","عرب صباح زيز","3","43","PI","ابراهيم حبيبي","2533"
"درعة -تافيلالت","الرشيدية","عرب صباح زيز","3","32","PI","مولاي عبد السلام علوي","22952"
"درعة -تافيلالت","الرشيدية","عرب صباح زيز","3","29","PI","عبد الواحد طلحة","22925"
"درعة -تافيلالت","الرشيدية","عرب صباح زيز","3","29","PI","نزهة الهاشمي علوي","22940"
"درعة -تافيلالت","الرشيدية","عرب صباح زيز","3","38","PI","الحبيب جبري","22907"
"درعة -تافيلالت","الرشيدية","عرب صباح زيز","3","25","PI","مولاي عبد العزيز كبيري علوي","28785"
"درعة -تافيلالت","الرشيدية","عرب صباح زيز","3","33","PI","المهدي ابن عمي","106291"
"درعة -تافيلالت","الرشيدية","عرب صباح زيز","3","27","PI","عبدالرحمن ابومدان","99475"
"درعة -تافيلالت","الرشيدية","عرب صباح زيز","3","27","PI","فوزية جناني","99551"
"درعة -تافيلالت","الرشيدية","عرب صباح زيز","3","26","PI","محمد بوجمعاوي","63026"
"درعة -تافيلالت","الرشيدية","عرب صباح زيز","3","37","PI","سالم عماري","941"
"درعة -تافيلالت","الرشيدية","عرب صباح زيز","3","40","PJD","البشير جميلي","61069"
"درعة -تافيلالت","الرشيدية","عرب صباح زيز","3","40","PJD","عائشة جميلي","61116"
"درعة -تافيلالت","الرشيدية","عرب صباح زيز","3","34","PJD","عبد السلام السعيدي","62960"
"درعة -تافيلالت","الرشيدية","عرب صباح زيز","3","35","PJD","مصطفى زوير","10269"
"درعة -تافيلالت","الرشيدية","عرب صباح زيز","3","46","PJD","احمد الشاوي","21997"
"درعة -تافيلالت","الرشيدية","عرب صباح زيز","3","39","PJD","عبد العظيم ارزيقي","10268"
"درعة -تافيلالت","الرشيدية","عرب صباح زيز","3","42","PJD","حسن  مساوي","27336"
"درعة -تافيلالت","الرشيدية","عرب صباح زيز","3","44","PJD","عمر بوعلي","9937"
"درعة -تافيلالت","الرشيدية","عرب صباح زيز","3","47","PJD","الطيبي العلايجي","2517"
"درعة -تافيلالت","الرشيدية","عرب صباح زيز","3","30","PJD","عبد الفتاح حجاجي","9991"
"درعة -تافيلالت","الرشيدية","عرب صباح زيز","3","45","PJD","لحسن النافعي","6048"
"درعة -تافيلالت","الرشيدية","عرب صباح زيز","3","41","PRE","عبد الواحد حميدي","99026"
"درعة -تافيلالت","الرشيدية","عرب صباح زيز","3","28","P Al Amal","الغالي بلقائد","61010"
"درعة -تافيلالت","الرشيدية","عرب صباح زيز","3","36","MP","الهاشمي السموني","76449"
"درعة -تافيلالت","الرشيدية","فركلة السفلى","540","8505","RNI","عبد الله كلتاوي","7092"
"درعة -تافيلالت","الرشيدية","فركلة السفلى","540","8505","RNI","مليكة حمداوي","7127"
"درعة -تافيلالت","الرشيدية","فركلة السفلى","540","8498","RNI","حسن المومني","98087"
"درعة -تافيلالت","الرشيدية","فركلة السفلى","540","8498","RNI","سومية رزقي","98338"
"درعة -تافيلالت","الرشيدية","فركلة السفلى","540","8494","RNI","حميد الكموز","83303"
"درعة -تافيلالت","الرشيدية","فركلة السفلى","540","8503","RNI","عمر بوهدى","34338"
"درعة -تافيلالت","الرشيدية","فركلة السفلى","540","8502","RNI","مصطفى اموش","17350"
"درعة -تافيلالت","الرشيدية","فركلة السفلى","540","8499","RNI","الطيب طاهري","87530"
"درعة -تافيلالت","الرشيدية","فركلة السفلى","540","8497","RNI","محمد زدوق","58167"
"درعة -تافيلالت","الرشيدية","فركلة السفلى","540","8501","PJD","محمد كروال","63426"
"درعة -تافيلالت","الرشيدية","فركلة السفلى","540","8501","PJD","فاطمة حمداني","63492"
"درعة -تافيلالت","الرشيدية","فركلة السفلى","540","8504","PJD","عبد الحفيظ حسناوي","87447"
"درعة -تافيلالت","الرشيدية","فركلة السفلى","540","8504","PJD","حفيظة ادريسي","87600"
"درعة -تافيلالت","الرشيدية","فركلة السفلى","540","8500","PJD","عبدالمجيد دادا","37344"
"درعة -تافيلالت","الرشيدية","فركلة السفلى","540","8506","PJD","مولاي احمد علوى","83166"
"درعة -تافيلالت","الرشيدية","فركلة السفلى","540","8496","PI","محمد شكري","97939"
"درعة -تافيلالت","الرشيدية","فركلة السفلى","540","8495","PI","باسو حشلاف","45372"
"درعة -تافيلالت","الرشيدية","فركلة العليا","539","8474","PI","السعيد بامو","83509"
"درعة -تافيلالت","الرشيدية","فركلة العليا","539","8474","PI","زوليخة بوهو","83606"
"درعة -تافيلالت","الرشيدية","فركلة العليا","539","8471","PI","محمد ياتيمي","35307"
"درعة -تافيلالت","الرشيدية","فركلة العليا","539","8483","PI","الحسين غاشا","49307"
"درعة -تافيلالت","الرشيدية","فركلة العليا","539","8489","PI","فؤاد قرشي","83191"
"درعة -تافيلالت","الرشيدية","فركلة العليا","539","8493","PI","يوسف بن سعيد","28209"
"درعة -تافيلالت","الرشيدية","فركلة العليا","539","8484","PI","الحسين مانم","83336"
"درعة -تافيلالت","الرشيدية","فركلة العليا","539","8485","PI","اعلي لعوان","32843"
"درعة -تافيلالت","الرشيدية","فركلة العليا","539","8491","PI","لحسن بعزيز","10546"
"درعة -تافيلالت","الرشيدية","فركلة العليا","539","8473","PI","الحسن مسغرا","58549"
"درعة -تافيلالت","الرشيدية","فركلة العليا","539","8473","PI","العزيزة بامو","58555"
"درعة -تافيلالت","الرشيدية","فركلة العليا","539","8488","PI","محمد برحاوي","44258"
"درعة -تافيلالت","الرشيدية","فركلة العليا","539","8481","PI","المصطفى سليماني","10533"
"درعة -تافيلالت","الرشيدية","فركلة العليا","539","8477","PJD","ادريس خوسي","49061"
"درعة -تافيلالت","الرشيدية","فركلة العليا","539","8477","PJD","خديجة  احميد","49328"
"درعة -تافيلالت","الرشيدية","فركلة العليا","539","8490","PJD","حميد ديمو","28296"
"درعة -تافيلالت","الرشيدية","فركلة العليا","539","8487","PJD","عبد الواحد جردان","87168"
"درعة -تافيلالت","الرشيدية","فركلة العليا","539","8475","PJD","موحى اسليمان","58352"
"درعة -تافيلالت","الرشيدية","فركلة العليا","539","8492","PJD","هشام حبران","37159"
"درعة -تافيلالت","الرشيدية","فركلة العليا","539","8480","PJD","خالد أزرور","44228"
"درعة -تافيلالت","الرشيدية","فركلة العليا","539","8478","PJD","باسو بويغو","37247"
"درعة -تافيلالت","الرشيدية","فركلة العليا","539","8476","PJD","لحسن بكاس","37152"
"درعة -تافيلالت","الرشيدية","فركلة العليا","539","8479","MP","باسو استى","61160"
"درعة -تافيلالت","الرشيدية","فركلة العليا","539","8479","MP","فاطمة ملكي","61187"
"درعة -تافيلالت","الرشيدية","فركلة العليا","539","8482","MP","باسو باحو","103135"
"درعة -تافيلالت","الرشيدية","فركلة العليا","539","8486","RNI","جمال رمشون","44206"
"درعة -تافيلالت","الرشيدية","فركلة العليا","539","8472","RNI","موحى زعيم","48953"
"درعة -تافيلالت","الرشيدية","فزنا","542","8553","PI","موسى السليماني","16626"
"درعة -تافيلالت","الرشيدية","فزنا","542","8553","PI","سمية قدوري","16645"
"درعة -تافيلالت","الرشيدية","فزنا","542","8555","PI","علال عسري","16743"
"درعة -تافيلالت","الرشيدية","فزنا","542","8556","PI","عبيد قدوري","2516"
"درعة -تافيلالت","الرشيدية","فزنا","542","8557","PI","الصادقي قدوري","34877"
"درعة -تافيلالت","الرشيدية","فزنا","542","8557","PI","فتيحة بابا خويا","34955"
"درعة -تافيلالت","الرشيدية","فزنا","542","8558","PI","عبد القادر الجكاني","10949"
"درعة -تافيلالت","الرشيدية","فزنا","542","8554","PPS","عمر معمر","104163"
"درعة -تافيلالت","الرشيدية","فزنا","542","8554","PPS","امباركة سعيدي","104338"
"درعة -تافيلالت","الرشيدية","فزنا","542","8551","PPS","عبد الاله طلبي","82320"
"درعة -تافيلالت","الرشيدية","فزنا","542","8550","MP","عبد المنعم سعيدي","103900"
"درعة -تافيلالت","الرشيدية","فزنا","542","8550","MP","حفيظة كرومي","104028"
"درعة -تافيلالت","الرشيدية","فزنا","542","8552","MP","الطاهر علوي","51323"
"درعة -تافيلالت","الرشيدية","فزنا","542","8549","PJD","ادريس غانمي","111345"
"درعة -تافيلالت","الرشيدية","فزنا","542","8548","PJD","رشيد باحو","109146"
"درعة -تافيلالت","الرشيدية","كلميمة","569","8964","USFP","سكو احمدوش","22935"
"درعة -تافيلالت","الرشيدية","كلميمة","569","8964","USFP","فاطمة اوعلا","22962"
"درعة -تافيلالت","الرشيدية","كلميمة","569","25675","USFP","اسماعيل زدوق","9825"
"درعة -تافيلالت","الرشيدية","كلميمة","569","8961","USFP","خليد كيش","83343"
"درعة -تافيلالت","الرشيدية","كلميمة","569","8961","USFP","جميلة دجان","83579"
"درعة -تافيلالت","الرشيدية","كلميمة","569","8969","USFP","مولاي رشيد زاهيدي","6689"
"درعة -تافيلالت","الرشيدية","كلميمة","569","25668","USFP","حميد مستقيم","633"
"درعة -تافيلالت","الرشيدية","كلميمة","569","8963","USFP","يوسف احمدوش","28548"
"درعة -تافيلالت","الرشيدية","كلميمة","569","8963","USFP","زهرة ازكاغ","28606"
"درعة -تافيلالت","الرشيدية","كلميمة","569","8971","USFP","محمد صديقي","431"
"درعة -تافيلالت","الرشيدية","كلميمة","569","25669","USFP","عمر اهربان","5811"
"درعة -تافيلالت","الرشيدية","كلميمة","569","25674","USFP","لحسن اسعيد","11154"
"درعة -تافيلالت","الرشيدية","كلميمة","569","8965","USFP","مولاى احمد الترزيوي","6708"
"درعة -تافيلالت","الرشيدية","كلميمة","569","25670","USFP","عمر المير","11170"
"درعة -تافيلالت","الرشيدية","كلميمة","569","8966","USFP","امبارك لغريسي","9865"
"درعة -تافيلالت","الرشيدية","كلميمة","569","8966","USFP","سهام زاهيدي","9909"
"درعة -تافيلالت","الرشيدية","كلميمة","569","8968","USFP","محمد ملكاوي","28657"
"درعة -تافيلالت","الرشيدية","كلميمة","569","8967","USFP","عبد اللطيف موسى","101779"
"درعة -تافيلالت","الرشيدية","كلميمة","569","8962","PJD","مولاي علي معتضد","47497"
"درعة -تافيلالت","الرشيدية","كلميمة","569","8972","PAM","لحسن بوعرفة","189"
"درعة -تافيلالت","الرشيدية","كلميمة","569","8975","PAM","احمد باعسو","3121"
"درعة -تافيلالت","الرشيدية","كلميمة","569","8974","MP","موحى اعقا","101511"
"درعة -تافيلالت","الرشيدية","كلميمة","569","25671","MP","عزيز نعدي","101433"
"درعة -تافيلالت","الرشيدية","كلميمة","569","8973","PI","الهبرى قوادسي","28828"
"درعة -تافيلالت","الرشيدية","كلميمة","569","8970","PI","عبد الرحمان صدقي","1237"
"درعة -تافيلالت","الرشيدية","كلميمة","569","25673","PI","عصام لعروز","102007"
"درعة -تافيلالت","الرشيدية","كلميمة","569","25672","RNI","الحسين كلو","102258"
"درعة -تافيلالت","الرشيدية","ملعب","862","13619","PAM","باسو حسو","58870"
"درعة -تافيلالت","الرشيدية","ملعب","862","13619","PAM","مريم بورخيص","58952"
"درعة -تافيلالت","الرشيدية","ملعب","862","25685","PAM","محمد درقاوي","101430"
"درعة -تافيلالت","الرشيدية","ملعب","862","13616","PAM","الحو المربوح","58087"
"درعة -تافيلالت","الرشيدية","ملعب","862","13621","PAM","الحو اييكن","61275"
"درعة -تافيلالت","الرشيدية","ملعب","862","13617","PAM","سعيد السوهير","61472"
"درعة -تافيلالت","الرشيدية","ملعب","862","13618","PAM","عيسى اقشور","34469"
"درعة -تافيلالت","الرشيدية","ملعب","862","25686","PAM","محمد هاج","59588"
"درعة -تافيلالت","الرشيدية","ملعب","862","13615","PAM","محمد كرواز","84450"
"درعة -تافيلالت","الرشيدية","ملعب","862","25684","PAM","احمد اباري","104525"
"درعة -تافيلالت","الرشيدية","ملعب","862","25683","PAM","ابراهيم بامحو","85887"
"درعة -تافيلالت","الرشيدية","ملعب","862","13610","PAM","موحى هموري","28375"
"درعة -تافيلالت","الرشيدية","ملعب","862","13609","PAM","محمد الطاهري","46576"
"درعة -تافيلالت","الرشيدية","ملعب","862","13613","USFP","المهدي العالوي","47045"
"درعة -تافيلالت","الرشيدية","ملعب","862","13613","USFP","حفيظة كلتاوي","47101"
"درعة -تافيلالت","الرشيدية","ملعب","862","25682","USFP","محمد عمو","34489"
"درعة -تافيلالت","الرشيدية","ملعب","862","13612","USFP","عبد الله شكرى","84226"
"درعة -تافيلالت","الرشيدية","ملعب","862","13612","USFP","عائشة ايت الربع","84300"
"درعة -تافيلالت","الرشيدية","ملعب","862","13614","USFP","عبدالله خلفة","29061"
"درعة -تافيلالت","الرشيدية","ملعب","862","13622","USFP","امحمد همورى","28578"
"درعة -تافيلالت","الرشيدية","ملعب","862","25681","USFP","لحسن  واحي","63132"
"درعة -تافيلالت","الرشيدية","ملعب","862","13611","USFP","علي علاوي","34446"
"درعة -تافيلالت","الرشيدية","ملعب","862","13620","USFP","عمر بويريك","29107"
"درعة -تافيلالت","الرشيدية","ملعب","862","25687","USFP","الحو اتكرار","29098"
"درعة -تافيلالت","الرشيدية","ملعب","862","13608","PJD","موحى امساعدي","46106"
"درعة -تافيلالت","الرشيدية","ملعب","862","13608","PJD","نزهة بلوك","46151"
"درعة -تافيلالت","الرشيدية","ملعب","862","25680","PJD","عبد الكريم استي","34548"
"درعة -تافيلالت","الرشيدية","مولاي علي الشريف","902","14260","RNI","مصطفى العمري","9398"
"درعة -تافيلالت","الرشيدية","مولاي علي الشريف","902","14265","RNI","مصطفى قاسم","9299"
"درعة -تافيلالت","الرشيدية","مولاي علي الشريف","902","14263","RNI","احمد وشاطي","16375"
"درعة -تافيلالت","الرشيدية","مولاي علي الشريف","902","14261","RNI","امبارك تغلاوي","20161"
"درعة -تافيلالت","الرشيدية","مولاي علي الشريف","902","14271","RNI","الغالي خالدي","9421"
"درعة -تافيلالت","الرشيدية","مولاي علي الشريف","902","14252","RNI","احمد الغوم","16574"
"درعة -تافيلالت","الرشيدية","مولاي علي الشريف","902","14274","RNI","محمد لعناية","9444"
"درعة -تافيلالت","الرشيدية","مولاي علي الشريف","902","14268","PJD","مصطفى لحياني ","4371"
"درعة -تافيلالت","الرشيدية","مولاي علي الشريف","902","14268","PJD","بدة همامى","4403"
"درعة -تافيلالت","الرشيدية","مولاي علي الشريف","902","14253","PJD","احمد العلاوى","62087"
"درعة -تافيلالت","الرشيدية","مولاي علي الشريف","902","14264","PJD","محمد لمترجي علوي","39608"
"درعة -تافيلالت","الرشيدية","مولاي علي الشريف","902","14270","PJD","محمد حمداوي","4103"
"درعة -تافيلالت","الرشيدية","مولاي علي الشريف","902","14255","PJD","الشيخ  المخادم","47555"
"درعة -تافيلالت","الرشيدية","مولاي علي الشريف","902","14255","PJD","خديجة النعامي","47693"
"درعة -تافيلالت","الرشيدية","مولاي علي الشريف","902","14269","PJD","ابراهيم سعدلاوي","4078"
"درعة -تافيلالت","الرشيدية","مولاي علي الشريف","902","14273","PJD","محمد القرسي","4106"
"درعة -تافيلالت","الرشيدية","مولاي علي الشريف","902","14256","PJD","جواد القرسي","6035"
"درعة -تافيلالت","الرشيدية","مولاي علي الشريف","902","14256","PJD","فاطمة كومني","6088"
"درعة -تافيلالت","الرشيدية","مولاي علي الشريف","902","14267","PJD","اسماعيل اسماعيلي علوي","25684"
"درعة -تافيلالت","الرشيدية","مولاي علي الشريف","902","14259","PPS","حسن يدان","16533"
"درعة -تافيلالت","الرشيدية","مولاي علي الشريف","902","14259","PPS","مليكة اصغير","16575"
"درعة -تافيلالت","الرشيدية","مولاي علي الشريف","902","14266","PPS","عمر الزعيم","16598"
"درعة -تافيلالت","الرشيدية","مولاي علي الشريف","902","14258","PPS","عبدالواحد صديقي","16505"
"درعة -تافيلالت","الرشيدية","مولاي علي الشريف","902","14272","PPS","محمد علوي","20146"
"درعة -تافيلالت","الرشيدية","مولاي علي الشريف","902","14262","PI","عبد الله الشاية","20148"
"درعة -تافيلالت","الرشيدية","مولاي علي الشريف","902","14254","PI","احمد الحمدي","39755"
"درعة -تافيلالت","الرشيدية","مولاي علي الشريف","902","14257","PI","محمد يدان","39854"
"درعة -تافيلالت","الرشيدية","وادي النعام","958","15135","PJD","يوسف اوعلا","84148"
"درعة -تافيلالت","الرشيدية","وادي النعام","958","15135","PJD","حفيظة حمادي","109600"
"درعة -تافيلالت","الرشيدية","وادي النعام","958","15138","PJD","رشيد رملي","23071"
"درعة -تافيلالت","الرشيدية","وادي النعام","958","15138","PJD"," حدهوم  نوالي","23102"
"درعة -تافيلالت","الرشيدية","وادي النعام","958","15134","PJD","مولاي ارشيد محمدي","79541"
"درعة -تافيلالت","الرشيدية","وادي النعام","958","15134","PJD","فاطمة رزوق","79587"
"درعة -تافيلالت","الرشيدية","وادي النعام","958","15139","PJD","الشريف بوحفص","61407"
"درعة -تافيلالت","الرشيدية","وادي النعام","958","15136","PJD","عبد الرحيم دحاوي","99002"
"درعة -تافيلالت","الرشيدية","وادي النعام","958","15141","PJD","عبد القادر الشدلي","16446"
"درعة -تافيلالت","الرشيدية","وادي النعام","958","15143","PPS","لحسن سخمان","62148"
"درعة -تافيلالت","الرشيدية","وادي النعام","958","15143","PPS","نزهة بوعلي","62212"
"درعة -تافيلالت","الرشيدية","وادي النعام","958","15137","PPS","موحى بريشو","46072"
"درعة -تافيلالت","الرشيدية","وادي النعام","958","15142","PPS","محمد الشادلي","61388"
"درعة -تافيلالت","الرشيدية","وادي النعام","958","15144","PPS","علي ضيفي","97"
"درعة -تافيلالت","الرشيدية","وادي النعام","958","15140","FFD","عبد المجيد عبدلاوي","78452"
"درعة -تافيلالت","تنغير","آيت الفرسي","112","1631","PAM","لحسن العزاوي","96483"
"درعة -تافيلالت","تنغير","آيت الفرسي","112","1631","PAM","زهرة احشاش","96489"
"درعة -تافيلالت","تنغير","آيت الفرسي","112","1626","PAM","محمد  ايت ابراهيم","127479"
"درعة -تافيلالت","تنغير","آيت الفرسي","112","1626","PAM","فاطمة برشاط","127526"
"درعة -تافيلالت","تنغير","آيت الفرسي","112","1636","PAM","محمد بوريك","96527"
"درعة -تافيلالت","تنغير","آيت الفرسي","112","1636","PAM","تودة ايت به","96531"
"درعة -تافيلالت","تنغير","آيت الفرسي","112","1630","PAM","زايد بويهري","74911"
"درعة -تافيلالت","تنغير","آيت الفرسي","112","1634","PAM","احساين الفهيم","96501"
"درعة -تافيلالت","تنغير","آيت الفرسي","112","1628","PAM","احساين اوباحسو","96505"
"درعة -تافيلالت","تنغير","آيت الفرسي","112","1627","PPS","امبارك حدو","127801"
"درعة -تافيلالت","تنغير","آيت الفرسي","112","1627","PPS","خديجة الاعرج","127866"
"درعة -تافيلالت","تنغير","آيت الفرسي","112","1629","PJD","محمد العطاوي","128076"
"درعة -تافيلالت","تنغير","آيت الفرسي","112","1635","RNI","امحمد امرتو","55238"
"درعة -تافيلالت","تنغير","آيت الفرسي","112","1632","PI","امحمد وليا","41458"
"درعة -تافيلالت","تنغير","آيت الفرسي","112","1633","PI","لحسن احدو","55160"
"درعة -تافيلالت","تنغير","آيت سدرات الجبل  العليا","156","2229","RNI","محمد  اوحدوش","41151"
"درعة -تافيلالت","تنغير","آيت سدرات الجبل  العليا","156","2229","RNI","عائشة هرار","41163"
"درعة -تافيلالت","تنغير","آيت سدرات الجبل  العليا","156","2225","RNI","علي مسعودي","128954"
"درعة -تافيلالت","تنغير","آيت سدرات الجبل  العليا","156","2220","RNI","محمد بناصري","25973"
"درعة -تافيلالت","تنغير","آيت سدرات الجبل  العليا","156","2221","RNI","محمد  اسحاق","128999"
"درعة -تافيلالت","تنغير","آيت سدرات الجبل  العليا","156","2230","RNI","امحمد ايت يوسف","14431"
"درعة -تافيلالت","تنغير","آيت سدرات الجبل  العليا","156","2222","RNI","لحسن  المو ","14474"
"درعة -تافيلالت","تنغير","آيت سدرات الجبل  العليا","156","2226","RNI","امبارك حسين","129240"
"درعة -تافيلالت","تنغير","آيت سدرات الجبل  العليا","156","2224","RNI","سعيد  عزوز","14456"
"درعة -تافيلالت","تنغير","آيت سدرات الجبل  العليا","156","2228","PJD","مولاي ادريس الشريف","129314"
"درعة -تافيلالت","تنغير","آيت سدرات الجبل  العليا","156","2228","PJD","رقية ايت عبد السلام","129338"
"درعة -تافيلالت","تنغير","آيت سدرات الجبل  العليا","156","2227","PI","الحسين الكوش","96539"
"درعة -تافيلالت","تنغير","آيت سدرات الجبل  العليا","156","2227","PI","فاطمة نعيم","96543"
"درعة -تافيلالت","تنغير","آيت سدرات الجبل  العليا","156","2223","PI","سعيد حمداني","96561"
"درعة -تافيلالت","تنغير","آيت سدرات الجبل  العليا","156","2223","PI","عائشة الخليل","96562"
"درعة -تافيلالت","تنغير","آيت سدرات الجبل السفلى","157","2234","PPS","محمد اجود","41205"
"درعة -تافيلالت","تنغير","آيت سدرات الجبل السفلى","157","2234","PPS","زينبة ايت اوجا","41263"
"درعة -تافيلالت","تنغير","آيت سدرات الجبل السفلى","157","2235","PPS","محمد الحاجي","14585"
"درعة -تافيلالت","تنغير","آيت سدرات الجبل السفلى","157","2235","PPS","خديجة جواد","14602"
"درعة -تافيلالت","تنغير","آيت سدرات الجبل السفلى","157","2231","PPS","محمد موجان","41120"
"درعة -تافيلالت","تنغير","آيت سدرات الجبل السفلى","157","2231","PPS","حنان الوداري","41144"
"درعة -تافيلالت","تنغير","آيت سدرات الجبل السفلى","157","2232","PPS","محمد ادو","26060"
"درعة -تافيلالت","تنغير","آيت سدرات الجبل السفلى","157","2237","PPS","علي بومدير","41311"
"درعة -تافيلالت","تنغير","آيت سدرات الجبل السفلى","157","2233","PPS","محمد عزيز","41040"
"درعة -تافيلالت","تنغير","آيت سدرات الجبل السفلى","157","2238","PPS","احمد امدين","74043"
"درعة -تافيلالت","تنغير","آيت سدرات الجبل السفلى","157","2239","PAM","حمو وسعدن","55343"
"درعة -تافيلالت","تنغير","آيت سدرات الجبل السفلى","157","2241","PAM","الحسين الحلاوي","96550"
"درعة -تافيلالت","تنغير","آيت سدرات الجبل السفلى","157","2240","MP","حمو اوعمو","14534"
"درعة -تافيلالت","تنغير","آيت سدرات الجبل السفلى","157","2240","MP","فاطمة وعليش","14556"
"درعة -تافيلالت","تنغير","آيت سدرات الجبل السفلى","157","2236","RNI","مصطفى المشكوري","55358"
"درعة -تافيلالت","تنغير","آيت سدرات السهل الشرقية","158","27425","RNI","عبد الرحمان الغمري","32092"
"درعة -تافيلالت","تنغير","آيت سدرات السهل الشرقية","158","2246","RNI","عبد الرحمان ايت سيدي ابرام","96419"
"درعة -تافيلالت","تنغير","آيت سدرات السهل الشرقية","158","27422","RNI","اسماعيل باعسيني","14649"
"درعة -تافيلالت","تنغير","آيت سدرات السهل الشرقية","158","27426","RNI","احمد ايت خمجي","20698"
"درعة -تافيلالت","تنغير","آيت سدرات السهل الشرقية","158","2251","RNI","مصطفى فارس","14623"
"درعة -تافيلالت","تنغير","آيت سدرات السهل الشرقية","158","27423","RNI","محمد ايت محمد","14694"
"درعة -تافيلالت","تنغير","آيت سدرات السهل الشرقية","158","27424","RNI","محمد اتزكي","55178"
"درعة -تافيلالت","تنغير","آيت سدرات السهل الشرقية","158","27421","RNI","مولاي احمد البعمراني","26071"
"درعة -تافيلالت","تنغير","آيت سدرات السهل الشرقية","158","27427","RNI","سعيد ايت حمودو","14726"
"درعة -تافيلالت","تنغير","آيت سدرات السهل الشرقية","158","2254","PI","عبد المطلب شكري","20708"
"درعة -تافيلالت","تنغير","آيت سدرات السهل الشرقية","158","27420","PI","عبد العزيز شرفي","25958"
"درعة -تافيلالت","تنغير","آيت سدرات السهل الشرقية","158","27420","PI","رقية الوزكيتي","25977"
"درعة -تافيلالت","تنغير","آيت سدرات السهل الشرقية","158","2243","PI","ابراهيم  ايت حسو","4575"
"درعة -تافيلالت","تنغير","آيت سدرات السهل الشرقية","158","2243","PI","مليكة  بورحيم","8186"
"درعة -تافيلالت","تنغير","آيت سدرات السهل الشرقية","158","2245","PI","مصطفى موساوي","20701"
"درعة -تافيلالت","تنغير","آيت سدرات السهل الشرقية","158","2252","PI","محمد البري","55136"
"درعة -تافيلالت","تنغير","آيت سدرات السهل الشرقية","158","2252","PI","مليكة الحوزي","55151"
"درعة -تافيلالت","تنغير","آيت سدرات السهل الشرقية","158","2242","PI","علي اباسو","32118"
"درعة -تافيلالت","تنغير","آيت سدرات السهل الشرقية","158","2242","PI","فاطمة اعطى","32122"
"درعة -تافيلالت","تنغير","آيت سدرات السهل الشرقية","158","2250","PI","محمد كيسان","14569"
"درعة -تافيلالت","تنغير","آيت سدرات السهل الشرقية","158","25234","PI","لحسن  لحسيني","55441"
"درعة -تافيلالت","تنغير","آيت سدرات السهل الشرقية","158","25235","PI","لحسن  ايت الطالب","26006"
"درعة -تافيلالت","تنغير","آيت سدرات السهل الشرقية","158","2249","PI","احميد ايت حسو","55115"
"درعة -تافيلالت","تنغير","آيت سدرات السهل الشرقية","158","2244","PPS","علي بسعيدي","8881"
"درعة -تافيلالت","تنغير","آيت سدرات السهل الشرقية","158","2247","PPS","الحسين كافي","73897"
"درعة -تافيلالت","تنغير","آيت سدرات السهل الشرقية","158","2248","PPS","محمد ايت باسو","129537"
"درعة -تافيلالت","تنغير","آيت سدرات السهل الشرقية","158","2253","PPS","عبد الرحمان علاوي","74058"
"درعة -تافيلالت","تنغير","آيت سدرات السهل الغربية","159","25236","MP","مصطفى ايت لكبير","26072"
"درعة -تافيلالت","تنغير","آيت سدرات السهل الغربية","159","25236","MP","نادية ايت الكبير","26081"
"درعة -تافيلالت","تنغير","آيت سدرات السهل الغربية","159","27435","MP","يوسف بنور","14712"
"درعة -تافيلالت","تنغير","آيت سدرات السهل الغربية","159","2259","MP","السعيد مران","32100"
"درعة -تافيلالت","تنغير","آيت سدرات السهل الغربية","159","2259","MP","نزهة شعو","32107"
"درعة -تافيلالت","تنغير","آيت سدرات السهل الغربية","159","2264","MP","لحسن ايت الطالب","25883"
"درعة -تافيلالت","تنغير","آيت سدرات السهل الغربية","159","2266","MP","اسماعيل نيت العسري","96722"
"درعة -تافيلالت","تنغير","آيت سدرات السهل الغربية","159","2266","MP","حسناء يوسفي","96721"
"درعة -تافيلالت","تنغير","آيت سدرات السهل الغربية","159","2255","MP","محمد ايت خويا","20738"
"درعة -تافيلالت","تنغير","آيت سدرات السهل الغربية","159","27434","MP","عبد العزيز الزواني","26025"
"درعة -تافيلالت","تنغير","آيت سدرات السهل الغربية","159","27433","MP","محمد اوبن علي","14853"
"درعة -تافيلالت","تنغير","آيت سدرات السهل الغربية","159","27428","MP","اسماعيل العيدي","74448"
"درعة -تافيلالت","تنغير","آيت سدرات السهل الغربية","159","2262","MP","عبدالرحمان ايت الطالب","55187"
"درعة -تافيلالت","تنغير","آيت سدرات السهل الغربية","159","2265","MP","محمد  اجواو","14717"
"درعة -تافيلالت","تنغير","آيت سدرات السهل الغربية","159","2263","MP","محمد رفقي","129539"
"درعة -تافيلالت","تنغير","آيت سدرات السهل الغربية","159","2263","MP","فتيحة الرامي","129552"
"درعة -تافيلالت","تنغير","آيت سدرات السهل الغربية","159","2260","MP","يوسف حفيظ","55000"
"درعة -تافيلالت","تنغير","آيت سدرات السهل الغربية","159","25237","MP","احماد  ايت الرامي","14713"
"درعة -تافيلالت","تنغير","آيت سدرات السهل الغربية","159","27432","MP","سعيد لمليح","32124"
"درعة -تافيلالت","تنغير","آيت سدرات السهل الغربية","159","2257","RNI","ابراهيم وغزي","4581"
"درعة -تافيلالت","تنغير","آيت سدرات السهل الغربية","159","2261","RNI"," الحسين الساهل","40301"
"درعة -تافيلالت","تنغير","آيت سدرات السهل الغربية","159","27429","PJD","مصطفى ايت حدو","20695"
"درعة -تافيلالت","تنغير","آيت سدرات السهل الغربية","159","27431","PJD","سعيد اوريزي","41344"
"درعة -تافيلالت","تنغير","آيت سدرات السهل الغربية","159","2267","USFP","محمد ايت مري","96428"
"درعة -تافيلالت","تنغير","آيت سدرات السهل الغربية","159","27430","USFP","سيدي محمد الجنيدي البومسهولي","54764"
"درعة -تافيلالت","تنغير","آيت سدرات السهل الغربية","159","2256","PPS","علي ايت امبارك","73862"
"درعة -تافيلالت","تنغير","آيت سدرات السهل الغربية","159","2258","PAM","سعيد ايت فاسكة","96724"
"درعة -تافيلالت","تنغير","آيت هاني","89","1349","RNI","زايد التاير","55325"
"درعة -تافيلالت","تنغير","آيت هاني","89","1349","RNI","عبي بوحى","55337"
"درعة -تافيلالت","تنغير","آيت هاني","89","1347","RNI","احساين اغبي","39763"
"درعة -تافيلالت","تنغير","آيت هاني","89","1345","RNI","امبارك وموزون","55283"
"درعة -تافيلالت","تنغير","آيت هاني","89","1345","RNI","تودة شعوا","55296"
"درعة -تافيلالت","تنغير","آيت هاني","89","1351","RNI","الحو بن لحسن المكاوي","96621"
"درعة -تافيلالت","تنغير","آيت هاني","89","1346","RNI","ابراهيم تخشي","40430"
"درعة -تافيلالت","تنغير","آيت هاني","89","1350","RNI","حساين ايكن","55291"
"درعة -تافيلالت","تنغير","آيت هاني","89","1350","RNI","زهرة حداش","55294"
"درعة -تافيلالت","تنغير","آيت هاني","89","1353","RNI","محمد خيرا","55251"
"درعة -تافيلالت","تنغير","آيت هاني","89","1355","RNI","باسو عرضين","55258"
"درعة -تافيلالت","تنغير","آيت هاني","89","1344","RNI","حدو زيدان","40319"
"درعة -تافيلالت","تنغير","آيت هاني","89","1354","RNI","ابراهيم حسيك","55266"
"درعة -تافيلالت","تنغير","آيت هاني","89","1348","RNI","علي هرى","74811"
"درعة -تافيلالت","تنغير","آيت هاني","89","1352","PAM","يدير  موجان","55273"
"درعة -تافيلالت","تنغير","آيت هاني","89","1343","PJD","ابراهيم خموي","55302"
"درعة -تافيلالت","تنغير","آيت هاني","89","1343","PJD","هنو امعو","55307"
"درعة -تافيلالت","تنغير","آيت واسيف","146","2078","MP","الحسين  بوزير","74093"
"درعة -تافيلالت","تنغير","آيت واسيف","146","2078","MP","سهام اتعزا","74114"
"درعة -تافيلالت","تنغير","آيت واسيف","146","2081","MP","ابراهيم ازروال","55242"
"درعة -تافيلالت","تنغير","آيت واسيف","146","2081","MP","كلتومة تبوشت","55404"
"درعة -تافيلالت","تنغير","آيت واسيف","146","2084","MP","لحسن  نايت حسو","129169"
"درعة -تافيلالت","تنغير","آيت واسيف","146","2084","MP","فاطمة ابقساين","129209"
"درعة -تافيلالت","تنغير","آيت واسيف","146","25232","MP","داود ايت توغة","55104"
"درعة -تافيلالت","تنغير","آيت واسيف","146","2085","MP","سيدي محمد الداودي","121800"
"درعة -تافيلالت","تنغير","آيت واسيف","146","2088","MP","لحساين فاضل","55217"
"درعة -تافيلالت","تنغير","آيت واسيف","146","2083","RNI","محمد ازروال","96643"
"درعة -تافيلالت","تنغير","آيت واسيف","146","2082","RNI","محمد  اكناو","121016"
"درعة -تافيلالت","تنغير","آيت واسيف","146","2082","RNI","خديجة ايت ايدير","121133"
"درعة -تافيلالت","تنغير","آيت واسيف","146","2087","RNI","محمد الوردي","121627"
"درعة -تافيلالت","تنغير","آيت واسيف","146","2079","PJD","محمد  والطالب","25851"
"درعة -تافيلالت","تنغير","آيت واسيف","146","25233","PJD","حسن ايت بها","73943"
"درعة -تافيلالت","تنغير","آيت واسيف","146","2080","PI","مصطفى الرحاوي","25929"
"درعة -تافيلالت","تنغير","آيت واسيف","146","2086","USFP","ابراهيم حافظي","74384"
"درعة -تافيلالت","تنغير","آيت يول","167","2391","RNI","احمد القاديري","14654"
"درعة -تافيلالت","تنغير","آيت يول","167","2391","RNI","عائشة عثماني","14668"
"درعة -تافيلالت","تنغير","آيت يول","167","2387","RNI","لحسن داودي","129094"
"درعة -تافيلالت","تنغير","آيت يول","167","2387","RNI","عائشة الوسطي","129129"
"درعة -تافيلالت","تنغير","آيت يول","167","2394","RNI","ابراهيم اكديل","74266"
"درعة -تافيلالت","تنغير","آيت يول","167","2394","RNI","مريم سليم","74293"
"درعة -تافيلالت","تنغير","آيت يول","167","2390","RNI","لحسن الولالي","4638"
"درعة -تافيلالت","تنغير","آيت يول","167","2395","RNI","يوسف الواركي","41262"
"درعة -تافيلالت","تنغير","آيت يول","167","2388","RNI","موحى سليماني","14508"
"درعة -تافيلالت","تنغير","آيت يول","167","2392","RNI","ابراهيم يوسفي","14495"
"درعة -تافيلالت","تنغير","آيت يول","167","2397","RNI","محمد المنوير","41285"
"درعة -تافيلالت","تنغير","آيت يول","167","2393","PJD","محمد  العياشي ","121763"
"درعة -تافيلالت","تنغير","آيت يول","167","2393","PJD","زهرة فريحي","121910"
"درعة -تافيلالت","تنغير","آيت يول","167","2389","PJD","محمد المنوار","74198"
"درعة -تافيلالت","تنغير","آيت يول","167","2396","PJD","محمد احمنا","25947"
"درعة -تافيلالت","تنغير","اسول","258","3874","PAM","محمد الباز","121764"
"درعة -تافيلالت","تنغير","اسول","258","3874","PAM","عائشة شنيار","121989"
"درعة -تافيلالت","تنغير","اسول","258","3868","PAM","احماد اعسيني","55314"
"درعة -تافيلالت","تنغير","اسول","258","3870","PAM","ادريس النيست","74182"
"درعة -تافيلالت","تنغير","اسول","258","3870","PAM","فاطمة خيطاني","74202"
"درعة -تافيلالت","تنغير","اسول","258","3872","PAM","ادريس  سكونتي","121640"
"درعة -تافيلالت","تنغير","اسول","258","3869","PJD","احمد حنا","7093"
"درعة -تافيلالت","تنغير","اسول","258","3869","PJD","امنة العيد ","7133"
"درعة -تافيلالت","تنغير","اسول","258","3864","RNI","لحسن اغروض","12047"
"درعة -تافيلالت","تنغير","اسول","258","3871","RNI","سعيد الموح","74508"
"درعة -تافيلالت","تنغير","اسول","258","3871","RNI","حورية هموري","74526"
"درعة -تافيلالت","تنغير","اسول","258","3866","RNI","هند حياني","38490"
"درعة -تافيلالت","تنغير","اسول","258","3873","PI","امحمد اناصر","74094"
"درعة -تافيلالت","تنغير","اسول","258","3867","PPS","سيدي محمد ازيك","55295"
"درعة -تافيلالت","تنغير","اسول","258","3865","UC","عبد الواحد مبروكي","125612"
"درعة -تافيلالت","تنغير","اغيل نومكون","622","9793","RNI","يوسف  ازبي","74303"
"درعة -تافيلالت","تنغير","اغيل نومكون","622","9793","RNI","نعيمة  الهري","74318"
"درعة -تافيلالت","تنغير","اغيل نومكون","622","9788","RNI","محمد جمالي","74890"
"درعة -تافيلالت","تنغير","اغيل نومكون","622","9788","RNI","فاطمة ايت زقلال","74891"
"درعة -تافيلالت","تنغير","اغيل نومكون","622","9797","RNI","محمد امرغن","74921"
"درعة -تافيلالت","تنغير","اغيل نومكون","622","9797","RNI","تودة ايت ايشو","74863"
"درعة -تافيلالت","تنغير","اغيل نومكون","622","9801","RNI","محمد الوردي","7095"
"درعة -تافيلالت","تنغير","اغيل نومكون","622","9800","RNI","الحسين  العباسي","7170"
"درعة -تافيلالت","تنغير","اغيل نومكون","622","9808","RNI","علي ايت بن عمر","29293"
"درعة -تافيلالت","تنغير","اغيل نومكون","622","9789","RNI","موح ايت اهرى","74364"
"درعة -تافيلالت","تنغير","اغيل نومكون","622","9810","RNI","عبد الله  اجامر","31413"
"درعة -تافيلالت","تنغير","اغيل نومكون","622","9799","RNI","سعيد العمراني","38198"
"درعة -تافيلالت","تنغير","اغيل نومكون","622","9802","RNI","محمد  حمي","74803"
"درعة -تافيلالت","تنغير","اغيل نومكون","622","9805","RNI","علي ايت بوجمعة","26423"
"درعة -تافيلالت","تنغير","اغيل نومكون","622","9798","RNI","الحسن اسكيك","31363"
"درعة -تافيلالت","تنغير","اغيل نومكون","622","9803","RNI","موح  وزمان","74203"
"درعة -تافيلالت","تنغير","اغيل نومكون","622","9807","RNI","ابراهيم ايت ضمو","74809"
"درعة -تافيلالت","تنغير","اغيل نومكون","622","9806","RNI","الحسين رجاء","24550"
"درعة -تافيلالت","تنغير","اغيل نومكون","622","9790","RNI","محمد  ايت توغة","74342"
"درعة -تافيلالت","تنغير","اغيل نومكون","622","9794","PI","محمد ايت داود","74826"
"درعة -تافيلالت","تنغير","اغيل نومكون","622","9794","PI","رقية اعربي","74839"
"درعة -تافيلالت","تنغير","اغيل نومكون","622","9791","PI","محمد وعمار","29411"
"درعة -تافيلالت","تنغير","اغيل نومكون","622","9804","PI","محمد بوصاك","74845"
"درعة -تافيلالت","تنغير","اغيل نومكون","622","9796","PI","محمد  ايت بولحسن","29529"
"درعة -تافيلالت","تنغير","اغيل نومكون","622","9792","PI","احمد  ايت يوسف","55367"
"درعة -تافيلالت","تنغير","اغيل نومكون","622","9795","PAM","سعيد  احسو","74101"
"درعة -تافيلالت","تنغير","اغيل نومكون","622","9809","PAM","سعيد زاهر","41222"
"درعة -تافيلالت","تنغير","اكنيون","632","9949","PAM","محمد اكيس","37605"
"درعة -تافيلالت","تنغير","اكنيون","632","9949","PAM","زهرة اتعوي","38013"
"درعة -تافيلالت","تنغير","اكنيون","632","9958","PAM","لحسن بوهوش","96609"
"درعة -تافيلالت","تنغير","اكنيون","632","9958","PAM","بزة مخلاب","96612"
"درعة -تافيلالت","تنغير","اكنيون","632","9950","PAM","اعلي اوهرى","37499"
"درعة -تافيلالت","تنغير","اكنيون","632","9952","PAM","امحمد بارك الله","55354"
"درعة -تافيلالت","تنغير","اكنيون","632","25245","PAM","علي بوايكر","37837"
"درعة -تافيلالت","تنغير","اكنيون","632","9961","PAM","محماد اعروش","74591"
"درعة -تافيلالت","تنغير","اكنيون","632","9948","PAM","حمو بوعزة","74630"
"درعة -تافيلالت","تنغير","اكنيون","632","9960","PAM","محمد اسكى","37737"
"درعة -تافيلالت","تنغير","اكنيون","632","25239","PAM","الحسن ادومز","74609"
"درعة -تافيلالت","تنغير","اكنيون","632","25243","PAM","احمد اكلو","24675"
"درعة -تافيلالت","تنغير","اكنيون","632","9956","PAM","محمد احلوش","74616"
"درعة -تافيلالت","تنغير","اكنيون","632","25238","PAM","سعيد شهيد","41315"
"درعة -تافيلالت","تنغير","اكنيون","632","9954","PAM","ابراهيم احلان","20742"
"درعة -تافيلالت","تنغير","اكنيون","632","9953","PAM","موح اويحيا","74657"
"درعة -تافيلالت","تنغير","اكنيون","632","25240","PAM","محمد مودو","24617"
"درعة -تافيلالت","تنغير","اكنيون","632","25241","PAM","حمو اعبو","74680"
"درعة -تافيلالت","تنغير","اكنيون","632","9955","PAM","محمد  ابوافران","129507"
"درعة -تافيلالت","تنغير","اكنيون","632","25244","PAM","امبارك كبور","1241"
"درعة -تافيلالت","تنغير","اكنيون","632","9957","PPS","ابراهيم امروح","74907"
"درعة -تافيلالت","تنغير","اكنيون","632","9957","PPS","خديجة سلكان","74908"
"درعة -تافيلالت","تنغير","اكنيون","632","25242","PPS","لحسن  المرادي ","4009"
"درعة -تافيلالت","تنغير","اكنيون","632","9951","RNI","داود علا","28939"
"درعة -تافيلالت","تنغير","اكنيون","632","9951","RNI","زنو اوعيشة","29007"
"درعة -تافيلالت","تنغير","اكنيون","632","9959","RNI","داود ارجدال","20697"
"درعة -تافيلالت","تنغير","اكنيون","632","9962","PJD","احمد  ايت با","7144"
"درعة -تافيلالت","تنغير","النيف","196","2905","PJD","الحسن بن عدو","39572"
"درعة -تافيلالت","تنغير","النيف","196","2907","PJD","عبدالعزيز الحمزاوي","74555"
"درعة -تافيلالت","تنغير","النيف","196","2906","PJD","محمد بايزو","74372"
"درعة -تافيلالت","تنغير","النيف","196","2906","PJD","فاطمة القسم","74383"
"درعة -تافيلالت","تنغير","النيف","196","2902","PJD","مصطفى باحو","74513"
"درعة -تافيلالت","تنغير","النيف","196","2897","PJD","علي بن يدير","74565"
"درعة -تافيلالت","تنغير","النيف","196","2900","PJD","محند اكوي ","40228"
"درعة -تافيلالت","تنغير","النيف","196","2904","PJD","لحسن بن الصغير","40035"
"درعة -تافيلالت","تنغير","النيف","196","2894","PJD","يوسف وخويا علي","96629"
"درعة -تافيلالت","تنغير","النيف","196","2889","PPS","محمد توحسي","39173"
"درعة -تافيلالت","تنغير","النيف","196","2908","PPS","يدير عليبوش","74577"
"درعة -تافيلالت","تنغير","النيف","196","2891","PPS","محمد بن يوسف","128203"
"درعة -تافيلالت","تنغير","النيف","196","2891","PPS","تودة اليوسفى","128863"
"درعة -تافيلالت","تنغير","النيف","196","2892","PPS","عبد الله بوعزامة","96635"
"درعة -تافيلالت","تنغير","النيف","196","2892","PPS","خديجة لكوز","96641"
"درعة -تافيلالت","تنغير","النيف","196","2898","PAM","محمد  بن العليد","74439"
"درعة -تافيلالت","تنغير","النيف","196","2910","PAM","محمد الوسطاني","128284"
"درعة -تافيلالت","تنغير","النيف","196","2895","PAM","يوسف موجان","54102"
"درعة -تافيلالت","تنغير","النيف","196","2896","PAM","سعيد بوعزامة","74423"
"درعة -تافيلالت","تنغير","النيف","196","2893","PAM","محمد  خطاري","54158"
"درعة -تافيلالت","تنغير","النيف","196","2888","MP","محمد بايدر","30265"
"درعة -تافيلالت","تنغير","النيف","196","2888","MP","فاطمة سكو","30322"
"درعة -تافيلالت","تنغير","النيف","196","2890","MP","مصطفى اشلواو","128047"
"درعة -تافيلالت","تنغير","النيف","196","2899","MP","احمد الفكري","116455"
"درعة -تافيلالت","تنغير","النيف","196","2903","PI","لحسن بن ابراهيم","54211"
"درعة -تافيلالت","تنغير","النيف","196","2901","PI","داني بن الصغير","74400"
"درعة -تافيلالت","تنغير","النيف","196","2909","P Néo-Démocrates","الحسن اوعبيد","128605"
"درعة -تافيلالت","تنغير","امسمرير","823","13002","RNI","عدي خزو","129775"
"درعة -تافيلالت","تنغير","امسمرير","823","13008","RNI","الحسن  اسهى","55215"
"درعة -تافيلالت","تنغير","امسمرير","823","13008","RNI","عائشة امكون","55224"
"درعة -تافيلالت","تنغير","امسمرير","823","13006","RNI","محمد  جابر","74737"
"درعة -تافيلالت","تنغير","امسمرير","823","13007","RNI","الحسن سيموا","74785"
"درعة -تافيلالت","تنغير","امسمرير","823","13007","RNI","زهرة  ايت ابراهيم","74798"
"درعة -تافيلالت","تنغير","امسمرير","823","13005","RNI","لحسن  خويا","96568"
"درعة -تافيلالت","تنغير","امسمرير","823","13005","RNI","تودة  اسعيدان","96572"
"درعة -تافيلالت","تنغير","امسمرير","823","13003","RNI","محمد  اسفول","41503"
"درعة -تافيلالت","تنغير","امسمرير","823","13009","RNI","سعيد دهموا","74757"
"درعة -تافيلالت","تنغير","امسمرير","823","12999","RNI","محمد الترحي","129710"
"درعة -تافيلالت","تنغير","امسمرير","823","25248","RNI","محمد اسهى","26415"
"درعة -تافيلالت","تنغير","امسمرير","823","13001","PPS","حساين زكا","74847"
"درعة -تافيلالت","تنغير","امسمرير","823","13001","PPS","عائشة عديش","74859"
"درعة -تافيلالت","تنغير","امسمرير","823","13004","PPS","محمد النعناعي","41493"
"درعة -تافيلالت","تنغير","امسمرير","823","13000","PPS","محمد  المسعودي","26435"
"درعة -تافيلالت","تنغير","امسمرير","823","25249","PJD","الحسين حكعلي","129760"
"درعة -تافيلالت","تنغير","اميضر","642","10087","PJD","ابراهيم العمراني","55079"
"درعة -تافيلالت","تنغير","اميضر","642","10087","PJD","مينة العمراوي","55105"
"درعة -تافيلالت","تنغير","اميضر","642","10090","PJD","محمد موعنان","55133"
"درعة -تافيلالت","تنغير","اميضر","642","10090","PJD","تودة شاكري","55147"
"درعة -تافيلالت","تنغير","اميضر","642","10085","PJD","سعيد  ارحما","96523"
"درعة -تافيلالت","تنغير","اميضر","642","10086","PJD","يوسف موجان","55269"
"درعة -تافيلالت","تنغير","اميضر","642","10080","PJD","محمد اوخلود","74042"
"درعة -تافيلالت","تنغير","اميضر","642","10081","PJD","حسن  اوبوح","24726"
"درعة -تافيلالت","تنغير","اميضر","642","10088","PAM","عمر باطو","29807"
"درعة -تافيلالت","تنغير","اميضر","642","10088","PAM","تودة بوعدي","29930"
"درعة -تافيلالت","تنغير","اميضر","642","10084","PADS","الحسين وعمي","55329"
"درعة -تافيلالت","تنغير","اميضر","642","10084","PADS","نعيمة شاكير","55338"
"درعة -تافيلالت","تنغير","اميضر","642","10089","PADS","محمد بمنير","74257"
"درعة -تافيلالت","تنغير","اميضر","642","10083","RNI","فاسكا اعدادوش","4613"
"درعة -تافيلالت","تنغير","اميضر","642","10082","MP","ابراهيم اوراغ","4073"
"درعة -تافيلالت","تنغير","بومالن دادس","408","6334","PPS","احمد بنجري","55270"
"درعة -تافيلالت","تنغير","بومالن دادس","408","6334","PPS","فاطمة عدنان","55279"
"درعة -تافيلالت","تنغير","بومالن دادس","408","6333","PPS","داود البهجاوي","55252"
"درعة -تافيلالت","تنغير","بومالن دادس","408","6344","PPS","محمد قشا","74355"
"درعة -تافيلالت","تنغير","بومالن دادس","408","6336","PAM","الحساين الصالحي","74507"
"درعة -تافيلالت","تنغير","بومالن دادس","408","6336","PAM","بديعة ناعيم","74516"
"درعة -تافيلالت","تنغير","بومالن دادس","408","6339","PAM","محمد بوهوش","55332"
"درعة -تافيلالت","تنغير","بومالن دادس","408","6340","PAM","مولاي احمد حاجي","55306"
"درعة -تافيلالت","تنغير","بومالن دادس","408","6332","MP","موحى منصور","13705"
"درعة -تافيلالت","تنغير","بومالن دادس","408","6332","MP","حسناء الادريسي","13733"
"درعة -تافيلالت","تنغير","بومالن دادس","408","6343","RNI","لحسن عبدوس","74389"
"درعة -تافيلالت","تنغير","بومالن دادس","408","6342","RNI","لحسن رضوان","96421"
"درعة -تافيلالت","تنغير","بومالن دادس","408","6338","RNI","احميد العيساوي","74467"
"درعة -تافيلالت","تنغير","بومالن دادس","408","6335","USFP","يوسف بواس","96431"
"درعة -تافيلالت","تنغير","بومالن دادس","408","6335","USFP","نعيمة مردالي","96434"
"درعة -تافيلالت","تنغير","بومالن دادس","408","6341","USFP","احمد بدر","96416"
"درعة -تافيلالت","تنغير","بومالن دادس","408","6337","PJD","الحسين الوردي","74491"
"درعة -تافيلالت","تنغير","تغزوت نايت عطى","1333","21049","RNI","لحسن ادعي","74899"
"درعة -تافيلالت","تنغير","تغزوت نايت عطى","1333","21049","RNI","مينة بوعزاوي","74900"
"درعة -تافيلالت","تنغير","تغزوت نايت عطى","1333","21058","RNI","امحمد  بن عزة","38633"
"درعة -تافيلالت","تنغير","تغزوت نايت عطى","1333","21051","RNI","عبد الله اسعى","31146"
"درعة -تافيلالت","تنغير","تغزوت نايت عطى","1333","21051","RNI","مليكة باهي","31170"
"درعة -تافيلالت","تنغير","تغزوت نايت عطى","1333","21047","RNI","احمد محجان","31072"
"درعة -تافيلالت","تنغير","تغزوت نايت عطى","1333","21047","RNI","عائشة شريحي","31095"
"درعة -تافيلالت","تنغير","تغزوت نايت عطى","1333","21053","RNI","محمد هكو","74750"
"درعة -تافيلالت","تنغير","تغزوت نايت عطى","1333","21052","RNI","عبدالقادر بوعديد","41525"
"درعة -تافيلالت","تنغير","تغزوت نايت عطى","1333","21050","RNI","مبارك ايت عيسى","55221"
"درعة -تافيلالت","تنغير","تغزوت نايت عطى","1333","21054","RNI","لحسن عكوري","7233"
"درعة -تافيلالت","تنغير","تغزوت نايت عطى","1333","25250","PAM","حسن بوركالن","41474"
"درعة -تافيلالت","تنغير","تغزوت نايت عطى","1333","25250","PAM","خديجة خالق","41480"
"درعة -تافيلالت","تنغير","تغزوت نايت عطى","1333","21055","PAM","عبدالعزيز ايسوفي","96475"
"درعة -تافيلالت","تنغير","تغزوت نايت عطى","1333","21048","PAM","محمد الصوفي","20766"
"درعة -تافيلالت","تنغير","تغزوت نايت عطى","1333","21057","PAM","محمد الخلوفي","7206"
"درعة -تافيلالت","تنغير","تغزوت نايت عطى","1333","25251","PAM","ابراهيم الاسلمي","74865"
"درعة -تافيلالت","تنغير","تغزوت نايت عطى","1333","21056","PAM","اخلف الفسي","74646"
"درعة -تافيلالت","تنغير","تغزوت نايت عطى","1333","21059","PPS","حسن الموك","54154"
"درعة -تافيلالت","تنغير","تلمي","1448","22815","RNI","حساين اعنوز","41494"
"درعة -تافيلالت","تنغير","تلمي","1448","22815","RNI","عائشة  اوحتو","41501"
"درعة -تافيلالت","تنغير","تلمي","1448","22806","RNI","موحا عطو","96579"
"درعة -تافيلالت","تنغير","تلمي","1448","22806","RNI","هنو امروش","96586"
"درعة -تافيلالت","تنغير","تلمي","1448","22808","RNI","احمد هزي","41495"
"درعة -تافيلالت","تنغير","تلمي","1448","22808","RNI","تودة اكتاب","41505"
"درعة -تافيلالت","تنغير","تلمي","1448","22809","RNI","احساين ديشان","41513"
"درعة -تافيلالت","تنغير","تلمي","1448","22809","RNI","عائشة عليو كرا","41516"
"درعة -تافيلالت","تنغير","تلمي","1448","22814","RNI","عبد الله ايت كرو","8069"
"درعة -تافيلالت","تنغير","تلمي","1448","22807","RNI","زايد بوعتو","41510"
"درعة -تافيلالت","تنغير","تلمي","1448","22810","RNI","ابراهيم زانع","41521"
"درعة -تافيلالت","تنغير","تلمي","1448","22817","RNI","سعيد اعثماني","74769"
"درعة -تافيلالت","تنغير","تلمي","1448","22813","RNI","موحا هرتا","55236"
"درعة -تافيلالت","تنغير","تلمي","1448","22816","RNI","ابراهيم كجطيط","55223"
"درعة -تافيلالت","تنغير","تلمي","1448","22818","PPS","محمد علا","55179"
"درعة -تافيلالت","تنغير","تلمي","1448","22812","PJD","سعيد بولا","74716"
"درعة -تافيلالت","تنغير","تلمي","1448","22811","PJD","محمد  ترحال","74776"
"درعة -تافيلالت","تنغير","تنغير","1459","25055","PJD","عمر عباس","96433"
"درعة -تافيلالت","تنغير","تنغير","1459","25055","PJD","رشيدة ابوقاسم","96513"
"درعة -تافيلالت","تنغير","تنغير","1459","25055","PJD","عبد الواحد صديقي","96437"
"درعة -تافيلالت","تنغير","تنغير","1459","25055","PJD","حسناء بوغدة","96517"
"درعة -تافيلالت","تنغير","تنغير","1459","25055","PJD","علي الموسوي","96442"
"درعة -تافيلالت","تنغير","تنغير","1459","25055","PJD","نور الدين ارحو","96446"
"درعة -تافيلالت","تنغير","تنغير","1459","25055","PJD","عبد الرحمان اودو ","96451"
"درعة -تافيلالت","تنغير","تنغير","1459","25055","PJD","مصطفى بن ميمون","96452"
"درعة -تافيلالت","تنغير","تنغير","1459","25055","PAM","ابراهيم بن ديدي","129724"
"درعة -تافيلالت","تنغير","تنغير","1459","25055","PAM","ماماس زروال","129919"
"درعة -تافيلالت","تنغير","تنغير","1459","25055","PAM","جمال المهني","129731"
"درعة -تافيلالت","تنغير","تنغير","1459","25055","PAM","عبد المجيد ازناك","129738"
"درعة -تافيلالت","تنغير","تنغير","1459","25055","PAM","محند العمري","129745"
"درعة -تافيلالت","تنغير","تنغير","1459","25055","PAM","الخير ايت ابراهيم","129755"
"درعة -تافيلالت","تنغير","تنغير","1459","25055","PI","لعوان عبد الجبار","96541"
"درعة -تافيلالت","تنغير","تنغير","1459","25055","PI","صباح العيدي","96619"
"درعة -تافيلالت","تنغير","تنغير","1459","25055","PI","مصطفى وردي","96544"
"درعة -تافيلالت","تنغير","تنغير","1459","25055","PI","المحجوب العدنان","96545"
"درعة -تافيلالت","تنغير","تنغير","1459","25055","PI","لحسن سلمي","96548"
"درعة -تافيلالت","تنغير","تنغير","1459","25055","MP","عبد الرحمان عسو بن محمد","128164"
"درعة -تافيلالت","تنغير","تنغير","1459","25055","MP","سمية  العريف","128885"
"درعة -تافيلالت","تنغير","تنغير","1459","25055","MP","محمد محسن","128205"
"درعة -تافيلالت","تنغير","تنغير","1459","25055","MP","محمد ايت خالق","128255"
"درعة -تافيلالت","تنغير","تنغير","1459","25055","PPS","الحسين عدنان","96422"
"درعة -تافيلالت","تنغير","تنغير","1459","25055","PPS","نعيمة علاوش","96538"
"درعة -تافيلالت","تنغير","تنغير","1459","25055","PPS","عبد القادر حدو واحي","96426"
"درعة -تافيلالت","تنغير","تنغير","1459","25055","PPS","نورالدين الصديقي","96430"
"درعة -تافيلالت","تنغير","تنغير","1459","25055","PADS","حسن اوسلكان","96567"
"درعة -تافيلالت","تنغير","تنغير","1459","25055","PSU","ابراهيم  الداني","96570"
"درعة -تافيلالت","تنغير","تودغى السفلى","1497","23420","PJD","علي زداني","29350"
"درعة -تافيلالت","تنغير","تودغى السفلى","1497","23427","PJD","محمد اجعدا","96655"
"درعة -تافيلالت","تنغير","تودغى السفلى","1497","23427","PJD","رقية المرشيدي","96660"
"درعة -تافيلالت","تنغير","تودغى السفلى","1497","23423","PJD","مراد ايت بن عمرو","74901"
"درعة -تافيلالت","تنغير","تودغى السفلى","1497","23424","PJD","عز الدين مقدير","54342"
"درعة -تافيلالت","تنغير","تودغى السفلى","1497","27777","PJD","حميد رمضاني","41332"
"درعة -تافيلالت","تنغير","تودغى السفلى","1497","27782","PJD","عبد الرحمان ايت با","127752"
"درعة -تافيلالت","تنغير","تودغى السفلى","1497","23430","PPS","محمد النور","127897"
"درعة -تافيلالت","تنغير","تودغى السفلى","1497","23430","PPS","زنبة المرابط","127997"
"درعة -تافيلالت","تنغير","تودغى السفلى","1497","23431","PPS","لحسن الخطابي","127561"
"درعة -تافيلالت","تنغير","تودغى السفلى","1497","23419","PPS","مصطفى موفيد","74905"
"درعة -تافيلالت","تنغير","تودغى السفلى","1497","23429","PPS","محمد ايت موسى","127742"
"درعة -تافيلالت","تنغير","تودغى السفلى","1497","23421","PPS","محمد امزاورو","96717"
"درعة -تافيلالت","تنغير","تودغى السفلى","1497","23422","PPS","مولاي عبد الرحمان بوعشق","96691"
"درعة -تافيلالت","تنغير","تودغى السفلى","1497","27783","PPS","سعيد ساليم","127612"
"درعة -تافيلالت","تنغير","تودغى السفلى","1497","27776","PPS","الحسين بن عيسى","41370"
"درعة -تافيلالت","تنغير","تودغى السفلى","1497","27781","PAM","هاشي هاشي","96688"
"درعة -تافيلالت","تنغير","تودغى السفلى","1497","27781","PAM","فاطمة داوي","96690"
"درعة -تافيلالت","تنغير","تودغى السفلى","1497","27778","PAM","محمد اسوفغ","74903"
"درعة -تافيلالت","تنغير","تودغى السفلى","1497","23426","PAM","محمد داوي","96697"
"درعة -تافيلالت","تنغير","تودغى السفلى","1497","23426","PAM","خديجة حنفو","96700"
"درعة -تافيلالت","تنغير","تودغى السفلى","1497","23433","PAM","بدر الدين ايت ببا عزيز","74892"
"درعة -تافيلالت","تنغير","تودغى السفلى","1497","23425","PAM","محمد حنفو","74902"
"درعة -تافيلالت","تنغير","تودغى السفلى","1497","27779","PAM","محمد جبراني","74846"
"درعة -تافيلالت","تنغير","تودغى السفلى","1497","23432","PAM","عبد الحليم عمري","74896"
"درعة -تافيلالت","تنغير","تودغى السفلى","1497","27780","PAM","احمد احميد","96684"
"درعة -تافيلالت","تنغير","تودغى السفلى","1497","23428","PI","احمد ايت عبا","128254"
"درعة -تافيلالت","تنغير","تودغى العليا","1496","23414","PPS","حميد شهوي","36675"
"درعة -تافيلالت","تنغير","تودغى العليا","1496","23414","PPS","حكيمة المساوي","36839"
"درعة -تافيلالت","تنغير","تودغى العليا","1496","23410","PPS","محمد كرو","96536"
"درعة -تافيلالت","تنغير","تودغى العليا","1496","23412","PPS","مصطفى الزايدي","74593"
"درعة -تافيلالت","تنغير","تودغى العليا","1496","23409","PPS","عبد الكريم الشيخ","96533"
"درعة -تافيلالت","تنغير","تودغى العليا","1496","23415","PPS","محمد مزوار","74581"
"درعة -تافيلالت","تنغير","تودغى العليا","1496","23417","PJD","مهدي طرش","123142"
"درعة -تافيلالت","تنغير","تودغى العليا","1496","23417","PJD","يطو مزواري","123353"
"درعة -تافيلالت","تنغير","تودغى العليا","1496","23413","PJD","ابراهيم بن زايد","96521"
"درعة -تافيلالت","تنغير","تودغى العليا","1496","23416","PJD","احمد بنعمر","96514"
"درعة -تافيلالت","تنغير","تودغى العليا","1496","23408","PAM","المحجوب عبد النور","55341"
"درعة -تافيلالت","تنغير","تودغى العليا","1496","23408","PAM","خديجة فاضلي","55348"
"درعة -تافيلالت","تنغير","تودغى العليا","1496","23418","MP","عبد الله بوصالح","96481"
"درعة -تافيلالت","تنغير","تودغى العليا","1496","23418","MP","الهام صبري","96487"
"درعة -تافيلالت","تنغير","تودغى العليا","1496","23411","PI","ابراهيم ايت عكي","96551"
"درعة -تافيلالت","تنغير","حصيا","582","9167","PAM","امحمد بن دلال","3897"
"درعة -تافيلالت","تنغير","حصيا","582","9167","PAM","زهرة بن حساين","3954"
"درعة -تافيلالت","تنغير","حصيا","582","9174","PAM","محمد بن بامو","1419"
"درعة -تافيلالت","تنغير","حصيا","582","9173","PAM","موحى قبوري","4090"
"درعة -تافيلالت","تنغير","حصيا","582","9178","PAM","حساين الميموني","12160"
"درعة -تافيلالت","تنغير","حصيا","582","9169","PAM","علي بايشو","1423"
"درعة -تافيلالت","تنغير","حصيا","582","9169","PAM","الزهرة  اوبامو","1425"
"درعة -تافيلالت","تنغير","حصيا","582","27518","PAM","عدي بن يوسف","1368"
"درعة -تافيلالت","تنغير","حصيا","582","9170","PAM","محمد  قبوري","1420"
"درعة -تافيلالت","تنغير","حصيا","582","9170","PAM","الزهرة البورخيسي","1417"
"درعة -تافيلالت","تنغير","حصيا","582","27519","PAM","عسو بايهرى","20773"
"درعة -تافيلالت","تنغير","حصيا","582","9168","PAM","محمد  تكراتي","3913"
"درعة -تافيلالت","تنغير","حصيا","582","9176","PPS","يوسف القبوري","39852"
"درعة -تافيلالت","تنغير","حصيا","582","9176","PPS","عائشة اشهبون","39919"
"درعة -تافيلالت","تنغير","حصيا","582","9171","PPS","موحى بغاط","1373"
"درعة -تافيلالت","تنغير","حصيا","582","9166","PPS","احمد خافو","20750"
"درعة -تافيلالت","تنغير","حصيا","582","9175","PPS","علي القبوري","121769"
"درعة -تافيلالت","تنغير","حصيا","582","9172","PJD","احمد خويا","32126"
"درعة -تافيلالت","تنغير","حصيا","582","9177","RNI","علي ازاوي","20760"
"درعة -تافيلالت","تنغير","سوق الخميس دادس","1299","20578","RNI","عبد الواحد ايت احميد","74489"
"درعة -تافيلالت","تنغير","سوق الخميس دادس","1299","20577","RNI","امحمد اليلان","8898"
"درعة -تافيلالت","تنغير","سوق الخميس دادس","1299","20577","RNI","حفيظة بلمختار","8907"
"درعة -تافيلالت","تنغير","سوق الخميس دادس","1299","20570","RNI","عبد الرحمان ناعيم","4594"
"درعة -تافيلالت","تنغير","سوق الخميس دادس","1299","20579","RNI","ابراهيم بوراقي","129837"
"درعة -تافيلالت","تنغير","سوق الخميس دادس","1299","20584","RNI","يوسف  اغزاف","14679"
"درعة -تافيلالت","تنغير","سوق الخميس دادس","1299","20573","RNI","محمد الشرقي","54603"
"درعة -تافيلالت","تنغير","سوق الخميس دادس","1299","20591","RNI","محمد  علالي","32096"
"درعة -تافيلالت","تنغير","سوق الخميس دادس","1299","20571","RNI","محمد تغدا","25993"
"درعة -تافيلالت","تنغير","سوق الخميس دادس","1299","20569","RNI","السيد الحسين شرفي","14601"
"درعة -تافيلالت","تنغير","سوق الخميس دادس","1299","20574","RNI","محمد فاضل","26050"
"درعة -تافيلالت","تنغير","سوق الخميس دادس","1299","20581","RNI","عبدالصمد اهموش","74461"
"درعة -تافيلالت","تنغير","سوق الخميس دادس","1299","20585","RNI","الحسين ابن الحسين","14731"
"درعة -تافيلالت","تنغير","سوق الخميس دادس","1299","20580","RNI","احمد سعيدي","14715"
"درعة -تافيلالت","تنغير","سوق الخميس دادس","1299","20589","RNI","عبد الرحمان الواحمني","96603"
"درعة -تافيلالت","تنغير","سوق الخميس دادس","1299","20587","RNI","محمد زهير","129822"
"درعة -تافيلالت","تنغير","سوق الخميس دادس","1299","20576","PI","محمد فضيلي","74031"
"درعة -تافيلالت","تنغير","سوق الخميس دادس","1299","20572","PJD","احمد دكير","96657"
"درعة -تافيلالت","تنغير","سوق الخميس دادس","1299","20572","PJD","صفية ايت الرامي","96662"
"درعة -تافيلالت","تنغير","سوق الخميس دادس","1299","20583","PJD","محمد واحميد","74165"
"درعة -تافيلالت","تنغير","سوق الخميس دادس","1299","20586","PJD","امحمد ايت وسعدن","54557"
"درعة -تافيلالت","تنغير","سوق الخميس دادس","1299","20588","PPS","جعفر ايت حدو","74490"
"درعة -تافيلالت","تنغير","سوق الخميس دادس","1299","20588","PPS","فاطمة افقير","74505"
"درعة -تافيلالت","تنغير","سوق الخميس دادس","1299","20582","PPS","محمد الزاهي","129734"
"درعة -تافيلالت","تنغير","سوق الخميس دادس","1299","20582","PPS","مليكة البحري","129820"
"درعة -تافيلالت","تنغير","سوق الخميس دادس","1299","20590","MP","محمد  ارجى فالله","96637"
"درعة -تافيلالت","تنغير","سوق الخميس دادس","1299","20575","MP","حمد ايت حدو","20731"
"درعة -تافيلالت","تنغير","قلعة مكونة","694","10843","RNI","المداني املوك","20720"
"درعة -تافيلالت","تنغير","قلعة مكونة","694","10843","RNI","زهرة الحيان","20729"
"درعة -تافيلالت","تنغير","قلعة مكونة","694","10839","RNI","محمد اوشمهو","54445"
"درعة -تافيلالت","تنغير","قلعة مكونة","694","10839","RNI","رشيدة راكي","54479"
"درعة -تافيلالت","تنغير","قلعة مكونة","694","27534","RNI","الحسين  الوردي","38890"
"درعة -تافيلالت","تنغير","قلعة مكونة","694","10841","RNI","مولاي الحسن العمراني","8087"
"درعة -تافيلالت","تنغير","قلعة مكونة","694","10840","RNI","محمد  ازركان","74783"
"درعة -تافيلالت","تنغير","قلعة مكونة","694","10840","RNI","السعدية وعياد","74792"
"درعة -تافيلالت","تنغير","قلعة مكونة","694","10845","RNI","ابراهيم ايت خويا","20703"
"درعة -تافيلالت","تنغير","قلعة مكونة","694","27535","RNI","محمد ايت لحسن","126223"
"درعة -تافيلالت","تنغير","قلعة مكونة","694","27535","RNI","عائشة اكلزي","126264"
"درعة -تافيلالت","تنغير","قلعة مكونة","694","10842","RNI","محمد بوعمراني","32130"
"درعة -تافيلالت","تنغير","قلعة مكونة","694","10834","RNI","عبد الرحمان نوري","74821"
"درعة -تافيلالت","تنغير","قلعة مكونة","694","10836","RNI","سي حمو الراشدي","125664"
"درعة -تافيلالت","تنغير","قلعة مكونة","694","27533","RNI","محمد ايت شطو","38796"
"درعة -تافيلالت","تنغير","قلعة مكونة","694","10846","RNI","محمد معليكم","74882"
"درعة -تافيلالت","تنغير","قلعة مكونة","694","10838","RNI","حسن لهبوب","74801"
"درعة -تافيلالت","تنغير","قلعة مكونة","694","27528","RNI","الحسين اغصاي","74888"
"درعة -تافيلالت","تنغير","قلعة مكونة","694","27529","RNI","عبد الرحمان اكناظ","54540"
"درعة -تافيلالت","تنغير","قلعة مكونة","694","27532","RNI","ابراهيم ايت القاسح","25144"
"درعة -تافيلالت","تنغير","قلعة مكونة","694","25247","RNI","مولاي علي الباصغيري","8050"
"درعة -تافيلالت","تنغير","قلعة مكونة","694","25246","RNI","ميلود  وعربي","20709"
"درعة -تافيلالت","تنغير","قلعة مكونة","694","10835","RNI","احمد ازغاري","55334"
"درعة -تافيلالت","تنغير","قلعة مكونة","694","27530","RNI","عبد الرحمان  هاشم","38736"
"درعة -تافيلالت","تنغير","قلعة مكونة","694","10837","RNI","الحسين  بوحسين","54379"
"درعة -تافيلالت","تنغير","قلعة مكونة","694","27531","RNI","حمو قاسي","32135"
"درعة -تافيلالت","تنغير","قلعة مكونة","694","10844","PJD","محمد جمال الدين دريسي","74876"
"درعة -تافيلالت","تنغير","مصيسي","824","13012","PAM","اسماعيل بن عثمان","74487"
"درعة -تافيلالت","تنغير","مصيسي","824","13012","PAM","عائشة بن داود","74503"
"درعة -تافيلالت","تنغير","مصيسي","824","13014","PAM","احمد بن يري","74519"
"درعة -تافيلالت","تنغير","مصيسي","824","13014","PAM","خدجو بن حمشان","74545"
"درعة -تافيلالت","تنغير","مصيسي","824","13011","PAM","محمد بن زايد","74413"
"درعة -تافيلالت","تنغير","مصيسي","824","13010","PAM","احمد البريني","74827"
"درعة -تافيلالت","تنغير","مصيسي","824","13010","PAM","الزهرة وبوعيد","74834"
"درعة -تافيلالت","تنغير","مصيسي","824","13013","PAM","محمد بن داود","74459"
"درعة -تافيلالت","تنغير","مصيسي","824","13013","PAM","عائشة بن داود","74472"
"درعة -تافيلالت","تنغير","مصيسي","824","13020","PAM","موحى  فاسكا","74679"
"درعة -تافيلالت","تنغير","مصيسي","824","13017","RNI","الحو ايت علي","74390"
"درعة -تافيلالت","تنغير","مصيسي","824","13016","RNI","ابراهيم بن الحاج","96569"
"درعة -تافيلالت","تنغير","مصيسي","824","13015","RNI","محمد اوساي","74868"
"درعة -تافيلالت","تنغير","مصيسي","824","13019","RNI","يوسف بوغررة","127626"
"درعة -تافيلالت","تنغير","مصيسي","824","13018","RNI","موحى التغلاوي","13648"
"درعة -تافيلالت","تنغير","واكليم","938","14829","PPS","عدي شجري","13604"
"درعة -تافيلالت","تنغير","واكليم","938","14832","PPS","ابراهيم منير","55209"
"درعة -تافيلالت","تنغير","واكليم","938","14832","PPS","فاطمة  باحسو","55216"
"درعة -تافيلالت","تنغير","واكليم","938","14831","PPS","سيدي موح الساعيدي","29638"
"درعة -تافيلالت","تنغير","واكليم","938","14837","PPS","احساين احساين","4041"
"درعة -تافيلالت","تنغير","واكليم","938","14834","PPS","محمد العثماني","74210"
"درعة -تافيلالت","تنغير","واكليم","938","14830","PPS","مولاي عبد الرحمان العمراوي","122995"
"درعة -تافيلالت","تنغير","واكليم","938","14838","PPS","حسين  ايت بكرير","4029"
"درعة -تافيلالت","تنغير","واكليم","938","14827","PJD","عبد العزيز بااحمد","73985"
"درعة -تافيلالت","تنغير","واكليم","938","14827","PJD","سناء ازعني","73998"
"درعة -تافيلالت","تنغير","واكليم","938","14826","PJD","يوسف بوكا","74557"
"درعة -تافيلالت","تنغير","واكليم","938","14826","PJD","خديجة العرباوي","74909"
"درعة -تافيلالت","تنغير","واكليم","938","14836","PAM","سعيد اوحساين","55259"
"درعة -تافيلالت","تنغير","واكليم","938","14836","PAM","لوهو شكيري","55288"
"درعة -تافيلالت","تنغير","واكليم","938","14833","PAM","سي محمد الصدقي","74251"
"درعة -تافيلالت","تنغير","واكليم","938","14835","PAM","علي الصدقي","55310"
"درعة -تافيلالت","تنغير","واكليم","938","14828","CNI","يدير الهزيز","74283"
"درعة -تافيلالت","زاكورة","أفرا","20","259","USFP","محمد العلاوي","22356"
"درعة -تافيلالت","زاكورة","أفرا","20","259","USFP","جمعة صديق","22371"
"درعة -تافيلالت","زاكورة","أفرا","20","260","USFP","الحسن رداف","42578"
"درعة -تافيلالت","زاكورة","أفرا","20","260","USFP","مليكة اوحميد","42601"
"درعة -تافيلالت","زاكورة","أفرا","20","251","USFP","الحسين رزقي","42061"
"درعة -تافيلالت","زاكورة","أفرا","20","251","USFP","حبيبة زيز","42076"
"درعة -تافيلالت","زاكورة","أفرا","20","250","USFP","رقية قاسم","103911"
"درعة -تافيلالت","زاكورة","أفرا","20","261","PI","احمد ابراراي","57840"
"درعة -تافيلالت","زاكورة","أفرا","20","255","PJD","محمد بتاح","103834"
"درعة -تافيلالت","زاكورة","أفرا","20","254","PJD","الصديق باسلام","13311"
"درعة -تافيلالت","زاكورة","أفرا","20","262","RNI","حسن ايت تغاط","130156"
"درعة -تافيلالت","زاكورة","أفرا","20","253","RNI","محمد ايت بولغمان","75274"
"درعة -تافيلالت","زاكورة","أفرا","20","258","PAM","محمد ايت بولمان","57767"
"درعة -تافيلالت","زاكورة","أفرا","20","256","PAM","حميد ميسو","124219"
"درعة -تافيلالت","زاكورة","أفرا","20","252","PSU","خالد لبحر","42179"
"درعة -تافيلالت","زاكورة","أفرا","20","252","PSU","السعدية ايت سالم","42249"
"درعة -تافيلالت","زاكورة","أفرا","20","257","MP","عبد الله ايت الطالب ناصر","42473"
"درعة -تافيلالت","زاكورة","أفلا ندرا","17","206","MP","حسن ايت بامومن","44852"
"درعة -تافيلالت","زاكورة","أفلا ندرا","17","207","MP","مبارك ايت يحيا","129309"
"درعة -تافيلالت","زاكورة","أفلا ندرا","17","207","MP","عائشة تعرابت","129318"
"درعة -تافيلالت","زاكورة","أفلا ندرا","17","214","MP"," احمد دادا","44788"
"درعة -تافيلالت","زاكورة","أفلا ندرا","17","209","MP","عبد الرحمان ايت خالي علي","75987"
"درعة -تافيلالت","زاكورة","أفلا ندرا","17","215","MP","محمد اشري","44887"
"درعة -تافيلالت","زاكورة","أفلا ندرا","17","210","MP","عبد العزيز ايت مريم","75914"
"درعة -تافيلالت","زاكورة","أفلا ندرا","17","213","MP","اسماعيل ايت خويا","44823"
"درعة -تافيلالت","زاكورة","أفلا ندرا","17","211","PPS","عمر اناصر","99423"
"درعة -تافيلالت","زاكورة","أفلا ندرا","17","211","PPS","اصفية ايت الفاطمي","99452"
"درعة -تافيلالت","زاكورة","أفلا ندرا","17","208","PPS","محمد ايت بها","116670"
"درعة -تافيلالت","زاكورة","أفلا ندرا","17","208","PPS","اسية ايت بها","116699"
"درعة -تافيلالت","زاكورة","أفلا ندرا","17","212","PPS","لحسن ايت الطالب","99553"
"درعة -تافيلالت","زاكورة","أفلا ندرا","17","212","PPS","فاطمة ادراكي","99580"
"درعة -تافيلالت","زاكورة","أفلا ندرا","17","205","PPS","لحسن اعرابن","116558"
"درعة -تافيلالت","زاكورة","أكدز","27","415","PPS","لحسن الغازي","3163"
"درعة -تافيلالت","زاكورة","أكدز","27","415","PPS","شفيقة بوراز","3242"
"درعة -تافيلالت","زاكورة","أكدز","27","410","PPS","المحجوب بوغاز","6505"
"درعة -تافيلالت","زاكورة","أكدز","27","410","PPS","عزيزة امضاع","6516"
"درعة -تافيلالت","زاكورة","أكدز","27","408","PPS","حميد اهداوي","7175"
"درعة -تافيلالت","زاكورة","أكدز","27","412","PPS","عبد السلام بمالك","26512"
"درعة -تافيلالت","زاكورة","أكدز","27","409","PI","محمد لخركات","26507"
"درعة -تافيلالت","زاكورة","أكدز","27","413","PI","عبد الله عفيفي","3041"
"درعة -تافيلالت","زاكورة","أكدز","27","405","PI","امحمد ايت قادير","15369"
"درعة -تافيلالت","زاكورة","أكدز","27","406","PI","عبد الحميد امزيل","35988"
"درعة -تافيلالت","زاكورة","أكدز","27","25254","RNI","محمد بمالك","34141"
"درعة -تافيلالت","زاكورة","أكدز","27","25255","RNI","داود حمدي","128742"
"درعة -تافيلالت","زاكورة","أكدز","27","25254","RNI","عائشة استوري","34145"
"درعة -تافيلالت","زاكورة","أكدز","27","411","MP","عبد العزيز  باحمو","2238"
"درعة -تافيلالت","زاكورة","أكدز","27","414","USFP","نور الدين دييربا","27286"
"درعة -تافيلالت","زاكورة","أكدز","27","414","USFP","سميرة ايت بن علي","27324"
"درعة -تافيلالت","زاكورة","أكدز","27","407","PLJS","عبد الحق بوستة","9942"
"درعة -تافيلالت","زاكورة","أولاد يحيى لكراير","1034","16228","PAM","رشيد القادري","43138"
"درعة -تافيلالت","زاكورة","أولاد يحيى لكراير","1034","16228","PAM","هند كنانة","43212"
"درعة -تافيلالت","زاكورة","أولاد يحيى لكراير","1034","16220","PAM","رضوان لحميدي","130202"
"درعة -تافيلالت","زاكورة","أولاد يحيى لكراير","1034","16224","PAM","لحسن الناوي","98369"
"درعة -تافيلالت","زاكورة","أولاد يحيى لكراير","1034","16224","PAM","السعدية الهبوجي","98390"
"درعة -تافيلالت","زاكورة","أولاد يحيى لكراير","1034","16219","PAM","محمد الكرومي","42880"
"درعة -تافيلالت","زاكورة","أولاد يحيى لكراير","1034","16222","PPS","احمد شعير","113173"
"درعة -تافيلالت","زاكورة","أولاد يحيى لكراير","1034","16223","PPS","عبد الغني السمعيلي","68403"
"درعة -تافيلالت","زاكورة","أولاد يحيى لكراير","1034","16218","PPS","ابراهيم العثماني","98227"
"درعة -تافيلالت","زاكورة","أولاد يحيى لكراير","1034","16221","PPS","علي نحكمي","113267"
"درعة -تافيلالت","زاكورة","أولاد يحيى لكراير","1034","16227","PPS","عبد الاله اباحني","43095"
"درعة -تافيلالت","زاكورة","أولاد يحيى لكراير","1034","16230","PPS","ابراهيم عناب","130060"
"درعة -تافيلالت","زاكورة","أولاد يحيى لكراير","1034","16226","UC","عمر ايت الحاج","128809"
"درعة -تافيلالت","زاكورة","أولاد يحيى لكراير","1034","16226","UC","مينة ايت بامولا","128845"
"درعة -تافيلالت","زاكورة","أولاد يحيى لكراير","1034","16229","UC","عبد العزيز فخار","129013"
"درعة -تافيلالت","زاكورة","أولاد يحيى لكراير","1034","16225","PJD","عبد العزيز ايت الطالب","98316"
"درعة -تافيلالت","زاكورة","أولاد يحيى لكراير","1034","16225","PJD","فاطمة نيت الطالب","98334"
"درعة -تافيلالت","زاكورة","آيت  بوداود","107","1575","RNI","حمو بويريك","78837"
"درعة -تافيلالت","زاكورة","آيت  بوداود","107","1575","RNI","عدجو بويريك","78887"
"درعة -تافيلالت","زاكورة","آيت  بوداود","107","1574","RNI","يوسف  المكوني","34057"
"درعة -تافيلالت","زاكورة","آيت  بوداود","107","1574","RNI","السعدية تاشعوت","34063"
"درعة -تافيلالت","زاكورة","آيت  بوداود","107","1577","RNI","محمد واسو","46043"
"درعة -تافيلالت","زاكورة","آيت  بوداود","107","1577","RNI","خدجو ايت سيدي","46059"
"درعة -تافيلالت","زاكورة","آيت  بوداود","107","1576","RNI","امبارك  العزاوي","34017"
"درعة -تافيلالت","زاكورة","آيت  بوداود","107","1572","RNI","محمد هني","34033"
"درعة -تافيلالت","زاكورة","آيت  بوداود","107","1573","RNI","يدير واسو","34111"
"درعة -تافيلالت","زاكورة","آيت  بوداود","107","1578","RNI","يوسف بركة","46008"
"درعة -تافيلالت","زاكورة","آيت  بوداود","107","1581","PI","سعيد اكني","16123"
"درعة -تافيلالت","زاكورة","آيت  بوداود","107","1579","PI","محمد  وبابا","16212"
"درعة -تافيلالت","زاكورة","آيت  بوداود","107","1571","PI","علي  المنصور","13888"
"درعة -تافيلالت","زاكورة","آيت  بوداود","107","1571","PI","عائشة  حقي","13926"
"درعة -تافيلالت","زاكورة","آيت  بوداود","107","1580","PI","محمد وخدجو","70660"
"درعة -تافيلالت","زاكورة","آيت ولال","144","2065","RNI","حماد ايت بها","128850"
"درعة -تافيلالت","زاكورة","آيت ولال","144","2065","RNI","فاطمة بوسعيد","128899"
"درعة -تافيلالت","زاكورة","آيت ولال","144","2062","RNI","احماد صفصاف","129142"
"درعة -تافيلالت","زاكورة","آيت ولال","144","2062","RNI","تودة منو","129157"
"درعة -تافيلالت","زاكورة","آيت ولال","144","2060","RNI","محمد الحداني","114051"
"درعة -تافيلالت","زاكورة","آيت ولال","144","2056","RNI","علي ابعلي","45919"
"درعة -تافيلالت","زاكورة","آيت ولال","144","2055","RNI","ابراهيم البوسعيدي","70623"
"درعة -تافيلالت","زاكورة","آيت ولال","144","2057","RNI","محمد  اوساي","129695"
"درعة -تافيلالت","زاكورة","آيت ولال","144","2066","RNI","يوسف  بوحدو","128604"
"درعة -تافيلالت","زاكورة","آيت ولال","144","2063","RNI","محمد  عميري","129098"
"درعة -تافيلالت","زاكورة","آيت ولال","144","2059","RNI","لحسن ايت الحاج","113973"
"درعة -تافيلالت","زاكورة","آيت ولال","144","2064","PI","ابراهيم اوتلو","26923"
"درعة -تافيلالت","زاكورة","آيت ولال","144","2064","PI","فاطمة عميري","26939"
"درعة -تافيلالت","زاكورة","آيت ولال","144","2054","PI","ميمون عميري","129746"
"درعة -تافيلالت","زاكورة","آيت ولال","144","2061","PJD","احمد السعدي","76811"
"درعة -تافيلالت","زاكورة","آيت ولال","144","2061","PJD","زهرة اليوسفي","76822"
"درعة -تافيلالت","زاكورة","آيت ولال","144","2058","PJD","الحسين بوعزوي","76866"
"درعة -تافيلالت","زاكورة","ابليدة","311","4793","PI","لحسن المهداوي","68735"
"درعة -تافيلالت","زاكورة","ابليدة","311","4793","PI","الزهرة العمراني","68797"
"درعة -تافيلالت","زاكورة","ابليدة","311","4795","PI","عبد الكريم عروبي","87945"
"درعة -تافيلالت","زاكورة","ابليدة","311","4795","PI","وردية لعليك","88004"
"درعة -تافيلالت","زاكورة","ابليدة","311","4802","PI","محمد ايت العربي","77940"
"درعة -تافيلالت","زاكورة","ابليدة","311","4802","PI","بشرى لحميتي","77956"
"درعة -تافيلالت","زاكورة","ابليدة","311","4800","PI","لحسن  لمرابط","88061"
"درعة -تافيلالت","زاكورة","ابليدة","311","4800","PI","وردية لعظيمي","88098"
"درعة -تافيلالت","زاكورة","ابليدة","311","4803","PI","ابراهيم الزين","68665"
"درعة -تافيلالت","زاكورة","ابليدة","311","4799","PI","الجيلالي فراج","77887"
"درعة -تافيلالت","زاكورة","ابليدة","311","4801","PI","الحسين المرزوكي","77909"
"درعة -تافيلالت","زاكورة","ابليدة","311","4794","PI","العرابي العبوبي","13339"
"درعة -تافيلالت","زاكورة","ابليدة","311","4798","MP","محمد كاملي","130169"
"درعة -تافيلالت","زاكورة","ابليدة","311","4796","RNI","ابراهيم ايت محمود","4516"
"درعة -تافيلالت","زاكورة","ابليدة","311","4797","PJD","الحسين غوشمي","55907"
"درعة -تافيلالت","زاكورة","الروحا","525","8242","PPS","فاضل فضيل","85827"
"درعة -تافيلالت","زاكورة","الروحا","525","8242","PPS","فاطنة لباعلي","85905"
"درعة -تافيلالت","زاكورة","الروحا","525","8245","PPS","محمد بوسكري","41724"
"درعة -تافيلالت","زاكورة","الروحا","525","8237","PPS","لحسن الفيلالي","87385"
"درعة -تافيلالت","زاكورة","الروحا","525","8237","PPS","حدهم لباعلي","87425"
"درعة -تافيلالت","زاكورة","الروحا","525","8243","PPS","علي البوزيدي","56003"
"درعة -تافيلالت","زاكورة","الروحا","525","8241","PPS","عبدالعالي الباشي","41663"
"درعة -تافيلالت","زاكورة","الروحا","525","8235","PPS","ابراهيم جنان","41621"
"درعة -تافيلالت","زاكورة","الروحا","525","8239","PPS","محمد الغزاوي","23169"
"درعة -تافيلالت","زاكورة","الروحا","525","8234","PPS","الحسين اليوسفي","129189"
"درعة -تافيلالت","زاكورة","الروحا","525","8234","PPS","عزيزة اليوسفي","129204"
"درعة -تافيلالت","زاكورة","الروحا","525","8244","PPS","محمد  هدي","41715"
"درعة -تافيلالت","زاكورة","الروحا","525","8236","MP","عبد العزيز الغزالي","68841"
"درعة -تافيلالت","زاكورة","الروحا","525","8238","MP","مبارك  الصديقي","23111"
"درعة -تافيلالت","زاكورة","الروحا","525","8233","MP","محمد البغدادي","68952"
"درعة -تافيلالت","زاكورة","الروحا","525","8240","RNI","عبد العزيز الشاب","41644"
"درعة -تافيلالت","زاكورة","الروحا","525","8240","RNI","عائشة البوزيدي","41650"
"درعة -تافيلالت","زاكورة","النقوب","923","14605","PI","جمال مزواري","69910"
"درعة -تافيلالت","زاكورة","النقوب","923","14605","PI","عائشة لعريف","69929"
"درعة -تافيلالت","زاكورة","النقوب","923","14602","PI","محمد ايت تريشت","27055"
"درعة -تافيلالت","زاكورة","النقوب","923","14602","PI","الزهرة عليلوش","27066"
"درعة -تافيلالت","زاكورة","النقوب","923","14608","PI","لحسن الرحالي","35524"
"درعة -تافيلالت","زاكورة","النقوب","923","14609","PI","محمد اكلموس","45018"
"درعة -تافيلالت","زاكورة","النقوب","923","14607","MP","لحسن عتيق","116186"
"درعة -تافيلالت","زاكورة","النقوب","923","14601","PPS","فؤاد الورزازي","134216"
"درعة -تافيلالت","زاكورة","النقوب","923","14604","PPS","احمد وعدجو","44932"
"درعة -تافيلالت","زاكورة","النقوب","923","14604","PPS","فاطمة الزعيم","44948"
"درعة -تافيلالت","زاكورة","النقوب","923","14611","RNI","محمد علي","75192"
"درعة -تافيلالت","زاكورة","النقوب","923","14611","RNI","تودة فرحان","75197"
"درعة -تافيلالت","زاكورة","النقوب","923","14606","RNI","محمد الوردي","56030"
"درعة -تافيلالت","زاكورة","النقوب","923","14610","RNI","عدي ايت تريشت","45071"
"درعة -تافيلالت","زاكورة","النقوب","923","14603","PAM","الحسين بنعامر","75150"
"درعة -تافيلالت","زاكورة","امحاميد الغزلان","815","12864","PJD","ابراهيم فتح الله","102027"
"درعة -تافيلالت","زاكورة","امحاميد الغزلان","815","12864","PJD","لحجيلة ليعيشي","101966"
"درعة -تافيلالت","زاكورة","امحاميد الغزلان","815","12865","PJD","المختار لباعلي","115845"
"درعة -تافيلالت","زاكورة","امحاميد الغزلان","815","12865","PJD","لحجيلة لباعلي","115933"
"درعة -تافيلالت","زاكورة","امحاميد الغزلان","815","12863","PJD","الحسين البونسريفي","102180"
"درعة -تافيلالت","زاكورة","امحاميد الغزلان","815","12870","PJD","لحسن ناجي","13787"
"درعة -تافيلالت","زاكورة","امحاميد الغزلان","815","12866","PJD","محمد العماري","117184"
"درعة -تافيلالت","زاكورة","امحاميد الغزلان","815","12867","PI","الصالح البراهمي","76640"
"درعة -تافيلالت","زاكورة","امحاميد الغزلان","815","12867","PI","نعيمة بكبير","76648"
"درعة -تافيلالت","زاكورة","امحاميد الغزلان","815","12869","PI","اسماعيل الجباري","112597"
"درعة -تافيلالت","زاكورة","امحاميد الغزلان","815","12869","PI","زهرة طشايشة","112629"
"درعة -تافيلالت","زاكورة","امحاميد الغزلان","815","12868","PI","ابراهيم بورحيم","114143"
"درعة -تافيلالت","زاكورة","امحاميد الغزلان","815","12875","PI","داود كو مناصف","117087"
"درعة -تافيلالت","زاكورة","امحاميد الغزلان","815","12873","PI","لحسن كيكي","114217"
"درعة -تافيلالت","زاكورة","امحاميد الغزلان","815","12871","PI","موحى ايت بها","101271"
"درعة -تافيلالت","زاكورة","امحاميد الغزلان","815","12872","PI","الطاهر البشرا","112687"
"درعة -تافيلالت","زاكورة","امحاميد الغزلان","815","12874","PI","احماد ازكار","112540"
"درعة -تافيلالت","زاكورة","بني زولي","373","5744","USFP","محمد العسري","127091"
"درعة -تافيلالت","زاكورة","بني زولي","373","5744","USFP","مجيدة شهيد","129672"
"درعة -تافيلالت","زاكورة","بني زولي","373","5752","USFP","عبد المجيد سناسي","17093"
"درعة -تافيلالت","زاكورة","بني زولي","373","5752","USFP","تلهو امدياز","17102"
"درعة -تافيلالت","زاكورة","بني زولي","373","5743","USFP","عبد الرحيم شهيد","127040"
"درعة -تافيلالت","زاكورة","بني زولي","373","5743","USFP","الزهرة المزواري","127060"
"درعة -تافيلالت","زاكورة","بني زولي","373","5739","USFP","علي اهموس","45100"
"درعة -تافيلالت","زاكورة","بني زولي","373","5739","USFP","كنزة اليعقوبي","45131"
"درعة -تافيلالت","زاكورة","بني زولي","373","5745","USFP","المدني السباعي","126944"
"درعة -تافيلالت","زاكورة","بني زولي","373","5746","USFP","احمد الشهيد","126981"
"درعة -تافيلالت","زاكورة","بني زولي","373","5738","USFP","محماد بادو","26516"
"درعة -تافيلالت","زاكورة","بني زولي","373","5749","USFP","عبد العزيز الباز","100232"
"درعة -تافيلالت","زاكورة","بني زولي","373","5742","RNI","عمر اكبار","22309"
"درعة -تافيلالت","زاكورة","بني زولي","373","5748","RNI","سعيد الساهل","35392"
"درعة -تافيلالت","زاكورة","بني زولي","373","5747","RNI","عبد السلام لغماري","22324"
"درعة -تافيلالت","زاكورة","بني زولي","373","5741","RNI","عبد الرحمان الماكري","22283"
"درعة -تافيلالت","زاكورة","بني زولي","373","5751","RNI","عبد العزيز اضهر","26526"
"درعة -تافيلالت","زاكورة","بني زولي","373","5740","RNI","محمد بركات","35322"
"درعة -تافيلالت","زاكورة","بني زولي","373","5755","RNI","الطيب لمهر","69876"
"درعة -تافيلالت","زاكورة","بني زولي","373","5753","RNI","عبد القادر المزروي","76047"
"درعة -تافيلالت","زاكورة","بني زولي","373","5754","RNI","ابراهيم المباركي","35261"
"درعة -تافيلالت","زاكورة","بني زولي","373","5757","RNI","سعيد خلوف","10963"
"درعة -تافيلالت","زاكورة","بني زولي","373","5750","RNI","العربي سواقي","6577"
"درعة -تافيلالت","زاكورة","بني زولي","373","5737","PJD","احمد بن لكبير","100069"
"درعة -تافيلالت","زاكورة","بني زولي","373","5756","PI","سفيان الصالحي","17151"
"درعة -تافيلالت","زاكورة","بني زولي","373","5735","PI","احمد الخياطي","45307"
"درعة -تافيلالت","زاكورة","بني زولي","373","5736","PI","الصالح المتوكل","55788"
"درعة -تافيلالت","زاكورة","بوزروال","422","6521","UC","امحمد باجا","69129"
"درعة -تافيلالت","زاكورة","بوزروال","422","6523","UC","ابراهيم ايت الصالح","87715"
"درعة -تافيلالت","زاكورة","بوزروال","422","6523","UC","فاطمة اهروش","87827"
"درعة -تافيلالت","زاكورة","بوزروال","422","6517","UC","محمد الاصفر","86218"
"درعة -تافيلالت","زاكورة","بوزروال","422","6517","UC","عائشة الكاسمي","86246"
"درعة -تافيلالت","زاكورة","بوزروال","422","6520","UC","علي  ايت باجا","5340"
"درعة -تافيلالت","زاكورة","بوزروال","422","6512","UC","بوبكر البودلالي","102245"
"درعة -تافيلالت","زاكورة","بوزروال","422","6512","UC","كريمة نيموني","102351"
"درعة -تافيلالت","زاكورة","بوزروال","422","6522","UC","خليفة الشيخ علي","113370"
"درعة -تافيلالت","زاكورة","بوزروال","422","6518","UC","لحسن البداودي","128669"
"درعة -تافيلالت","زاكورة","بوزروال","422","6524","UC","لحسن ناجي","46150"
"درعة -تافيلالت","زاكورة","بوزروال","422","6514","UC","محمد العماري","78589"
"درعة -تافيلالت","زاكورة","بوزروال","422","6515","PJD","الهاشمي الكوراري","82612"
"درعة -تافيلالت","زاكورة","بوزروال","422","6513","PJD","محمد فواد","129161"
"درعة -تافيلالت","زاكورة","بوزروال","422","6513","PJD","امينة حمو يحي","129177"
"درعة -تافيلالت","زاكورة","بوزروال","422","6516","PI","حسن بهيجة","69767"
"درعة -تافيلالت","زاكورة","بوزروال","422","6519","PAM","يدير حمدي","102889"
"درعة -تافيلالت","زاكورة","تازارين","1408","27726","PI","محمد وعدي","59752"
"درعة -تافيلالت","زاكورة","تازارين","1408","27730","PI","محمد فريكس","12159"
"درعة -تافيلالت","زاكورة","تازارين","1408","27727","PI","محمد الوعزقي","59561"
"درعة -تافيلالت","زاكورة","تازارين","1408","27727","PI","خدجو اقدور","59576"
"درعة -تافيلالت","زاكورة","تازارين","1408","22187","PI","علي بعالي","13650"
"درعة -تافيلالت","زاكورة","تازارين","1408","22187","PI","سناء بورتي","13701"
"درعة -تافيلالت","زاكورة","تازارين","1408","22195","PI","لحسن الصبري","59730"
"درعة -تافيلالت","زاكورة","تازارين","1408","27728","PI","علي باكروم","16039"
"درعة -تافيلالت","زاكورة","تازارين","1408","22190","PI","الطيب كروم","12983"
"درعة -تافيلالت","زاكورة","تازارين","1408","22183","PI","لحسن ازمو","59784"
"درعة -تافيلالت","زاكورة","تازارين","1408","22183","PI","رشيدة ابن دادا","106611"
"درعة -تافيلالت","زاكورة","تازارين","1408","22184","PI","مولاي الحسين الادريسي","2390"
"درعة -تافيلالت","زاكورة","تازارين","1408","27729","PI","محمد بنمرغي","27262"
"درعة -تافيلالت","زاكورة","تازارين","1408","22185","PI","مولاي لحسن ادحمان","13109"
"درعة -تافيلالت","زاكورة","تازارين","1408","22191","PI","محمد الربيعي","21720"
"درعة -تافيلالت","زاكورة","تازارين","1408","22192","PI","يوسف شاكور","13138"
"درعة -تافيلالت","زاكورة","تازارين","1408","22186","PI","سعد الدين باهي","78381"
"درعة -تافيلالت","زاكورة","تازارين","1408","22193","RNI","مبارك بوعلي","12070"
"درعة -تافيلالت","زاكورة","تازارين","1408","22188","RNI","مولاي لحسن الذهبي","113754"
"درعة -تافيلالت","زاكورة","تازارين","1408","22196","RNI","احمد ابورك","132734"
"درعة -تافيلالت","زاكورة","تازارين","1408","22196","RNI","فاطمة ابورك","129290"
"درعة -تافيلالت","زاكورة","تازارين","1408","27725","RNI","علي اشطو","34094"
"درعة -تافيلالت","زاكورة","تازارين","1408","22189","RNI","علي وعلال","130321"
"درعة -تافيلالت","زاكورة","تازارين","1408","27731","RNI","يوسف ايت موجان","59817"
"درعة -تافيلالت","زاكورة","تازارين","1408","22182","RNI","محمد اموهو","11917"
"درعة -تافيلالت","زاكورة","تازارين","1408","22194","PJD","لحسن رابح","21836"
"درعة -تافيلالت","زاكورة","تازارين","1408","27724","MP","محمد اكجيل","13814"
"درعة -تافيلالت","زاكورة","تاغبالت","1328","20981","RNI","محمد ايت يوسف","60349"
"درعة -تافيلالت","زاكورة","تاغبالت","1328","20981","RNI","بزة وداد","60381"
"درعة -تافيلالت","زاكورة","تاغبالت","1328","20986","RNI","صالح  الناصري","128648"
"درعة -تافيلالت","زاكورة","تاغبالت","1328","20985","RNI","عزيز ايت علا","112861"
"درعة -تافيلالت","زاكورة","تاغبالت","1328","20985","RNI","الزهرة وحلو","124429"
"درعة -تافيلالت","زاكورة","تاغبالت","1328","20976","RNI","ابراهيم يخلف","60498"
"درعة -تافيلالت","زاكورة","تاغبالت","1328","20980","RNI","زايد ايت بن علي","79312"
"درعة -تافيلالت","زاكورة","تاغبالت","1328","20975","RNI","يوسف المعالي","100856"
"درعة -تافيلالت","زاكورة","تاغبالت","1328","20982","RNI","محمد بالقاسم","112922"
"درعة -تافيلالت","زاكورة","تاغبالت","1328","20979","MP","يوسف امنزو","129205"
"درعة -تافيلالت","زاكورة","تاغبالت","1328","20984","MP","محمد  بنبراهيم","27119"
"درعة -تافيلالت","زاكورة","تاغبالت","1328","20977","MP","محمد اجعفري","60297"
"درعة -تافيلالت","زاكورة","تاغبالت","1328","20983","PI","محمد بورزيق","34127"
"درعة -تافيلالت","زاكورة","تاغبالت","1328","20983","PI","يطو افلي","34131"
"درعة -تافيلالت","زاكورة","تاغبالت","1328","20974","PI","عبد الله عامر","61190"
"درعة -تافيلالت","زاكورة","تاغبالت","1328","20978","PJD","الحسين ايت بدعى","79336"
"درعة -تافيلالت","زاكورة","تاغبالت","1328","20978","PJD","فاطمة باعزيز","79350"
"درعة -تافيلالت","زاكورة","تافتشنا","1325","20941","UC","محمد الهتاف","55707"
"درعة -تافيلالت","زاكورة","تافتشنا","1325","20941","UC","عائشة اضرضور","55723"
"درعة -تافيلالت","زاكورة","تافتشنا","1325","20945","UC","محمد الباض","86136"
"درعة -تافيلالت","زاكورة","تافتشنا","1325","20945","UC","نجاة الباض","86166"
"درعة -تافيلالت","زاكورة","تافتشنا","1325","20951","UC","الحسين اوتلا","35831"
"درعة -تافيلالت","زاكورة","تافتشنا","1325","20944","UC","المصطفى هلول","86009"
"درعة -تافيلالت","زاكورة","تافتشنا","1325","20944","UC","عائشة المقدم","86044"
"درعة -تافيلالت","زاكورة","تافتشنا","1325","20950","UC","لحسن السعداني","35913"
"درعة -تافيلالت","زاكورة","تافتشنا","1325","20946","UC","علي العلاوي","86097"
"درعة -تافيلالت","زاكورة","تافتشنا","1325","20942","UC","الصديق والزاويت","55732"
"درعة -تافيلالت","زاكورة","تافتشنا","1325","20943","UC","محمد اضرضور","100822"
"درعة -تافيلالت","زاكورة","تافتشنا","1325","20947","RNI","مولاي محمد  بوعبيد ","78283"
"درعة -تافيلالت","زاكورة","تافتشنا","1325","20947","RNI","فاطمة بوعبيد","78292"
"درعة -تافيلالت","زاكورة","تافتشنا","1325","20948","RNI","ابراهيم ولكبير","86292"
"درعة -تافيلالت","زاكورة","تافتشنا","1325","20949","RNI","علي بايدير","68999"
"درعة -تافيلالت","زاكورة","تاكونيت","1336","21085","PJD","الحسن بنعبو","128757"
"درعة -تافيلالت","زاكورة","تاكونيت","1336","21085","PJD","الزهرة اوعيشة","128786"
"درعة -تافيلالت","زاكورة","تاكونيت","1336","21088","PJD","عبدالخالق شمس الدين","58935"
"درعة -تافيلالت","زاكورة","تاكونيت","1336","21087","PJD","عبد القادر  باباهدي","43259"
"درعة -تافيلالت","زاكورة","تاكونيت","1336","21099","PJD","عبد الهادي الراضى","61228"
"درعة -تافيلالت","زاكورة","تاكونيت","1336","21089","PJD","عبد الرحيم عثماني","4838"
"درعة -تافيلالت","زاكورة","تاكونيت","1336","21101","PJD","مولاي عبد العزيز الفاطمي","33574"
"درعة -تافيلالت","زاكورة","تاكونيت","1336","21096","PJD","خليفة طه","61253"
"درعة -تافيلالت","زاكورة","تاكونيت","1336","21097","PJD","يوسف البطحاء","61299"
"درعة -تافيلالت","زاكورة","تاكونيت","1336","21091","PJD","امبارك الحفيان","43362"
"درعة -تافيلالت","زاكورة","تاكونيت","1336","21102","PJD","حميد شرقي","43728"
"درعة -تافيلالت","زاكورة","تاكونيت","1336","21106","PPS","مبارك حسو","26682"
"درعة -تافيلالت","زاكورة","تاكونيت","1336","21100","PPS","مولاي المعطي لعكراش","75798"
"درعة -تافيلالت","زاكورة","تاكونيت","1336","21100","PPS","لطيفة بنار","75816"
"درعة -تافيلالت","زاكورة","تاكونيت","1336","21104","PPS","العربي ماسيك","26664"
"درعة -تافيلالت","زاكورة","تاكونيت","1336","21105","PI","لحسن اوعشة","43830"
"درعة -تافيلالت","زاكورة","تاكونيت","1336","21092","PI","عبد الرحمان ابوشرع","117002"
"درعة -تافيلالت","زاكورة","تاكونيت","1336","21094","PI","عبد الرحمان الزعيري","61279"
"درعة -تافيلالت","زاكورة","تاكونيت","1336","21093","PI","محمد سيوطي","75748"
"درعة -تافيلالت","زاكورة","تاكونيت","1336","21086","USFP","المداني شيخي","87590"
"درعة -تافيلالت","زاكورة","تاكونيت","1336","21086","USFP","الزهراء وهراء يشو","87624"
"درعة -تافيلالت","زاكورة","تاكونيت","1336","21090","USFP","على ايت بران","75726"
"درعة -تافيلالت","زاكورة","تاكونيت","1336","21095","USFP","حسن بنتابت","75666"
"درعة -تافيلالت","زاكورة","تاكونيت","1336","21084","PCS","حماد اوحوكة","98545"
"درعة -تافيلالت","زاكورة","تاكونيت","1336","21084","PCS","اهرة امسكور","98579"
"درعة -تافيلالت","زاكورة","تاكونيت","1336","21098","RNI","ادريس عنفار","43528"
"درعة -تافيلالت","زاكورة","تامكروت","1366","21492","PJD","محمد ايت العرابي","98893"
"درعة -تافيلالت","زاكورة","تامكروت","1366","21492","PJD","امينة صبار","98944"
"درعة -تافيلالت","زاكورة","تامكروت","1366","21504","PJD","عبد الاله ببانيما","57604"
"درعة -تافيلالت","زاكورة","تامكروت","1366","21513","PJD","محمد ايت علي","17125"
"درعة -تافيلالت","زاكورة","تامكروت","1366","21503","PJD","الحسين اليوسفي","27020"
"درعة -تافيلالت","زاكورة","تامكروت","1366","21495","PJD","محمد بادي","44009"
"درعة -تافيلالت","زاكورة","تامكروت","1366","21493","PJD","محمد حجوبي","76295"
"درعة -تافيلالت","زاكورة","تامكروت","1366","21500","PJD","يوسف ايت صالح","22165"
"درعة -تافيلالت","زاكورة","تامكروت","1366","21507","RNI","ابراهيم بوصابون","22248"
"درعة -تافيلالت","زاكورة","تامكروت","1366","21507","RNI","ايمان الناصري","22264"
"درعة -تافيلالت","زاكورة","تامكروت","1366","21506","RNI","محمد بالوك","76197"
"درعة -تافيلالت","زاكورة","تامكروت","1366","21506","RNI","الزهرة عقا","76215"
"درعة -تافيلالت","زاكورة","تامكروت","1366","21510","RNI","سعيد خردزي","13426"
"درعة -تافيلالت","زاكورة","تامكروت","1366","21512","RNI","سعيد غازي","13447"
"درعة -تافيلالت","زاكورة","تامكروت","1366","21505","RNI","عبد النبي افقير","113921"
"درعة -تافيلالت","زاكورة","تامكروت","1366","21508","MP","احمد ايت داني","76372"
"درعة -تافيلالت","زاكورة","تامكروت","1366","21508","MP","نورة البسباسي","76386"
"درعة -تافيلالت","زاكورة","تامكروت","1366","21497","MP","محمد القايدي","57634"
"درعة -تافيلالت","زاكورة","تامكروت","1366","21501","MP","احمد بوشرويط","11233"
"درعة -تافيلالت","زاكورة","تامكروت","1366","21509","MP","عبد الله امغار","11819"
"درعة -تافيلالت","زاكورة","تامكروت","1366","21499","MP","مولاى امبارك الكبيري","116376"
"درعة -تافيلالت","زاكورة","تامكروت","1366","21514","MP","مبارك ايت لحسن","88266"
"درعة -تافيلالت","زاكورة","تامكروت","1366","21498","MP","محمد البركاوي","44071"
"درعة -تافيلالت","زاكورة","تامكروت","1366","21494","PAM","الحسين المرابط","57490"
"درعة -تافيلالت","زاكورة","تامكروت","1366","21511","PAM","سعيد دعنان","76407"
"درعة -تافيلالت","زاكورة","تامكروت","1366","21502","PAM","احمد مستور","76225"
"درعة -تافيلالت","زاكورة","تامكروت","1366","21496","USFP","عبد العزيز المكي","113561"
"درعة -تافيلالت","زاكورة","تانسيفت","1381","21761","PI","لحسن البصري","6460"
"درعة -تافيلالت","زاكورة","تانسيفت","1381","21761","PI","فاطنة لمقريش","6478"
"درعة -تافيلالت","زاكورة","تانسيفت","1381","21765","PI","عبد السلام لمقدمي","11410"
"درعة -تافيلالت","زاكورة","تانسيفت","1381","21759","PI","عمر ايت بعلي","44729"
"درعة -تافيلالت","زاكورة","تانسيفت","1381","21754","PI","ابراهيم ايت ابراهيم","104251"
"درعة -تافيلالت","زاكورة","تانسيفت","1381","21754","PI","مريم الغني","104291"
"درعة -تافيلالت","زاكورة","تانسيفت","1381","21753","PI","عبد العالي ايت امغار","129927"
"درعة -تافيلالت","زاكورة","تانسيفت","1381","21756","MP","عبد الله ايت موسى","75386"
"درعة -تافيلالت","زاكورة","تانسيفت","1381","21756","MP","رحمة فاروس","75401"
"درعة -تافيلالت","زاكورة","تانسيفت","1381","21755","MP","خالد ايت بركة","75354"
"درعة -تافيلالت","زاكورة","تانسيفت","1381","21763","MP","لحسن برعوز","4560"
"درعة -تافيلالت","زاكورة","تانسيفت","1381","21764","MP","الحسن بيدار","116039"
"درعة -تافيلالت","زاكورة","تانسيفت","1381","21757","RNI","مبارك الخالق","11379"
"درعة -تافيلالت","زاكورة","تانسيفت","1381","21758","RNI","سعيد الحابيب","75446"
"درعة -تافيلالت","زاكورة","تانسيفت","1381","21762","PJD","عبد الكريم باكبير","129003"
"درعة -تافيلالت","زاكورة","تانسيفت","1381","21762","PJD","فاطمة بحافيظ","129016"
"درعة -تافيلالت","زاكورة","تانسيفت","1381","21760","PJD","الحسن ايت عبد العالي","23850"
"درعة -تافيلالت","زاكورة","ترناتة","1421","22399","PJD","المصطفى العباسي","128958"
"درعة -تافيلالت","زاكورة","ترناتة","1421","22399","PJD","الهام الكداوني","128990"
"درعة -تافيلالت","زاكورة","ترناتة","1421","27741","PJD","لحسن المسعودي","55880"
"درعة -تافيلالت","زاكورة","ترناتة","1421","22393","PJD","التهامي المومني","41591"
"درعة -تافيلالت","زاكورة","ترناتة","1421","22394","PJD","محمد البهجاء","55842"
"درعة -تافيلالت","زاكورة","ترناتة","1421","27740","PJD","محمد البصري","45211"
"درعة -تافيلالت","زاكورة","ترناتة","1421","22390","PJD","عبدالسلام ورشان","23482"
"درعة -تافيلالت","زاكورة","ترناتة","1421","22387","PJD","لحسن البرد","26579"
"درعة -تافيلالت","زاكورة","ترناتة","1421","27742","PJD","ابراهيم واعرى","86600"
"درعة -تافيلالت","زاكورة","ترناتة","1421","25259","PJD","عبد الكريم سردوني","1240"
"درعة -تافيلالت","زاكورة","ترناتة","1421","22398","MP","مصطفى التابيت","23262"
"درعة -تافيلالت","زاكورة","ترناتة","1421","22398","MP","فاطنة الهنيتي","23287"
"درعة -تافيلالت","زاكورة","ترناتة","1421","27743","MP","احمد العنيبة","41599"
"درعة -تافيلالت","زاكورة","ترناتة","1421","27745","MP","محمد البكوري","26625"
"درعة -تافيلالت","زاكورة","ترناتة","1421","25258","PI","الحسين المسعودي","128994"
"درعة -تافيلالت","زاكورة","ترناتة","1421","22395","PI","بوجمعة الحميدي","23634"
"درعة -تافيلالت","زاكورة","ترناتة","1421","22395","PI","الزهرة اهنهاو","23668"
"درعة -تافيلالت","زاكورة","ترناتة","1421","27747","PI","محمد اومحيدي","112777"
"درعة -تافيلالت","زاكورة","ترناتة","1421","27746","PI","عمر احنصال","114297"
"درعة -تافيلالت","زاكورة","ترناتة","1421","22391","PI","سليمان بويحياوي","23203"
"درعة -تافيلالت","زاكورة","ترناتة","1421","22396","PPS","احمد موطيع","58635"
"درعة -تافيلالت","زاكورة","ترناتة","1421","22396","PPS","نجية الانصاري","58663"
"درعة -تافيلالت","زاكورة","ترناتة","1421","22389","PPS","المدني الصالحي","98108"
"درعة -تافيلالت","زاكورة","ترناتة","1421","27744","PPS","لحسن الكيكري","97889"
"درعة -تافيلالت","زاكورة","ترناتة","1421","22397","PPS","عبد العزيز قرميم","97951"
"درعة -تافيلالت","زاكورة","ترناتة","1421","22388","RNI","حماد امزيل","8716"
"درعة -تافيلالت","زاكورة","ترناتة","1421","22392","P Al Amal","مصطفى ايت حدة","41590"
"درعة -تافيلالت","زاكورة","تمزموط","1368","21543","RNI","علي باملك","45370"
"درعة -تافيلالت","زاكورة","تمزموط","1368","21543","RNI","زينب خاموح","45387"
"درعة -تافيلالت","زاكورة","تمزموط","1368","21550","RNI","الحسين خويا","60009"
"درعة -تافيلالت","زاكورة","تمزموط","1368","21550","RNI","عائشة ماجد","60041"
"درعة -تافيلالت","زاكورة","تمزموط","1368","21541","RNI","ابراهيم الطلبة","21972"
"درعة -تافيلالت","زاكورة","تمزموط","1368","21539","RNI","ابراهيم الضارير","16289"
"درعة -تافيلالت","زاكورة","تمزموط","1368","21540","RNI","عبد السلام ماجد","33342"
"درعة -تافيلالت","زاكورة","تمزموط","1368","21538","RNI","لحسن ايت بودقيق","21945"
"درعة -تافيلالت","زاكورة","تمزموط","1368","21546","RNI","يوسف ايت يعيش","32816"
"درعة -تافيلالت","زاكورة","تمزموط","1368","21549","PJD","محمد مسكور","22041"
"درعة -تافيلالت","زاكورة","تمزموط","1368","21542","PJD","عبد السلام بوكادير","75608"
"درعة -تافيلالت","زاكورة","تمزموط","1368","21542","PJD","مينة باقوى","75625"
"درعة -تافيلالت","زاكورة","تمزموط","1368","21545","PI","اسماعيل ايت الشريف","45412"
"درعة -تافيلالت","زاكورة","تمزموط","1368","21547","PI","لحسن بن عمر","16257"
"درعة -تافيلالت","زاكورة","تمزموط","1368","21548","PAM","ابراهيم اجا","45421"
"درعة -تافيلالت","زاكورة","تمزموط","1368","21544","USFP","محمد ايت حدا","59850"
"درعة -تافيلالت","زاكورة","تمزموط","1368","21544","USFP","رقية امويل","59933"
"درعة -تافيلالت","زاكورة","تنزولين","1461","22977","UC","حسن  الحداني","16451"
"درعة -تافيلالت","زاكورة","تنزولين","1461","25261","UC","عبد الرحمان اسد","57443"
"درعة -تافيلالت","زاكورة","تنزولين","1461","25261","UC","نورة بوركاب","57462"
"درعة -تافيلالت","زاكورة","تنزولين","1461","22981","UC","محمد جرمون","8595"
"درعة -تافيلالت","زاكورة","تنزولين","1461","27770","UC","محمد العزيزي","22132"
"درعة -تافيلالت","زاكورة","تنزولين","1461","27768","UC","حسن الحمزاوي","26536"
"درعة -تافيلالت","زاكورة","تنزولين","1461","22978","UC","محمد ايت الحاج","129030"
"درعة -تافيلالت","زاكورة","تنزولين","1461","22987","UC","ابراهيم بلهدية","22107"
"درعة -تافيلالت","زاكورة","تنزولين","1461","27771","UC","حسن كساب","34205"
"درعة -تافيلالت","زاكورة","تنزولين","1461","22980","UC","محمد المزواري","124009"
"درعة -تافيلالت","زاكورة","تنزولين","1461","22986","UC","احمد منصوري","57050"
"درعة -تافيلالت","زاكورة","تنزولين","1461","22982","UC","الهاشمي العلواني","26531"
"درعة -تافيلالت","زاكورة","تنزولين","1461","25260","UC","عمر ايت الصالح","130265"
"درعة -تافيلالت","زاكورة","تنزولين","1461","27766","PJD","عبدالرزاق اخدام","32421"
"درعة -تافيلالت","زاكورة","تنزولين","1461","27766","PJD","فاطمة العلاوي","32461"
"درعة -تافيلالت","زاكورة","تنزولين","1461","27765","PJD","عبد الرحيم الساسي","11664"
"درعة -تافيلالت","زاكورة","تنزولين","1461","27767","PJD","عمر النكزي","34184"
"درعة -تافيلالت","زاكورة","تنزولين","1461","27767","PJD","رشيدة خالفي","34188"
"درعة -تافيلالت","زاكورة","تنزولين","1461","22984","PJD","مصطفى الدايمي","55968"
"درعة -تافيلالت","زاكورة","تنزولين","1461","27764","PJD","عبد الله العلاوي","32701"
"درعة -تافيلالت","زاكورة","تنزولين","1461","22979","PJD","ابراهيم النجار","78908"
"درعة -تافيلالت","زاكورة","تنزولين","1461","22979","PJD","مريم الورضي","78933"
"درعة -تافيلالت","زاكورة","تنزولين","1461","22985","PJD","محمد مجيد","44241"
"درعة -تافيلالت","زاكورة","تنزولين","1461","22983","PJD","ابراهيم الحمزاوي","11469"
"درعة -تافيلالت","زاكورة","تنزولين","1461","22976","PJD","محماد دباغ","22054"
"درعة -تافيلالت","زاكورة","تنزولين","1461","27769","PJD","عبد المجيد مؤمل","86545"
"درعة -تافيلالت","زاكورة","تنزولين","1461","22975","PPS","ابراهيم بلعطار","34197"
"درعة -تافيلالت","زاكورة","زاكورة","1515","26007","PJD","لحسن واعري","27695"
"درعة -تافيلالت","زاكورة","زاكورة","1515","26007","PJD","نزهة اليزيدي","28103"
"درعة -تافيلالت","زاكورة","زاكورة","1515","26007","PJD","جمال النعم","27711"
"درعة -تافيلالت","زاكورة","زاكورة","1515","26007","PJD","زينب الحداد","28113"
"درعة -تافيلالت","زاكورة","زاكورة","1515","26007","PJD","عبد الرحمان الصوفي","27751"
"درعة -تافيلالت","زاكورة","زاكورة","1515","26007","PJD","عبد الرحمان موسي","27775"
"درعة -تافيلالت","زاكورة","زاكورة","1515","26007","PJD","محمد بوعداين","27797"
"درعة -تافيلالت","زاكورة","زاكورة","1515","26007","PJD","امحمد الملالي","27830"
"درعة -تافيلالت","زاكورة","زاكورة","1515","26007","PJD","حمادي لكبير","27870"
"درعة -تافيلالت","زاكورة","زاكورة","1515","26007","MP","جواد الناصري","129797"
"درعة -تافيلالت","زاكورة","زاكورة","1515","26007","MP","امينة ايت بلقاسم","129957"
"درعة -تافيلالت","زاكورة","زاكورة","1515","26007","MP","مصطفى اديان","129803"
"درعة -تافيلالت","زاكورة","زاكورة","1515","26007","MP","بلعيد مسكور","129806"
"درعة -تافيلالت","زاكورة","زاكورة","1515","26007","MP","المصطفى الناصري","129815"
"درعة -تافيلالت","زاكورة","زاكورة","1515","26007","P Al Ahd Addimocrati","عبدالمالك بنكمي","129501"
"درعة -تافيلالت","زاكورة","زاكورة","1515","26007","P Al Ahd Addimocrati","كنزة وقاس","129728"
"درعة -تافيلالت","زاكورة","زاكورة","1515","26007","P Al Ahd Addimocrati","لحسن امسعدن","129519"
"درعة -تافيلالت","زاكورة","زاكورة","1515","26007","P Al Ahd Addimocrati","محمد الراضي","129531"
"درعة -تافيلالت","زاكورة","زاكورة","1515","26007","P Al Ahd Addimocrati","علي الخباز","129577"
"درعة -تافيلالت","زاكورة","زاكورة","1515","26007","PCS","محمد البشاري","129483"
"درعة -تافيلالت","زاكورة","زاكورة","1515","26007","PCS","عائشة البشري","129684"
"درعة -تافيلالت","زاكورة","زاكورة","1515","26007","PCS","عثمان ابو منصور","129502"
"درعة -تافيلالت","زاكورة","زاكورة","1515","26007","PCS"," عبد الجليل بوسكري","129510"
"درعة -تافيلالت","زاكورة","زاكورة","1515","26007","FFD","عبد اللطيف اعراب","129950"
"درعة -تافيلالت","زاكورة","زاكورة","1515","26007","FFD","فاطمة زنطال","130098"
"درعة -تافيلالت","زاكورة","زاكورة","1515","26007","FFD","ابراهيم لعشير","129959"
"درعة -تافيلالت","زاكورة","زاكورة","1515","26007","FFD","عبد الرحمان بودير","129967"
"درعة -تافيلالت","زاكورة","زاكورة","1515","26007","PI","علي ياسين","129839"
"درعة -تافيلالت","زاكورة","زاكورة","1515","26007","PI","محمد نسيم","129861"
"درعة -تافيلالت","زاكورة","فزواطة","544","25256","RNI","محمد بوطلططين","130110"
"درعة -تافيلالت","زاكورة","فزواطة","544","8573","RNI","محمد اليماني","62891"
"درعة -تافيلالت","زاكورة","فزواطة","544","8574","RNI","محمد المهراوي","11313"
"درعة -تافيلالت","زاكورة","فزواطة","544","8574","RNI","حنان البويحيوي","11335"
"درعة -تافيلالت","زاكورة","فزواطة","544","8575","RNI","عبد العزيز صابر","76480"
"درعة -تافيلالت","زاكورة","فزواطة","544","8576","RNI","عبد الله صديق","17170"
"درعة -تافيلالت","زاكورة","فزواطة","544","8572","PJD","حسن خالي","76555"
"درعة -تافيلالت","زاكورة","فزواطة","544","8572","PJD","بهية  لوشاحي","76580"
"درعة -تافيلالت","زاكورة","فزواطة","544","8579","PJD","محمد العبدلاوي","41744"
"درعة -تافيلالت","زاكورة","فزواطة","544","8582","PJD","محمد المنياني","76527"
"درعة -تافيلالت","زاكورة","فزواطة","544","8580","MP","ابراهيم عزال","61380"
"درعة -تافيلالت","زاكورة","فزواطة","544","8580","MP","رقية المهدي","61585"
"درعة -تافيلالت","زاكورة","فزواطة","544","8577","MP","احمد الزليكي","68200"
"درعة -تافيلالت","زاكورة","فزواطة","544","8577","MP","يزة سعيدو","68230"
"درعة -تافيلالت","زاكورة","فزواطة","544","8578","MP","المهدي لبلق","32955"
"درعة -تافيلالت","زاكورة","فزواطة","544","25257","MP","محمد بركة","63021"
"درعة -تافيلالت","زاكورة","فزواطة","544","8581","MP","مبارك بطاهر","62979"
"درعة -تافيلالت","زاكورة","كتاوة","732","11538","PPS","مبارك بنعلي","87006"
"درعة -تافيلالت","زاكورة","كتاوة","732","11538","PPS","فاطمة واشو","87087"
"درعة -تافيلالت","زاكورة","كتاوة","732","11531","PPS","يحي بقس","99991"
"درعة -تافيلالت","زاكورة","كتاوة","732","11531","PPS","العالية بقس","100019"
"درعة -تافيلالت","زاكورة","كتاوة","732","11537","PPS","يوسف بن عمرو ابراهيم","13407"
"درعة -تافيلالت","زاكورة","كتاوة","732","11533","PPS","يوسف بخالق","128880"
"درعة -تافيلالت","زاكورة","كتاوة","732","11534","PJD","الطالب  بن الزين","129251"
"درعة -تافيلالت","زاكورة","كتاوة","732","11526","PJD","يوسف بافضيلي","56053"
"درعة -تافيلالت","زاكورة","كتاوة","732","11536","RNI","ابراهيم باحيد","23711"
"درعة -تافيلالت","زاكورة","كتاوة","732","11536","RNI","مينة شاشو","23741"
"درعة -تافيلالت","زاكورة","كتاوة","732","11529","RNI","البشير الشقف","99924"
"درعة -تافيلالت","زاكورة","كتاوة","732","11529","RNI","الزهرة الشقف","99949"
"درعة -تافيلالت","زاكورة","كتاوة","732","11535","RNI","محمد المير","46166"
"درعة -تافيلالت","زاكورة","كتاوة","732","11532","MP","الحسين وعياط","129053"
"درعة -تافيلالت","زاكورة","كتاوة","732","11527","MP","محمد سالم حاميدي","23818"
"درعة -تافيلالت","زاكورة","كتاوة","732","11530","PAM","لحسن وبدة","70565"
"درعة -تافيلالت","زاكورة","كتاوة","732","11528","P Néo-Démocrates","مولاي ادريس اسيف","128942"
"درعة -تافيلالت","زاكورة","مزكيطة","876","13836","RNI","مولاي الطيب العلوي","129307"
"درعة -تافيلالت","زاكورة","مزكيطة","876","13844","RNI","محمد اخباز","4611"
"درعة -تافيلالت","زاكورة","مزكيطة","876","13844","RNI","عائشة ايت خويا","4614"
"درعة -تافيلالت","زاكورة","مزكيطة","876","13841","RNI","عبد الغني احدو","4565"
"درعة -تافيلالت","زاكورة","مزكيطة","876","13842","RNI","عبد العزيز شيبي","4553"
"درعة -تافيلالت","زاكورة","مزكيطة","876","13840","RNI","ابراهيم العزيزي","4590"
"درعة -تافيلالت","زاكورة","مزكيطة","876","13838","RNI","محمد ايت عبي نزي","129857"
"درعة -تافيلالت","زاكورة","مزكيطة","876","13839","RNI","علي ايت سدي علي","4545"
"درعة -تافيلالت","زاكورة","مزكيطة","876","13834","PI","احمد ايت عبي","97674"
"درعة -تافيلالت","زاكورة","مزكيطة","876","13834","PI","حنان بعلا","97685"
"درعة -تافيلالت","زاكورة","مزكيطة","876","13832","PI","عبد العزيز افلا","76068"
"درعة -تافيلالت","زاكورة","مزكيطة","876","13843","PI","المداني ايت باحمد","76130"
"درعة -تافيلالت","زاكورة","مزكيطة","876","13843","PI","لطيفة اد منصور","76148"
"درعة -تافيلالت","زاكورة","مزكيطة","876","13833","PI","عبد الكبير ايت القايد","76089"
"درعة -تافيلالت","زاكورة","مزكيطة","876","13837","PJD","عبد الرحمان ايت لحساين","97708"
"درعة -تافيلالت","زاكورة","مزكيطة","876","13835","PPS","محمد ايت لمعلم","97816"
"درعة -تافيلالت","زاكورة","مزكيطة","876","13835","PPS","امباركة بعلا","97842"
"درعة -تافيلالت","ميدلت","أغبالو","30","448","RNI","محمد اوعلا","110975"
"درعة -تافيلالت","ميدلت","أغبالو","30","448","RNI","نعيمة الحقاوي","111380"
"درعة -تافيلالت","ميدلت","أغبالو","30","449","RNI","لحسن  عقا وي","116409"
"درعة -تافيلالت","ميدلت","أغبالو","30","449","RNI","عائشة ايت حدو","116493"
"درعة -تافيلالت","ميدلت","أغبالو","30","443","RNI","لحسن فصاحي","67705"
"درعة -تافيلالت","ميدلت","أغبالو","30","443","RNI","صباح اعبا","67650"
"درعة -تافيلالت","ميدلت","أغبالو","30","25640","RNI","باعلي العفريت","60707"
"درعة -تافيلالت","ميدلت","أغبالو","30","444","RNI","محمد الشاوي","59751"
"درعة -تافيلالت","ميدلت","أغبالو","30","25641","RNI","المصطفى صاير","43865"
"درعة -تافيلالت","ميدلت","أغبالو","30","450","RNI","يوسف البوزياني","42610"
"درعة -تافيلالت","ميدلت","أغبالو","30","445","RNI","امحمد اوحزو","43476"
"درعة -تافيلالت","ميدلت","أغبالو","30","452","RNI","موسى اوقسو","42759"
"درعة -تافيلالت","ميدلت","أغبالو","30","452","RNI","فطيمة هويا","42721"
"درعة -تافيلالت","ميدلت","أغبالو","30","451","RNI","محمد اعماري","73217"
"درعة -تافيلالت","ميدلت","أغبالو","30","442","RNI","موحى المامون","80157"
"درعة -تافيلالت","ميدلت","أغبالو","30","447","RNI","محمد حدوشان","82477"
"درعة -تافيلالت","ميدلت","أغبالو","30","446","PEDD","الحسين زكري","69526"
"درعة -تافيلالت","ميدلت","أكديم","37","542","RNI","سعيد بواطواو","73774"
"درعة -تافيلالت","ميدلت","أكديم","37","542","RNI","ربو اكوجيل","73762"
"درعة -تافيلالت","ميدلت","أكديم","37","546","RNI","اسماعيل باعلي","39751"
"درعة -تافيلالت","ميدلت","أكديم","37","546","RNI","بري الفوح","40118"
"درعة -تافيلالت","ميدلت","أكديم","37","544","RNI","الحسين باوراغ","54482"
"درعة -تافيلالت","ميدلت","أكديم","37","544","RNI","حادة باوراغ","52911"
"درعة -تافيلالت","ميدلت","أكديم","37","547","RNI","ميمون بوطيب","54523"
"درعة -تافيلالت","ميدلت","أكديم","37","541","RNI","موحا حنابو","73787"
"درعة -تافيلالت","ميدلت","أكديم","37","540","PPS","سعيد الطيب","39683"
"درعة -تافيلالت","ميدلت","أكديم","37","540","PPS","حسناء ايت ابلا","40018"
"درعة -تافيلالت","ميدلت","أكديم","37","545","PPS","ادريس اوجيويق","122479"
"درعة -تافيلالت","ميدلت","أكديم","37","539","PPS","حدو  بويزكارن","122422"
"درعة -تافيلالت","ميدلت","أكديم","37","538","PPS","سعيد والطيب ","39941"
"درعة -تافيلالت","ميدلت","أكديم","37","537","PPS","موحا لعريف","13725"
"درعة -تافيلالت","ميدلت","أكديم","37","543","PI","محمد  جانا","54509"
"درعة -تافيلالت","ميدلت","أمرصيد","200","2952","PI","اسماعيل الهاشمي","111180"
"درعة -تافيلالت","ميدلت","أمرصيد","200","2952","PI","مريم بنعيسى","111334"
"درعة -تافيلالت","ميدلت","أمرصيد","200","2954","PI","ردوان غانم","111324"
"درعة -تافيلالت","ميدلت","أمرصيد","200","2951","PI","كمال دحوا","39001"
"درعة -تافيلالت","ميدلت","أمرصيد","200","2947","PI","عمر ايت قدور","112419"
"درعة -تافيلالت","ميدلت","أمرصيد","200","2948","RNI","محمد ايت مجان","22534"
"درعة -تافيلالت","ميدلت","أمرصيد","200","2948","RNI","عائشة بن هري","22500"
"درعة -تافيلالت","ميدلت","أمرصيد","200","2950","RNI","عمر موحدان","73692"
"درعة -تافيلالت","ميدلت","أمرصيد","200","2953","RNI","احمد السعيدي","112756"
"درعة -تافيلالت","ميدلت","أمرصيد","200","2949","RNI","موحى اعمو","90169"
"درعة -تافيلالت","ميدلت","أمرصيد","200","2946","RNI","رشيد ايت حمو","73677"
"درعة -تافيلالت","ميدلت","أمرصيد","200","2955","PJD","علي ايت ابراهيم","111548"
"درعة -تافيلالت","ميدلت","أمرصيد","200","2955","PJD","العزيزة اوغريسلا","111742"
"درعة -تافيلالت","ميدلت","أمرصيد","200","2956","USFP","سعيد بن فتاح","112253"
"درعة -تافيلالت","ميدلت","أمرصيد","200","2956","USFP","فاطمة الشعيبي","112345"
"درعة -تافيلالت","ميدلت","إملشيل","643","10091","RNI","موحى  اوعليلي","34536"
"درعة -تافيلالت","ميدلت","إملشيل","643","10091","RNI","حياة ومنجوج","34559"
"درعة -تافيلالت","ميدلت","إملشيل","643","10099","RNI","حدو اشليم","45601"
"درعة -تافيلالت","ميدلت","إملشيل","643","25678","RNI","حمو ايت خرموش","28263"
"درعة -تافيلالت","ميدلت","إملشيل","643","25678","RNI","حفيظة  ايت خرموش","28265"
"درعة -تافيلالت","ميدلت","إملشيل","643","10098","RNI","حدو افزيز","36548"
"درعة -تافيلالت","ميدلت","إملشيل","643","10093","RNI","محمد  ولهري","69128"
"درعة -تافيلالت","ميدلت","إملشيل","643","10093","RNI","عائشة زوهري","69168"
"درعة -تافيلالت","ميدلت","إملشيل","643","10101","RNI","حمو مراش","45049"
"درعة -تافيلالت","ميدلت","إملشيل","643","10092","RNI","احمد والرو","69304"
"درعة -تافيلالت","ميدلت","إملشيل","643","10097","PAM","محمد بنعمر","69223"
"درعة -تافيلالت","ميدلت","إملشيل","643","10097","PAM","فاطمة بامو","69255"
"درعة -تافيلالت","ميدلت","إملشيل","643","10094","PAM","محمد اولحسن","24907"
"درعة -تافيلالت","ميدلت","إملشيل","643","10095","PAM","محمد  اعياط","19834"
"درعة -تافيلالت","ميدلت","إملشيل","643","10100","PAM","سعيد امرغيش","19630"
"درعة -تافيلالت","ميدلت","إملشيل","643","25679","PAM","احساين  امهوي","18501"
"درعة -تافيلالت","ميدلت","إملشيل","643","10096","MP","باسو اويدير","45089"
"درعة -تافيلالت","ميدلت","أموكر","207","3041","PAM","حفيظ شيبان","70912"
"درعة -تافيلالت","ميدلت","أموكر","207","3042","PAM","عسو جرمون","5896"
"درعة -تافيلالت","ميدلت","أموكر","207","3043","PAM","احماد لعسو","34590"
"درعة -تافيلالت","ميدلت","أموكر","207","3044","MDS","عثمان علوبان","19208"
"درعة -تافيلالت","ميدلت","أموكر","207","3044","MDS","زنو  حميدي","19191"
"درعة -تافيلالت","ميدلت","أموكر","207","3047","MDS","موح الزاحوط","20028"
"درعة -تافيلالت","ميدلت","أموكر","207","3049","RNI","احساين الحمري","70966"
"درعة -تافيلالت","ميدلت","أموكر","207","3049","RNI","فاطمة شاكو","70993"
"درعة -تافيلالت","ميدلت","أموكر","207","3050","RNI","احمد  نواري ","72515"
"درعة -تافيلالت","ميدلت","أموكر","207","3051","RNI","موحى بونسي","28285"
"درعة -تافيلالت","ميدلت","أموكر","207","3046","PI","لحسن غميد","111230"
"درعة -تافيلالت","ميدلت","أموكر","207","3046","PI","عزيزة فراح","110954"
"درعة -تافيلالت","ميدلت","أموكر","207","3045","PI","احساين قندى","19070"
"درعة -تافيلالت","ميدلت","أموكر","207","3048","PPS","موحى وموش","93072"
"درعة -تافيلالت","ميدلت","أموكر","207","3048","PPS","عزيزة اقبابوش","92620"
"درعة -تافيلالت","ميدلت","أنمزي","211","3095","RNI","حدو اشرويض","32253"
"درعة -تافيلالت","ميدلت","أنمزي","211","3095","RNI","هنو الزمام","32260"
"درعة -تافيلالت","ميدلت","أنمزي","211","3091","RNI","سعيد اوقدي","52948"
"درعة -تافيلالت","ميدلت","أنمزي","211","3091","RNI","يامنة بوها","54622"
"درعة -تافيلالت","ميدلت","أنمزي","211","3096","RNI","سعيد و الباز","121876"
"درعة -تافيلالت","ميدلت","أنمزي","211","3094","RNI","علي احيزون","128384"
"درعة -تافيلالت","ميدلت","أنمزي","211","3094","RNI","زهرة وحمزة","25404"
"درعة -تافيلالت","ميدلت","أنمزي","211","3089","RNI","موحا اسو","52979"
"درعة -تافيلالت","ميدلت","أنمزي","211","3093","RNI","علي قروشي","39777"
"درعة -تافيلالت","ميدلت","أنمزي","211","3098","RNI","حسن افداس","71477"
"درعة -تافيلالت","ميدلت","أنمزي","211","3097","PI","مولاي امحمد فزاز","71320"
"درعة -تافيلالت","ميدلت","أنمزي","211","3099","PJD","علي جينو","54613"
"درعة -تافيلالت","ميدلت","أنمزي","211","3090","PAM","احساين صغير","54652"
"درعة -تافيلالت","ميدلت","أنمزي","211","3090","PAM","حادة امشري","54667"
"درعة -تافيلالت","ميدلت","أنمزي","211","3092","PPS","زايد اريو","71379"
"درعة -تافيلالت","ميدلت","آيت إزدك","128","1844","RNI","احساين ايت مولاي","78743"
"درعة -تافيلالت","ميدلت","آيت إزدك","128","1844","RNI","بدة ايت مولاي","78789"
"درعة -تافيلالت","ميدلت","آيت إزدك","128","1837","RNI","موحى اومولاي","39106"
"درعة -تافيلالت","ميدلت","آيت إزدك","128","1837","RNI","نعيمة بايى","39152"
"درعة -تافيلالت","ميدلت","آيت إزدك","128","1838","RNI","محمد ايت الجيلالي","69447"
"درعة -تافيلالت","ميدلت","آيت إزدك","128","1838","RNI","جميلة بن عسو","69491"
"درعة -تافيلالت","ميدلت","آيت إزدك","128","1841","RNI","الحسين عياش","112975"
"درعة -تافيلالت","ميدلت","آيت إزدك","128","1836","RNI","احمد  بوطالب","39606"
"درعة -تافيلالت","ميدلت","آيت إزدك","128","1842","RNI","مصطفى ايت رحو","39301"
"درعة -تافيلالت","ميدلت","آيت إزدك","128","1835","RNI","علي باعلي","6160"
"درعة -تافيلالت","ميدلت","آيت إزدك","128","1840","MP","سعيد ايت الجيلالي","48134"
"درعة -تافيلالت","ميدلت","آيت إزدك","128","1843","PI","حمو ايت عمو","18553"
"درعة -تافيلالت","ميدلت","آيت إزدك","128","1839","USFP","عقى اوغلا","73595"
"درعة -تافيلالت","ميدلت","آيت إزدك","128","1839","USFP","نزهة وخدوش","73606"
"درعة -تافيلالت","ميدلت","آيت إزدك","128","1834","PAM","غيتة  ايت بن المدني","92517"
"درعة -تافيلالت","ميدلت","آيت بن يعقوب","103","1525","RNI","موحى اغنضور","73300"
"درعة -تافيلالت","ميدلت","آيت بن يعقوب","103","1525","RNI","حادة اعبيدي","73315"
"درعة -تافيلالت","ميدلت","آيت بن يعقوب","103","1528","RNI","مولاي العربي  بولمين","45265"
"درعة -تافيلالت","ميدلت","آيت بن يعقوب","103","1528","RNI","نعيمة لعوج","45274"
"درعة -تافيلالت","ميدلت","آيت بن يعقوب","103","1523","RNI","محمد شعيبي","89815"
"درعة -تافيلالت","ميدلت","آيت بن يعقوب","103","1527","RNI","عبد المجيد الدويري","39321"
"درعة -تافيلالت","ميدلت","آيت بن يعقوب","103","1527","RNI","حفيظة عزيوي","39352"
"درعة -تافيلالت","ميدلت","آيت بن يعقوب","103","1524","RNI","الحاج فكوري","39673"
"درعة -تافيلالت","ميدلت","آيت بن يعقوب","103","1531","RNI","ادريس لمكوني","45872"
"درعة -تافيلالت","ميدلت","آيت بن يعقوب","103","1529","RNI","حميد الغزواني","39285"
"درعة -تافيلالت","ميدلت","آيت بن يعقوب","103","1526","RNI","لحسن وقاس","39511"
"درعة -تافيلالت","ميدلت","آيت بن يعقوب","103","1522","RNI","عيسى بوزياني","45855"
"درعة -تافيلالت","ميدلت","آيت بن يعقوب","103","1521","PI","علي محمودي","45668"
"درعة -تافيلالت","ميدلت","آيت بن يعقوب","103","1521","PI","نعيمة زناني","45676"
"درعة -تافيلالت","ميدلت","آيت بن يعقوب","103","1530","PJD","محمد امهو","39385"
"درعة -تافيلالت","ميدلت","آيت عياش","99","1478","RNI","عزيز ايت عمار","45236"
"درعة -تافيلالت","ميدلت","آيت عياش","99","1478","RNI","رقية الطالبي","45245"
"درعة -تافيلالت","ميدلت","آيت عياش","99","1477","RNI","ملود حسايني","79413"
"درعة -تافيلالت","ميدلت","آيت عياش","99","1477","RNI","خديجة حسيكوا","79439"
"درعة -تافيلالت","ميدلت","آيت عياش","99","1483","RNI","امبارك برهمون","109231"
"درعة -تافيلالت","ميدلت","آيت عياش","99","1479","RNI","علي اعنوزي","69752"
"درعة -تافيلالت","ميدلت","آيت عياش","99","1479","RNI","حورية ايت بن العرابي","69795"
"درعة -تافيلالت","ميدلت","آيت عياش","99","1481","RNI","عبد السلام ايت بابا علي","82371"
"درعة -تافيلالت","ميدلت","آيت عياش","99","1486","RNI","مولاي حفيظ بن السيد","48296"
"درعة -تافيلالت","ميدلت","آيت عياش","99","1480","RNI","رضوان امريج","107639"
"درعة -تافيلالت","ميدلت","آيت عياش","99","1482","RNI","سي لكبير ايت بلكبير","109350"
"درعة -تافيلالت","ميدلت","آيت عياش","99","1485","RNI","المدني حيندير","82800"
"درعة -تافيلالت","ميدلت","آيت عياش","99","1487","RNI","علي حساين","73716"
"درعة -تافيلالت","ميدلت","آيت عياش","99","1484","PI","ادريس المحمدي","91140"
"درعة -تافيلالت","ميدلت","آيت عياش","99","1475","PJD","جمال بوشان","69554"
"درعة -تافيلالت","ميدلت","آيت عياش","99","1475","PJD","عائشة بوعزوي","69700"
"درعة -تافيلالت","ميدلت","آيت عياش","99","1476","PJD","احماد بلمشيش","90482"
"درعة -تافيلالت","ميدلت","آيت يحيى","92","1392","RNI","موحى اوسليمان","40153"
"درعة -تافيلالت","ميدلت","آيت يحيى","92","1392","RNI","عائشة اقلي","36115"
"درعة -تافيلالت","ميدلت","آيت يحيى","92","1388","RNI","علي لبوش","51286"
"درعة -تافيلالت","ميدلت","آيت يحيى","92","1386","RNI","موحى الكرير","25255"
"درعة -تافيلالت","ميدلت","آيت يحيى","92","1386","RNI","عائشة اموعنا","25271"
"درعة -تافيلالت","ميدلت","آيت يحيى","92","1387","RNI","موحى باينوس","25190"
"درعة -تافيلالت","ميدلت","آيت يحيى","92","1389","RNI","زهير اوعداد","2829"
"درعة -تافيلالت","ميدلت","آيت يحيى","92","1385","RNI","بناصر محمدي","50486"
"درعة -تافيلالت","ميدلت","آيت يحيى","92","1391","MP","لحسن كباد","18900"
"درعة -تافيلالت","ميدلت","آيت يحيى","92","1391","MP","حفيظة اولحسن","18925"
"درعة -تافيلالت","ميدلت","آيت يحيى","92","1384","MP","حساين تاليوي","59238"
"درعة -تافيلالت","ميدلت","آيت يحيى","92","1383","MP","مصطفى اغوشام","71432"
"درعة -تافيلالت","ميدلت","آيت يحيى","92","1382","MP","الحو اوشريف","51007"
"درعة -تافيلالت","ميدلت","آيت يحيى","92","1382","MP","خديجة اقبابوش","51061"
"درعة -تافيلالت","ميدلت","آيت يحيى","92","1390","PI","موحى ازكي","34861"
"درعة -تافيلالت","ميدلت","إيتزر","669","10477","PI","جواد حسيني","87109"
"درعة -تافيلالت","ميدلت","إيتزر","669","10470","PI","محمد عماري","67673"
"درعة -تافيلالت","ميدلت","إيتزر","669","10468","PI","محمد التبياوي","87617"
"درعة -تافيلالت","ميدلت","إيتزر","669","10468","PI","كريمة هدى","87679"
"درعة -تافيلالت","ميدلت","إيتزر","669","10472","PI","محمد فقيهي","67591"
"درعة -تافيلالت","ميدلت","إيتزر","669","10474","PI","محمد سراري","38713"
"درعة -تافيلالت","ميدلت","إيتزر","669","10476","RNI","سعيد بن يحيى","17995"
"درعة -تافيلالت","ميدلت","إيتزر","669","10473","RNI","ميلود بوعنان","18076"
"درعة -تافيلالت","ميدلت","إيتزر","669","10473","RNI","شريفة ايت بناصر","18024"
"درعة -تافيلالت","ميدلت","إيتزر","669","10465","RNI","مولاي الحسن قويوش","87473"
"درعة -تافيلالت","ميدلت","إيتزر","669","10465","RNI","فاطمة العيادي","87512"
"درعة -تافيلالت","ميدلت","إيتزر","669","10469","RNI","محمد المعطاوي","67361"
"درعة -تافيلالت","ميدلت","إيتزر","669","10469","RNI","نعيمة فضيلي","67428"
"درعة -تافيلالت","ميدلت","إيتزر","669","10466","RNI","محمد الندي","64184"
"درعة -تافيلالت","ميدلت","إيتزر","669","10467","RNI","علي زروال","73512"
"درعة -تافيلالت","ميدلت","إيتزر","669","10471","RNI","مولاي احفيظ النصيري","87359"
"درعة -تافيلالت","ميدلت","إيتزر","669","10475","PJD","عبد الرحيم الهلالي","11908"
"درعة -تافيلالت","ميدلت","الريش","519","8150","PAM","لحسن اقديم","36329"
"درعة -تافيلالت","ميدلت","الريش","519","8150","PAM","شامة الناصري","35608"
"درعة -تافيلالت","ميدلت","الريش","519","25665","PAM","مصطفى حسيكو","29180"
"درعة -تافيلالت","ميدلت","الريش","519","25664","PAM","زايد الغطاس","29193"
"درعة -تافيلالت","ميدلت","الريش","519","8154","PAM","عدي ايت رهو","85979"
"درعة -تافيلالت","ميدلت","الريش","519","27512","PAM","الحسن اضار","64683"
"درعة -تافيلالت","ميدلت","الريش","519","27512","PAM","فاطمة بدواني","64539"
"درعة -تافيلالت","ميدلت","الريش","519","25661","PAM","اسماعيل ازولاي","64565"
"درعة -تافيلالت","ميدلت","الريش","519","8146","PAM","عبدالعزيز الغراس","65614"
"درعة -تافيلالت","ميدلت","الريش","519","8141","PAM","حسن لبوش","45435"
"درعة -تافيلالت","ميدلت","الريش","519","25660","PAM","خالد اوبها","88198"
"درعة -تافيلالت","ميدلت","الريش","519","8148","PAM","الحسن ميلا","46625"
"درعة -تافيلالت","ميدلت","الريش","519","8149","PPS","محمد امزوزي","29081"
"درعة -تافيلالت","ميدلت","الريش","519","8149","PPS","نجة جبار","29105"
"درعة -تافيلالت","ميدلت","الريش","519","8145","PPS","مصطفى عكاوي","7479"
"درعة -تافيلالت","ميدلت","الريش","519","8147","PPS","عبد الرحمان ساعد","7404"
"درعة -تافيلالت","ميدلت","الريش","519","25662","PPS","محمد احراحرو","64988"
"درعة -تافيلالت","ميدلت","الريش","519","8142","PPS","عسو صبان","6111"
"درعة -تافيلالت","ميدلت","الريش","519","25663","PPS","عبدالله المزود","6065"
"درعة -تافيلالت","ميدلت","الريش","519","8151","PPS","الحسين النافعي","6082"
"درعة -تافيلالت","ميدلت","الريش","519","8143","PPS","محمد تيليوا","6123"
"درعة -تافيلالت","ميدلت","الريش","519","8152","RNI","علي بوتقربين","2891"
"درعة -تافيلالت","ميدلت","الريش","519","8153","RNI","عبدالقادر ازناك","63624"
"درعة -تافيلالت","ميدلت","الريش","519","25659","PJD","علي لعروسي","11858"
"درعة -تافيلالت","ميدلت","الريش","519","27513","PJD","مصطفى بن امغار","37042"
"درعة -تافيلالت","ميدلت","الريش","519","8155","PJD","زائد ايت اوعيشى","65515"
"درعة -تافيلالت","ميدلت","الريش","519","8155","PJD","خديجة اجبير","65419"
"درعة -تافيلالت","ميدلت","الريش","519","25658","PJD","احمد العزوزي","58378"
"درعة -تافيلالت","ميدلت","الريش","519","8144","PJD","مصطفى الشدلي","35685"
"درعة -تافيلالت","ميدلت","النزالة","517","8127","PAM","حميد عباسي","60324"
"درعة -تافيلالت","ميدلت","النزالة","517","8127","PAM","السعدية ملهوني","60482"
"درعة -تافيلالت","ميدلت","النزالة","517","8125","PAM","حسن اصغير","104237"
"درعة -تافيلالت","ميدلت","النزالة","517","8119","PAM","عدي شيبان","72673"
"درعة -تافيلالت","ميدلت","النزالة","517","8119","PAM","يطو باري","72698"
"درعة -تافيلالت","ميدلت","النزالة","517","8123","PAM","الحسين بويدران","8851"
"درعة -تافيلالت","ميدلت","النزالة","517","8122","PAM","الغازي اعكري","72811"
"درعة -تافيلالت","ميدلت","النزالة","517","8124","RNI","زايد وحدو","128615"
"درعة -تافيلالت","ميدلت","النزالة","517","8118","MP","علي زروال","72540"
"درعة -تافيلالت","ميدلت","النزالة","517","8118","MP","بدة موجان","72593"
"درعة -تافيلالت","ميدلت","النزالة","517","8117","MP","موحى باحماد","112932"
"درعة -تافيلالت","ميدلت","النزالة","517","8121","PI","حمو عثماني","103594"
"درعة -تافيلالت","ميدلت","النزالة","517","8121","PI","يطو عثماني","103657"
"درعة -تافيلالت","ميدلت","النزالة","517","8120","PI","ادريس وعلي","72714"
"درعة -تافيلالت","ميدلت","النزالة","517","8126","PJD","لحسن اوباسو","128575"
"درعة -تافيلالت","ميدلت","امزيزل","828","13067","PAM","عسو افرى","77333"
"درعة -تافيلالت","ميدلت","امزيزل","828","13067","PAM","يطو زهناوي","77400"
"درعة -تافيلالت","ميدلت","امزيزل","828","13066","PAM","حسن الهيلالي","76823"
"درعة -تافيلالت","ميدلت","امزيزل","828","13066","PAM","زنو غاني","76864"
"درعة -تافيلالت","ميدلت","امزيزل","828","13069","PAM","محمد بعدان","68139"
"درعة -تافيلالت","ميدلت","امزيزل","828","13063","PAM","مصطفى ايت عبد الله","66787"
"درعة -تافيلالت","ميدلت","امزيزل","828","13063","PAM","فاطمة ارحو","66919"
"درعة -تافيلالت","ميدلت","امزيزل","828","13061","PAM","فاطمة فسكا","66248"
"درعة -تافيلالت","ميدلت","امزيزل","828","13061","PAM","فاطمة بعير","66380"
"درعة -تافيلالت","ميدلت","امزيزل","828","13060","MP","الحو مشاطي","10241"
"درعة -تافيلالت","ميدلت","امزيزل","828","13062","MP","احساين اشبوط","10273"
"درعة -تافيلالت","ميدلت","امزيزل","828","13065","MP","حسن ايت بن يوسف","44757"
"درعة -تافيلالت","ميدلت","امزيزل","828","13070","MP","احساين بودالي","43129"
"درعة -تافيلالت","ميدلت","امزيزل","828","13068","RNI","لحبيب بالحبيب","29254"
"درعة -تافيلالت","ميدلت","امزيزل","828","13064","RNI","محمد مزون","70522"
"درعة -تافيلالت","ميدلت","اوتربات","1073","16877","RNI","باسو اوفعلي","34677"
"درعة -تافيلالت","ميدلت","اوتربات","1073","16871","RNI","موحى افجدار","110375"
"درعة -تافيلالت","ميدلت","اوتربات","1073","16871","RNI","عزيزة مادو","110543"
"درعة -تافيلالت","ميدلت","اوتربات","1073","16875","RNI","سعيد الجامي","92736"
"درعة -تافيلالت","ميدلت","اوتربات","1073","16876","RNI","موحى اودو","49649"
"درعة -تافيلالت","ميدلت","اوتربات","1073","16874","MP","باسو ايت علو","92776"
"درعة -تافيلالت","ميدلت","اوتربات","1073","16874","MP","فاطمة  اوعلو","92816"
"درعة -تافيلالت","ميدلت","اوتربات","1073","16872","MP","كمال جونح","67815"
"درعة -تافيلالت","ميدلت","اوتربات","1073","16873","PJD","زايد اومرغاد","49777"
"درعة -تافيلالت","ميدلت","اوتربات","1073","16873","PJD","هدة ابوسكيد","49878"
"درعة -تافيلالت","ميدلت","اوتربات","1073","16869","PJD","حدو سري","91579"
"درعة -تافيلالت","ميدلت","اوتربات","1073","16869","PJD","رابحة سري","91616"
"درعة -تافيلالت","ميدلت","اوتربات","1073","16870","PJD","احساين اوتعسوت","92872"
"درعة -تافيلالت","ميدلت","اوتربات","1073","16879","PJD","علي لامروش","29238"
"درعة -تافيلالت","ميدلت","اوتربات","1073","16878","PAM","بناصر الباز","13710"
"درعة -تافيلالت","ميدلت","بوازمو","375","5769","PAM","موحى اوسبوح","13677"
"درعة -تافيلالت","ميدلت","بوازمو","375","5769","PAM","عائشة  اوللريح","13691"
"درعة -تافيلالت","ميدلت","بوازمو","375","5775","PAM","عبد العزيز وسعي","4348"
"درعة -تافيلالت","ميدلت","بوازمو","375","5775","PAM","شريفة قاسم","4311"
"درعة -تافيلالت","ميدلت","بوازمو","375","5777","PAM","احساين وسكو","24973"
"درعة -تافيلالت","ميدلت","بوازمو","375","5781","PAM","باسو ابعي","4188"
"درعة -تافيلالت","ميدلت","بوازمو","375","5774","PAM","مولاي  ايت الصوف","4192"
"درعة -تافيلالت","ميدلت","بوازمو","375","5773","PAM","زايد  اوعودة","4134"
"درعة -تافيلالت","ميدلت","بوازمو","375","5778","PAM","موحى  باحو","19656"
"درعة -تافيلالت","ميدلت","بوازمو","375","5776","PAM","سعيد اوعدى","7247"
"درعة -تافيلالت","ميدلت","بوازمو","375","5780","RNI","ارهو  ايت رحو","71060"
"درعة -تافيلالت","ميدلت","بوازمو","375","5780","RNI","رابحة  ايت حمو السو","71095"
"درعة -تافيلالت","ميدلت","بوازمو","375","5779","RNI","احمد اوحناد","93050"
"درعة -تافيلالت","ميدلت","بوازمو","375","5770","RNI","باسو  ايت فتوح","71394"
"درعة -تافيلالت","ميدلت","بوازمو","375","5772","MP","سعيد وسيدي","93133"
"درعة -تافيلالت","ميدلت","بوازمو","375","5772","MP","سعاد  اوسعدني","93156"
"درعة -تافيلالت","ميدلت","بوازمو","375","5771","PPS","موحى  ايت ساين","34512"
"درعة -تافيلالت","ميدلت","بومية","410","6364","RNI","مولاي سعيد الصديقي","42223"
"درعة -تافيلالت","ميدلت","بومية","410","6364","RNI","نعيمة بنعبود","42243"
"درعة -تافيلالت","ميدلت","بومية","410","25647","RNI","محمد الحمزاوي","42377"
"درعة -تافيلالت","ميدلت","بومية","410","25650","RNI","عبد الله موعى","57824"
"درعة -تافيلالت","ميدلت","بومية","410","25651","RNI","اسماعيل ايت علي احمو","57686"
"درعة -تافيلالت","ميدلت","بومية","410","25644","RNI","عسو اوجان","110619"
"درعة -تافيلالت","ميدلت","بومية","410","25649","RNI","مولاي رشيد الدعادعي","45717"
"درعة -تافيلالت","ميدلت","بومية","410","6362","RNI","محمد عسواني","60363"
"درعة -تافيلالت","ميدلت","بومية","410","6366","RNI","عزيز اعلبو","83632"
"درعة -تافيلالت","ميدلت","بومية","410","6365","RNI","صطاف ايبيو","80403"
"درعة -تافيلالت","ميدلت","بومية","410","6368","RNI","مولاي الشريف العزيزي","58530"
"درعة -تافيلالت","ميدلت","بومية","410","6357","PJD","غازي اجان","44182"
"درعة -تافيلالت","ميدلت","بومية","410","6357","PJD","للازبدة بن لامين","44225"
"درعة -تافيلالت","ميدلت","بومية","410","25643","PJD","علي مزوغ","52092"
"درعة -تافيلالت","ميدلت","بومية","410","25643","PJD","فاطمة الترابي","52047"
"درعة -تافيلالت","ميدلت","بومية","410","25648","PJD","سماعيل ايت بوجطو","83157"
"درعة -تافيلالت","ميدلت","بومية","410","6367","PJD","الحسن ايت بن علي","45693"
"درعة -تافيلالت","ميدلت","بومية","410","6360","PJD","محمد بعداوي","58244"
"درعة -تافيلالت","ميدلت","بومية","410","25646","PJD","محمد انصاري","44621"
"درعة -تافيلالت","ميدلت","بومية","410","6361","PJD","حسن نجي","117056"
"درعة -تافيلالت","ميدلت","بومية","410","6356","PJD","عمر ريدوش","58373"
"درعة -تافيلالت","ميدلت","بومية","410","25642","PJD","رشيد ازعوان","42165"
"درعة -تافيلالت","ميدلت","بومية","410","6359","PJD","حوسى ناجي","80477"
"درعة -تافيلالت","ميدلت","بومية","410","6358","PI","سعيد اوخويا","113223"
"درعة -تافيلالت","ميدلت","بومية","410","6358","PI","فظمة بريدو","114290"
"درعة -تافيلالت","ميدلت","بومية","410","6363","PI","محمد مساوي","116051"
"درعة -تافيلالت","ميدلت","بومية","410","25645","PAM","بوعزة مقور","72962"
"درعة -تافيلالت","ميدلت","تنوردي","1380","21745","PI","وعلي العزي","83386"
"درعة -تافيلالت","ميدلت","تنوردي","1380","21745","PI","عزيزة اعمر","83474"
"درعة -تافيلالت","ميدلت","تنوردي","1380","21746","PI","الحسين بوزيان","80426"
"درعة -تافيلالت","ميدلت","تنوردي","1380","21747","PI","لحسن دريسي","90664"
"درعة -تافيلالت","ميدلت","تنوردي","1380","21748","PI","محمد اولواحد","93846"
"درعة -تافيلالت","ميدلت","تنوردي","1380","21748","PI","حنان  ناصف","93741"
"درعة -تافيلالت","ميدلت","تنوردي","1380","21752","PI","اسماعيل اهنو","93274"
"درعة -تافيلالت","ميدلت","تنوردي","1380","21752","PI","عائشة اقبلي","93246"
"درعة -تافيلالت","ميدلت","تنوردي","1380","21750","PI","ميمون الحداوي","80523"
"درعة -تافيلالت","ميدلت","تنوردي","1380","21751","PI","موحى ميلودي","91570"
"درعة -تافيلالت","ميدلت","تنوردي","1380","21742","PI","عبد الرحيم اوخويا","112734"
"درعة -تافيلالت","ميدلت","تنوردي","1380","21744","RNI","محمد  اوعلي","90268"
"درعة -تافيلالت","ميدلت","تنوردي","1380","21749","RNI","مولاي اعلي حسني","84401"
"درعة -تافيلالت","ميدلت","تنوردي","1380","21749","RNI","نعيمة بادي","84702"
"درعة -تافيلالت","ميدلت","تنوردي","1380","21743","PAM","الغازي سيعدي","112381"
"درعة -تافيلالت","ميدلت","تونفيت","1505","23520","RNI","موحا شكري","87183"
"درعة -تافيلالت","ميدلت","تونفيت","1505","23520","RNI","سميرة المحمدي","87285"
"درعة -تافيلالت","ميدلت","تونفيت","1505","23521","RNI","امحمد ابعضوش","73175"
"درعة -تافيلالت","ميدلت","تونفيت","1505","23521","RNI","رابحة زهير","73129"
"درعة -تافيلالت","ميدلت","تونفيت","1505","23519","RNI","محمد غيلاس","44127"
"درعة -تافيلالت","ميدلت","تونفيت","1505","23526","RNI","سعيد اسالم","13644"
"درعة -تافيلالت","ميدلت","تونفيت","1505","23529","RNI","محمد اشاوش","22552"
"درعة -تافيلالت","ميدلت","تونفيت","1505","23528","RNI","موحا اعلا","52307"
"درعة -تافيلالت","ميدلت","تونفيت","1505","23527","RNI","محمد والعروي","52607"
"درعة -تافيلالت","ميدلت","تونفيت","1505","27785","RNI","مولاي امحمد اقرباب","83874"
"درعة -تافيلالت","ميدلت","تونفيت","1505","27785","RNI","حورية زيزي","84135"
"درعة -تافيلالت","ميدلت","تونفيت","1505","27784","RNI","سليم بن سيدي","52375"
"درعة -تافيلالت","ميدلت","تونفيت","1505","27784","RNI","رشيدة ديب","52411"
"درعة -تافيلالت","ميدلت","تونفيت","1505","23523","RNI","محمد احوري","38449"
"درعة -تافيلالت","ميدلت","تونفيت","1505","23522","RNI","الحساين الرعدا","69858"
"درعة -تافيلالت","ميدلت","تونفيت","1505","23530","RNI","سعيد الطاهري","70253"
"درعة -تافيلالت","ميدلت","تونفيت","1505","23525","PPS","المهدي منهو","52275"
"درعة -تافيلالت","ميدلت","تونفيت","1505","23531","PPS","عزيز الشاوش","52174"
"درعة -تافيلالت","ميدلت","تونفيت","1505","23524","PJD","احمد حاجي","22543"
"درعة -تافيلالت","ميدلت","تيزي نغشو","1478","23180","RNI","احماد اقبوش","43316"
"درعة -تافيلالت","ميدلت","تيزي نغشو","1478","23180","RNI","سعدية الحسن","43341"
"درعة -تافيلالت","ميدلت","تيزي نغشو","1478","23176","RNI","رشيد اعيشا","59670"
"درعة -تافيلالت","ميدلت","تيزي نغشو","1478","23176","RNI","خديجة  امساعد","59703"
"درعة -تافيلالت","ميدلت","تيزي نغشو","1478","23179","RNI","الساعيد حاجي","116654"
"درعة -تافيلالت","ميدلت","تيزي نغشو","1478","23183","RNI","حسن يعقوبي","42574"
"درعة -تافيلالت","ميدلت","تيزي نغشو","1478","23184","RNI","حسن عزو","42436"
"درعة -تافيلالت","ميدلت","تيزي نغشو","1478","23184","RNI","يطو  ايت احيزون","42462"
"درعة -تافيلالت","ميدلت","تيزي نغشو","1478","23186","RNI","موحى حدوشان","68645"
"درعة -تافيلالت","ميدلت","تيزي نغشو","1478","23181","RNI","حماد المساوي","58127"
"درعة -تافيلالت","ميدلت","تيزي نغشو","1478","23185","RNI","محمد الغزواني","57883"
"درعة -تافيلالت","ميدلت","تيزي نغشو","1478","23177","RNI","ايوسف اقسو","45742"
"درعة -تافيلالت","ميدلت","تيزي نغشو","1478","23178","PI","محمد عزيز","61084"
"درعة -تافيلالت","ميدلت","تيزي نغشو","1478","23178","PI","يطو باحماد","61016"
"درعة -تافيلالت","ميدلت","تيزي نغشو","1478","23182","PI","رحو بلغازي","58011"
"درعة -تافيلالت","ميدلت","زاوية سيدي حمزة","1528","23897","RNI","موحى أرعمو","20063"
"درعة -تافيلالت","ميدلت","زاوية سيدي حمزة","1528","23897","RNI","رقية اعزو","20072"
"درعة -تافيلالت","ميدلت","زاوية سيدي حمزة","1528","23896","RNI","عسو اوحسن","71907"
"درعة -تافيلالت","ميدلت","زاوية سيدي حمزة","1528","23892","RNI","ابراهيم بوهو","20411"
"درعة -تافيلالت","ميدلت","زاوية سيدي حمزة","1528","23892","RNI","فاطمة لمخير","20416"
"درعة -تافيلالت","ميدلت","زاوية سيدي حمزة","1528","23894","RNI","محمد أياو ","20179"
"درعة -تافيلالت","ميدلت","زاوية سيدي حمزة","1528","23890","RNI","محمد موسف","102888"
"درعة -تافيلالت","ميدلت","زاوية سيدي حمزة","1528","23893","MP","امحمد اوعيسى","35306"
"درعة -تافيلالت","ميدلت","زاوية سيدي حمزة","1528","23893","MP","هدة زاني","35352"
"درعة -تافيلالت","ميدلت","زاوية سيدي حمزة","1528","23895","MP","احماد علا","35476"
"درعة -تافيلالت","ميدلت","زاوية سيدي حمزة","1528","23898","MP","موحى اخويا","71983"
"درعة -تافيلالت","ميدلت","زاوية سيدي حمزة","1528","23891","MP","عبد الله ايت باعلي","35440"
"درعة -تافيلالت","ميدلت","زاوية سيدي حمزة","1528","23900","MP","حمو اوعدي","104001"
"درعة -تافيلالت","ميدلت","زاوية سيدي حمزة","1528","23899","PAM","هرو ابن علا","19408"
"درعة -تافيلالت","ميدلت","زاوية سيدي حمزة","1528","23899","PAM","يطو بوهوتس","19424"
"درعة -تافيلالت","ميدلت","زايدة","1516","23720","RNI","الحسين التواتي","75462"
"درعة -تافيلالت","ميدلت","زايدة","1516","23720","RNI","ماما ابراه","75485"
"درعة -تافيلالت","ميدلت","زايدة","1516","23716","RNI","مولاي هاشم حافظي","75641"
"درعة -تافيلالت","ميدلت","زايدة","1516","23716","RNI","رقية تمر","75683"
"درعة -تافيلالت","ميدلت","زايدة","1516","27786","RNI","علي مريغ","11682"
"درعة -تافيلالت","ميدلت","زايدة","1516","27787","RNI","علي دحمان","22084"
"درعة -تافيلالت","ميدلت","زايدة","1516","23724","RNI","ميمون حتي","22489"
"درعة -تافيلالت","ميدلت","زايدة","1516","23722","RNI","فاطمة شبعتو","79745"
"درعة -تافيلالت","ميدلت","زايدة","1516","23723","RNI","لحسن اورقيع","67133"
"درعة -تافيلالت","ميدلت","زايدة","1516","23718","RNI","جمال ايت حمو","91542"
"درعة -تافيلالت","ميدلت","زايدة","1516","23718","RNI","سميرة ابزانا","91632"
"درعة -تافيلالت","ميدلت","زايدة","1516","23719","RNI","موحى ايت الطالب","76128"
"درعة -تافيلالت","ميدلت","زايدة","1516","23719","RNI","حسناء فاسكى","76171"
"درعة -تافيلالت","ميدلت","زايدة","1516","23725","RNI","حسن  حاجي","75565"
"درعة -تافيلالت","ميدلت","زايدة","1516","23728","RNI","محمد ملالي","45125"
"درعة -تافيلالت","ميدلت","زايدة","1516","23721","RNI","مصطفى شبعتو","90107"
"درعة -تافيلالت","ميدلت","زايدة","1516","23717","RNI","لحسن شعيبي","75604"
"درعة -تافيلالت","ميدلت","زايدة","1516","23727","RNI","محمد اعبيرو","73524"
"درعة -تافيلالت","ميدلت","زايدة","1516","23726","RNI","ادريس زتيم","45165"
"درعة -تافيلالت","ميدلت","سيدي عياد","1147","18168","MP","زايد كبيري","20226"
"درعة -تافيلالت","ميدلت","سيدي عياد","1147","18168","MP","فاطمة منهو","20263"
"درعة -تافيلالت","ميدلت","سيدي عياد","1147","18169","MP","مبارك واسولي","35515"
"درعة -تافيلالت","ميدلت","سيدي عياد","1147","18161","MP","الحسن بلامين","20311"
"درعة -تافيلالت","ميدلت","سيدي عياد","1147","18161","MP","فاطمة بنحلا","20324"
"درعة -تافيلالت","ميدلت","سيدي عياد","1147","18162","MP","احمد صبان","8814"
"درعة -تافيلالت","ميدلت","سيدي عياد","1147","18163","MP","علي صبار","8827"
"درعة -تافيلالت","ميدلت","سيدي عياد","1147","18164","MP","الامين  طيبي علوي","128027"
"درعة -تافيلالت","ميدلت","سيدي عياد","1147","18167","MP","محمد زازا","65727"
"درعة -تافيلالت","ميدلت","سيدي عياد","1147","18165","RNI","المصطفى بوحيدة","59626"
"درعة -تافيلالت","ميدلت","سيدي عياد","1147","18171","RNI","سعيد جربوعي","128973"
"درعة -تافيلالت","ميدلت","سيدي عياد","1147","18170","PAM","حمو عزي","101259"
"درعة -تافيلالت","ميدلت","سيدي عياد","1147","18170","PAM","حسناء شنا","101364"
"درعة -تافيلالت","ميدلت","سيدي عياد","1147","27645","PI","حسن  بعلو ","35559"
"درعة -تافيلالت","ميدلت","سيدي عياد","1147","27644","MDS","محمد أعبوش","20247"
"درعة -تافيلالت","ميدلت","سيدي عياد","1147","27644","MDS","حادة اهرا","20254"
"درعة -تافيلالت","ميدلت","سيدي عياد","1147","18166","PRD","موحى وعلا","103886"
"درعة -تافيلالت","ميدلت","سيدي يحيى أيوسف","1280","20254","RNI","احمد اعدي","22607"
"درعة -تافيلالت","ميدلت","سيدي يحيى أيوسف","1280","20254","RNI","رابحة ماشو","22601"
"درعة -تافيلالت","ميدلت","سيدي يحيى أيوسف","1280","20253","RNI","علي اعدي","22618"
"درعة -تافيلالت","ميدلت","سيدي يحيى أيوسف","1280","20253","RNI","فاضمة اعدي","22622"
"درعة -تافيلالت","ميدلت","سيدي يحيى أيوسف","1280","20255","RNI","علي اجبور","22595"
"درعة -تافيلالت","ميدلت","سيدي يحيى أيوسف","1280","20255","RNI","زينبة ايت عزيز","22572"
"درعة -تافيلالت","ميدلت","سيدي يحيى أيوسف","1280","20256","RNI","محمد سموح","22565"
"درعة -تافيلالت","ميدلت","سيدي يحيى أيوسف","1280","20252","RNI","موحا بن يحيا","13632"
"درعة -تافيلالت","ميدلت","سيدي يحيى أيوسف","1280","20251","RNI","علي اعرفة","13615"
"درعة -تافيلالت","ميدلت","سيدي يحيى أيوسف","1280","20247","MP","لحسن اعبد السلام","69579"
"درعة -تافيلالت","ميدلت","سيدي يحيى أيوسف","1280","20247","MP","عائشة اسعيد","69617"
"درعة -تافيلالت","ميدلت","سيدي يحيى أيوسف","1280","20248","MP","محمد محروشة","52810"
"درعة -تافيلالت","ميدلت","سيدي يحيى أيوسف","1280","20246","MP","مولاي الساعيد  القرطبي","113236"
"درعة -تافيلالت","ميدلت","سيدي يحيى أيوسف","1280","20249","MP","ابراهيم القرطبي","115577"
"درعة -تافيلالت","ميدلت","سيدي يحيى أيوسف","1280","20250","MP","امحمد ايت الحاج","52672"
"درعة -تافيلالت","ميدلت","كرامة","570","8979","MP","سعيد اعبوش","46774"
"درعة -تافيلالت","ميدلت","كرامة","570","8979","MP","نعيمة احدجي","46796"
"درعة -تافيلالت","ميدلت","كرامة","570","8977","MP","ادريس اسبان","46717"
"درعة -تافيلالت","ميدلت","كرامة","570","8977","MP","مونية سوبان","46736"
"درعة -تافيلالت","ميدلت","كرامة","570","8982","MP","علي مرشيش","57702"
"درعة -تافيلالت","ميدلت","كرامة","570","8981","MP","امبارك خروز","104704"
"درعة -تافيلالت","ميدلت","كرامة","570","8978","RNI","عزيز فالح","12066"
"درعة -تافيلالت","ميدلت","كرامة","570","8978","RNI","زنو ارزيك","12087"
"درعة -تافيلالت","ميدلت","كرامة","570","8980","RNI","يدير اقباس","28348"
"درعة -تافيلالت","ميدلت","كرامة","570","8980","RNI","رقية  اوالعساس ","28354"
"درعة -تافيلالت","ميدلت","كرامة","570","8986","RNI","محمد اوعزوزو","7630"
"درعة -تافيلالت","ميدلت","كرامة","570","8987","RNI","حسين اوبجا","2317"
"درعة -تافيلالت","ميدلت","كرامة","570","25676","RNI","لحسن اوبخا","49121"
"درعة -تافيلالت","ميدلت","كرامة","570","25677","PJD","محمد بورع","47444"
"درعة -تافيلالت","ميدلت","كرامة","570","8983","PJD","مصطفى   زروال","49194"
"درعة -تافيلالت","ميدلت","كرامة","570","8985","PI","مولاي علي ابراهيمي","10222"
"درعة -تافيلالت","ميدلت","كرامة","570","8984","PI","عبد العزيز زنكوار","39062"
"درعة -تافيلالت","ميدلت","كرامة","570","8988","PI","محمد منصيص","39023"
"درعة -تافيلالت","ميدلت","كرامة","570","8976","PAM","رشيد اصبيح","85991"
"درعة -تافيلالت","ميدلت","كرس تعلالين","576","9078","PAM","عسو بستوت","76627"
"درعة -تافيلالت","ميدلت","كرس تعلالين","576","9078","PAM","حادة مسروحي","76652"
"درعة -تافيلالت","ميدلت","كرس تعلالين","576","9084","PAM","عزيز ايت رهو","88970"
"درعة -تافيلالت","ميدلت","كرس تعلالين","576","9084","PAM","فاطمة ابيوش","89062"
"درعة -تافيلالت","ميدلت","كرس تعلالين","576","9083","PAM","علي اشبرو","34981"
"درعة -تافيلالت","ميدلت","كرس تعلالين","576","9082","PAM","محمد زيزي","50628"
"درعة -تافيلالت","ميدلت","كرس تعلالين","576","9085","PAM","محمد ايت رهو","88451"
"درعة -تافيلالت","ميدلت","كرس تعلالين","576","9085","PAM","بدة واحو","88386"
"درعة -تافيلالت","ميدلت","كرس تعلالين","576","27516","PAM","عدي اتبانت","88158"
"درعة -تافيلالت","ميدلت","كرس تعلالين","576","27516","PAM","يامنة فرصى","89226"
"درعة -تافيلالت","ميدلت","كرس تعلالين","576","9079","PAM","التهامي بن عدو","77026"
"درعة -تافيلالت","ميدلت","كرس تعلالين","576","9086","PAM","محمد زدكي","88913"
"درعة -تافيلالت","ميدلت","كرس تعلالين","576","9089","PAM","موحى المامون","97743"
"درعة -تافيلالت","ميدلت","كرس تعلالين","576","9080","PAM","الحو طاولي","77137"
"درعة -تافيلالت","ميدلت","كرس تعلالين","576","9090","PAM","محمد بنيكن","67512"
"درعة -تافيلالت","ميدلت","كرس تعلالين","576","27517","PAM","حمو وعياش","70855"
"درعة -تافيلالت","ميدلت","كرس تعلالين","576","9087","PAM","يوسف ازعني","67464"
"درعة -تافيلالت","ميدلت","كرس تعلالين","576","9088","RNI","يوسف نور الدين","88564"
"درعة -تافيلالت","ميدلت","كرس تعلالين","576","9081","PPS","رشيد  اينو","97915"
"درعة -تافيلالت","ميدلت","كير","579","9132","PAM","موحى بوكعبة","29494"
"درعة -تافيلالت","ميدلت","كير","579","9132","PAM","فاطمة مزان","29798"
"درعة -تافيلالت","ميدلت","كير","579","9129","PAM","عزيز بويفران","68500"
"درعة -تافيلالت","ميدلت","كير","579","9129","PAM","رقية اوخرسى","68425"
"درعة -تافيلالت","ميدلت","كير","579","9139","PAM","لحسن اردال","49273"
"درعة -تافيلالت","ميدلت","كير","579","9138","PAM","الحسن تنزارين","29468"
"درعة -تافيلالت","ميدلت","كير","579","9138","PAM","رابحة اوفركان","29449"
"درعة -تافيلالت","ميدلت","كير","579","9135","PAM","حسان اعزوز","35156"
"درعة -تافيلالت","ميدلت","كير","579","9133","RNI","مصطفى عشير","67140"
"درعة -تافيلالت","ميدلت","كير","579","9133","RNI","امباركة كتو","67091"
"درعة -تافيلالت","ميدلت","كير","579","9136","RNI","محمد قسو","105121"
"درعة -تافيلالت","ميدلت","كير","579","9134","PJD","محمد بن اعمر","80128"
"درعة -تافيلالت","ميدلت","كير","579","9131","PJD","مبارك راكو","67051"
"درعة -تافيلالت","ميدلت","كير","579","9130","MP","مولاي العربي حميد","57876"
"درعة -تافيلالت","ميدلت","كير","579","9137","PPS","يوسف الحاجي","42953"
"درعة -تافيلالت","ميدلت","ميبلادن","878","13861","RNI","لحسن حمان","79317"
"درعة -تافيلالت","ميدلت","ميبلادن","878","13861","RNI","ربيعة الصويري","79354"
"درعة -تافيلالت","ميدلت","ميبلادن","878","13866","RNI","محمد ايخلف","112549"
"درعة -تافيلالت","ميدلت","ميبلادن","878","13858","RNI","موحى بن علي جغريد","70637"
"درعة -تافيلالت","ميدلت","ميبلادن","878","13858","RNI","يامنة ابن احساين","70703"
"درعة -تافيلالت","ميدلت","ميبلادن","878","13863","RNI","مولود ازولي","112635"
"درعة -تافيلالت","ميدلت","ميبلادن","878","13862","RNI","عبد القادر بوعريشة","78905"
"درعة -تافيلالت","ميدلت","ميبلادن","878","13862","RNI","السعدية اومردوخ","79104"
"درعة -تافيلالت","ميدلت","ميبلادن","878","13860","RNI","عادل حسان","112045"
"درعة -تافيلالت","ميدلت","ميبلادن","878","13867","RNI","امبارك اولاد دحمان","112776"
"درعة -تافيلالت","ميدلت","ميبلادن","878","13864","PI","عسو استي","79230"
"درعة -تافيلالت","ميدلت","ميبلادن","878","13864","PI","بدة اوماعسو","79256"
"درعة -تافيلالت","ميدلت","ميبلادن","878","13865","PI","احسين تهضو","48380"
"درعة -تافيلالت","ميدلت","ميبلادن","878","13868","PI","موحى ايت تدكالت","45193"
"درعة -تافيلالت","ميدلت","ميبلادن","878","13859","USFP","ميلودة اومني","111874"
"درعة -تافيلالت","ميدلت","ميدلت","880","25097","PI","رشيد عدنان","103052"
"درعة -تافيلالت","ميدلت","ميدلت","880","25097","PI","ابتسام طارق","105729"
"درعة -تافيلالت","ميدلت","ميدلت","880","25097","PI","مصطفى عطى","103259"
"درعة -تافيلالت","ميدلت","ميدلت","880","25097","PI","حنان حسني علوي","105763"
"درعة -تافيلالت","ميدلت","ميدلت","880","25097","PI","لكبير مسراري","103460"
"درعة -تافيلالت","ميدلت","ميدلت","880","25097","PI","الحسين اتبوبشت","103612"
"درعة -تافيلالت","ميدلت","ميدلت","880","25097","PI","مولاي عبد الله مصدق","103760"
"درعة -تافيلالت","ميدلت","ميدلت","880","25097","PI","حسان خردي","103855"
"درعة -تافيلالت","ميدلت","ميدلت","880","25097","PI","محمد شوفقي","103960"
"درعة -تافيلالت","ميدلت","ميدلت","880","25097","PI","بوعزة اسموني","104063"
"درعة -تافيلالت","ميدلت","ميدلت","880","25097","PI","احمد بويردن","104155"
"درعة -تافيلالت","ميدلت","ميدلت","880","25097","PI","منير بودكيك","104253"
"درعة -تافيلالت","ميدلت","ميدلت","880","25097","PJD","مولاي عبد العزيز الفاضلي","3021"
"درعة -تافيلالت","ميدلت","ميدلت","880","25097","PJD","عزيزة القندوسي","3100"
"درعة -تافيلالت","ميدلت","ميدلت","880","25097","PJD","عبد المولى ابن طويل","3063"
"درعة -تافيلالت","ميدلت","ميدلت","880","25097","PJD","الجيلالي كزاوي","3126"
"درعة -تافيلالت","ميدلت","ميدلت","880","25097","PJD","محمد الادريسي","3151"
"درعة -تافيلالت","ميدلت","ميدلت","880","25097","PJD","محمد امزيل","3186"
"درعة -تافيلالت","ميدلت","ميدلت","880","25097","PJD","بوشرى اولكوش","3206"
"درعة -تافيلالت","ميدلت","ميدلت","880","25097","PJD","سعيد سليماني","3324"
"درعة -تافيلالت","ميدلت","ميدلت","880","25097","PJD","احمد لبيب","3318"
"درعة -تافيلالت","ميدلت","ميدلت","880","25097","RNI","عبد العزيز ويزى","108627"
"درعة -تافيلالت","ميدلت","ميدلت","880","25097","RNI","رشيدة  اليف ","112546"
"درعة -تافيلالت","ميدلت","ميدلت","880","25097","RNI","اكبري الحور","108754"
"درعة -تافيلالت","ميدلت","ميدلت","880","25097","RNI","مولاي علي اواليمي","108897"
"درعة -تافيلالت","ميدلت","ميدلت","880","25097","RNI","مولاي ابراهيم الكبير","109050"
"درعة -تافيلالت","ميدلت","ميدلت","880","25097","PAM","حسن ابطوي","36741"
"درعة -تافيلالت","ميدلت","ميدلت","880","25097","PAM","سميرة زريوش","36405"
"درعة -تافيلالت","ميدلت","ميدلت","880","25097","PAM","رشيد طيبي علوي","36803"
"درعة -تافيلالت","ميدلت","ميدلت","880","25097","PAM","ادريس ايت العيدي","36861"
"درعة -تافيلالت","ميدلت","ميدلت","880","25097","PAM","فاطمة حنافي","37028"
"درعة -تافيلالت","ميدلت","ميدلت","880","25097","PPS","مولاي عبد العزيز الحران","103394"
"درعة -تافيلالت","ميدلت","ميدلت","880","25097","PPS","سهام قسو","112833"
"درعة -تافيلالت","ميدلت","ميدلت","880","25097","PPS","محمد  ابو القاسم ","103572"
"درعة -تافيلالت","ميدلت","ميدلت","880","25097","PPS","يونس الصبري","103705"
"درعة -تافيلالت","ورزازات","إمي نولاون","638","10036","RNI","يوسف عزيزي","12541"
"درعة -تافيلالت","ورزازات","إمي نولاون","638","10036","RNI","تلكماس العنبر","12505"
"درعة -تافيلالت","ورزازات","إمي نولاون","638","10023","RNI","المختار  الباز","3764"
"درعة -تافيلالت","ورزازات","إمي نولاون","638","10026","RNI","محمد اعفير","109986"
"درعة -تافيلالت","ورزازات","إمي نولاون","638","10024","RNI","عزيز حيمي","88334"
"درعة -تافيلالت","ورزازات","إمي نولاون","638","10028","RNI","ابراهيم زاهير","1176"
"درعة -تافيلالت","ورزازات","إمي نولاون","638","10027","RNI","محمد جداح","37091"
"درعة -تافيلالت","ورزازات","إمي نولاون","638","10030","RNI","الحسين المختاري","3129"
"درعة -تافيلالت","ورزازات","إمي نولاون","638","10022","RNI","جمال زاعكور","88257"
"درعة -تافيلالت","ورزازات","إمي نولاون","638","10025","RNI","الحسن كرزي","88396"
"درعة -تافيلالت","ورزازات","إمي نولاون","638","10020","RNI","محمد  امزيل","28552"
"درعة -تافيلالت","ورزازات","إمي نولاون","638","10035","RNI","امحمد قاسي","11579"
"درعة -تافيلالت","ورزازات","إمي نولاون","638","10037","RNI","محمد بن اشو","88765"
"درعة -تافيلالت","ورزازات","إمي نولاون","638","10029","PJD","الحسين  المعين","24715"
"درعة -تافيلالت","ورزازات","إمي نولاون","638","10029","PJD","لطيفة اوجامع","24750"
"درعة -تافيلالت","ورزازات","إمي نولاون","638","10042","PJD","محمد امزور","88994"
"درعة -تافيلالت","ورزازات","إمي نولاون","638","10034","PJD","الحسن اخنداف","50223"
"درعة -تافيلالت","ورزازات","إمي نولاون","638","10021","PJD","محمد مغضاوي","68690"
"درعة -تافيلالت","ورزازات","إمي نولاون","638","10032","PJD","عبد الله اسيف","18844"
"درعة -تافيلالت","ورزازات","إمي نولاون","638","10031","PJD","عبد الله المعتوقي","24774"
"درعة -تافيلالت","ورزازات","إمي نولاون","638","10033","PJD","عبد الرحمن مضل","3106"
"درعة -تافيلالت","ورزازات","إمي نولاون","638","10039","MP","ابراهيم يوس","25653"
"درعة -تافيلالت","ورزازات","إمي نولاون","638","10039","MP","فانة يوس","24860"
"درعة -تافيلالت","ورزازات","إمي نولاون","638","10038","MP","محمد حسيني","37325"
"درعة -تافيلالت","ورزازات","إمي نولاون","638","10040","MP","صالح قزيز","37391"
"درعة -تافيلالت","ورزازات","إمي نولاون","638","10041","PAM","محمد بعدي","68105"
"درعة -تافيلالت","ورزازات","إمي نولاون","638","10041","PAM","فانة قرضيض","68161"
"درعة -تافيلالت","ورزازات","آيت  زينب","169","2429","MP","حجوب باش","27474"
"درعة -تافيلالت","ورزازات","آيت  زينب","169","2429","MP","نورة الكشير","27632"
"درعة -تافيلالت","ورزازات","آيت  زينب","169","2426","MP","محمد ازنتو","24088"
"درعة -تافيلالت","ورزازات","آيت  زينب","169","2424","MP","الحسن ازكي","84615"
"درعة -تافيلالت","ورزازات","آيت  زينب","169","2424","MP","مجيدة حموشي","84733"
"درعة -تافيلالت","ورزازات","آيت  زينب","169","2422","MP","احمد اقشي","28620"
"درعة -تافيلالت","ورزازات","آيت  زينب","169","2428","MP","علي امكارو","6915"
"درعة -تافيلالت","ورزازات","آيت  زينب","169","2427","MP","الحسن بوخشين","24306"
"درعة -تافيلالت","ورزازات","آيت  زينب","169","2431","MP","الحسن بوخش","24220"
"درعة -تافيلالت","ورزازات","آيت  زينب","169","2421","MP","محمد ايكن","62385"
"درعة -تافيلالت","ورزازات","آيت  زينب","169","2430","MP","محمد زابو","24285"
"درعة -تافيلالت","ورزازات","آيت  زينب","169","2433","PPS","محمد  ايت بن حمدوش ","65348"
"درعة -تافيلالت","ورزازات","آيت  زينب","169","2433","PPS","تودة بطوش","66391"
"درعة -تافيلالت","ورزازات","آيت  زينب","169","2425","PPS","علي جناج","66634"
"درعة -تافيلالت","ورزازات","آيت  زينب","169","2423","PPS","ادريس زينبي","66775"
"درعة -تافيلالت","ورزازات","آيت  زينب","169","2432","PPS","عبد الرحمان بحيد","100953"
"درعة -تافيلالت","ورزازات","آيت  زينب","169","2432","PPS","لطيفة باركى","100849"
"درعة -تافيلالت","ورزازات","ادلسان","616","9715","PJD","محمد قريس","23614"
"درعة -تافيلالت","ورزازات","ادلسان","616","9715","PJD","فوزية اكناو","23673"
"درعة -تافيلالت","ورزازات","ادلسان","616","9718","PJD","مولود بوزيدي","34621"
"درعة -تافيلالت","ورزازات","ادلسان","616","9718","PJD","فوزية اسماعيلي","34663"
"درعة -تافيلالت","ورزازات","ادلسان","616","9725","PJD","عبداللطيف بوتمير","3573"
"درعة -تافيلالت","ورزازات","ادلسان","616","9720","PJD","محمد بن مرو","10881"
"درعة -تافيلالت","ورزازات","ادلسان","616","9724","PPS","عبد القادر الهلالي","3475"
"درعة -تافيلالت","ورزازات","ادلسان","616","9714","PPS","عبد العزيز اعسيلة","34887"
"درعة -تافيلالت","ورزازات","ادلسان","616","9714","PPS","امل سوهال","34853"
"درعة -تافيلالت","ورزازات","ادلسان","616","9723","PPS","عبد الصادق سطيح","9740"
"درعة -تافيلالت","ورزازات","ادلسان","616","9717","PPS","محمد بابلال","33037"
"درعة -تافيلالت","ورزازات","ادلسان","616","9726","PPS","عزيز البياز","3456"
"درعة -تافيلالت","ورزازات","ادلسان","616","9716","MP","محمد كلي","70046"
"درعة -تافيلالت","ورزازات","ادلسان","616","9716","MP","عائشة بوزين","70007"
"درعة -تافيلالت","ورزازات","ادلسان","616","9722","MP","الحسين العمراني","69917"
"درعة -تافيلالت","ورزازات","ادلسان","616","9721","MP","ادريس الحسناوي","69968"
"درعة -تافيلالت","ورزازات","ادلسان","616","9719","FFD","لحسن خي","85576"
"درعة -تافيلالت","ورزازات","ازناكن","671","10491","PJD","عبدالرحمن غرغوز","28680"
"درعة -تافيلالت","ورزازات","ازناكن","671","10491","PJD","خديجة سمايو","29242"
"درعة -تافيلالت","ورزازات","ازناكن","671","10489","PJD","عبد الله مومن","25003"
"درعة -تافيلالت","ورزازات","ازناكن","671","10499","PJD","عبد الرحمان بركة","8906"
"درعة -تافيلالت","ورزازات","ازناكن","671","10499","PJD","خديجة اد علي الحسن","8914"
"درعة -تافيلالت","ورزازات","ازناكن","671","10493","PJD","محمد ادونزال","19462"
"درعة -تافيلالت","ورزازات","ازناكن","671","10496","PJD","عبد الرحمان الصغير","50406"
"درعة -تافيلالت","ورزازات","ازناكن","671","10500","PJD","لحسن تمزوغت","45022"
"درعة -تافيلالت","ورزازات","ازناكن","671","10500","PJD","فاطمة ككوش","12068"
"درعة -تافيلالت","ورزازات","ازناكن","671","10501","PJD","ادريس اباطالب","19691"
"درعة -تافيلالت","ورزازات","ازناكن","671","10492","MP","محمد جواب","107180"
"درعة -تافيلالت","ورزازات","ازناكن","671","10498","MP","محمد الزلماضي","81311"
"درعة -تافيلالت","ورزازات","ازناكن","671","10497","MP","محمد فدادي","100509"
"درعة -تافيلالت","ورزازات","ازناكن","671","10497","MP","عائشة بقسو","100745"
"درعة -تافيلالت","ورزازات","ازناكن","671","10495","MP","الحسن ارماش","100194"
"درعة -تافيلالت","ورزازات","ازناكن","671","10490","RNI","عبد الحكيم سعد الله","48144"
"درعة -تافيلالت","ورزازات","ازناكن","671","10494","PI","عمار مولاي","12128"
"درعة -تافيلالت","ورزازات","اغرم نوكدال","624","9843","MP","حفيظ مركوك","68575"
"درعة -تافيلالت","ورزازات","اغرم نوكدال","624","9835","MP","الحسن اغري","17299"
"درعة -تافيلالت","ورزازات","اغرم نوكدال","624","9847","MP","محمد البوبكري","17375"
"درعة -تافيلالت","ورزازات","اغرم نوكدال","624","9838","MP","عبد الرحمان وامران","26920"
"درعة -تافيلالت","ورزازات","اغرم نوكدال","624","9842","MP","محمد الوركي","47217"
"درعة -تافيلالت","ورزازات","اغرم نوكدال","624","9845","MP","ابراهيم الطالبي","46910"
"درعة -تافيلالت","ورزازات","اغرم نوكدال","624","9839","MP","احمد مزوز","32433"
"درعة -تافيلالت","ورزازات","اغرم نوكدال","624","9848","MP","محمد  بوتشاو ى","44707"
"درعة -تافيلالت","ورزازات","اغرم نوكدال","624","9846","MP","مصطفى تفرززت","29465"
"درعة -تافيلالت","ورزازات","اغرم نوكدال","624","9836","MP","عبد الجليل اغمور","29079"
"درعة -تافيلالت","ورزازات","اغرم نوكدال","624","9836","MP","بية بوزلماض","29130"
"درعة -تافيلالت","ورزازات","اغرم نوكدال","624","9841","PJD","عبدالله كورتي","68205"
"درعة -تافيلالت","ورزازات","اغرم نوكدال","624","9841","PJD","فاطمة بعلاه","68462"
"درعة -تافيلالت","ورزازات","اغرم نوكدال","624","9837","PJD","محمد الزويني","47664"
"درعة -تافيلالت","ورزازات","اغرم نوكدال","624","9844","PPS","اولعيد امدجار","64314"
"درعة -تافيلالت","ورزازات","اغرم نوكدال","624","9844","PPS","نعيمة امرلي","63902"
"درعة -تافيلالت","ورزازات","اغرم نوكدال","624","9840","PPS","محمد العطار","64586"
"درعة -تافيلالت","ورزازات","اغرم نوكدال","624","9840","PPS","خديجة كزوم","64672"
"درعة -تافيلالت","ورزازات","اغرم نوكدال","624","9834","RNI","علي زخوخ","42456"
"درعة -تافيلالت","ورزازات","امرزكان","201","2966","MP","عبد الرحمن ازيك","120355"
"درعة -تافيلالت","ورزازات","امرزكان","201","2966","MP","الزهرة بوحسين","73786"
"درعة -تافيلالت","ورزازات","امرزكان","201","2962","MP","احمد لماوي","97962"
"درعة -تافيلالت","ورزازات","امرزكان","201","2965","MP","محمد بامو","83827"
"درعة -تافيلالت","ورزازات","امرزكان","201","2965","MP","فاضمة شوم","83897"
"درعة -تافيلالت","ورزازات","امرزكان","201","2960","MP","محمد زيد","84406"
"درعة -تافيلالت","ورزازات","امرزكان","201","2969","MP","لحسن ارخسيسن","119768"
"درعة -تافيلالت","ورزازات","امرزكان","201","2963","MP","محند امركول","10888"
"درعة -تافيلالت","ورزازات","امرزكان","201","2958","MP","محمد جعفري","6665"
"درعة -تافيلالت","ورزازات","امرزكان","201","2968","MP","لحسن ايت حسي","84122"
"درعة -تافيلالت","ورزازات","امرزكان","201","2957","PPS","لحسن بعلا","47920"
"درعة -تافيلالت","ورزازات","امرزكان","201","2957","PPS","سميرة شيب","48800"
"درعة -تافيلالت","ورزازات","امرزكان","201","2964","PPS","عبد الله ادرحو","65108"
"درعة -تافيلالت","ورزازات","امرزكان","201","2961","PPS","عبد الله القدوسي","3349"
"درعة -تافيلالت","ورزازات","امرزكان","201","2959","PJD","عيسى اكلاو","35059"
"درعة -تافيلالت","ورزازات","امرزكان","201","2959","PJD"," مريم جمالي","35118"
"درعة -تافيلالت","ورزازات","امرزكان","201","2967","PAM","محمد اودرى","99130"
"درعة -تافيلالت","ورزازات","تازناخت","1412","22244","PI","احمد بنسعو","43235"
"درعة -تافيلالت","ورزازات","تازناخت","1412","22244","PI","حبيبة اهضيض","43269"
"درعة -تافيلالت","ورزازات","تازناخت","1412","22236","PI","الحسين بوحسيني","9978"
"درعة -تافيلالت","ورزازات","تازناخت","1412","22238","PI","محمد اكنوز","15484"
"درعة -تافيلالت","ورزازات","تازناخت","1412","22242","PPS","عبد الرحمان باسول","11311"
"درعة -تافيلالت","ورزازات","تازناخت","1412","22242","PPS","سعاد ايت بلعيد","11362"
"درعة -تافيلالت","ورزازات","تازناخت","1412","22235","PPS","محمد ايت اليزيد","27229"
"درعة -تافيلالت","ورزازات","تازناخت","1412","22243","PPS","نور الدين اغزان","64487"
"درعة -تافيلالت","ورزازات","تازناخت","1412","22243","PPS","غيثة جدي","64617"
"درعة -تافيلالت","ورزازات","تازناخت","1412","22237","PPS","الحسين باحسي","65549"
"درعة -تافيلالت","ورزازات","تازناخت","1412","22234","RNI","عمر بلقعد","78017"
"درعة -تافيلالت","ورزازات","تازناخت","1412","22234","RNI","فضمة ايت سعيد","78078"
"درعة -تافيلالت","ورزازات","تازناخت","1412","22241","RNI","محمد دودي","17083"
"درعة -تافيلالت","ورزازات","تازناخت","1412","22239","PJD","محمد منصوري","35028"
"درعة -تافيلالت","ورزازات","تازناخت","1412","22240","PJD","محمد ايت القاضي","9910"
"درعة -تافيلالت","ورزازات","ترميكت","1394","21944","PJD","عبد العزيز المكي الناصري","24569"
"درعة -تافيلالت","ورزازات","ترميكت","1394","21944","PJD","زهرة اكني","26046"
"درعة -تافيلالت","ورزازات","ترميكت","1394","21944","PJD","عبد الكبير امزلان","24589"
"درعة -تافيلالت","ورزازات","ترميكت","1394","21944","PJD","مليكة بلغال","26054"
"درعة -تافيلالت","ورزازات","ترميكت","1394","21944","PJD","ايدار بلغال","24603"
"درعة -تافيلالت","ورزازات","ترميكت","1394","21944","PJD","عبد الرحمان ايت بودي","24618"
"درعة -تافيلالت","ورزازات","ترميكت","1394","21944","PJD","اعلي ومكال","24645"
"درعة -تافيلالت","ورزازات","ترميكت","1394","21944","PJD","محمد اكنساد","25139"
"درعة -تافيلالت","ورزازات","ترميكت","1394","21944","MP","محمد والحرور","36320"
"درعة -تافيلالت","ورزازات","ترميكت","1394","21944","MP","امنة عزيزي","37450"
"درعة -تافيلالت","ورزازات","ترميكت","1394","21944","MP","كريم حميدي","36363"
"درعة -تافيلالت","ورزازات","ترميكت","1394","21944","MP"," فاطمة الزهراء زلميمي","37481"
"درعة -تافيلالت","ورزازات","ترميكت","1394","21944","MP","محمد زلميمي","36400"
"درعة -تافيلالت","ورزازات","ترميكت","1394","21944","MP","عبد الله باحمد","36434"
"درعة -تافيلالت","ورزازات","ترميكت","1394","21944","MP","ابراهيم العمراني","36492"
"درعة -تافيلالت","ورزازات","ترميكت","1394","21944","MP","اسماعيل الوعرابي","36532"
"درعة -تافيلالت","ورزازات","ترميكت","1394","21944","PPS","عبد الله حنتي","69471"
"درعة -تافيلالت","ورزازات","ترميكت","1394","21944","PPS","رشيدة بلرعام","69740"
"درعة -تافيلالت","ورزازات","ترميكت","1394","21944","PPS","محمد بنجري","69827"
"درعة -تافيلالت","ورزازات","ترميكت","1394","21944","PPS","الصديق ديكر","69914"
"درعة -تافيلالت","ورزازات","ترميكت","1394","21944","PPS","ايوب الجوهري","69959"
"درعة -تافيلالت","ورزازات","ترميكت","1394","21944","PI","عبد الله ودادن","89916"
"درعة -تافيلالت","ورزازات","ترميكت","1394","21944","PI","فريدة ايت المدان","90239"
"درعة -تافيلالت","ورزازات","ترميكت","1394","21944","PI","عبد الرزاق بورزيق","90021"
"درعة -تافيلالت","ورزازات","ترميكت","1394","21944","PI","ابراهيم موكي","90339"
"درعة -تافيلالت","ورزازات","ترميكت","1394","21944","RNI","احماد الزاهدي","51117"
"درعة -تافيلالت","ورزازات","ترميكت","1394","21944","RNI","محمد الغازي","51365"
"درعة -تافيلالت","ورزازات","ترميكت","1394","21944","UC","عبد الجليل المرابط","66205"
"درعة -تافيلالت","ورزازات","ترميكت","1394","21944","UC","سعيد سوسو","66276"
"درعة -تافيلالت","ورزازات","تلوات","1416","22279","PPS","ابراهيم بركوك","15810"
"درعة -تافيلالت","ورزازات","تلوات","1416","22279","PPS","مينة جناح","15820"
"درعة -تافيلالت","ورزازات","تلوات","1416","22289","PPS","احمد ايت جماع","35856"
"درعة -تافيلالت","ورزازات","تلوات","1416","22289","PPS","خديجة اغزو","35949"
"درعة -تافيلالت","ورزازات","تلوات","1416","22282","PPS","محمد اغجدام","5514"
"درعة -تافيلالت","ورزازات","تلوات","1416","22284","PPS","محمد افيلال","2655"
"درعة -تافيلالت","ورزازات","تلوات","1416","22280","PPS","عبدالكريم الساخي","6155"
"درعة -تافيلالت","ورزازات","تلوات","1416","22285","PPS","محمد ايت علي امنصور","11571"
"درعة -تافيلالت","ورزازات","تلوات","1416","22291","PPS","لحسن الشروق","6011"
"درعة -تافيلالت","ورزازات","تلوات","1416","22278","MP","احمد بوخساس","5733"
"درعة -تافيلالت","ورزازات","تلوات","1416","22278","MP","رقية اوتزلاكن","5766"
"درعة -تافيلالت","ورزازات","تلوات","1416","22281","MP","عمار اشحلال","5550"
"درعة -تافيلالت","ورزازات","تلوات","1416","22281","MP","سعدية بادو","5561"
"درعة -تافيلالت","ورزازات","تلوات","1416","22288","MP","رشيد لحسين","48886"
"درعة -تافيلالت","ورزازات","تلوات","1416","22283","MP","محمد خوتي","5481"
"درعة -تافيلالت","ورزازات","تلوات","1416","22286","MP","ابراهيم اومزدو","11619"
"درعة -تافيلالت","ورزازات","تلوات","1416","22292","MP","محمد الباشير هيزام","48719"
"درعة -تافيلالت","ورزازات","تلوات","1416","22287","MP","الحسين بنوكرى","44557"
"درعة -تافيلالت","ورزازات","تلوات","1416","22290","MP","سعيد خومس","5816"
"درعة -تافيلالت","ورزازات","توندوت","1504","23514","MP","المختار امكسو","12455"
"درعة -تافيلالت","ورزازات","توندوت","1504","23514","MP","فاطنة بولزاويت","12384"
"درعة -تافيلالت","ورزازات","توندوت","1504","23515","MP","احمد لحسيني","19751"
"درعة -تافيلالت","ورزازات","توندوت","1504","23515","MP","كلتومة ابرام","19772"
"درعة -تافيلالت","ورزازات","توندوت","1504","23506","MP","فريد  امسكان ","69232"
"درعة -تافيلالت","ورزازات","توندوت","1504","23506","MP","تورية ايت سعايد","69293"
"درعة -تافيلالت","ورزازات","توندوت","1504","23512","MP","عبد النبي الهلالي","18565"
"درعة -تافيلالت","ورزازات","توندوت","1504","23516","MP","محمد  لحيال","11677"
"درعة -تافيلالت","ورزازات","توندوت","1504","23513","MP","محماد ادوماز","18703"
"درعة -تافيلالت","ورزازات","توندوت","1504","23510","MP","ايوب قيشوني","11193"
"درعة -تافيلالت","ورزازات","توندوت","1504","23517","RNI","الحسن ايت الحاج","37602"
"درعة -تافيلالت","ورزازات","توندوت","1504","23517","RNI","الزهرة الكانوني","37654"
"درعة -تافيلالت","ورزازات","توندوت","1504","23511","RNI","محمد امادين","29684"
"درعة -تافيلالت","ورزازات","توندوت","1504","23507","RNI","بوجمعة  جمجام ","37424"
"درعة -تافيلالت","ورزازات","توندوت","1504","23518","RNI","محمد الدهبي","18751"
"درعة -تافيلالت","ورزازات","توندوت","1504","23509","PI","الحسين بادو","18536"
"درعة -تافيلالت","ورزازات","توندوت","1504","23508","PJD","عبد المجيد  بوزيد","49543"
"درعة -تافيلالت","ورزازات","تيدلي","1428","27749","MP","الحسن ايت نضيف","7923"
"درعة -تافيلالت","ورزازات","تيدلي","1428","22518","MP","عزيز الكراعي","10853"
"درعة -تافيلالت","ورزازات","تيدلي","1428","22528","MP","حمو بشركا","7866"
"درعة -تافيلالت","ورزازات","تيدلي","1428","22522","MP","الحسن الداهو","7190"
"درعة -تافيلالت","ورزازات","تيدلي","1428","22522","MP","بية اطلحا","7279"
"درعة -تافيلالت","ورزازات","تيدلي","1428","27752","MP","الحسين موراز","28923"
"درعة -تافيلالت","ورزازات","تيدلي","1428","27752","MP","فاطمة جعيض","29508"
"درعة -تافيلالت","ورزازات","تيدلي","1428","22530","MP","احمد بلحوس","11574"
"درعة -تافيلالت","ورزازات","تيدلي","1428","27754","MP","لحسن  ادناصر","18100"
"درعة -تافيلالت","ورزازات","تيدلي","1428","27755","MP","رشيد فرحات","4195"
"درعة -تافيلالت","ورزازات","تيدلي","1428","22524","MP","عبد الرحيم اسطس","4014"
"درعة -تافيلالت","ورزازات","تيدلي","1428","22524","MP","كبيرة اقريض","4065"
"درعة -تافيلالت","ورزازات","تيدلي","1428","22529","MP","عبد الله بالقاسم","11675"
"درعة -تافيلالت","ورزازات","تيدلي","1428","22531","MP","عبد الله نشط","10816"
"درعة -تافيلالت","ورزازات","تيدلي","1428","22525","MP","مولاي عبد الله الصرصاري","17050"
"درعة -تافيلالت","ورزازات","تيدلي","1428","22532","MP","الحسن زوتاس","4165"
"درعة -تافيلالت","ورزازات","تيدلي","1428","27748","MP","عبد لا وعلا","7941"
"درعة -تافيلالت","ورزازات","تيدلي","1428","27753","MP","لحسن ايت الطالب","78209"
"درعة -تافيلالت","ورزازات","تيدلي","1428","22521","PJD","ابراهيم العثماني","27516"
"درعة -تافيلالت","ورزازات","تيدلي","1428","27750","PJD","بلعيد سيدي حميد","28453"
"درعة -تافيلالت","ورزازات","تيدلي","1428","27751","PJD","مصطفى ايت لحسن","50919"
"درعة -تافيلالت","ورزازات","تيدلي","1428","27751","PJD","نعيمة الوزديني","51446"
"درعة -تافيلالت","ورزازات","تيدلي","1428","22526","PJD","الحسن اكساون","18054"
"درعة -تافيلالت","ورزازات","تيدلي","1428","22527","PJD","مولاي عبدالسلام الناصري","66635"
"درعة -تافيلالت","ورزازات","تيدلي","1428","22523","RNI","الطيب جرى","64895"
"درعة -تافيلالت","ورزازات","تيدلي","1428","22519","PSU","محمد ايت علي","64747"
"درعة -تافيلالت","ورزازات","تيدلي","1428","22520","PSU","محمد تدوزين","64144"
"درعة -تافيلالت","ورزازات","خزامة","720","11334","MP","محمد مضين","52930"
"درعة -تافيلالت","ورزازات","خزامة","720","11334","MP","صفية الحيان","53048"
"درعة -تافيلالت","ورزازات","خزامة","720","11326","MP","ابراهيم بوالرغيف","53119"
"درعة -تافيلالت","ورزازات","خزامة","720","11326","MP","فاطمة امزيل","53155"
"درعة -تافيلالت","ورزازات","خزامة","720","11333","MP","بلعيد واعمر","52533"
"درعة -تافيلالت","ورزازات","خزامة","720","11333","MP","عائشة اوزدين","52620"
"درعة -تافيلالت","ورزازات","خزامة","720","11328","MP","محمد زدي مومو","19896"
"درعة -تافيلالت","ورزازات","خزامة","720","11335","MP","احمد بوحميد","53469"
"درعة -تافيلالت","ورزازات","خزامة","720","11335","MP","زينة بوضاض","53526"
"درعة -تافيلالت","ورزازات","خزامة","720","11331","MP","الحسن ايت حامد احمو","13657"
"درعة -تافيلالت","ورزازات","خزامة","720","11336","MP","ابراهيم الشرحبلي","53632"
"درعة -تافيلالت","ورزازات","خزامة","720","11332","MP","محمد نايت علي","52339"
"درعة -تافيلالت","ورزازات","خزامة","720","11330","MP","عبد الرحمان اغجد","51894"
"درعة -تافيلالت","ورزازات","خزامة","720","11327","PI","حامد ادحمو يوسف","20026"
"درعة -تافيلالت","ورزازات","خزامة","720","11329","PJD","لحسن منتصر","8383"
"درعة -تافيلالت","ورزازات","سروا","1285","20341","PI","بلعيد ايت حساين","1298"
"درعة -تافيلالت","ورزازات","سروا","1285","20341","PI","فاطمة الحسوني","1311"
"درعة -تافيلالت","ورزازات","سروا","1285","20351","PI","رشيد بكيز","1326"
"درعة -تافيلالت","ورزازات","سروا","1285","20342","PI","احمد بزوكاغ","8254"
"درعة -تافيلالت","ورزازات","سروا","1285","20349","PI","عبدالله وكريم","25380"
"درعة -تافيلالت","ورزازات","سروا","1285","20352","PI","ابراهيم باحنيني","1344"
"درعة -تافيلالت","ورزازات","سروا","1285","20344","MP","محمد ايت بعلا","19976"
"درعة -تافيلالت","ورزازات","سروا","1285","20347","MP","محمد ايت الحاج","19816"
"درعة -تافيلالت","ورزازات","سروا","1285","20347","MP","فاطمة ايت القاضي","19845"
"درعة -تافيلالت","ورزازات","سروا","1285","20345","MP","ابراهيم الناصري","8324"
"درعة -تافيلالت","ورزازات","سروا","1285","20345","MP","فضمة ايد سعيد","9823"
"درعة -تافيلالت","ورزازات","سروا","1285","20350","MP","محند مماد","38766"
"درعة -تافيلالت","ورزازات","سروا","1285","20353","MP","محمد ايت الحسن","10446"
"درعة -تافيلالت","ورزازات","سروا","1285","20353","MP","فضمة ادعلي بوفكر","10466"
"درعة -تافيلالت","ورزازات","سروا","1285","20343","MP","لحسن كريم","8271"
"درعة -تافيلالت","ورزازات","سروا","1285","20346","MP","عبد الله الزي","4171"
"درعة -تافيلالت","ورزازات","سروا","1285","20348","PJD","محمد الحاميدي","38908"
"درعة -تافيلالت","ورزازات","سكورة اهل الوسط","1289","20407","PPS","ابراهيم مهاجر","1683"
"درعة -تافيلالت","ورزازات","سكورة اهل الوسط","1289","20407","PPS","الضاوية د ند ن","1715"
"درعة -تافيلالت","ورزازات","سكورة اهل الوسط","1289","20409","PPS","عمر حدسي","1755"
"درعة -تافيلالت","ورزازات","سكورة اهل الوسط","1289","20408","PPS","محمد  عيشي","49125"
"درعة -تافيلالت","ورزازات","سكورة اهل الوسط","1289","20408","PPS","مينة حاجي","49179"
"درعة -تافيلالت","ورزازات","سكورة اهل الوسط","1289","20418","PPS","عبد الرحمان الحمراوي","1744"
"درعة -تافيلالت","ورزازات","سكورة اهل الوسط","1289","20422","PPS","شفيق شكري","3228"
"درعة -تافيلالت","ورزازات","سكورة اهل الوسط","1289","20420","PPS","محمد بعكريم","79942"
"درعة -تافيلالت","ورزازات","سكورة اهل الوسط","1289","20412","PPS","محمد البوهدوي","1768"
"درعة -تافيلالت","ورزازات","سكورة اهل الوسط","1289","20427","PPS","مولاي التهامي اومولاي ابراهيم","50348"
"درعة -تافيلالت","ورزازات","سكورة اهل الوسط","1289","20427","PPS","نزهة التجاني","50416"
"درعة -تافيلالت","ورزازات","سكورة اهل الوسط","1289","20423","PJD","كمال مساوي","18066"
"درعة -تافيلالت","ورزازات","سكورة اهل الوسط","1289","20423","PJD","سعاد تهدارت","18096"
"درعة -تافيلالت","ورزازات","سكورة اهل الوسط","1289","20414","PJD","سعيد الصالحي","3091"
"درعة -تافيلالت","ورزازات","سكورة اهل الوسط","1289","20410","PJD","حسن بنحدو","50120"
"درعة -تافيلالت","ورزازات","سكورة اهل الوسط","1289","20415","PJD","محمد قصبي","50248"
"درعة -تافيلالت","ورزازات","سكورة اهل الوسط","1289","20417","PJD","عبدالصدق القادري","10896"
"درعة -تافيلالت","ورزازات","سكورة اهل الوسط","1289","20411","PJD","رشيد القاضي","24132"
"درعة -تافيلالت","ورزازات","سكورة اهل الوسط","1289","20421","PJD","عبد الهادي المنصوري","3178"
"درعة -تافيلالت","ورزازات","سكورة اهل الوسط","1289","20419","PJD","رشيد بودن","37898"
"درعة -تافيلالت","ورزازات","سكورة اهل الوسط","1289","20416","PJD","عبد العاطي عمري","24080"
"درعة -تافيلالت","ورزازات","سكورة اهل الوسط","1289","20428","MP","سي محمد دريسي","85875"
"درعة -تافيلالت","ورزازات","سكورة اهل الوسط","1289","20413","MP","ابو القاسم الحسني","6787"
"درعة -تافيلالت","ورزازات","سكورة اهل الوسط","1289","20429","MP","ابراهيم ودار","86476"
"درعة -تافيلالت","ورزازات","سكورة اهل الوسط","1289","20426","MP","عمر ايت العرابي","37807"
"درعة -تافيلالت","ورزازات","سكورة اهل الوسط","1289","20425","MP","رضوان اللطيف","86255"
"درعة -تافيلالت","ورزازات","سكورة اهل الوسط","1289","20424","MP","عبد السلام  دادا","44675"
"درعة -تافيلالت","ورزازات","غسات","562","8856","MP","محمد فنزيض","1202"
"درعة -تافيلالت","ورزازات","غسات","562","8856","MP","نادية بن لخزين","1213"
"درعة -تافيلالت","ورزازات","غسات","562","8862","MP","محمد الحافظي","2996"
"درعة -تافيلالت","ورزازات","غسات","562","8866","MP","علي نجاح ابراش","6476"
"درعة -تافيلالت","ورزازات","غسات","562","8866","MP","فاطنة اكيلان","6507"
"درعة -تافيلالت","ورزازات","غسات","562","8859","MP","لحسن اسلان","88193"
"درعة -تافيلالت","ورزازات","غسات","562","8863","MP","علي نصر ايشو","9731"
"درعة -تافيلالت","ورزازات","غسات","562","8858","MP","محمد افراسن","6559"
"درعة -تافيلالت","ورزازات","غسات","562","8855","MP","محند ابرهو","1187"
"درعة -تافيلالت","ورزازات","غسات","562","8854","MP","علي السعيدي","36975"
"درعة -تافيلالت","ورزازات","غسات","562","8864","MP","الحسن اوتول","3010"
"درعة -تافيلالت","ورزازات","غسات","562","8857","MP","عمر قبوش","9217"
"درعة -تافيلالت","ورزازات","غسات","562","8860","RNI","عبد الرحمان ايت واعلي","68873"
"درعة -تافيلالت","ورزازات","غسات","562","8860","RNI","كريمة لهوى","68941"
"درعة -تافيلالت","ورزازات","غسات","562","8865","RNI","سعيد بوقير","18463"
"درعة -تافيلالت","ورزازات","غسات","562","8865","RNI","فاطمة ازتوري","18491"
"درعة -تافيلالت","ورزازات","غسات","562","8861","PAM","حمو اقجاج","9553"
"درعة -تافيلالت","ورزازات","ورزازات","947","25054","MP","عبد الرحمان الدريسي","6716"
"درعة -تافيلالت","ورزازات","ورزازات","947","25054","MP","مينة لطيفي","7535"
"درعة -تافيلالت","ورزازات","ورزازات","947","25054","MP","عبد الجليل الروماني","6745"
"درعة -تافيلالت","ورزازات","ورزازات","947","25054","MP","نزهة العثماني","7569"
"درعة -تافيلالت","ورزازات","ورزازات","947","25054","MP","سعيد افروخ","6761"
"درعة -تافيلالت","ورزازات","ورزازات","947","25054","MP","الحسين خويا","6783"
"درعة -تافيلالت","ورزازات","ورزازات","947","25054","MP","الحسن بوخراش","6806"
"درعة -تافيلالت","ورزازات","ورزازات","947","25054","MP","مصطفى جورجي","6883"
"درعة -تافيلالت","ورزازات","ورزازات","947","25054","MP","ايدار حيدي","6909"
"درعة -تافيلالت","ورزازات","ورزازات","947","25054","MP","عبد الله امزيل","6926"
"درعة -تافيلالت","ورزازات","ورزازات","947","25054","MP","توفيق محمود","6956"
"درعة -تافيلالت","ورزازات","ورزازات","947","25054","MP","محمد وكدال","6981"
"درعة -تافيلالت","ورزازات","ورزازات","947","25054","MP","نجيب امزيان","7008"
"درعة -تافيلالت","ورزازات","ورزازات","947","25054","PJD","السعيد الصادق","7606"
"درعة -تافيلالت","ورزازات","ورزازات","947","25054","PJD","السعدية مقران","8007"
"درعة -تافيلالت","ورزازات","ورزازات","947","25054","PJD","محمد ايت ايشو","7637"
"درعة -تافيلالت","ورزازات","ورزازات","947","25054","PJD","حسناء مادي","8027"
"درعة -تافيلالت","ورزازات","ورزازات","947","25054","PJD","محمد زوك","7662"
"درعة -تافيلالت","ورزازات","ورزازات","947","25054","PJD","عبد الله لطيفي","52328"
"درعة -تافيلالت","ورزازات","ورزازات","947","25054","PJD","عبد الغاني جناح","7682"
"درعة -تافيلالت","ورزازات","ورزازات","947","25054","PJD","محمد الزين","7701"
"درعة -تافيلالت","ورزازات","ورزازات","947","25054","PJD","محمد مومني","7645"
"درعة -تافيلالت","ورزازات","ورزازات","947","25054","PJD","لحسن ايت موح","7667"
"درعة -تافيلالت","ورزازات","ورزازات","947","25054","PJD","ابراهيم غوزدامي","7695"
"درعة -تافيلالت","ورزازات","ورزازات","947","25054","PPS","طيب موراض","17153"
"درعة -تافيلالت","ورزازات","ورزازات","947","25054","PPS","مريم الجعايدي","18471"
"درعة -تافيلالت","ورزازات","ورزازات","947","25054","PPS","محمد سفير","17174"
"درعة -تافيلالت","ورزازات","ورزازات","947","25054","PPS","عبد السلام البهجاوي","17266"
"درعة -تافيلالت","ورزازات","ورزازات","947","25054","PPS","اسماعيل اموسى","17281"
"درعة -تافيلالت","ورزازات","ورزازات","947","25054","PAM","نور الدين ايت علي","29220"
"درعة -تافيلالت","ورزازات","ورزازات","947","25054","PAM","نعيمة علياني","29928"
"درعة -تافيلالت","ورزازات","ورزازات","947","25054","PAM","مصطفى رزوق","29236"
"درعة -تافيلالت","ورزازات","ورزازات","947","25054","PAM","علي مرواني","29248"
"درعة -تافيلالت","ورزازات","ورزازات","947","25054","RNI","محم�� اداد","61666"
"درعة -تافيلالت","ورزازات","ورزازات","947","25054","RNI","ابراهيم قبلاوي","61714"
"درعة -تافيلالت","ورزازات","وسلسات","966","15283","RNI","المدني الكواني","28566"
"درعة -تافيلالت","ورزازات","وسلسات","966","15283","RNI","كريمة  البعمراني","28613"
"درعة -تافيلالت","ورزازات","وسلسات","966","15278","RNI","عبد الرحمان المدقاوي","35834"
"درعة -تافيلالت","ورزازات","وسلسات","966","15292","RNI","محمد ايت الطالب","101092"
"درعة -تافيلالت","ورزازات","وسلسات","966","15288","RNI","اسماعيل نايت الحاج","9668"
"درعة -تافيلالت","ورزازات","وسلسات","966","15292","RNI","فوزية تفتي","101256"
"درعة -تافيلالت","ورزازات","وسلسات","966","15279","RNI","عمر  ايت سيدي رحو","35766"
"درعة -تافيلالت","ورزازات","وسلسات","966","15281","RNI","احمد الباقير","35654"
"درعة -تافيلالت","ورزازات","وسلسات","966","15291","RNI","الحسن ابلين","64194"
"درعة -تافيلالت","ورزازات","وسلسات","966","15289","RNI","عبد الرحمان جناح","24949"
"درعة -تافيلالت","ورزازات","وسلسات","966","15290","RNI","محمد اخزام","19212"
"درعة -تافيلالت","ورزازات","وسلسات","966","15287","RNI","الحسين ايت مريم","12319"
"درعة -تافيلالت","ورزازات","وسلسات","966","15284","PI","محمد بولهريس","88572"
"درعة -تافيلالت","ورزازات","وسلسات","966","15284","PI","غية السعدني","88713"
"درعة -تافيلالت","ورزازات","وسلسات","966","15286","PI","الحسن ودر","19119"
"درعة -تافيلالت","ورزازات","وسلسات","966","15282","PJD","محمد ايت حدو","62876"
"درعة -تافيلالت","ورزازات","وسلسات","966","15282","PJD","فاطمة اوزيو","62974"
"درعة -تافيلالت","ورزازات","وسلسات","966","15285","PJD","اسماعيل ايت القاضي","45758"
"درعة -تافيلالت","ورزازات","وسلسات","966","15280","PJD","عبد الرحمان ايت عبلا","20085"