region,province,commune,id_commune,circ,parti,candidat,id_candidat
"بني ملال -خنيفرة","أزيلال","أزيلال","268","4008","PAM","ابراهيم مجاهد","111712"
"بني ملال -خنيفرة","أزيلال","أزيلال","268","4008","PAM","عائشة ايت حدو","114328"
"بني ملال -خنيفرة","أزيلال","أزيلال","268","4008","PAM","محمد العلاوي","111863"
"بني ملال -خنيفرة","أزيلال","أزيلال","268","4008","PAM","حفيضة رجيج","114411"
"بني ملال -خنيفرة","أزيلال","أزيلال","268","4008","PAM","محمد ايت الحاج","112275"
"بني ملال -خنيفرة","أزيلال","أزيلال","268","4008","PAM","سعيد الوهابي","112461"
"بني ملال -خنيفرة","أزيلال","أزيلال","268","4008","PAM","نور الدين الحمزاوي","112619"
"بني ملال -خنيفرة","أزيلال","أزيلال","268","4008","PAM","المصطفى وطالب","112805"
"بني ملال -خنيفرة","أزيلال","أزيلال","268","4008","PAM","ابراهيم  ايت يدير","112903"
"بني ملال -خنيفرة","أزيلال","أزيلال","268","4008","PAM","ادريس ايتبنسعيد","113081"
"بني ملال -خنيفرة","أزيلال","أزيلال","268","4008","MP","بدر التوامي","121697"
"بني ملال -خنيفرة","أزيلال","أزيلال","268","4008","MP","تودة فارح","123187"
"بني ملال -خنيفرة","أزيلال","أزيلال","268","4008","MP","حميد الشرقاوي","121887"
"بني ملال -خنيفرة","أزيلال","أزيلال","268","4008","MP","ابراهيم المنصوري","122002"
"بني ملال -خنيفرة","أزيلال","أزيلال","268","4008","MP","محمد حميدي","122062"
"بني ملال -خنيفرة","أزيلال","أزيلال","268","4008","PADS","حدو مسكيتو","61785"
"بني ملال -خنيفرة","أزيلال","أزيلال","268","4008","PSU","نجاة كمال","64593"
"بني ملال -خنيفرة","أزيلال","أزيلال","268","4008","CNI","محند تابث","61901"
"بني ملال -خنيفرة","أزيلال","أزيلال","268","4008","PSU","بلقاسم المرابط","61965"
"بني ملال -خنيفرة","أزيلال","أزيلال","268","4008","PJD","سعيد ابن البشير","76182"
"بني ملال -خنيفرة","أزيلال","أزيلال","268","4008","PJD","شيماء براز","81567"
"بني ملال -خنيفرة","أزيلال","أزيلال","268","4008","PJD","الحسان بولمان","76258"
"بني ملال -خنيفرة","أزيلال","أزيلال","268","4008","PRD","زوبيدة طالب","11597"
"بني ملال -خنيفرة","أزيلال","أزيلال","268","4008","PRD","مونية بولمنازيل","11868"
"بني ملال -خنيفرة","أزيلال","أزيلال","268","4008","PRD","محمد ايت الطالب","11674"
"بني ملال -خنيفرة","أزيلال","أزيلال","268","4008","PI","بدرالدين ناجح فوزي","122444"
"بني ملال -خنيفرة","أزيلال","أزيلال","268","4008","PI","ولعيد ايتصحا","122669"
"بني ملال -خنيفرة","أزيلال","أزيلال","268","4008","USFP","محمد وغاض","87811"
"بني ملال -خنيفرة","أزيلال","أزيلال","268","4008","USFP","حسن ايت تدارت","88040"
"بني ملال -خنيفرة","أزيلال","أفورار","19","232","RNI","عبد الرحمان اعموم","75830"
"بني ملال -خنيفرة","أزيلال","أفورار","19","232","RNI","فاتحة ماحي","75899"
"بني ملال -خنيفرة","أزيلال","أفورار","19","234","RNI","محمد العيدي","75739"
"بني ملال -خنيفرة","أزيلال","أفورار","19","234","RNI","حفيظة اقدار","75770"
"بني ملال -خنيفرة","أزيلال","أفورار","19","239","RNI","المصطفى الرداد","85168"
"بني ملال -خنيفرة","أزيلال","أفورار","19","233","RNI","احمد بويقوشان","75989"
"بني ملال -خنيفرة","أزيلال","أفورار","19","244","RNI","ميمون تكورة","58755"
"بني ملال -خنيفرة","أزيلال","أفورار","19","242","RNI","عبداللطيف اعموم","41780"
"بني ملال -خنيفرة","أزيلال","أفورار","19","235","RNI","محمد البوابراهيمي","59252"
"بني ملال -خنيفرة","أزيلال","أفورار","19","243","RNI","عبد الحق اخويا","96886"
"بني ملال -خنيفرة","أزيلال","أفورار","19","241","RNI","علاء ربعطي","76948"
"بني ملال -خنيفرة","أزيلال","أفورار","19","236","RNI","محمد ايشو","59412"
"بني ملال -خنيفرة","أزيلال","أفورار","19","246","RNI","بناصر حيمى","118403"
"بني ملال -خنيفرة","أزيلال","أفورار","19","228","RNI","بناصر ورحمان","75566"
"بني ملال -خنيفرة","أزيلال","أفورار","19","249","RNI","حفيظ معروف","77065"
"بني ملال -خنيفرة","أزيلال","أفورار","19","240","RNI","محمد وزمي","58141"
"بني ملال -خنيفرة","أزيلال","أفورار","19","245","RNI","بناصر مصاط","75747"
"بني ملال -خنيفرة","أزيلال","أفورار","19","237","MP","موحى بنيشو","109840"
"بني ملال -خنيفرة","أزيلال","أفورار","19","229","MP","ابراهيم الرداد","42270"
"بني ملال -خنيفرة","أزيلال","أفورار","19","231","PI","سعيد اوحمي","75475"
"بني ملال -خنيفرة","أزيلال","أفورار","19","231","PI","نورة حساني","75530"
"بني ملال -خنيفرة","أزيلال","أفورار","19","230","PI","صالح حيون","76505"
"بني ملال -خنيفرة","أزيلال","أفورار","19","230","PI","نعيمة اعزيزي","76581"
"بني ملال -خنيفرة","أزيلال","أفورار","19","227","PI","فيصل علام","6764"
"بني ملال -خنيفرة","أزيلال","أفورار","19","247","USFP","بناصر يسفي","75520"
"بني ملال -خنيفرة","أزيلال","أفورار","19","238","P Al Ahd Addimocrati","سعيد الرداد","42147"
"بني ملال -خنيفرة","أزيلال","أفورار","19","248","PPS","الحسين عزاوي","75731"
"بني ملال -خنيفرة","أزيلال","أكودي نلخير","36","531","PAM","حسن ايت مدوش","16962"
"بني ملال -خنيفرة","أزيلال","أكودي نلخير","36","525","PAM","احمد ايت مولاي","6562"
"بني ملال -خنيفرة","أزيلال","أكودي نلخير","36","525","PAM","حفيظة ابن العزيز","88339"
"بني ملال -خنيفرة","أزيلال","أكودي نلخير","36","530","PAM","فاطمة ايت عزيز","112831"
"بني ملال -خنيفرة","أزيلال","أكودي نلخير","36","532","PAM","لحسن ابن اسماعيل","7308"
"بني ملال -خنيفرة","أزيلال","أكودي نلخير","36","529","PAM","عبد الرحمان ايتسعيد","56276"
"بني ملال -خنيفرة","أزيلال","أكودي نلخير","36","524","PAM","علي ايت مسعود","41800"
"بني ملال -خنيفرة","أزيلال","أكودي نلخير","36","528","PI","سعيد زلال","22802"
"بني ملال -خنيفرة","أزيلال","أكودي نلخير","36","528","PI","سعاد قافو","22844"
"بني ملال -خنيفرة","أزيلال","أكودي نلخير","36","527","PI","سمير ايت برو","61191"
"بني ملال -خنيفرة","أزيلال","أكودي نلخير","36","536","PI","محمد اقديم","56745"
"بني ملال -خنيفرة","أزيلال","أكودي نلخير","36","534","RNI","عبد الحكيم ازاك","76335"
"بني ملال -خنيفرة","أزيلال","أكودي نلخير","36","533","RNI","حمو لعفو","76451"
"بني ملال -خنيفرة","أزيلال","أكودي نلخير","36","526","RNI","عبد الله بولمنازل","36236"
"بني ملال -خنيفرة","أزيلال","أكودي نلخير","36","526","RNI","خيرة اكنيون","36321"
"بني ملال -خنيفرة","أزيلال","أكودي نلخير","36","535","CNI","احماد ايتخويا","59848"
"بني ملال -خنيفرة","أزيلال","أكودي نلخير","36","535","CNI","عائشة نايت خويا","59960"
"بني ملال -خنيفرة","أزيلال","آيت  أو مديس","149","25366","PI","لحسن ترحوت","59772"
"بني ملال -خنيفرة","أزيلال","آيت  أو مديس","149","25366","PI","زهرة النجاري","59894"
"بني ملال -خنيفرة","أزيلال","آيت  أو مديس","149","2121","PI","الحسن السدادي","65591"
"بني ملال -خنيفرة","أزيلال","آيت  أو مديس","149","25371","PI","محمد الرايس","48556"
"بني ملال -خنيفرة","أزيلال","آيت  أو مديس","149","25368","PI","محمد الوهابي","82757"
"بني ملال -خنيفرة","أزيلال","آيت  أو مديس","149","2122","PI","محمد العثماني","48595"
"بني ملال -خنيفرة","أزيلال","آيت  أو مديس","149","25369","PI","لحسن بن رحو","18545"
"بني ملال -خنيفرة","أزيلال","آيت  أو مديس","149","25365","PI","الحسن ابوكمال","37213"
"بني ملال -خنيفرة","أزيلال","آيت  أو مديس","149","2114","PI","محمد بوكيوض","82670"
"بني ملال -خنيفرة","أزيلال","آيت  أو مديس","149","2113","USFP","محمد بنزهي","33908"
"بني ملال -خنيفرة","أزيلال","آيت  أو مديس","149","2113","USFP","حادة ايت عولي","33998"
"بني ملال -خنيفرة","أزيلال","آيت  أو مديس","149","2117","USFP","محمد  حموش","12334"
"بني ملال -خنيفرة","أزيلال","آيت  أو مديس","149","2116","USFP","محمد العلمي","44594"
"بني ملال -خنيفرة","أزيلال","آيت  أو مديس","149","2116","USFP","فاضمة اكرني","44685"
"بني ملال -خنيفرة","أزيلال","آيت  أو مديس","149","2120","USFP","الحسين حافظ","78077"
"بني ملال -خنيفرة","أزيلال","آيت  أو مديس","149","2118","USFP","محمد مستاج","12278"
"بني ملال -خنيفرة","أزيلال","آيت  أو مديس","149","2127","USFP","لحسن الناصري","44407"
"بني ملال -خنيفرة","أزيلال","آيت  أو مديس","149","2125","USFP","محمد الزعيم","12410"
"بني ملال -خنيفرة","أزيلال","آيت  أو مديس","149","2124","USFP","الحسين منير","12349"
"بني ملال -خنيفرة","أزيلال","آيت  أو مديس","149","25364","PUD","لفضالي ايت عولي","43894"
"بني ملال -خنيفرة","أزيلال","آيت  أو مديس","149","2115","RNI","عمر  ايت مالك ","63875"
"بني ملال -خنيفرة","أزيلال","آيت  أو مديس","149","2115","RNI","زهرة ايت المالك","63909"
"بني ملال -خنيفرة","أزيلال","آيت  أو مديس","149","25370","RNI","عمر  الدادس ","36558"
"بني ملال -خنيفرة","أزيلال","آيت  أو مديس","149","2126","RNI","محمد شفيق","81370"
"بني ملال -خنيفرة","أزيلال","آيت  أو مديس","149","25367","MDS","الحسن الغجدامي","36624"
"بني ملال -خنيفرة","أزيلال","آيت  أو مديس","149","2119","MDS","محمد  وابوران","37160"
"بني ملال -خنيفرة","أزيلال","آيت  أوقبلي","150","2128","RNI","ساعيد ابو الطاهر","65412"
"بني ملال -خنيفرة","أزيلال","آيت  أوقبلي","150","2130","RNI","لحسن ناصري","46678"
"بني ملال -خنيفرة","أزيلال","آيت  أوقبلي","150","2130","RNI","مليكة مرشد","46721"
"بني ملال -خنيفرة","أزيلال","آيت  أوقبلي","150","2134","RNI","محمد اهنين","46400"
"بني ملال -خنيفرة","أزيلال","آيت  أوقبلي","150","2134","RNI","الزهرة بوستى","46443"
"بني ملال -خنيفرة","أزيلال","آيت  أوقبلي","150","2133","RNI","ميمون وريح","60291"
"بني ملال -خنيفرة","أزيلال","آيت  أوقبلي","150","2133","RNI","حليمة الصاظ","60361"
"بني ملال -خنيفرة","أزيلال","آيت  أوقبلي","150","2135","RNI","زايد اميدوش","61734"
"بني ملال -خنيفرة","أزيلال","آيت  أوقبلي","150","2137","RNI","سيدي الشرقي  اشباح","46260"
"بني ملال -خنيفرة","أزيلال","آيت  أوقبلي","150","2136","RNI","محمد لعيد","49397"
"بني ملال -خنيفرة","أزيلال","آيت  أوقبلي","150","2138","RNI","موح قاجة","58770"
"بني ملال -خنيفرة","أزيلال","آيت  أوقبلي","150","2132","PAM","رشيد صديقي","49904"
"بني ملال -خنيفرة","أزيلال","آيت  أوقبلي","150","2132","PAM","هند اصلاعل","50114"
"بني ملال -خنيفرة","أزيلال","آيت  أوقبلي","150","2131","PAM","سعيد عضوش","46493"
"بني ملال -خنيفرة","أزيلال","آيت  أوقبلي","150","2129","PAM","صديق ساعيد","46597"
"بني ملال -خنيفرة","أزيلال","آيت  وعرضى","140","2010","RNI","صالح عموري","43154"
"بني ملال -خنيفرة","أزيلال","آيت  وعرضى","140","2011","RNI","صالح ايت وعراب","41918"
"بني ملال -خنيفرة","أزيلال","آيت  وعرضى","140","2013","RNI","الحسين ناجى","48889"
"بني ملال -خنيفرة","أزيلال","آيت  وعرضى","140","2011","RNI","السعدية ايت واعراب","41946"
"بني ملال -خنيفرة","أزيلال","آيت  وعرضى","140","2009","RNI","عمر ارحيان","43776"
"بني ملال -خنيفرة","أزيلال","آيت  وعرضى","140","2009","RNI","حليمة ارحيان","43836"
"بني ملال -خنيفرة","أزيلال","آيت  وعرضى","140","2012","RNI","محمد ايت ازروال","49662"
"بني ملال -خنيفرة","أزيلال","آيت  وعرضى","140","2014","RNI","مولود فارضوي","76001"
"بني ملال -خنيفرة","أزيلال","آيت  وعرضى","140","2015","RNI","صالح اعبو","35351"
"بني ملال -خنيفرة","أزيلال","آيت  وعرضى","140","2017","RNI","محمد  امعتب","41817"
"بني ملال -خنيفرة","أزيلال","آيت  وعرضى","140","2017","RNI","عائشة هرك","41873"
"بني ملال -خنيفرة","أزيلال","آيت  وعرضى","140","2008","RNI","رشيد مزيد","46680"
"بني ملال -خنيفرة","أزيلال","آيت  وعرضى","140","2008","RNI","فاضمة مزيد","46726"
"بني ملال -خنيفرة","أزيلال","آيت  وعرضى","140","2016","RNI","عمر مادي","48798"
"بني ملال -خنيفرة","أزيلال","آيت  وعرضى","140","2018","RNI","محمد ايت العجاج","36038"
"بني ملال -خنيفرة","أزيلال","آيت ابلال","104","1532","MDS","ابراهيم  المنصوري","118181"
"بني ملال -خنيفرة","أزيلال","آيت ابلال","104","27354","MDS","محمد الخاوي","118327"
"بني ملال -خنيفرة","أزيلال","آيت ابلال","104","27354","MDS","فاطمة الصافي","118450"
"بني ملال -خنيفرة","أزيلال","آيت ابلال","104","27355","MDS","عشور المنصوري","118732"
"بني ملال -خنيفرة","أزيلال","آيت ابلال","104","1538","MDS","محمد جبور","117412"
"بني ملال -خنيفرة","أزيلال","آيت ابلال","104","1542","MDS","الحسين الكاملي","117476"
"بني ملال -خنيفرة","أزيلال","آيت ابلال","104","1533","MDS","محمد بادي","118301"
"بني ملال -خنيفرة","أزيلال","آيت ابلال","104","1541","MDS","الحسين ايت القرشي","117337"
"بني ملال -خنيفرة","أزيلال","آيت ابلال","104","1536","MDS","عبدالرحمان بعديد","118059"
"بني ملال -خنيفرة","أزيلال","آيت ابلال","104","1540","MDS","الحسين انضوف","117485"
"بني ملال -خنيفرة","أزيلال","آيت ابلال","104","1537","USFP","عبد العزيز الفضلا","75212"
"بني ملال -خنيفرة","أزيلال","آيت ابلال","104","1537","USFP","حادة مقران","75296"
"بني ملال -خنيفرة","أزيلال","آيت ابلال","104","1534","USFP","محمد امجار","43867"
"بني ملال -خنيفرة","أزيلال","آيت ابلال","104","1534","USFP","كلثومة شوقي","43925"
"بني ملال -خنيفرة","أزيلال","آيت ابلال","104","1535","USFP","محمد اوموى","32293"
"بني ملال -خنيفرة","أزيلال","آيت ابلال","104","1535","USFP","خديجة اموسى احدو","32306"
"بني ملال -خنيفرة","أزيلال","آيت ابلال","104","1539","USFP","محمد اغرار","119016"
"بني ملال -خنيفرة","أزيلال","آيت امحمد","130","1876","PAM","محمد علاوي","42034"
"بني ملال -خنيفرة","أزيلال","آيت امحمد","130","1876","PAM","مليكة انكس","42213"
"بني ملال -خنيفرة","أزيلال","آيت امحمد","130","1867","PAM","احمد بن عيسى","12214"
"بني ملال -خنيفرة","أزيلال","آيت امحمد","130","1867","PAM","تودة عطية","10837"
"بني ملال -خنيفرة","أزيلال","آيت امحمد","130","1872","PAM","لحسن ايت عدي","34110"
"بني ملال -خنيفرة","أزيلال","آيت امحمد","130","1878","PAM","ميمون بوشبورة","32991"
"بني ملال -خنيفرة","أزيلال","آيت امحمد","130","1874","PAM","محمد امديان","9430"
"بني ملال -خنيفرة","أزيلال","آيت امحمد","130","1861","PAM","محمد اوحدى","85999"
"بني ملال -خنيفرة","أزيلال","آيت امحمد","130","1875","PAM","احماد الفضيلي","2274"
"بني ملال -خنيفرة","أزيلال","آيت امحمد","130","1863","PAM","احمد مرزوك","17776"
"بني ملال -خنيفرة","أزيلال","آيت امحمد","130","1858","PAM","علي  مشاش","34514"
"بني ملال -خنيفرة","أزيلال","آيت امحمد","130","1880","PAM","ابراهيم فهمي","59359"
"بني ملال -خنيفرة","أزيلال","آيت امحمد","130","1859","PAM","موحى بوستى","2259"
"بني ملال -خنيفرة","أزيلال","آيت امحمد","130","1868","PAM","مصطفى اوعلي","2831"
"بني ملال -خنيفرة","أزيلال","آيت امحمد","130","1873","PJD","محمد زيان","82059"
"بني ملال -خنيفرة","أزيلال","آيت امحمد","130","1862","PJD","محمد بنحدو","60031"
"بني ملال -خنيفرة","أزيلال","آيت امحمد","130","1862","PJD","نعيمة الحافظ","60097"
"بني ملال -خنيفرة","أزيلال","آيت امحمد","130","1866","PJD","يونس سليم","44165"
"بني ملال -خنيفرة","أزيلال","آيت امحمد","130","1871","PJD","ابراهيم بوطاهر","33997"
"بني ملال -خنيفرة","أزيلال","آيت امحمد","130","1870","PJD","احماد واغلي","10137"
"بني ملال -خنيفرة","أزيلال","آيت امحمد","130","1860","MP","علي  اتينش ","33812"
"بني ملال -خنيفرة","أزيلال","آيت امحمد","130","1860","MP","نورة المجطاوي","33866"
"بني ملال -خنيفرة","أزيلال","آيت امحمد","130","1879","MP","ابراهيم بوتفيدي","49100"
"بني ملال -خنيفرة","أزيلال","آيت امحمد","130","1877","PSU","حميد صابر","17524"
"بني ملال -خنيفرة","أزيلال","آيت امحمد","130","1869","PSU","خالد بوسنوس","44130"
"بني ملال -خنيفرة","أزيلال","آيت امحمد","130","1865","PI","علي نجيب","43980"
"بني ملال -خنيفرة","أزيلال","آيت امحمد","130","1864","UC","سعيد بنيوسف","49427"
"بني ملال -خنيفرة","أزيلال","آيت بواولي","105","1544","RNI","مصطفى بنجلال","36640"
"بني ملال -خنيفرة","أزيلال","آيت بواولي","105","1544","RNI","زهرة العلوي","36683"
"بني ملال -خنيفرة","أزيلال","آيت بواولي","105","1555","RNI","السعيد جبور","35074"
"بني ملال -خنيفرة","أزيلال","آيت بواولي","105","1555","RNI","عائشة ايت لحساين","35158"
"بني ملال -خنيفرة","أزيلال","آيت بواولي","105","1551","RNI","محمد جاكير","35293"
"بني ملال -خنيفرة","أزيلال","آيت بواولي","105","1551","RNI","سعيدة لعريف","35320"
"بني ملال -خنيفرة","أزيلال","آيت بواولي","105","1552","RNI","عبد الله توفيق","10697"
"بني ملال -خنيفرة","أزيلال","آيت بواولي","105","1545","RNI","محمد بويزكارن","125176"
"بني ملال -خنيفرة","أزيلال","آيت بواولي","105","1549","PAM","مصطفى اوتركي","12478"
"بني ملال -خنيفرة","أزيلال","آيت بواولي","105","1553","PAM","ابراهيم  بودكيك","17461"
"بني ملال -خنيفرة","أزيلال","آيت بواولي","105","1548","PAM","محمد  اكناو","85548"
"بني ملال -خنيفرة","أزيلال","آيت بواولي","105","1548","PAM","لطيفة باوش","85609"
"بني ملال -خنيفرة","أزيلال","آيت بواولي","105","1547","PAM","محمد احمودو","86420"
"بني ملال -خنيفرة","أزيلال","آيت بواولي","105","1546","PAM","ابراهيم حقي","17352"
"بني ملال -خنيفرة","أزيلال","آيت بواولي","105","1543","PAM","عبد الله لميش","32973"
"بني ملال -خنيفرة","أزيلال","آيت بواولي","105","1554","PAM","محمد  بوراس","33015"
"بني ملال -خنيفرة","أزيلال","آيت بواولي","105","1550","PAM","علي اغمور","32993"
"بني ملال -خنيفرة","أزيلال","آيت تكلا","162","2310","USFP","ابراهيم المعتز","2970"
"بني ملال -خنيفرة","أزيلال","آيت تكلا","162","2311","USFP","اليزيد امغري","3054"
"بني ملال -خنيفرة","أزيلال","آيت تكلا","162","2311","USFP","فاضمة العياشي","3070"
"بني ملال -خنيفرة","أزيلال","آيت تكلا","162","2309","USFP","محمد المير","2815"
"بني ملال -خنيفرة","أزيلال","آيت تكلا","162","2312","USFP","عبد الغاني المصلوحي","3028"
"بني ملال -خنيفرة","أزيلال","آيت تكلا","162","2312","USFP","رابحة بن زروال","3339"
"بني ملال -خنيفرة","أزيلال","آيت تكلا","162","27352","USFP","خالد الجليدي","3001"
"بني ملال -خنيفرة","أزيلال","آيت تكلا","162","27353","USFP","عبد العاتق شوقي","2902"
"بني ملال -خنيفرة","أزيلال","آيت تكلا","162","27353","USFP","عزيزة مرواحي","2950"
"بني ملال -خنيفرة","أزيلال","آيت تكلا","162","2308","USFP","احماد بوالغسول","2797"
"بني ملال -خنيفرة","أزيلال","آيت تكلا","162","2307","PADS","عبد الله الحنصالي","129087"
"بني ملال -خنيفرة","أزيلال","آيت تكلا","162","2302","PADS","سعيد الكتاو","65148"
"بني ملال -خنيفرة","أزيلال","آيت تكلا","162","2306","PADS","حسن لكتاوي","113982"
"بني ملال -خنيفرة","أزيلال","آيت تكلا","162","2306","PADS","نوال مدوا","114142"
"بني ملال -خنيفرة","أزيلال","آيت تكلا","162","2305","PADS","حسن بن عمي","75119"
"بني ملال -خنيفرة","أزيلال","آيت تكلا","162","2304","PADS","الحسين دربو","59989"
"بني ملال -خنيفرة","أزيلال","آيت تكلا","162","2303","UC","لحسن مسعف ليام","60082"
"بني ملال -خنيفرة","أزيلال","آيت تمليل","164","2337","PAM","رشيد العلمي","109386"
"بني ملال -خنيفرة","أزيلال","آيت تمليل","164","2337","PAM","الزهرة منصوري","109546"
"بني ملال -خنيفرة","أزيلال","آيت تمليل","164","2332","PAM","محمد  امسطاط","37253"
"بني ملال -خنيفرة","أزيلال","آيت تمليل","164","2336","PAM","محمد اعراب","64294"
"بني ملال -خنيفرة","أزيلال","آيت تمليل","164","2331","PAM","عبد الله المنصوري","36757"
"بني ملال -خنيفرة","أزيلال","آيت تمليل","164","2331","PAM","رشيدة ايت ابراهيم","36840"
"بني ملال -خنيفرة","أزيلال","آيت تمليل","164","2328","PAM","الحسن الحمداوي","23830"
"بني ملال -خنيفرة","أزيلال","آيت تمليل","164","2333","PAM","عبد الرحمان  بويحلين","30115"
"بني ملال -خنيفرة","أزيلال","آيت تمليل","164","2326","PAM","محمد الجوهري","49277"
"بني ملال -خنيفرة","أزيلال","آيت تمليل","164","2334","PAM","المختار  العسري","44507"
"بني ملال -خنيفرة","أزيلال","آيت تمليل","164","2347","PI","سعيد وعزان","49473"
"بني ملال -خنيفرة","أزيلال","آيت تمليل","164","2347","PI","رقية  برشاح","49542"
"بني ملال -خنيفرة","أزيلال","آيت تمليل","164","2348","PI","عبد الرحيم ابوسلامة","63430"
"بني ملال -خنيفرة","أزيلال","آيت تمليل","164","2343","PI","مصطفى طهار","37086"
"بني ملال -خنيفرة","أزيلال","آيت تمليل","164","2344","PI","عمر  جدة","36758"
"بني ملال -خنيفرة","أزيلال","آيت تمليل","164","2339","PI","ابراهيم امزيان","79654"
"بني ملال -خنيفرة","أزيلال","آيت تمليل","164","2346","PI","محمد بوغزين","81424"
"بني ملال -خنيفرة","أزيلال","آيت تمليل","164","2342","PI","محمد الطبارني","44027"
"بني ملال -خنيفرة","أزيلال","آيت تمليل","164","2335","PI","عزيز اعرابن","78461"
"بني ملال -خنيفرة","أزيلال","آيت تمليل","164","2341","USFP","عبدالاله حساني","44064"
"بني ملال -خنيفرة","أزيلال","آيت تمليل","164","2338","USFP","كمال بنتودة","86119"
"بني ملال -خنيفرة","أزيلال","آيت تمليل","164","2345","USFP","محمد الفاضلي","56495"
"بني ملال -خنيفرة","أزيلال","آيت تمليل","164","2329","PEDD","محمد المنصوري","34120"
"بني ملال -خنيفرة","أزيلال","آيت تمليل","164","2340","PJD","محمد الناصري","81027"
"بني ملال -خنيفرة","أزيلال","آيت تمليل","164","2340","PJD","فطومة بقاس","81051"
"بني ملال -خنيفرة","أزيلال","آيت تمليل","164","2330","RNI","محمد  بداز","17703"
"بني ملال -خنيفرة","أزيلال","آيت عباس","94","1408","PJD","لحسن نشيط","119749"
"بني ملال -خنيفرة","أزيلال","آيت عباس","94","1408","PJD","سميرة  اعلوش ","119898"
"بني ملال -خنيفرة","أزيلال","آيت عباس","94","1413","PJD","محمد اكناو","23942"
"بني ملال -خنيفرة","أزيلال","آيت عباس","94","1412","PJD","لحسن علاوي","75092"
"بني ملال -خنيفرة","أزيلال","آيت عباس","94","1412","PJD","فاطمة مومن","75132"
"بني ملال -خنيفرة","أزيلال","آيت عباس","94","1404","PJD","احمد حمدو","82057"
"بني ملال -خنيفرة","أزيلال","آيت عباس","94","1404","PJD","امينة نواطفية","82420"
"بني ملال -خنيفرة","أزيلال","آيت عباس","94","1410","PJD","محمد ازهار","77152"
"بني ملال -خنيفرة","أزيلال","آيت عباس","94","1405","PJD","محمد جبان","48878"
"بني ملال -خنيفرة","أزيلال","آيت عباس","94","1409","PJD","محمد ترمعت","49496"
"بني ملال -خنيفرة","أزيلال","آيت عباس","94","1416","PJD","محمد خويا احساين","76177"
"بني ملال -خنيفرة","أزيلال","آيت عباس","94","1406","PJD","احمد انعلاف","81533"
"بني ملال -خنيفرة","أزيلال","آيت عباس","94","1415","PJD","لحسن عبد الحق","76107"
"بني ملال -خنيفرة","أزيلال","آيت عباس","94","1414","PJD","احماد عيسى","80470"
"بني ملال -خنيفرة","أزيلال","آيت عباس","94","27357","PJD","لحسن تمعيوت","119103"
"بني ملال -خنيفرة","أزيلال","آيت عباس","94","27356","MP","ابراهيم الغالي","49474"
"بني ملال -خنيفرة","أزيلال","آيت عباس","94","1407","MDS","محمد قاسي","78656"
"بني ملال -خنيفرة","أزيلال","آيت عباس","94","1407","MDS","عائشة ايتعلا","78841"
"بني ملال -خنيفرة","أزيلال","آيت عباس","94","1411","PAM","مصطفى صاخط","37089"
"بني ملال -خنيفرة","أزيلال","آيت ماجدن","132","1901","MP","ابراهيم اضوران","102820"
"بني ملال -خنيفرة","أزيلال","آيت ماجدن","132","25363","MP","السعيد بنون","76211"
"بني ملال -خنيفرة","أزيلال","آيت ماجدن","132","25359","MP","محمد الرفاعي","109437"
"بني ملال -خنيفرة","أزيلال","آيت ماجدن","132","25360","MP","اسماعيل انور","102563"
"بني ملال -خنيفرة","أزيلال","آيت ماجدن","132","1895","MP","رضوان منار","16238"
"بني ملال -خنيفرة","أزيلال","آيت ماجدن","132","1906","USFP","محمد الكوتري","24444"
"بني ملال -خنيفرة","أزيلال","آيت ماجدن","132","1906","USFP","رقية ضرضور","24478"
"بني ملال -خنيفرة","أزيلال","آيت ماجدن","132","1896","USFP","محمد الويس","48474"
"بني ملال -خنيفرة","أزيلال","آيت ماجدن","132","25362","USFP","رشيد غاندي","75465"
"بني ملال -خنيفرة","أزيلال","آيت ماجدن","132","1892","USFP","محمد ابراغ","75560"
"بني ملال -خنيفرة","أزيلال","آيت ماجدن","132","1905","USFP","محمد اكرامن","102825"
"بني ملال -خنيفرة","أزيلال","آيت ماجدن","132","25356","USFP","محمد لطفي","75647"
"بني ملال -خنيفرة","أزيلال","آيت ماجدن","132","1900","USFP","عبد الرحيم دهابي","103846"
"بني ملال -خنيفرة","أزيلال","آيت ماجدن","132","1894","USFP","مولاي عبد الرحمان لدريسي","75451"
"بني ملال -خنيفرة","أزيلال","آيت ماجدن","132","1897","USFP","زكريا بويكضاض","2286"
"بني ملال -خنيفرة","أزيلال","آيت ماجدن","132","1898","USFP","محمد صبري","75578"
"بني ملال -خنيفرة","أزيلال","آيت ماجدن","132","25357","PJD","محمد احربيل","81495"
"بني ملال -خنيفرة","أزيلال","آيت ماجدن","132","25357","PJD","حبيبة بوهلال","81555"
"بني ملال -خنيفرة","أزيلال","آيت ماجدن","132","25358","PJD","عبد الرزاق ايت منصور","76063"
"بني ملال -خنيفرة","أزيلال","آيت ماجدن","132","1899","MDS","عمر بوالظهر","57903"
"بني ملال -خنيفرة","أزيلال","آيت ماجدن","132","1899","MDS","نجاة ايت الشريط","58006"
"بني ملال -خنيفرة","أزيلال","آيت ماجدن","132","1904","RNI","رضوان تفرة","75419"
"بني ملال -خنيفرة","أزيلال","آيت ماجدن","132","1902","RNI","عبد الهادي بشار","58611"
"بني ملال -خنيفرة","أزيلال","آيت ماجدن","132","25361","PAM","السعيد خلاف","102814"
"بني ملال -خنيفرة","أزيلال","آيت ماجدن","132","25361","PAM","حكيمة ايت مومن","102994"
"بني ملال -خنيفرة","أزيلال","آيت ماجدن","132","1893","PSU","يوسف الراشدي","56500"
"بني ملال -خنيفرة","أزيلال","آيت ماجدن","132","1903","PPS","عزيز بركام","57645"
"بني ملال -خنيفرة","أزيلال","آيت مزيغ","135","1935","PAM","محمد زكري","47000"
"بني ملال -خنيفرة","أزيلال","آيت مزيغ","135","1935","PAM","فاضمة علوي","47179"
"بني ملال -خنيفرة","أزيلال","آيت مزيغ","135","1938","PAM","محمد قرشي","46912"
"بني ملال -خنيفرة","أزيلال","آيت مزيغ","135","1936","PAM","الحسين ابري","46744"
"بني ملال -خنيفرة","أزيلال","آيت مزيغ","135","1937","PAM","محمد  امرخوش","46987"
"بني ملال -خنيفرة","أزيلال","آيت مزيغ","135","1932","PAM","باسو خوي اعلي","103418"
"بني ملال -خنيفرة","أزيلال","آيت مزيغ","135","1932","PAM","رابحة عموا","103531"
"بني ملال -خنيفرة","أزيلال","آيت مزيغ","135","1933","PAM","حدو علوي","47653"
"بني ملال -خنيفرة","أزيلال","آيت مزيغ","135","1933","PAM","زهرة شكير","47704"
"بني ملال -خنيفرة","أزيلال","آيت مزيغ","135","1931","PAM","العيد ويهرا","47787"
"بني ملال -خنيفرة","أزيلال","آيت مزيغ","135","1934","PAM","سعيد العسري","47329"
"بني ملال -خنيفرة","أزيلال","آيت مزيغ","135","1939","PAM","باسو درموق","46835"
"بني ملال -خنيفرة","أزيلال","آيت مزيغ","135","1930","PI","محمد الدهبي","68799"
"بني ملال -خنيفرة","أزيلال","آيت مزيغ","135","1929","CNI","محمد بنعيسى","123147"
"بني ملال -خنيفرة","أزيلال","آيت مزيغ","135","1929","CNI","عزيزة جوهار","123338"
"بني ملال -خنيفرة","أزيلال","ارفالة","1091","17151","UC","المصطفى ابوكار","26628"
"بني ملال -خنيفرة","أزيلال","ارفالة","1091","17148","UC","عبد الرحيم بهاني","32517"
"بني ملال -خنيفرة","أزيلال","ارفالة","1091","17148","UC","مليكة لكميري","32600"
"بني ملال -خنيفرة","أزيلال","ارفالة","1091","17150","UC","عبدالرحمان ايت عبد النبي","76594"
"بني ملال -خنيفرة","أزيلال","ارفالة","1091","17152","UC","محماد نظرى","5256"
"بني ملال -خنيفرة","أزيلال","ارفالة","1091","17145","UC","صالح عبو","26639"
"بني ملال -خنيفرة","أزيلال","ارفالة","1091","17149","UC","عبد العزيز معلام","76723"
"بني ملال -خنيفرة","أزيلال","ارفالة","1091","17146","UC","الحسن حكيم","32207"
"بني ملال -خنيفرة","أزيلال","ارفالة","1091","17154","UC","عبد الله قدار","26610"
"بني ملال -خنيفرة","أزيلال","ارفالة","1091","17147","USFP","محمد الكيور","47685"
"بني ملال -خنيفرة","أزيلال","ارفالة","1091","17147","USFP","غزلان شعيبي","47741"
"بني ملال -خنيفرة","أزيلال","ارفالة","1091","17155","USFP","سي محمد العلاوي","6481"
"بني ملال -خنيفرة","أزيلال","ارفالة","1091","17144","PJD","عبد الكريم ستين","49934"
"بني ملال -خنيفرة","أزيلال","ارفالة","1091","17144","PJD","عزيزة ابغاض","49977"
"بني ملال -خنيفرة","أزيلال","ارفالة","1091","17153","PJD","محمد السريج","65882"
"بني ملال -خنيفرة","أزيلال","ارفالة","1091","17153","PJD","الهام ابكريم","65988"
"بني ملال -خنيفرة","أزيلال","ارفالة","1091","17143","PJD","المصطفى ابغاض","530"
"بني ملال -خنيفرة","أزيلال","اسكسي","667","10451","USFP","لحسن فشتالي","75674"
"بني ملال -خنيفرة","أزيلال","اسكسي","667","10451","USFP","نجاة بورحيم","75759"
"بني ملال -خنيفرة","أزيلال","اسكسي","667","10443","USFP","سعيد  ظريف","104439"
"بني ملال -خنيفرة","أزيلال","اسكسي","667","10446","USFP","محمد اخازيز","46982"
"بني ملال -خنيفرة","أزيلال","اسكسي","667","10443","USFP","مليكة زكاغي","104524"
"بني ملال -خنيفرة","أزيلال","اسكسي","667","10445","USFP","صالح  الصدوق","36739"
"بني ملال -خنيفرة","أزيلال","اسكسي","667","10444","USFP","حسن خطابي","80777"
"بني ملال -خنيفرة","أزيلال","اسكسي","667","10449","USFP","مصطفى الزاهر","75620"
"بني ملال -خنيفرة","أزيلال","اسكسي","667","10448","USFP","مصطفى اومنخرز","80838"
"بني ملال -خنيفرة","أزيلال","اسكسي","667","10447","USFP","محمد  فظيلي","47957"
"بني ملال -خنيفرة","أزيلال","اسكسي","667","10450","USFP","موح  مسكور","48236"
"بني ملال -خنيفرة","أزيلال","اسكسي","667","10441","PAM","خلا نوكوت","110922"
"بني ملال -خنيفرة","أزيلال","اسكسي","667","10441","PAM","فتيحة احسين","111022"
"بني ملال -خنيفرة","أزيلال","اسكسي","667","10442","PAM","محمد شهيد","128675"
"بني ملال -خنيفرة","أزيلال","اسكسي","667","10442","PAM","فاطمة فاضل","128819"
"بني ملال -خنيفرة","أزيلال","امليل","647","10152","PI","لحسن اخزان","64431"
"بني ملال -خنيفرة","أزيلال","امليل","647","10148","PI","عبدالحكيم الحربيلي","62475"
"بني ملال -خنيفرة","أزيلال","امليل","647","10148","PI","نجاة بلخير","62519"
"بني ملال -خنيفرة","أزيلال","امليل","647","10150","PI","رشيد ميغي","75105"
"بني ملال -خنيفرة","أزيلال","امليل","647","10145","PI","احمد ازناك","7331"
"بني ملال -خنيفرة","أزيلال","امليل","647","10145","PI","ءامنة بوريس","7366"
"بني ملال -خنيفرة","أزيلال","امليل","647","10141","PI","محمد قبة","34732"
"بني ملال -خنيفرة","أزيلال","امليل","647","10149","USFP","مولاي ادريس داودي","10786"
"بني ملال -خنيفرة","أزيلال","امليل","647","10149","USFP","السعدية عصفيري","10817"
"بني ملال -خنيفرة","أزيلال","امليل","647","10146","USFP","عبد الكبير بيور","62410"
"بني ملال -خنيفرة","أزيلال","امليل","647","10153","USFP","مولود الربيب","62725"
"بني ملال -خنيفرة","أزيلال","امليل","647","10151","USFP","التهامي اعصي","81110"
"بني ملال -خنيفرة","أزيلال","امليل","647","10147","USFP","عبد الجليل مزوز","44269"
"بني ملال -خنيفرة","أزيلال","امليل","647","10144","USFP","ابراهيم حجاجي","81400"
"بني ملال -خنيفرة","أزيلال","امليل","647","10143","PADS","عز الدين ايت بوقدير","77418"
"بني ملال -خنيفرة","أزيلال","امليل","647","10143","PSU","فتيحة الغزواني عاشق","77729"
"بني ملال -خنيفرة","أزيلال","امليل","647","10142","PSU","احمد ورضيني","81382"
"بني ملال -خنيفرة","أزيلال","انركي","212","3107","MP","محمد ورجدال","77721"
"بني ملال -خنيفرة","أزيلال","انركي","212","3107","MP","فاطمة القاضي ","123249"
"بني ملال -خنيفرة","أزيلال","انركي","212","3109","MP","اخلف فتحي","122650"
"بني ملال -خنيفرة","أزيلال","انركي","212","3109","MP","فاضمة بوافوس","122761"
"بني ملال -خنيفرة","أزيلال","انركي","212","3100","MP","سعيد بوستة","80967"
"بني ملال -خنيفرة","أزيلال","انركي","212","3100","MP","تودة شريفي","81089"
"بني ملال -خنيفرة","أزيلال","انركي","212","3104","MP","محمد تسيدلت","69666"
"بني ملال -خنيفرة","أزيلال","انركي","212","3106","MP","لحسن اهررد","69609"
"بني ملال -خنيفرة","أزيلال","انركي","212","3103","MP","لحسن اتوخسين","69705"
"بني ملال -خنيفرة","أزيلال","انركي","212","3101","MP","امحى سليماني","68212"
"بني ملال -خنيفرة","أزيلال","انركي","212","3108","MP","احمد القاضي","111912"
"بني ملال -خنيفرة","أزيلال","انركي","212","3110","MP","موح اشبرو","69793"
"بني ملال -خنيفرة","أزيلال","انركي","212","3102","MP","اخلف ايكن","69867"
"بني ملال -خنيفرة","أزيلال","انركي","212","3105","PAM","محمد اعمي","122424"
"بني ملال -خنيفرة","أزيلال","انركي","212","3105","PAM","فاطمة شريفي","122508"
"بني ملال -خنيفرة","أزيلال","انزو","220","3247","PPS","خاليد الماموني","13009"
"بني ملال -خنيفرة","أزيلال","انزو","220","3247","PPS","خديجة بن وعى","13030"
"بني ملال -خنيفرة","أزيلال","انزو","220","27374","PPS","عبد المجيد الرابحي","21734"
"بني ملال -خنيفرة","أزيلال","انزو","220","3248","PPS","عبد اللطيف بن وعا","16589"
"بني ملال -خنيفرة","أزيلال","انزو","220","27376","PPS","ابراهيم  بتفسيت","23809"
"بني ملال -خنيفرة","أزيلال","انزو","220","3254","PPS","الحسن خداش","24004"
"بني ملال -خنيفرة","أزيلال","انزو","220","3253","PPS","الحسين مسواك","23904"
"بني ملال -خنيفرة","أزيلال","انزو","220","3253","PPS","ربيعة المعناوي","24092"
"بني ملال -خنيفرة","أزيلال","انزو","220","3250","PPS","عبد اللطيف افقير","61993"
"بني ملال -خنيفرة","أزيلال","انزو","220","3250","PPS","لطيفة زكرياء","63677"
"بني ملال -خنيفرة","أزيلال","انزو","220","27371","PPS","ابراهيم الكلاف","10513"
"بني ملال -خنيفرة","أزيلال","انزو","220","3243","PPS","المصطفى بن اجعا","16307"
"بني ملال -خنيفرة","أزيلال","انزو","220","3255","PPS","محمد الحيطي","35045"
"بني ملال -خنيفرة","أزيلال","انزو","220","3255","PPS","دنيا مرزوق","35084"
"بني ملال -خنيفرة","أزيلال","انزو","220","3242","PPS","عبد الحق الزيتوني","12900"
"بني ملال -خنيفرة","أزيلال","انزو","220","3256","PPS","حسن بنمرزوق","24153"
"بني ملال -خنيفرة","أزيلال","انزو","220","3249","PPS","محمد الهاضيم","21045"
"بني ملال -خنيفرة","أزيلال","انزو","220","3246","PPS","ادريس راشيد","62850"
"بني ملال -خنيفرة","أزيلال","انزو","220","3245","PPS","بوجمعة  جعا","23578"
"بني ملال -خنيفرة","أزيلال","انزو","220","27372","PPS","لحسن  اوبدير","100616"
"بني ملال -خنيفرة","أزيلال","انزو","220","27375","PPS","محمد بدري","16625"
"بني ملال -خنيفرة","أزيلال","انزو","220","27377","PPS","محمد  سكاري ","47784"
"بني ملال -خنيفرة","أزيلال","انزو","220","27373","PPS","الحسن اوبحا ","63019"
"بني ملال -خنيفرة","أزيلال","انزو","220","3244","PPS","محمد بلحيط","24386"
"بني ملال -خنيفرة","أزيلال","انزو","220","3252","PPS","محمد يحيا","23945"
"بني ملال -خنيفرة","أزيلال","انزو","220","27370","RNI","عبد المالك  المحلاوي","123275"
"بني ملال -خنيفرة","أزيلال","انزو","220","3251","MP","الحسين الداودي","109167"
"بني ملال -خنيفرة","أزيلال","بزو","430","6645","UC","الحسين بخان","125041"
"بني ملال -خنيفرة","أزيلال","بزو","430","6645","UC","زهرة بوماد","125202"
"بني ملال -خنيفرة","أزيلال","بزو","430","6650","UC","مولود بركايو","29088"
"بني ملال -خنيفرة","أزيلال","بزو","430","6644","UC","عبد الرحيم سابق","17303"
"بني ملال -خنيفرة","أزيلال","بزو","430","6652","UC","كمال جماع","17534"
"بني ملال -خنيفرة","أزيلال","بزو","430","6640","UC","ربيع امين","5899"
"بني ملال -خنيفرة","أزيلال","بزو","430","6639","UC","عبد الكبير فهمي","2603"
"بني ملال -خنيفرة","أزيلال","بزو","430","6638","UC","عبد المجيد مخليص","66110"
"بني ملال -خنيفرة","أزيلال","بزو","430","6638","UC","نعيمة  ندير","66188"
"بني ملال -خنيفرة","أزيلال","بزو","430","6643","PI","مولاي احمد زهير","56275"
"بني ملال -خنيفرة","أزيلال","بزو","430","6647","PI","محمد بدالي","9576"
"بني ملال -خنيفرة","أزيلال","بزو","430","6642","PI","محمد بن الشرع","12452"
"بني ملال -خنيفرة","أزيلال","بزو","430","6648","PI","مولود بومرواني","10119"
"بني ملال -خنيفرة","أزيلال","بزو","430","6651","PI","عبدالرحيم حليم","9560"
"بني ملال -خنيفرة","أزيلال","بزو","430","6649","PAM","عبد الهادي جيدان","74980"
"بني ملال -خنيفرة","أزيلال","بزو","430","6649","PAM","فوزية الموفري","75005"
"بني ملال -خنيفرة","أزيلال","بزو","430","6646","PJD","عبد الغاني العالجي","74926"
"بني ملال -خنيفرة","أزيلال","بزو","430","6646","PJD","فاطمة جلزيم","74931"
"بني ملال -خنيفرة","أزيلال","بزو","430","6641","PJD","اعمارة الازهري","82710"
"بني ملال -خنيفرة","أزيلال","بني حسان","344","5269","PPS","محمد السقلي","17308"
"بني ملال -خنيفرة","أزيلال","بني حسان","344","5269","PPS","مرية غزيوي","17382"
"بني ملال -خنيفرة","أزيلال","بني حسان","344","5271","PPS","عبد المجيد تمزوير","16952"
"بني ملال -خنيفرة","أزيلال","بني حسان","344","5274","PPS","محمد حاسبون","23451"
"بني ملال -خنيفرة","أزيلال","بني حسان","344","5275","PPS","محمد الحياري","21646"
"بني ملال -خنيفرة","أزيلال","بني حسان","344","5275","PPS","فا طمة  حسا ن","21714"
"بني ملال -خنيفرة","أزيلال","بني حسان","344","5280","PPS","عبد العزيز بوداود","16943"
"بني ملال -خنيفرة","أزيلال","بني حسان","344","5272","PPS","عبد اللطيف المتوكل","22573"
"بني ملال -خنيفرة","أزيلال","بني حسان","344","5272","PPS","خدوج ايت بوتنسة","22635"
"بني ملال -خنيفرة","أزيلال","بني حسان","344","5270","PPS","ابراهيم افرك","16864"
"بني ملال -خنيفرة","أزيلال","بني حسان","344","5278","PPS","محماد وجنا","29389"
"بني ملال -خنيفرة","أزيلال","بني حسان","344","5268","USFP","علي حسي","34673"
"بني ملال -خنيفرة","أزيلال","بني حسان","344","5279","USFP","عزيز تكزيتن","12472"
"بني ملال -خنيفرة","أزيلال","بني حسان","344","5276","USFP","سميح جوهري","12707"
"بني ملال -خنيفرة","أزيلال","بني حسان","344","5273","MP","رشيد الراشي","96953"
"بني ملال -خنيفرة","أزيلال","بني حسان","344","5273","MP","جميلة الراشي","96978"
"بني ملال -خنيفرة","أزيلال","بني حسان","344","5277","MP","علي الناموس","32167"
"بني ملال -خنيفرة","أزيلال","بني عياط","317","4881","PI","ابراهيم  حسناوي","85324"
"بني ملال -خنيفرة","أزيلال","بني عياط","317","4881","PI","وردية  الحبيب","85801"
"بني ملال -خنيفرة","أزيلال","بني عياط","317","4899","PI","هاشم  الملاحمي","2339"
"بني ملال -خنيفرة","أزيلال","بني عياط","317","4899","PI","فوزية عامر","2345"
"بني ملال -خنيفرة","أزيلال","بني عياط","317","4884","PI","الحسين  ابناصر","46270"
"بني ملال -خنيفرة","أزيلال","بني عياط","317","4897","PI","المصطفى  باستور","46415"
"بني ملال -خنيفرة","أزيلال","بني عياط","317","4882","PI","الحسين  بولعياط","34924"
"بني ملال -خنيفرة","أزيلال","بني عياط","317","4901","PI","عبد العزيز  حميدي","113368"
"بني ملال -خنيفرة","أزيلال","بني عياط","317","4883","PI","المحفوظ  الرباط","46375"
"بني ملال -خنيفرة","أزيلال","بني عياط","317","4893","PI","عبد القادر  بولمان","2362"
"بني ملال -خنيفرة","أزيلال","بني عياط","317","4889","PI","محمد نائح","46254"
"بني ملال -خنيفرة","أزيلال","بني عياط","317","4885","PI","مولود   عزي","58459"
"بني ملال -خنيفرة","أزيلال","بني عياط","317","4887","PI","عبد العزيز مزياز","6871"
"بني ملال -خنيفرة","أزيلال","بني عياط","317","4891","PI","الحسن  السلمي","16887"
"بني ملال -خنيفرة","أزيلال","بني عياط","317","4890","PI","عبد الرحمان مسعودي","10455"
"بني ملال -خنيفرة","أزيلال","بني عياط","317","4895","UC","فارس زهيري","76786"
"بني ملال -خنيفرة","أزيلال","بني عياط","317","4895","UC","فاطمة  مرشيد","76892"
"بني ملال -خنيفرة","أزيلال","بني عياط","317","4892","UC","عبد الكريم البشير البوهالي","113680"
"بني ملال -خنيفرة","أزيلال","بني عياط","317","4892","UC","حادة  البوهالي","113528"
"بني ملال -خنيفرة","أزيلال","بني عياط","317","4894","UC","عبد العزيز  الشاجيع","127849"
"بني ملال -خنيفرة","أزيلال","بني عياط","317","4896","UC","ابراهيم باخوش","46218"
"بني ملال -خنيفرة","أزيلال","بني عياط","317","4903","UC","صالح بوغجدي","16897"
"بني ملال -خنيفرة","أزيلال","بني عياط","317","4902","UC","الحسن يزيني","113252"
"بني ملال -خنيفرة","أزيلال","بني عياط","317","4888","PJD","عبد الحق فقير","6639"
"بني ملال -خنيفرة","أزيلال","بني عياط","317","4900","PJD","محمد  كبيري","59598"
"بني ملال -خنيفرة","أزيلال","بني عياط","317","4898","PGVM","بوشعيب  ناجي","1583"
"بني ملال -خنيفرة","أزيلال","بني عياط","317","4886","USFP","صالح  العلمي","34932"
"بني ملال -خنيفرة","أزيلال","بين الويدان","301","4673","USFP","عبد الرحمان العسري","128103"
"بني ملال -خنيفرة","أزيلال","بين الويدان","301","4673","USFP","اسماء  ايت خاشون ","128213"
"بني ملال -خنيفرة","أزيلال","بين الويدان","301","4669","USFP","محمد اكدير","16617"
"بني ملال -خنيفرة","أزيلال","بين الويدان","301","4669","USFP","سناء بن داود","16654"
"بني ملال -خنيفرة","أزيلال","بين الويدان","301","4670","USFP","سعيد عبد اللوي","103753"
"بني ملال -خنيفرة","أزيلال","بين الويدان","301","4675","USFP","عمر اكرضى","9111"
"بني ملال -خنيفرة","أزيلال","بين الويدان","301","4676","USFP","لحسن وبير","56474"
"بني ملال -خنيفرة","أزيلال","بين الويدان","301","4676","USFP","جميلة الظرقوي","56676"
"بني ملال -خنيفرة","أزيلال","بين الويدان","301","4672","USFP","بناصر  ريروشي ","104363"
"بني ملال -خنيفرة","أزيلال","بين الويدان","301","4677","RNI","بناصر بوسحور","4762"
"بني ملال -خنيفرة","أزيلال","بين الويدان","301","4667","RNI","حسن حاجي","23629"
"بني ملال -خنيفرة","أزيلال","بين الويدان","301","4668","PPS","علي باركي","56398"
"بني ملال -خنيفرة","أزيلال","بين الويدان","301","4668","PPS","محجوبة تاسبلت","56521"
"بني ملال -خنيفرة","أزيلال","بين الويدان","301","4671","UC","لحسن حدادي","12529"
"بني ملال -خنيفرة","أزيلال","بين الويدان","301","4674","UC","ادريس بكور","4738"
"بني ملال -خنيفرة","أزيلال","تابية","1309","20743","RNI","الحسين اعزي","47648"
"بني ملال -خنيفرة","أزيلال","تابية","1309","20746","RNI","حسن ايت علي","34405"
"بني ملال -خنيفرة","أزيلال","تابية","1309","20745","RNI","حمادي  الطالب ","34585"
"بني ملال -خنيفرة","أزيلال","تابية","1309","20744","RNI","محمد  امزان","47140"
"بني ملال -خنيفرة","أزيلال","تابية","1309","20749","RNI","حسن بنقاسم","56099"
"بني ملال -خنيفرة","أزيلال","تابية","1309","20742","PAM","محمد بولحية","3471"
"بني ملال -خنيفرة","أزيلال","تابية","1309","20737","PI","محمد شدلي","34427"
"بني ملال -خنيفرة","أزيلال","تابية","1309","20737","PI","نجاة لوطفي","34432"
"بني ملال -خنيفرة","أزيلال","تابية","1309","20739","PI","لحسن بن عدي","35185"
"بني ملال -خنيفرة","أزيلال","تابية","1309","20739","PI","سكينة زعيمي","35221"
"بني ملال -خنيفرة","أزيلال","تابية","1309","20738","PI","لحسن ايت دحمان","49896"
"بني ملال -خنيفرة","أزيلال","تابية","1309","20740","USFP","امحمد حليم","81827"
"بني ملال -خنيفرة","أزيلال","تابية","1309","20740","USFP","عائشة شمراح","81884"
"بني ملال -خنيفرة","أزيلال","تابية","1309","20747","USFP","محماد فتاح","46853"
"بني ملال -خنيفرة","أزيلال","تابية","1309","20741","MP","ابراهيم ونيناش","81722"
"بني ملال -خنيفرة","أزيلال","تابية","1309","20741","MP","حفضة الحضري","81793"
"بني ملال -خنيفرة","أزيلال","تابية","1309","20748","PPS","حسن صابر","29330"
"بني ملال -خنيفرة","أزيلال","تاكلفت","1334","27360","RNI","محمد اقبيش ","21075"
"بني ملال -خنيفرة","أزيلال","تاكلفت","1334","27360","RNI","حكيمة اوبني","21100"
"بني ملال -خنيفرة","أزيلال","تاكلفت","1334","27361","RNI","حسن بوستى","104570"
"بني ملال -خنيفرة","أزيلال","تاكلفت","1334","27361","RNI","حليمة انكوض","121912"
"بني ملال -خنيفرة","أزيلال","تاكلفت","1334","21062","RNI","ابراهيم لوطر","105065"
"بني ملال -خنيفرة","أزيلال","تاكلفت","1334","21062","RNI","فاظمة  احزى","105425"
"بني ملال -خنيفرة","أزيلال","تاكلفت","1334","21060","RNI","ميمون اعوي","70705"
"بني ملال -خنيفرة","أزيلال","تاكلفت","1334","21068","PEDD","محمد سخمان","122068"
"بني ملال -خنيفرة","أزيلال","تاكلفت","1334","21069","PEDD","مولاي عبد العزيز موكيل","121820"
"بني ملال -خنيفرة","أزيلال","تاكلفت","1334","21071","PEDD","عبد الرحمان  عريبا","70984"
"بني ملال -خنيفرة","أزيلال","تاكلفت","1334","21067","PAM","المصطفى شهرو","58188"
"بني ملال -خنيفرة","أزيلال","تاكلفت","1334","21072","PAM","جمال الحنصالي","46347"
"بني ملال -خنيفرة","أزيلال","تاكلفت","1334","21065","PAM","لحسن مزوز","68652"
"بني ملال -خنيفرة","أزيلال","تاكلفت","1334","21063","PJD","محمد  لقاد","58649"
"بني ملال -خنيفرة","أزيلال","تاكلفت","1334","21066","MP","باسو بنخلوق","83815"
"بني ملال -خنيفرة","أزيلال","تاكلفت","1334","21066","MP","رابحة اوضيوح","83993"
"بني ملال -خنيفرة","أزيلال","تاكلفت","1334","21070","PML","المصطفى مزوزي","105709"
"بني ملال -خنيفرة","أزيلال","تاكلفت","1334","21064","SAP","صالح ديان","59687"
"بني ملال -خنيفرة","أزيلال","تاكلفت","1334","21061","PGVM","مولاي نجاح","103329"
"بني ملال -خنيفرة","أزيلال","تامدة نومرصيد","1364","21458","MDS","علي بوحوت","83431"
"بني ملال -خنيفرة","أزيلال","تامدة نومرصيد","1364","21458","MDS","خديجة ايت ولحسن","83528"
"بني ملال -خنيفرة","أزيلال","تامدة نومرصيد","1364","21464","MDS","سعيد ايت حشى ","70241"
"بني ملال -خنيفرة","أزيلال","تامدة نومرصيد","1364","21467","MDS","الطاهر عزي","41779"
"بني ملال -خنيفرة","أزيلال","تامدة نومرصيد","1364","21463","MDS","عبد الحكيم فطواكي","59737"
"بني ملال -خنيفرة","أزيلال","تامدة نومرصيد","1364","21468","MDS","الحسين ايتبوتسركال","56606"
"بني ملال -خنيفرة","أزيلال","تامدة نومرصيد","1364","21460","MDS","حسن ايت علي احدو","104269"
"بني ملال -خنيفرة","أزيلال","تامدة نومرصيد","1364","21466","PAM","لحسن ايت اصحا","10660"
"بني ملال -خنيفرة","أزيلال","تامدة نومرصيد","1364","21457","PAM","عبد الله  ايت تمودة","60276"
"بني ملال -خنيفرة","أزيلال","تامدة نومرصيد","1364","21457","PAM","فاضمة ايتيصحا","60472"
"بني ملال -خنيفرة","أزيلال","تامدة نومرصيد","1364","21459","PAM","المصطفى بعلاه","6506"
"بني ملال -خنيفرة","أزيلال","تامدة نومرصيد","1364","21459","PAM","رقية ايتينوح","6526"
"بني ملال -خنيفرة","أزيلال","تامدة نومرصيد","1364","21461","PAM","لحسن ايت الحسن","22406"
"بني ملال -خنيفرة","أزيلال","تامدة نومرصيد","1364","21462","MP","لحسن ايت زياد","28964"
"بني ملال -خنيفرة","أزيلال","تامدة نومرصيد","1364","21456","PADS","المصطفى ايتكيوط","58030"
"بني ملال -خنيفرة","أزيلال","تامدة نومرصيد","1364","21456","PADS","سعاد اليوسفي","58274"
"بني ملال -خنيفرة","أزيلال","تامدة نومرصيد","1364","21465","PADS","رشيد ايت بركا","7049"
"بني ملال -خنيفرة","أزيلال","تاونزة","1385","21823","PAM","سعيد البكري","42420"
"بني ملال -خنيفرة","أزيلال","تاونزة","1385","21825","PAM","عمر اشعيب","33935"
"بني ملال -خنيفرة","أزيلال","تاونزة","1385","21826","PAM","الحسين عزان","29671"
"بني ملال -خنيفرة","أزيلال","تاونزة","1385","21826","PAM","فاطمة تخصايتي","30063"
"بني ملال -خنيفرة","أزيلال","تاونزة","1385","21816","PAM","عبد الاله تمغارت","29156"
"بني ملال -خنيفرة","أزيلال","تاونزة","1385","21815","PSU","حسن خمة","24663"
"بني ملال -خنيفرة","أزيلال","تاونزة","1385","21815","PSU","فاضمة زكاغ","24723"
"بني ملال -خنيفرة","أزيلال","تاونزة","1385","21821","PSU","الحسين مشاش","2281"
"بني ملال -خنيفرة","أزيلال","تاونزة","1385","21817","PSU","مصطفى وحجو","35964"
"بني ملال -خنيفرة","أزيلال","تاونزة","1385","21822","PPS","المصطفى الوافي","10163"
"بني ملال -خنيفرة","أزيلال","تاونزة","1385","21819","PPS","عبد الرحمان شيتاش","17809"
"بني ملال -خنيفرة","أزيلال","تاونزة","1385","21824","PPS","محمد  خويا","6510"
"بني ملال -خنيفرة","أزيلال","تاونزة","1385","21820","PEDD","محمد اشيخ","98992"
"بني ملال -خنيفرة","أزيلال","تاونزة","1385","21820","PEDD","سميحة  لحلو","99313"
"بني ملال -خنيفرة","أزيلال","تاونزة","1385","21818","PJD","زايد افكنضن","6501"
"بني ملال -خنيفرة","أزيلال","تاونزة","1385","21818","PJD","فاطيمة بكير","6534"
"بني ملال -خنيفرة","أزيلال","تاونزة","1385","21827","USFP","مصطفى نايت زري","17861"
"بني ملال -خنيفرة","أزيلال","تبانت","1306","20708","PJD","خاليد تكوكين","81807"
"بني ملال -خنيفرة","أزيلال","تبانت","1306","20708","PJD","فاطمة وعلا","81854"
"بني ملال -خنيفرة","أزيلال","تبانت","1306","20709","PJD","محمد  ايت بنعلي","65287"
"بني ملال -خنيفرة","أزيلال","تبانت","1306","20709","PJD","فاطمة والقاضي","65359"
"بني ملال -خنيفرة","أزيلال","تبانت","1306","20713","PJD","يوسف اتكلاوت","81917"
"بني ملال -خنيفرة","أزيلال","تبانت","1306","20707","PJD","ابراهيم ابرغوس","59428"
"بني ملال -خنيفرة","أزيلال","تبانت","1306","20702","PJD","احماد البحراوي","29298"
"بني ملال -خنيفرة","أزيلال","تبانت","1306","20714","PJD","محمد الميموني","80448"
"بني ملال -خنيفرة","أزيلال","تبانت","1306","20711","PJD","ابراهيم رشيق","61576"
"بني ملال -خنيفرة","أزيلال","تبانت","1306","20710","PAM","مصطفى ياداين","58831"
"بني ملال -خنيفرة","أزيلال","تبانت","1306","20710","PAM","خديجة موسكلو ","58951"
"بني ملال -خنيفرة","أزيلال","تبانت","1306","20704","PAM","ابراهيم ايت القاضي","96760"
"بني ملال -خنيفرة","أزيلال","تبانت","1306","20703","PAM","علي وطالب","82130"
"بني ملال -خنيفرة","أزيلال","تبانت","1306","20712","PAM","عيسى ودرة","81982"
"بني ملال -خنيفرة","أزيلال","تبانت","1306","25380","PAM","محمد جهني","126317"
"بني ملال -خنيفرة","أزيلال","تبانت","1306","25381","RNI","محمد نعوامن","97856"
"بني ملال -خنيفرة","أزيلال","تبانت","1306","20705","PRD","لحسن بوشعيب","96851"
"بني ملال -خنيفرة","أزيلال","تبانت","1306","20705","PRD","ماما الحديوي ","96869"
"بني ملال -خنيفرة","أزيلال","تبانت","1306","20706","PPS","محمد موجان","125119"
"بني ملال -خنيفرة","أزيلال","تبروشت","1307","20715","PAM","عادل البراكات","67883"
"بني ملال -خنيفرة","أزيلال","تبروشت","1307","20715","PAM","فاطمة الصوير","68010"
"بني ملال -خنيفرة","أزيلال","تبروشت","1307","20716","PAM","علي فقار","67017"
"بني ملال -خنيفرة","أزيلال","تبروشت","1307","20716","PAM","رابحة بوزدوي","67093"
"بني ملال -خنيفرة","أزيلال","تبروشت","1307","20722","PAM","سعيد الشيخ","66536"
"بني ملال -خنيفرة","أزيلال","تبروشت","1307","20722","PAM","فاضمة دايح","66588"
"بني ملال -خنيفرة","أزيلال","تبروشت","1307","20720","PAM","موحى ايت اعزيز","66890"
"بني ملال -خنيفرة","أزيلال","تبروشت","1307","20719","PAM","حسن العموش","66333"
"بني ملال -خنيفرة","أزيلال","تبروشت","1307","20719","PAM","فاطمة الزيتون","66445"
"بني ملال -خنيفرة","أزيلال","تبروشت","1307","20721","PAM","ادريس شرف","124017"
"بني ملال -خنيفرة","أزيلال","تبروشت","1307","20725","PAM","بناصر مرغيش","66713"
"بني ملال -خنيفرة","أزيلال","تبروشت","1307","20724","PAM","احمد امها","105363"
"بني ملال -خنيفرة","أزيلال","تبروشت","1307","20717","MP","علي صدقي","123703"
"بني ملال -خنيفرة","أزيلال","تبروشت","1307","20718","PJD","علي غازي","103241"
"بني ملال -خنيفرة","أزيلال","تبروشت","1307","20723","UC","حمو مولا","105019"
"بني ملال -خنيفرة","أزيلال","تدلي فطواكة","1429","22534","PJD","الحسين الدريوش","32185"
"بني ملال -خنيفرة","أزيلال","تدلي فطواكة","1429","22535","PJD","عبد الرحيم فراح","17282"
"بني ملال -خنيفرة","أزيلال","تدلي فطواكة","1429","22536","PJD","عبد المجيد  الروندي ","23718"
"بني ملال -خنيفرة","أزيلال","تدلي فطواكة","1429","22543","PJD","احمد  الراشيدي","43497"
"بني ملال -خنيفرة","أزيلال","تدلي فطواكة","1429","22533","PJD","مصطفى الحيدوي","80700"
"بني ملال -خنيفرة","أزيلال","تدلي فطواكة","1429","22533","PJD","فاطيمة اوك","80739"
"بني ملال -خنيفرة","أزيلال","تدلي فطواكة","1429","22545","PI","عبد الحميد بن سعيدي","16623"
"بني ملال -خنيفرة","أزيلال","تدلي فطواكة","1429","22542","PI","عبد العزيز كركاب","9623"
"بني ملال -خنيفرة","أزيلال","تدلي فطواكة","1429","22542","PI","زهرة الطراح","9677"
"بني ملال -خنيفرة","أزيلال","تدلي فطواكة","1429","22540","PI","محمد الحرتي","16563"
"بني ملال -خنيفرة","أزيلال","تدلي فطواكة","1429","22540","PI","حليمة بوعياد","16585"
"بني ملال -خنيفرة","أزيلال","تدلي فطواكة","1429","22537","PI","ابراهيم مسمار","10091"
"بني ملال -خنيفرة","أزيلال","تدلي فطواكة","1429","22539","PI","عبد المجيد بادو","44516"
"بني ملال -خنيفرة","أزيلال","تدلي فطواكة","1429","27359","PI","الهاشمي بها","6456"
"بني ملال -خنيفرة","أزيلال","تدلي فطواكة","1429","22541","MP","عبدالعزيز التشبيبي","80605"
"بني ملال -خنيفرة","أزيلال","تدلي فطواكة","1429","22541","MP","خديجة الحاميد","80639"
"بني ملال -خنيفرة","أزيلال","تدلي فطواكة","1429","22538","MP","الحسن التشبيبي","49806"
"بني ملال -خنيفرة","أزيلال","تدلي فطواكة","1429","22544","MP","عبد الرزاق الحجوي","78962"
"بني ملال -خنيفرة","أزيلال","تدلي فطواكة","1429","27358","PPS","عبدالرحمان اوشكير","109879"
"بني ملال -خنيفرة","أزيلال","تسقي","1467","23053","UC","الصديق كعبار","24194"
"بني ملال -خنيفرة","أزيلال","تسقي","1467","23050","UC","عمر علام","55789"
"بني ملال -خنيفرة","أزيلال","تسقي","1467","23050","UC","فاطمة العونية","55821"
"بني ملال -خنيفرة","أزيلال","تسقي","1467","23051","UC","علال بايدو","17769"
"بني ملال -خنيفرة","أزيلال","تسقي","1467","23051","UC","نجاة الناصيري","17830"
"بني ملال -خنيفرة","أزيلال","تسقي","1467","23052","UC","هشام جبران","24308"
"بني ملال -خنيفرة","أزيلال","تسقي","1467","23057","PAM","عبد الرحيم  معمري ","42475"
"بني ملال -خنيفرة","أزيلال","تسقي","1467","23058","PAM","الحسين بويخلف","41805"
"بني ملال -خنيفرة","أزيلال","تسقي","1467","23054","PAM","المهدي بولكساكس","41910"
"بني ملال -خنيفرة","أزيلال","تسقي","1467","23055","PAM","صالح  الجزولي","41849"
"بني ملال -خنيفرة","أزيلال","تسقي","1467","23056","PAM","الحسين البازوني","26575"
"بني ملال -خنيفرة","أزيلال","تسقي","1467","23049","PEDD","عبدالله لعوني","81244"
"بني ملال -خنيفرة","أزيلال","تسقي","1467","23049","PEDD","زاهية رفقا","81286"
"بني ملال -خنيفرة","أزيلال","تسقي","1467","23059","PSU","محمد باوسوس","98173"
"بني ملال -خنيفرة","أزيلال","تسقي","1467","23059","PSU","راضية عجيب","125836"
"بني ملال -خنيفرة","أزيلال","تفني","1437","22651","MP","مولاي الحسن الفقير","79114"
"بني ملال -خنيفرة","أزيلال","تفني","1437","22651","MP","سعيدة الغرناطي","79276"
"بني ملال -خنيفرة","أزيلال","تفني","1437","22652","MP","لحسن بلبصري","6726"
"بني ملال -خنيفرة","أزيلال","تفني","1437","22654","MP","عبد الرحمان علاش","80301"
"بني ملال -خنيفرة","أزيلال","تفني","1437","22656","MP","العربي القباب","64233"
"بني ملال -خنيفرة","أزيلال","تفني","1437","22653","MP","لحسن سلوين","16542"
"بني ملال -خنيفرة","أزيلال","تفني","1437","22655","MP","عبد المالك مروان","78158"
"بني ملال -خنيفرة","أزيلال","تفني","1437","22657","PJD","عبد الله زهدي","34481"
"بني ملال -خنيفرة","أزيلال","تفني","1437","22657","PJD","بوشرة الورزاوي","34648"
"بني ملال -خنيفرة","أزيلال","تفني","1437","22650","PJD","محمد لعجو","3319"
"بني ملال -خنيفرة","أزيلال","تفني","1437","22661","PJD","عبد الرحيم نصيف","114208"
"بني ملال -خنيفرة","أزيلال","تفني","1437","22661","PJD","نجاة الرافعي","114863"
"بني ملال -خنيفرة","أزيلال","تفني","1437","22660","PJD","عبد الفتاح اقمرى","78955"
"بني ملال -خنيفرة","أزيلال","تفني","1437","22659","PPS","محمد الهرام","78228"
"بني ملال -خنيفرة","أزيلال","تفني","1437","22659","PPS","فوزية اقشميح","78324"
"بني ملال -خنيفرة","أزيلال","تفني","1437","22649","RNI","مصطفى بونصير","16921"
"بني ملال -خنيفرة","أزيلال","تفني","1437","22658","PAM","محمد الحافظي","78261"
"بني ملال -خنيفرة","أزيلال","تنانت","1374","21654","PAM","إدريس اخموش","62466"
"بني ملال -خنيفرة","أزيلال","تنانت","1374","21654","PAM","حبيبة لمنني","63798"
"بني ملال -خنيفرة","أزيلال","تنانت","1374","21646","PAM","مصطفى الفطواكي","34966"
"بني ملال -خنيفرة","أزيلال","تنانت","1374","21656","PAM","محمد ستاوي","44390"
"بني ملال -خنيفرة","أزيلال","تنانت","1374","21650","PAM","محمد العشاوي","43162"
"بني ملال -خنيفرة","أزيلال","تنانت","1374","21657","PAM","خالد خيدر","71092"
"بني ملال -خنيفرة","أزيلال","تنانت","1374","21655","USFP","ابراهيم  اشطوا","101507"
"بني ملال -خنيفرة","أزيلال","تنانت","1374","21648","MDS","ادريس اليزيدي","108860"
"بني ملال -خنيفرة","أزيلال","تنانت","1374","21648","MDS","السعيدة صالح الدين","109131"
"بني ملال -خنيفرة","أزيلال","تنانت","1374","21649","MDS","الحسين رفيع","87278"
"بني ملال -خنيفرة","أزيلال","تنانت","1374","21649","MDS","فاطمة العلاوي","87450"
"بني ملال -خنيفرة","أزيلال","تنانت","1374","21651","MDS","محمد مرزوق","128095"
"بني ملال -خنيفرة","أزيلال","تنانت","1374","21658","MDS","محمد مشبار","71054"
"بني ملال -خنيفرة","أزيلال","تنانت","1374","21653","RNI","خديجة بوعبيد","34593"
"بني ملال -خنيفرة","أزيلال","تنانت","1374","21652","PSU","حسن ايت حدو","107090"
"بني ملال -خنيفرة","أزيلال","تنانت","1374","21652","PSU","فاطمة الزهراء اوفلاح","107426"
"بني ملال -خنيفرة","أزيلال","تنانت","1374","21647","PPS","محمد الكور","30440"
"بني ملال -خنيفرة","أزيلال","تيفرت  نايت حمزة","1435","22617","PI","باسو اوراغ","58384"
"بني ملال -خنيفرة","أزيلال","تيفرت  نايت حمزة","1435","22617","PI","بري خومري","59812"
"بني ملال -خنيفرة","أزيلال","تيفرت  نايت حمزة","1435","22623","PI","مصطفى اوكوماي","46319"
"بني ملال -خنيفرة","أزيلال","تيفرت  نايت حمزة","1435","22620","PI","سعيد  اوها","46200"
"بني ملال -خنيفرة","أزيلال","تيفرت  نايت حمزة","1435","22621","PI","لحسن ميجو","61763"
"بني ملال -خنيفرة","أزيلال","تيفرت  نايت حمزة","1435","22622","PI","حسن اوريحة","46354"
"بني ملال -خنيفرة","أزيلال","تيفرت  نايت حمزة","1435","22619","PI","الحسين والون","46565"
"بني ملال -خنيفرة","أزيلال","تيفرت  نايت حمزة","1435","22616","RNI","مصطفى اعبو","70744"
"بني ملال -خنيفرة","أزيلال","تيفرت  نايت حمزة","1435","22615","MDS","ساعيد اجنا","29229"
"بني ملال -خنيفرة","أزيلال","تيفرت  نايت حمزة","1435","22615","MDS","رابحة اداني","29263"
"بني ملال -خنيفرة","أزيلال","تيفرت  نايت حمزة","1435","22613","MDS","بوعز  امنصكو","29082"
"بني ملال -خنيفرة","أزيلال","تيفرت  نايت حمزة","1435","22613","MDS","فاطمة العواري","29116"
"بني ملال -خنيفرة","أزيلال","تيفرت  نايت حمزة","1435","22614","MDS","خلا سعيدي","26814"
"بني ملال -خنيفرة","أزيلال","تيفرت  نايت حمزة","1435","22614","MDS","فاظمة  اوبو","26840"
"بني ملال -خنيفرة","أزيلال","تيفرت  نايت حمزة","1435","22618","PSU","مصطفى برهنى","122581"
"بني ملال -خنيفرة","أزيلال","تيلوكيت","1449","22828","PAM","موحى اشكرو","71987"
"بني ملال -خنيفرة","أزيلال","تيلوكيت","1449","22828","PAM","فاطمة بويشو","72007"
"بني ملال -خنيفرة","أزيلال","تيلوكيت","1449","22829","PAM","لحسن هموا","105864"
"بني ملال -خنيفرة","أزيلال","تيلوكيت","1449","22829","PAM","ثلا هاني","105935"
"بني ملال -خنيفرة","أزيلال","تيلوكيت","1449","22830","PAM","احمد وشواش","123551"
"بني ملال -خنيفرة","أزيلال","تيلوكيت","1449","22830","PAM","فاطمة ورعي","123639"
"بني ملال -خنيفرة","أزيلال","تيلوكيت","1449","22825","PAM","ابراهيم شاجع","26730"
"بني ملال -خنيفرة","أزيلال","تيلوكيت","1449","22825","PAM","عائشة البرغيزي","26744"
"بني ملال -خنيفرة","أزيلال","تيلوكيت","1449","22826","PAM","محمد ملكين","48006"
"بني ملال -خنيفرة","أزيلال","تيلوكيت","1449","22831","PAM","لحسن اعياط","32947"
"بني ملال -خنيفرة","أزيلال","تيلوكيت","1449","22820","PAM","لحسن ابعي","122570"
"بني ملال -خنيفرة","أزيلال","تيلوكيت","1449","22824","PAM","محمد غاجي","48119"
"بني ملال -خنيفرة","أزيلال","تيلوكيت","1449","22827","MP","موحى اموجان","105960"
"بني ملال -خنيفرة","أزيلال","تيلوكيت","1449","22819","MP","لحسن عزيم","107169"
"بني ملال -خنيفرة","أزيلال","تيلوكيت","1449","22821","MP","لحسن  وشواش","110029"
"بني ملال -خنيفرة","أزيلال","تيلوكيت","1449","22822","PI","محمد ابناو","106026"
"بني ملال -خنيفرة","أزيلال","تيلوكيت","1449","22823","UC","سعيد ماعي","69267"
"بني ملال -خنيفرة","أزيلال","تيموليلت","1455","22902","USFP","محمد ايت حميد","56969"
"بني ملال -خنيفرة","أزيلال","تيموليلت","1455","22901","USFP","حسن اوقديم","79349"
"بني ملال -خنيفرة","أزيلال","تيموليلت","1455","22900","USFP","عبد الكريم وهردة","100235"
"بني ملال -خنيفرة","أزيلال","تيموليلت","1455","22900","USFP","مينة رحيمي","100365"
"بني ملال -خنيفرة","أزيلال","تيموليلت","1455","22905","USFP","الحسين اوفني","120206"
"بني ملال -خنيفرة","أزيلال","تيموليلت","1455","22904","USFP","اخلف بخشى","80966"
"بني ملال -خنيفرة","أزيلال","تيموليلت","1455","22898","PI","لحسن وردي","57266"
"بني ملال -خنيفرة","أزيلال","تيموليلت","1455","22897","PI","حميد املوي","64099"
"بني ملال -خنيفرة","أزيلال","تيموليلت","1455","22897","PI","السعدية مصلي","64158"
"بني ملال -خنيفرة","أزيلال","تيموليلت","1455","22899","PI","سليمان مزراق","104880"
"بني ملال -خنيفرة","أزيلال","تيموليلت","1455","22899","PI","السعدية بامي","104956"
"بني ملال -خنيفرة","أزيلال","تيموليلت","1455","22896","PI","سمير عماري","57092"
"بني ملال -خنيفرة","أزيلال","تيموليلت","1455","22895","PGVM","الحسين السملالي","43554"
"بني ملال -خنيفرة","أزيلال","تيموليلت","1455","22903","RNI","لحسن خاشون","76973"
"بني ملال -خنيفرة","أزيلال","تيموليلت","1455","22903","RNI","نجاة اوقديم","77049"
"بني ملال -خنيفرة","أزيلال","دمنات","466","7240","PAM","عبد الجليل عاشوري","2553"
"بني ملال -خنيفرة","أزيلال","دمنات","466","7244","PAM","محمد زيتوني","29486"
"بني ملال -خنيفرة","أزيلال","دمنات","466","7244","PAM","فدوة الشكدالي","29553"
"بني ملال -خنيفرة","أزيلال","دمنات","466","7255","PAM","عبد العزيز ايت ارجدال","24180"
"بني ملال -خنيفرة","أزيلال","دمنات","466","7255","PAM","حنان بوتل","24235"
"بني ملال -خنيفرة","أزيلال","دمنات","466","7248","PAM","عبد العالي عفير","22541"
"بني ملال -خنيفرة","أزيلال","دمنات","466","7248","PAM","لطيفة دريسو","23125"
"بني ملال -خنيفرة","أزيلال","دمنات","466","7243","PAM","عبد الكريم الورغيز","10367"
"بني ملال -خنيفرة","أزيلال","دمنات","466","7249","PAM","نور الدين السبع","10333"
"بني ملال -خنيفرة","أزيلال","دمنات","466","7246","PAM","حميد الغوات","10286"
"بني ملال -خنيفرة","أزيلال","دمنات","466","7256","PAM","عبدالرحمان ابادو","10417"
"بني ملال -خنيفرة","أزيلال","دمنات","466","7241","PAM","حميد صياد","16671"
"بني ملال -خنيفرة","أزيلال","دمنات","466","7250","PAM","السعيد الراقين","16650"
"بني ملال -خنيفرة","أزيلال","دمنات","466","7247","PAM","عبد السلام الحمياني","117784"
"بني ملال -خنيفرة","أزيلال","دمنات","466","7259","PAM","عثمان التشرون","10424"
"بني ملال -خنيفرة","أزيلال","دمنات","466","7261","USFP","احمد اجوب","24289"
"بني ملال -خنيفرة","أزيلال","دمنات","466","7261","USFP","خديجة الطلبا","24333"
"بني ملال -خنيفرة","أزيلال","دمنات","466","7251","USFP","محمد اكراض","480"
"بني ملال -خنيفرة","أزيلال","دمنات","466","7257","USFP","حسن ايت الكوش","68138"
"بني ملال -خنيفرة","أزيلال","دمنات","466","7260","USFP","عبد الغني ابوسهماين","508"
"بني ملال -خنيفرة","أزيلال","دمنات","466","7262","USFP","عبد الكريم بوسهمين","453"
"بني ملال -خنيفرة","أزيلال","دمنات","466","7242","PJD","خاليد الافصالت","533"
"بني ملال -خنيفرة","أزيلال","دمنات","466","7245","PI","محمد احرراد","60544"
"بني ملال -خنيفرة","أزيلال","دمنات","466","7253","PI","مصطفى التركاوي","120702"
"بني ملال -خنيفرة","أزيلال","دمنات","466","27378","PI","مولاي هيشام الفلالي","59124"
"بني ملال -خنيفرة","أزيلال","دمنات","466","7254","PI","عبد الرحيم بديع","18660"
"بني ملال -خنيفرة","أزيلال","دمنات","466","7258","PADS","بوبكر الغزواني","121847"
"بني ملال -خنيفرة","أزيلال","دمنات","466","7252","MP","محمد الافصالت","18725"
"بني ملال -خنيفرة","أزيلال","دمنات","466","27379","RNI","السعيد الزعزاع","18864"
"بني ملال -خنيفرة","أزيلال","زاوية أحنصال","1521","23798","PAM","سعيد اتغلاست","46491"
"بني ملال -خنيفرة","أزيلال","زاوية أحنصال","1521","23798","PAM","عائشة ناجي","46529"
"بني ملال -خنيفرة","أزيلال","زاوية أحنصال","1521","23800","PAM","احمد مستور","21956"
"بني ملال -خنيفرة","أزيلال","زاوية أحنصال","1521","23800","PAM","فاضمة اسلون","22043"
"بني ملال -خنيفرة","أزيلال","زاوية أحنصال","1521","23797","PAM","محمد بولعوان","87162"
"بني ملال -خنيفرة","أزيلال","زاوية أحنصال","1521","23794","PAM","ابراهيم الخلفاوي","44122"
"بني ملال -خنيفرة","أزيلال","زاوية أحنصال","1521","23793","PAM","سعيد القائد","44000"
"بني ملال -خنيفرة","أزيلال","زاوية أحنصال","1521","23799","PPS","يوسف فاريد","17520"
"بني ملال -خنيفرة","أزيلال","زاوية أحنصال","1521","23803","PPS","عبد الرحمان اداد","85956"
"بني ملال -خنيفرة","أزيلال","زاوية أحنصال","1521","23802","PPS","احماد الزوري","48106"
"بني ملال -خنيفرة","أزيلال","زاوية أحنصال","1521","23795","PPS","محمد ابعوش","22882"
"بني ملال -خنيفرة","أزيلال","زاوية أحنصال","1521","23796","MP","موحى الزاوي","17724"
"بني ملال -خنيفرة","أزيلال","زاوية أحنصال","1521","23805","MP","لحسن وختش","33438"
"بني ملال -خنيفرة","أزيلال","زاوية أحنصال","1521","23804","PJD","سعيد شكو","82168"
"بني ملال -خنيفرة","أزيلال","زاوية أحنصال","1521","23804","PJD","رابحة احماد","82315"
"بني ملال -خنيفرة","أزيلال","زاوية أحنصال","1521","23801","PJD","محمد  بن سعيد ","62874"
"بني ملال -خنيفرة","أزيلال","زاوية أحنصال","1521","23801","PJD","عائشة الحسناوي","62921"
"بني ملال -خنيفرة","أزيلال","سيدي بولخلف","1203","19028","PAM","محمد  الطالب","18750"
"بني ملال -خنيفرة","أزيلال","سيدي بولخلف","1203","19022","PAM","حسن تمسولت","7559"
"بني ملال -خنيفرة","أزيلال","سيدي بولخلف","1203","19022","PAM","فاطمة فكري","7582"
"بني ملال -خنيفرة","أزيلال","سيدي بولخلف","1203","19024","PAM","محمد الراجي","75014"
"بني ملال -خنيفرة","أزيلال","سيدي بولخلف","1203","19024","PAM","فاضمة زرار","75064"
"بني ملال -خنيفرة","أزيلال","سيدي بولخلف","1203","27363","PAM","حسن احدو","16439"
"بني ملال -خنيفرة","أزيلال","سيدي بولخلف","1203","19026","PAM","احماد بوراس","18670"
"بني ملال -خنيفرة","أزيلال","سيدي بولخلف","1203","27368","PAM","عبد الله  هكو","16643"
"بني ملال -خنيفرة","أزيلال","سيدي بولخلف","1203","19023","PAM","ابراهيم توكايز","7548"
"بني ملال -خنيفرة","أزيلال","سيدي بولخلف","1203","19021","PAM","محمد  اللوز","7658"
"بني ملال -خنيفرة","أزيلال","سيدي بولخلف","1203","27367","PAM","حسن تلماس","16328"
"بني ملال -خنيفرة","أزيلال","سيدي بولخلف","1203","19020","PAM","عبد الرزاق ازكبي","113923"
"بني ملال -خنيفرة","أزيلال","سيدي بولخلف","1203","19029","PAM","امحمد بوالحافر","16499"
"بني ملال -خنيفرة","أزيلال","سيدي بولخلف","1203","19029","PAM","ططام ازريف","17590"
"بني ملال -خنيفرة","أزيلال","سيدي بولخلف","1203","25378","PAM","المصطفى اكرنيو","16401"
"بني ملال -خنيفرة","أزيلال","سيدي بولخلف","1203","27364","PAM","مصطفى احتيتو","16605"
"بني ملال -خنيفرة","أزيلال","سيدي بولخلف","1203","27366","PAM","محمد الحيان","18727"
"بني ملال -خنيفرة","أزيلال","سيدي بولخلف","1203","19019","PAM","محمد  رشدي","75264"
"بني ملال -خنيفرة","أزيلال","سيدي بولخلف","1203","19019","PAM","خديجة محسن","75394"
"بني ملال -خنيفرة","أزيلال","سيدي بولخلف","1203","27369","PAM","محمد البكاري","18696"
"بني ملال -خنيفرة","أزيلال","سيدي بولخلف","1203","19025","PAM","عبد العزيز صنياك","18632"
"بني ملال -خنيفرة","أزيلال","سيدي بولخلف","1203","25379","PAM","علي فاضلي","16571"
"بني ملال -خنيفرة","أزيلال","سيدي بولخلف","1203","27362","PAM","حسن بخوش","16387"
"بني ملال -خنيفرة","أزيلال","سيدي بولخلف","1203","19018","PEDD","عبد الفتاح فائق","116387"
"بني ملال -خنيفرة","أزيلال","سيدي بولخلف","1203","27365","PEDD","عمر  جيبر","116612"
"بني ملال -خنيفرة","أزيلال","سيدي بولخلف","1203","19017","PPS","مولاي الحسين بوكيوض","116358"
"بني ملال -خنيفرة","أزيلال","سيدي بولخلف","1203","19027","PJD","عبد الله واحي","118937"
"بني ملال -خنيفرة","أزيلال","سيدي يعقوب","1276","20189","PI","المصطفى اهروي","23283"
"بني ملال -خنيفرة","أزيلال","سيدي يعقوب","1276","20189","PI","عزيزة عيبي","23531"
"بني ملال -خنيفرة","أزيلال","سيدي يعقوب","1276","20178","PI","المصطفى الحيان","58418"
"بني ملال -خنيفرة","أزيلال","سيدي يعقوب","1276","20174","PI","عزيز فاضل","59493"
"بني ملال -خنيفرة","أزيلال","سيدي يعقوب","1276","20183","PI","لحسن كرام","109245"
"بني ملال -خنيفرة","أزيلال","سيدي يعقوب","1276","20193","PI","ابراهيم اهلال","127346"
"بني ملال -خنيفرة","أزيلال","سيدي يعقوب","1276","20172","PI","عبدالغفور احرراد","81978"
"بني ملال -خنيفرة","أزيلال","سيدي يعقوب","1276","20187","PI","محمد ابراغ","110553"
"بني ملال -خنيفرة","أزيلال","سيدي يعقوب","1276","20191","PI","محمد عصاص","27085"
"بني ملال -خنيفرة","أزيلال","سيدي يعقوب","1276","20185","PI","محماد لهداوي","122672"
"بني ملال -خنيفرة","أزيلال","سيدي يعقوب","1276","20173","PUD","مولاي عبد الصادق  ايت الهندي ","21067"
"بني ملال -خنيفرة","أزيلال","سيدي يعقوب","1276","20177","PUD","عبد الرزاق نايت ادبو","21160"
"بني ملال -خنيفرة","أزيلال","سيدي يعقوب","1276","20194","PUD","احمد مرزاق","122173"
"بني ملال -خنيفرة","أزيلال","سيدي يعقوب","1276","20180","PUD"," التهامي  ابوعمار ","58354"
"بني ملال -خنيفرة","أزيلال","سيدي يعقوب","1276","20179","PUD","عبد المجيد كامو","97362"
"بني ملال -خنيفرة","أزيلال","سيدي يعقوب","1276","20184","PUD","ناصر  كرام","88294"
"بني ملال -خنيفرة","أزيلال","سيدي يعقوب","1276","20186","PUD","سعيد حفوف","29262"
"بني ملال -خنيفرة","أزيلال","سيدي يعقوب","1276","20182","PUD","الحسان الوردي","122338"
"بني ملال -خنيفرة","أزيلال","سيدي يعقوب","1276","20175","PJD","مصطفى لزار","21798"
"بني ملال -خنيفرة","أزيلال","سيدي يعقوب","1276","20175","PJD","شامة اسيف","22064"
"بني ملال -خنيفرة","أزيلال","سيدي يعقوب","1276","20181","PJD","ابراهيم  بنشمسي","12816"
"بني ملال -خنيفرة","أزيلال","سيدي يعقوب","1276","20181","PJD","محجوبة  العظام","12845"
"بني ملال -خنيفرة","أزيلال","سيدي يعقوب","1276","20176","PJD","جمال اسكور","88718"
"بني ملال -خنيفرة","أزيلال","سيدي يعقوب","1276","20176","PJD","خديجة احسينة","88937"
"بني ملال -خنيفرة","أزيلال","سيدي يعقوب","1276","20190","PPS","لحسن اوكنو","6975"
"بني ملال -خنيفرة","أزيلال","سيدي يعقوب","1276","20192","PPS","عمر الكريفي","21572"
"بني ملال -خنيفرة","أزيلال","سيدي يعقوب","1276","20188","PPS","مولاي عبد اللطيف  ايت القاضي","122575"
"بني ملال -خنيفرة","أزيلال","فم الجمعة","552","8694","USFP","رشيد منصوري","45000"
"بني ملال -خنيفرة","أزيلال","فم الجمعة","552","8694","USFP","تورية فكاك","45072"
"بني ملال -خنيفرة","أزيلال","فم الجمعة","552","8693","USFP","محمد شوقي","101961"
"بني ملال -خنيفرة","أزيلال","فم الجمعة","552","8693","USFP","اسماء شوقي","102493"
"بني ملال -خنيفرة","أزيلال","فم الجمعة","552","8691","USFP","عزيز  محفوظ","81704"
"بني ملال -خنيفرة","أزيلال","فم الجمعة","552","8691","USFP","لطيفة زويتن","81743"
"بني ملال -خنيفرة","أزيلال","فم الجمعة","552","8686","USFP","مصطفى عبدون","101607"
"بني ملال -خنيفرة","أزيلال","فم الجمعة","552","8692","USFP","الحسن اليماني","71056"
"بني ملال -خنيفرة","أزيلال","فم الجمعة","552","8683","USFP","عز الدين ابن ادريس","85231"
"بني ملال -خنيفرة","أزيلال","فم الجمعة","552","8688","USFP","محمد محروك","45044"
"بني ملال -خنيفرة","أزيلال","فم الجمعة","552","8687","USFP","عبد الله برنية","71366"
"بني ملال -خنيفرة","أزيلال","فم الجمعة","552","8685","USFP","عبدالعزيز عباد","44292"
"بني ملال -خنيفرة","أزيلال","فم الجمعة","552","8684","USFP","عبد الرحيم زعيم","49234"
"بني ملال -خنيفرة","أزيلال","فم الجمعة","552","8689","USFP","عبد الغني مرزاق","85393"
"بني ملال -خنيفرة","أزيلال","فم الجمعة","552","8690","PAM","حميد الدودي","81211"
"بني ملال -خنيفرة","أزيلال","فم الجمعة","552","8690","PAM","جميعة ساهيل","81245"
"بني ملال -خنيفرة","أزيلال","فم الجمعة","552","8682","PAM","عبد العزيز عاطف","12352"
"بني ملال -خنيفرة","أزيلال","مولاي عيسى بن ادريس","901","14244","PEDD","محمد ابراهيم البوفريسي","87141"
"بني ملال -خنيفرة","أزيلال","مولاي عيسى بن ادريس","901","14244","PEDD","فتيحة رزوق","87273"
"بني ملال -خنيفرة","أزيلال","مولاي عيسى بن ادريس","901","14245","PEDD","احمد لمخنطر","82509"
"بني ملال -خنيفرة","أزيلال","مولاي عيسى بن ادريس","901","14245","PEDD","سعاد عمار","82570"
"بني ملال -خنيفرة","أزيلال","مولاي عيسى بن ادريس","901","14242","PEDD","المهدي تغروط","83886"
"بني ملال -خنيفرة","أزيلال","مولاي عيسى بن ادريس","901","14250","PAM","صالح مسضق","57079"
"بني ملال -خنيفرة","أزيلال","مولاي عيسى بن ادريس","901","14250","PAM","بديعة القبلي","57238"
"بني ملال -خنيفرة","أزيلال","مولاي عيسى بن ادريس","901","14249","PAM","محمد الصالحي","56138"
"بني ملال -خنيفرة","أزيلال","مولاي عيسى بن ادريس","901","25374","PAM","عبدالمجيد فائق","26562"
"بني ملال -خنيفرة","أزيلال","مولاي عيسى بن ادريس","901","14247","PAM","محمد امين","82741"
"بني ملال -خنيفرة","أزيلال","مولاي عيسى بن ادريس","901","14251","PI","علي فداوي","82303"
"بني ملال -خنيفرة","أزيلال","مولاي عيسى بن ادريس","901","14248","PI","صالح التقي","56477"
"بني ملال -خنيفرة","أزيلال","مولاي عيسى بن ادريس","901","14240","PI","ابراهيم جنان","24608"
"بني ملال -خنيفرة","أزيلال","مولاي عيسى بن ادريس","901","14239","PI","صالح منتصير","42545"
"بني ملال -خنيفرة","أزيلال","مولاي عيسى بن ادريس","901","14241","PSU","عزيز احسيني","10204"
"بني ملال -خنيفرة","أزيلال","مولاي عيسى بن ادريس","901","14246","MP","محمد طوري","43494"
"بني ملال -خنيفرة","أزيلال","مولاي عيسى بن ادريس","901","25375","MP","محمد الدياني ","29477"
"بني ملال -خنيفرة","أزيلال","مولاي عيسى بن ادريس","901","14243","PJD","احمد الصابري","23694"
"بني ملال -خنيفرة","أزيلال","مولاي عيسى بن ادريس","901","14243","PJD","حليمة الاغراري","23777"
"بني ملال -خنيفرة","أزيلال","واولى","942","14896","PAM","الحسن تامسيت","43692"
"بني ملال -خنيفرة","أزيلال","واولى","942","14896","PAM","فاطمة ايت عبار","43783"
"بني ملال -خنيفرة","أزيلال","واولى","942","14889","PAM","علي  زهداوي","76697"
"بني ملال -خنيفرة","أزيلال","واولى","942","14889","PAM","مينة سوهيل","76860"
"بني ملال -خنيفرة","أزيلال","واولى","942","14890","PAM","احماد مهلول","80398"
"بني ملال -خنيفرة","أزيلال","واولى","942","14883","PAM","محمد  الموحي","110951"
"بني ملال -خنيفرة","أزيلال","واولى","942","14886","PAM","ابراهيم  الموحي","112024"
"بني ملال -خنيفرة","أزيلال","واولى","942","14886","PAM","حنان  سوهيل ","112160"
"بني ملال -خنيفرة","أزيلال","واولى","942","14888","PAM","محمد  القدميري","60102"
"بني ملال -خنيفرة","أزيلال","واولى","942","14892","PAM","عبدالله  انفيدن","43704"
"بني ملال -خنيفرة","أزيلال","واولى","942","14895","PAM","الحسين بوسوف","60066"
"بني ملال -خنيفرة","أزيلال","واولى","942","14874","PAM","محمد  تصفصافين","81083"
"بني ملال -خنيفرة","أزيلال","واولى","942","14882","PAM","عبد الرحمان  قرطاس","62083"
"بني ملال -خنيفرة","أزيلال","واولى","942","14877","PAM","المصطفى  اوتصالح","81018"
"بني ملال -خنيفرة","أزيلال","واولى","942","14876","PAM","حسن  تمدوالت","62353"
"بني ملال -خنيفرة","أزيلال","واولى","942","14875","PAM","علي بلحلة","112622"
"بني ملال -خنيفرة","أزيلال","واولى","942","14879","PAM","حسن  اكرور","110787"
"بني ملال -خنيفرة","أزيلال","واولى","942","14884","MDS","محمد  ايت سلام","118853"
"بني ملال -خنيفرة","أزيلال","واولى","942","14884","MDS","فاطمة  بوحسني","118917"
"بني ملال -خنيفرة","أزيلال","واولى","942","14885","MDS","الحسين  وعبار","111218"
"بني ملال -خنيفرة","أزيلال","واولى","942","14881","MDS","مصطفى التلحيق","118589"
"بني ملال -خنيفرة","أزيلال","واولى","942","14891","MDS","لحسن تفراوت","77899"
"بني ملال -خنيفرة","أزيلال","واولى","942","14893","MDS","محمد  منها","120608"
"بني ملال -خنيفرة","أزيلال","واولى","942","14887","PSU","محمد  ايت تفغالين","16510"
"بني ملال -خنيفرة","أزيلال","واولى","942","14878","MP","الحسين  بهناش","80228"
"بني ملال -خنيفرة","أزيلال","واولى","942","14880","MP","محمد اعبار","110648"
"بني ملال -خنيفرة","أزيلال","واولى","942","14894","PJD","لحسن اتفان","78691"
"بني ملال -خنيفرة","أزيلال","واويزغت","941","14873","PAM","محمد  خالد","69241"
"بني ملال -خنيفرة","أزيلال","واويزغت","941","14864","PAM","موح واخير","36179"
"بني ملال -خنيفرة","أزيلال","واويزغت","941","14866","PAM","حميد اعلام","127875"
"بني ملال -خنيفرة","أزيلال","واويزغت","941","25377","PAM","اخلف العشابي","70807"
"بني ملال -خنيفرة","أزيلال","واويزغت","941","14868","PAM","السعيد البضراوي","75871"
"بني ملال -خنيفرة","أزيلال","واويزغت","941","14869","PSU","محمد اوعمر","59357"
"بني ملال -خنيفرة","أزيلال","واويزغت","941","14869","PSU","فاطنة خادجي","59775"
"بني ملال -خنيفرة","أزيلال","واويزغت","941","14867","PSU","علي ابن المير","21994"
"بني ملال -خنيفرة","أزيلال","واويزغت","941","14867","PSU","رابحة بوه","22081"
"بني ملال -خنيفرة","أزيلال","واويزغت","941","14865","PADS","لحسن هلال","36064"
"بني ملال -خنيفرة","أزيلال","واويزغت","941","14863","USFP","صالح ايت حدو","70079"
"بني ملال -خنيفرة","أزيلال","واويزغت","941","14861","USFP","حسن بنتاوي","109632"
"بني ملال -خنيفرة","أزيلال","واويزغت","941","14872","PPS","محمد زورافي","33360"
"بني ملال -خنيفرة","أزيلال","واويزغت","941","14872","PPS","حنان امعضور","33493"
"بني ملال -خنيفرة","أزيلال","واويزغت","941","14862","PPS","محمد ماحوكان","70649"
"بني ملال -خنيفرة","أزيلال","واويزغت","941","14870","PPS","موحى الموح","33389"
"بني ملال -خنيفرة","أزيلال","واويزغت","941","14871","MP","سعيد اعتاب","17316"
"بني ملال -خنيفرة","أزيلال","واويزغت","941","25376","PJD","فريد المازغي","34464"
"بني ملال -خنيفرة","أزيلال","واويزغت","941","25376","PJD","رابحة المعروف","34535"
"بني ملال -خنيفرة","الفقيه بنصالح","أهل مربع","597","9459","PPS","بوعبيد  خطابي","9159"
"بني ملال -خنيفرة","الفقيه بنصالح","أهل مربع","597","9459","PPS","مرية بوطوال","3065"
"بني ملال -خنيفرة","الفقيه بنصالح","أهل مربع","597","9458","PPS","احمد النازه","3168"
"بني ملال -خنيفرة","الفقيه بنصالح","أهل مربع","597","9458","PPS","وفاء المندوب","3180"
"بني ملال -خنيفرة","الفقيه بنصالح","أهل مربع","597","9460","PPS","صالح سهلول","6879"
"بني ملال -خنيفرة","الفقيه بنصالح","أهل مربع","597","9462","PPS","العربى نعيم","3009"
"بني ملال -خنيفرة","الفقيه بنصالح","أهل مربع","597","9454","PPS","عبد الرزاق العسالي","3110"
"بني ملال -خنيفرة","الفقيه بنصالح","أهل مربع","597","9464","PPS","فتح الله اليازجي","2968"
"بني ملال -خنيفرة","الفقيه بنصالح","أهل مربع","597","9455","PI","جعفر منصيف","6073"
"بني ملال -خنيفرة","الفقيه بنصالح","أهل مربع","597","9455","PI","السعدية مسطارى","6094"
"بني ملال -خنيفرة","الفقيه بنصالح","أهل مربع","597","9457","PI","احمد عبوبي","6454"
"بني ملال -خنيفرة","الفقيه بنصالح","أهل مربع","597","9456","PI","المصطفى ولد البيضة","6113"
"بني ملال -خنيفرة","الفقيه بنصالح","أهل مربع","597","9461","USFP","بوزكري مسلم","6902"
"بني ملال -خنيفرة","الفقيه بنصالح","أهل مربع","597","9465","USFP","عبد اللطيف عسلاوي","22671"
"بني ملال -خنيفرة","الفقيه بنصالح","أهل مربع","597","9463","MP","حمادي العنزي","21237"
"بني ملال -خنيفرة","الفقيه بنصالح","أهل مربع","597","9463","MP","الزوهرة العنزي","21226"
"بني ملال -خنيفرة","الفقيه بنصالح","أهل مربع","597","9453","PJD","عبد الرحمان الغزلاني","110393"
"بني ملال -خنيفرة","الفقيه بنصالح","أولاد بورحمون","1040","16319","USFP","فؤاد محمادي","60826"
"بني ملال -خنيفرة","الفقيه بنصالح","أولاد بورحمون","1040","16319","USFP","فتيحة رفقي","60734"
"بني ملال -خنيفرة","الفقيه بنصالح","أولاد بورحمون","1040","16318","USFP","احمد المديوني","21691"
"بني ملال -خنيفرة","الفقيه بنصالح","أولاد بورحمون","1040","16318","USFP","غيتة لمهوري","21717"
"بني ملال -خنيفرة","الفقيه بنصالح","أولاد بورحمون","1040","27623","USFP","المجيد علوي","10082"
"بني ملال -خنيفرة","الفقيه بنصالح","أولاد بورحمون","1040","27624","USFP","عبد الرزاق الساخي","80734"
"بني ملال -خنيفرة","الفقيه بنصالح","أولاد بورحمون","1040","27624","USFP","الشرقاوية الساخي","80762"
"بني ملال -خنيفرة","الفقيه بنصالح","أولاد بورحمون","1040","27622","USFP","صالح مناوري","10097"
"بني ملال -خنيفرة","الفقيه بنصالح","أولاد بورحمون","1040","16320","USFP","علال المتوفق","21779"
"بني ملال -خنيفرة","الفقيه بنصالح","أولاد بورحمون","1040","16320","USFP","مينة صالحي","21796"
"بني ملال -خنيفرة","الفقيه بنصالح","أولاد بورحمون","1040","16322","USFP","عبد الحق كريم","47729"
"بني ملال -خنيفرة","الفقيه بنصالح","أولاد بورحمون","1040","16321","USFP","محمد السعدي","18354"
"بني ملال -خنيفرة","الفقيه بنصالح","أولاد بورحمون","1040","16330","USFP","عبد الكريم الفضالي","47836"
"بني ملال -خنيفرة","الفقيه بنصالح","أولاد بورحمون","1040","16324","USFP","المصطفى صولاح","48813"
"بني ملال -خنيفرة","الفقيه بنصالح","أولاد بورحمون","1040","16329","USFP","عبد القادر الشامي","47902"
"بني ملال -خنيفرة","الفقيه بنصالح","أولاد بورحمون","1040","16325","USFP","الشرقاوي شافعي","18252"
"بني ملال -خنيفرة","الفقيه بنصالح","أولاد بورحمون","1040","16326","USFP","السعيد زهواني","18176"
"بني ملال -خنيفرة","الفقيه بنصالح","أولاد بورحمون","1040","16323","USFP","عبد الغاني العالمي","18099"
"بني ملال -خنيفرة","الفقيه بنصالح","أولاد بورحمون","1040","27625","PJD","كمال راجع","48713"
"بني ملال -خنيفرة","الفقيه بنصالح","أولاد بورحمون","1040","27618","PJD","محمد يوسف","48585"
"بني ملال -خنيفرة","الفقيه بنصالح","أولاد بورحمون","1040","27619","PJD","خليفة الحبيب","48890"
"بني ملال -خنيفرة","الفقيه بنصالح","أولاد بورحمون","1040","16316","PJD","المحفوظ هديج","48948"
"بني ملال -خنيفرة","الفقيه بنصالح","أولاد بورحمون","1040","16317","PJD","الحسن بهيج","48212"
"بني ملال -خنيفرة","الفقيه بنصالح","أولاد بورحمون","1040","27620","PAM","الشرقاوي بدوي","21756"
"بني ملال -خنيفرة","الفقيه بنصالح","أولاد بورحمون","1040","16327","RNI","الحسن  عياش ","94646"
"بني ملال -خنيفرة","الفقيه بنصالح","أولاد بورحمون","1040","16328","MP","محمد الروزي","61065"
"بني ملال -خنيفرة","الفقيه بنصالح","أولاد بورحمون","1040","27621","PI","كمال سابق","18210"
"بني ملال -خنيفرة","الفقيه بنصالح","أولاد زمام","1060","26189","USFP","محمد الكوتري","5799"
"بني ملال -خنيفرة","الفقيه بنصالح","أولاد زمام","1060","26189","USFP","ثورية كطال","6322"
"بني ملال -خنيفرة","الفقيه بنصالح","أولاد زمام","1060","26187","USFP","محمد جواد","21081"
"بني ملال -خنيفرة","الفقيه بنصالح","أولاد زمام","1060","26187","USFP","نوال زعيم","21091"
"بني ملال -خنيفرة","الفقيه بنصالح","أولاد زمام","1060","26204","USFP","المصطفى نزهي","3727"
"بني ملال -خنيفرة","الفقيه بنصالح","أولاد زمام","1060","26194","USFP","المختار صواب","60435"
"بني ملال -خنيفرة","الفقيه بنصالح","أولاد زمام","1060","26198","USFP","المصطفى زهير","5874"
"بني ملال -خنيفرة","الفقيه بنصالح","أولاد زمام","1060","26200","USFP","العربي جمال","5695"
"بني ملال -خنيفرة","الفقيه بنصالح","أولاد زمام","1060","26186","USFP","نور الدين ذهبي","33825"
"بني ملال -خنيفرة","الفقيه بنصالح","أولاد زمام","1060","26203","USFP","هشام بوسعدة","5834"
"بني ملال -خنيفرة","الفقيه بنصالح","أولاد زمام","1060","26203","USFP","نزهة ايت بيضي","6340"
"بني ملال -خنيفرة","الفقيه بنصالح","أولاد زمام","1060","26199","USFP","المولودي الحلوى","5743"
"بني ملال -خنيفرة","الفقيه بنصالح","أولاد زمام","1060","26195","USFP","الشرقاوي الزنايدي","59876"
"بني ملال -خنيفرة","الفقيه بنصالح","أولاد زمام","1060","26193","USFP","المعطي مرزوك","11506"
"بني ملال -خنيفرة","الفقيه بنصالح","أولاد زمام","1060","26192","USFP","نورالدين زوبدي","33802"
"بني ملال -خنيفرة","الفقيه بنصالح","أولاد زمام","1060","26197","USFP","الشرقي الرابح","3481"
"بني ملال -خنيفرة","الفقيه بنصالح","أولاد زمام","1060","26183","USFP","الحسن شعير","59696"
"بني ملال -خنيفرة","الفقيه بنصالح","أولاد زمام","1060","26185","USFP","الشرقي المرزوقي","43082"
"بني ملال -خنيفرة","الفقيه بنصالح","أولاد زمام","1060","26202","USFP","ادريس بوزيدي","3445"
"بني ملال -خنيفرة","الفقيه بنصالح","أولاد زمام","1060","26184","USFP","المحفوظ زوهير","80550"
"بني ملال -خنيفرة","الفقيه بنصالح","أولاد زمام","1060","26206","USFP","محمد المتوكل","21311"
"بني ملال -خنيفرة","الفقيه بنصالح","أولاد زمام","1060","26191","USFP","سعيد فلاح","59794"
"بني ملال -خنيفرة","الفقيه بنصالح","أولاد زمام","1060","26205","USFP","هشام برجي","11539"
"بني ملال -خنيفرة","الفقيه بنصالح","أولاد زمام","1060","26188","PAM","سليمان عطيف","11630"
"بني ملال -خنيفرة","الفقيه بنصالح","أولاد زمام","1060","26190","PAM","الحقاوي السباعي","11598"
"بني ملال -خنيفرة","الفقيه بنصالح","أولاد زمام","1060","26182","PJD","محمد الدهار","33941"
"بني ملال -خنيفرة","الفقيه بنصالح","أولاد زمام","1060","26196","MP","عبد الله الكاهي","42819"
"بني ملال -خنيفرة","الفقيه بنصالح","أولاد زمام","1060","26196","MP","بهيجة منتنيه","42867"
"بني ملال -خنيفرة","الفقيه بنصالح","أولاد زمام","1060","26201","RNI","الصغير موتمر","42609"
"بني ملال -خنيفرة","الفقيه بنصالح","أولاد عياد","1038","16281","RNI","يوسف نبيه","59312"
"بني ملال -خنيفرة","الفقيه بنصالح","أولاد عياد","1038","16281","RNI","فاطمة البحراوي","99467"
"بني ملال -خنيفرة","الفقيه بنصالح","أولاد عياد","1038","16300","RNI","صالح حنين","58685"
"بني ملال -خنيفرة","الفقيه بنصالح","أولاد عياد","1038","16285","RNI","محمد مرغيش","72777"
"بني ملال -خنيفرة","الفقيه بنصالح","أولاد عياد","1038","16285","RNI","حنان دحو","72752"
"بني ملال -خنيفرة","الفقيه بنصالح","أولاد عياد","1038","16293","RNI","مولاي المصطفى كروم","60974"
"بني ملال -خنيفرة","الفقيه بنصالح","أولاد عياد","1038","16293","RNI","لطيفة لمودني","61003"
"بني ملال -خنيفرة","الفقيه بنصالح","أولاد عياد","1038","16284","RNI","عبد الكريم اتريفحات","59256"
"بني ملال -خنيفرة","الفقيه بنصالح","أولاد عياد","1038","16298","RNI","عبد المجيد الطاهري","72249"
"بني ملال -خنيفرة","الفقيه بنصالح","أولاد عياد","1038","16299","RNI","ابراهيم لحمامصى","72332"
"بني ملال -خنيفرة","الفقيه بنصالح","أولاد عياد","1038","16301","RNI","محمد فخر الدين","72297"
"بني ملال -خنيفرة","الفقيه بنصالح","أولاد عياد","1038","16297","RNI","عبدالمجيد معروفي","58855"
"بني ملال -خنيفرة","الفقيه بنصالح","أولاد عياد","1038","16302","RNI","الحسن ناسيم","58586"
"بني ملال -خنيفرة","الفقيه بنصالح","أولاد عياد","1038","16282","RNI","عبد الصمد ريفاعي","44738"
"بني ملال -خنيفرة","الفقيه بنصالح","أولاد عياد","1038","16288","RNI","محمد صديقي","59007"
"بني ملال -خنيفرة","الفقيه بنصالح","أولاد عياد","1038","16290","RNI","عبد الرحيم بوكادوم","60385"
"بني ملال -خنيفرة","الفقيه بنصالح","أولاد عياد","1038","16294","RNI","جواد اغوليد","59604"
"بني ملال -خنيفرة","الفقيه بنصالح","أولاد عياد","1038","16287","RNI","عبد الصماد يوسفي","108067"
"بني ملال -خنيفرة","الفقيه بنصالح","أولاد عياد","1038","16296","RNI","الحسين بوبدير","59529"
"بني ملال -خنيفرة","الفقيه بنصالح","أولاد عياد","1038","16283","RNI","جمال ناصر","59355"
"بني ملال -خنيفرة","الفقيه بنصالح","أولاد عياد","1038","16289","RNI","احمد مهيم","72568"
"بني ملال -خنيفرة","الفقيه بنصالح","أولاد عياد","1038","16286","RNI","عبد الله امزان","59189"
"بني ملال -خنيفرة","الفقيه بنصالح","أولاد عياد","1038","16291","PJD","الناجي عزان","12389"
"بني ملال -خنيفرة","الفقيه بنصالح","أولاد عياد","1038","16292","CNI","احمد صديقي","59792"
"بني ملال -خنيفرة","الفقيه بنصالح","أولاد عياد","1038","16295","USFP","هاشم جفار","18022"
"بني ملال -خنيفرة","الفقيه بنصالح","أولاد عياد","1038","16280","PPS","المصطفى الرمالي","72870"
"بني ملال -خنيفرة","الفقيه بنصالح","أولاد عياد","1038","16280","PPS","عائشة عباسي","73446"
"بني ملال -خنيفرة","الفقيه بنصالح","أولاد ناصر","1052","26134","RNI","عبد الرزاق فضلي","45459"
"بني ملال -خنيفرة","الفقيه بنصالح","أولاد ناصر","1052","26139","RNI","محمد لغليمي","28027"
"بني ملال -خنيفرة","الفقيه بنصالح","أولاد ناصر","1052","26139","RNI","فاطمة رزيق","28042"
"بني ملال -خنيفرة","الفقيه بنصالح","أولاد ناصر","1052","26143","RNI","امحمد لهريري","28191"
"بني ملال -خنيفرة","الفقيه بنصالح","أولاد ناصر","1052","26143","RNI","اهنية رابح","28201"
"بني ملال -خنيفرة","الفقيه بنصالح","أولاد ناصر","1052","26135","RNI","ابراهيم فضلي","78256"
"بني ملال -خنيفرة","الفقيه بنصالح","أولاد ناصر","1052","26144","RNI","حمادي العنبري","10265"
"بني ملال -خنيفرة","الفقيه بنصالح","أولاد ناصر","1052","26144","RNI","امينة الناجي","10290"
"بني ملال -خنيفرة","الفقيه بنصالح","أولاد ناصر","1052","26146","RNI","الحسن زين","19844"
"بني ملال -خنيفرة","الفقيه بنصالح","أولاد ناصر","1052","26146","RNI","بهيجة دحان","120114"
"بني ملال -خنيفرة","الفقيه بنصالح","أولاد ناصر","1052","26155","RNI","حميد درقاوي","28099"
"بني ملال -خنيفرة","الفقيه بنصالح","أولاد ناصر","1052","26133","RNI","محمد بوعناك","17407"
"بني ملال -خنيفرة","الفقيه بنصالح","أولاد ناصر","1052","26137","RNI","علال عوان","45518"
"بني ملال -خنيفرة","الفقيه بنصالح","أولاد ناصر","1052","26136","RNI","عبد الهادي اصدير","45492"
"بني ملال -خنيفرة","الفقيه بنصالح","أولاد ناصر","1052","26145","RNI","المصطفى ضميري","77576"
"بني ملال -خنيفرة","الفقيه بنصالح","أولاد ناصر","1052","26156","RNI","هاشم الصبر","28089"
"بني ملال -خنيفرة","الفقيه بنصالح","أولاد ناصر","1052","26141","RNI","الشرقي الرامي","10235"
"بني ملال -خنيفرة","الفقيه بنصالح","أولاد ناصر","1052","26149","RNI","محمد مركاوي","17625"
"بني ملال -خنيفرة","الفقيه بنصالح","أولاد ناصر","1052","26142","RNI","محمد محب","19821"
"بني ملال -خنيفرة","الفقيه بنصالح","أولاد ناصر","1052","26138","RNI","محمد البديع","19764"
"بني ملال -خنيفرة","الفقيه بنصالح","أولاد ناصر","1052","26152","PADS","الحسن بوزيدي","22281"
"بني ملال -خنيفرة","الفقيه بنصالح","أولاد ناصر","1052","26147","PADS","صالح بارة","22334"
"بني ملال -خنيفرة","الفقيه بنصالح","أولاد ناصر","1052","26151","PADS","المحفوظ جمادي","22298"
"بني ملال -خنيفرة","الفقيه بنصالح","أولاد ناصر","1052","26153","PADS","عبد الكريم الصالحي","58019"
"بني ملال -خنيفرة","الفقيه بنصالح","أولاد ناصر","1052","26154","PADS","الحرمة لمسلم","22266"
"بني ملال -خنيفرة","الفقيه بنصالح","أولاد ناصر","1052","26148","PADS","صالح خدي","22315"
"بني ملال -خنيفرة","الفقيه بنصالح","أولاد ناصر","1052","26140","PAM","عبد الرحيم السبيعي","28068"
"بني ملال -خنيفرة","الفقيه بنصالح","أولاد ناصر","1052","26132","PI","الغزواني مشريقي","57932"
"بني ملال -خنيفرة","الفقيه بنصالح","أولاد ناصر","1052","26150","FFD","الشرقي بوحدو","77697"
"بني ملال -خنيفرة","الفقيه بنصالح","احد بوموسى","584","25067","RNI","عبد الله الحرطيز","104039"
"بني ملال -خنيفرة","الفقيه بنصالح","احد بوموسى","584","25067","RNI","نعيمة المطربي","108046"
"بني ملال -خنيفرة","الفقيه بنصالح","احد بوموسى","584","25067","RNI","رحال لطفي","104211"
"بني ملال -خنيفرة","الفقيه بنصالح","احد بوموسى","584","25067","RNI","لطيفة  مومن","108102"
"بني ملال -خنيفرة","الفقيه بنصالح","احد بوموسى","584","25067","RNI","الشرقاوي قدوري","104381"
"بني ملال -خنيفرة","الفقيه بنصالح","احد بوموسى","584","25067","RNI","عبد الصادق بنجواد","111959"
"بني ملال -خنيفرة","الفقيه بنصالح","احد بوموسى","584","25067","RNI","المصطفى مرضي","106791"
"بني ملال -خنيفرة","الفقيه بنصالح","احد بوموسى","584","25067","RNI","سعيد الفقري","106886"
"بني ملال -خنيفرة","الفقيه بنصالح","احد بوموسى","584","25067","RNI","الحسين الظاهري","107020"
"بني ملال -خنيفرة","الفقيه بنصالح","احد بوموسى","584","25067","RNI","المصطفى  الغوفير ي","111895"
"بني ملال -خنيفرة","الفقيه بنصالح","احد بوموسى","584","25067","MP","الشرقي شكوري","89151"
"بني ملال -خنيفرة","الفقيه بنصالح","احد بوموسى","584","25067","MP","غيتة الصالحي","95298"
"بني ملال -خنيفرة","الفقيه بنصالح","احد بوموسى","584","25067","MP","عبد الهادي الماموني","94868"
"بني ملال -خنيفرة","الفقيه بنصالح","احد بوموسى","584","25067","MP","خديجة الهرام","95311"
"بني ملال -خنيفرة","الفقيه بنصالح","احد بوموسى","584","25067","MP","عبد الله الناصري","94880"
"بني ملال -خنيفرة","الفقيه بنصالح","احد بوموسى","584","25067","MP","زين ملداد","94898"
"بني ملال -خنيفرة","الفقيه بنصالح","احد بوموسى","584","25067","MP","السعيد الهرام","94923"
"بني ملال -خنيفرة","الفقيه بنصالح","احد بوموسى","584","25067","MP","خليفة سويف","94939"
"بني ملال -خنيفرة","الفقيه بنصالح","احد بوموسى","584","25067","MP","المولودي لوطفي","99165"
"بني ملال -خنيفرة","الفقيه بنصالح","احد بوموسى","584","25067","UC","رحال الرابحي","39525"
"بني ملال -خنيفرة","الفقيه بنصالح","احد بوموسى","584","25067","UC","حسنة قاصد","42438"
"بني ملال -خنيفرة","الفقيه بنصالح","احد بوموسى","584","25067","UC","محمد طايق","39563"
"بني ملال -خنيفرة","الفقيه بنصالح","احد بوموسى","584","25067","UC","ميلود الزياني","39654"
"بني ملال -خنيفرة","الفقيه بنصالح","احد بوموسى","584","25067","PJD","البداوي العبد اللوي","29138"
"بني ملال -خنيفرة","الفقيه بنصالح","احد بوموسى","584","25067","PJD","سميرة النوري","32184"
"بني ملال -خنيفرة","الفقيه بنصالح","احد بوموسى","584","25067","PJD","جمال المعطاوي","32179"
"بني ملال -خنيفرة","الفقيه بنصالح","احد بوموسى","584","25067","PJD","عبد العالي فيتح","32180"
"بني ملال -خنيفرة","الفقيه بنصالح","احد بوموسى","584","25067","PPS","مولاي ارشيد السملالي","111318"
"بني ملال -خنيفرة","الفقيه بنصالح","احد بوموسى","584","25067","PPS","عزيز بوري","111429"
"بني ملال -خنيفرة","الفقيه بنصالح","الفقيه بن صالح","554","25063","MP","محمد مبديع","103757"
"بني ملال -خنيفرة","الفقيه بنصالح","الفقيه بن صالح","554","25063","MP","جميلة العود","107433"
"بني ملال -خنيفرة","الفقيه بنصالح","الفقيه بن صالح","554","25063","MP","المصطفى الكبوسي","104009"
"بني ملال -خنيفرة","الفقيه بنصالح","الفقيه بن صالح","554","25063","MP","الصالحة  رمضان","107545"
"بني ملال -خنيفرة","الفقيه بنصالح","الفقيه بن صالح","554","25063","MP","رحال اشفيري","103889"
"بني ملال -خنيفرة","الفقيه بنصالح","الفقيه بن صالح","554","25063","MP","مينة حكماوي","105405"
"بني ملال -خنيفرة","الفقيه بنصالح","الفقيه بن صالح","554","25063","MP","المختار حيضار","104669"
"بني ملال -خنيفرة","الفقيه بنصالح","الفقيه بن صالح","554","25063","MP","بوزكري زوهاري","104580"
"بني ملال -خنيفرة","الفقيه بنصالح","الفقيه بن صالح","554","25063","MP","محمد سكدال","104572"
"بني ملال -خنيفرة","الفقيه بنصالح","الفقيه بن صالح","554","25063","MP","  عبد الرزاق  عماري","104827"
"بني ملال -خنيفرة","الفقيه بنصالح","الفقيه بن صالح","554","25063","MP","صالح منيري","105030"
"بني ملال -خنيفرة","الفقيه بنصالح","الفقيه بن صالح","554","25063","MP","رشيد حرير","105292"
"بني ملال -خنيفرة","الفقيه بنصالح","الفقيه بن صالح","554","25063","MP","فواد كواسمي","105533"
"بني ملال -خنيفرة","الفقيه بنصالح","الفقيه بن صالح","554","25063","MP","المصطفى نحيلة","106895"
"بني ملال -خنيفرة","الفقيه بنصالح","الفقيه بن صالح","554","25063","MP","عبد الاله لمسعدي","105933"
"بني ملال -خنيفرة","الفقيه بنصالح","الفقيه بن صالح","554","25063","MP","المصطفى وحيد","105813"
"بني ملال -خنيفرة","الفقيه بنصالح","الفقيه بن صالح","554","25063","MP","الشرقاوى لزغل","105905"
"بني ملال -خنيفرة","الفقيه بنصالح","الفقيه بن صالح","554","25063","MP","صالح الراضي","106937"
"بني ملال -خنيفرة","الفقيه بنصالح","الفقيه بن صالح","554","25063","MP","نور الدين بوزردة","107189"
"بني ملال -خنيفرة","الفقيه بنصالح","الفقيه بن صالح","554","25063","MP","الناصري فهر","107084"
"بني ملال -خنيفرة","الفقيه بنصالح","الفقيه بن صالح","554","25063","MP","عبد المولى صريح","107160"
"بني ملال -خنيفرة","الفقيه بنصالح","الفقيه بن صالح","554","25063","PJD","عبدالعزيز الريحاني","39414"
"بني ملال -خنيفرة","الفقيه بنصالح","الفقيه بن صالح","554","25063","PJD","فوزية القرفاد","40110"
"بني ملال -خنيفرة","الفقيه بنصالح","الفقيه بن صالح","554","25063","PJD","محمد القرفاد","39468"
"بني ملال -خنيفرة","الفقيه بنصالح","الفقيه بن صالح","554","25063","PJD","محمد الراشق","39492"
"بني ملال -خنيفرة","الفقيه بنصالح","الفقيه بن صالح","554","25063","PJD","احمد  حاجي","39531"
"بني ملال -خنيفرة","الفقيه بنصالح","الفقيه بن صالح","554","25063","PJD","زهير نفدي","39549"
"بني ملال -خنيفرة","الفقيه بنصالح","الفقيه بن صالح","554","25063","PJD","فاطمة بولحية","39595"
"بني ملال -خنيفرة","الفقيه بنصالح","الفقيه بن صالح","554","25063","PAM","سمير رديوس","49936"
"بني ملال -خنيفرة","الفقيه بنصالح","الفقيه بن صالح","554","25063","PAM","لطيفة مورتاقى","57103"
"بني ملال -خنيفرة","الفقيه بنصالح","الفقيه بن صالح","554","25063","PAM","عبدالهادي تيموري","50050"
"بني ملال -خنيفرة","الفقيه بنصالح","الفقيه بن صالح","554","25063","PAM","محمد دعنون","50363"
"بني ملال -خنيفرة","الفقيه بنصالح","الفقيه بن صالح","554","25063","PAM","المعطي دكير","50681"
"بني ملال -خنيفرة","الفقيه بنصالح","الفقيه بن صالح","554","25063","PAM","عبد الكريم بريميل","50872"
"بني ملال -خنيفرة","الفقيه بنصالح","الفقيه بن صالح","554","25063","PI","رحال المكاوي","39678"
"بني ملال -خنيفرة","الفقيه بنصالح","الفقيه بن صالح","554","25063","PI","نجاة ايت زينة","42084"
"بني ملال -خنيفرة","الفقيه بنصالح","الفقيه بن صالح","554","25063","PI","  المصطفى   باهي","39817"
"بني ملال -خنيفرة","الفقيه بنصالح","الفقيه بن صالح","554","25063","PI","محمد الفضالي","39902"
"بني ملال -خنيفرة","الفقيه بنصالح","الفقيه بن صالح","554","25063","PI","محسن لكويري","39943"
"بني ملال -خنيفرة","الفقيه بنصالح","برادية","425","25071","MP","المصطفى  ابو الخير","94863"
"بني ملال -خنيفرة","الفقيه بنصالح","برادية","425","25071","MP","محجوبة حرفوف","95192"
"بني ملال -خنيفرة","الفقيه بنصالح","برادية","425","25071","MP","محمد العنتري","94876"
"بني ملال -خنيفرة","الفقيه بنصالح","برادية","425","25071","MP","فاطمة مسترشيد","95235"
"بني ملال -خنيفرة","الفقيه بنصالح","برادية","425","25071","MP","احمد  القراطي","94893"
"بني ملال -خنيفرة","الفقيه بنصالح","برادية","425","25071","MP","العربي عمارة","94912"
"بني ملال -خنيفرة","الفقيه بنصالح","برادية","425","25071","MP","المحجوب مسترشيد","94928"
"بني ملال -خنيفرة","الفقيه بنصالح","برادية","425","25071","MP","الشكدالي  اليزيزي","94943"
"بني ملال -خنيفرة","الفقيه بنصالح","برادية","425","25071","MP","صالح سعداد","94954"
"بني ملال -خنيفرة","الفقيه بنصالح","برادية","425","25071","MP","محمد نصحي","94968"
"بني ملال -خنيفرة","الفقيه بنصالح","برادية","425","25071","MP","عبد الرزاق منصوري","95739"
"بني ملال -خنيفرة","الفقيه بنصالح","برادية","425","25071","PAM","عبد الهادي الشريكة","111907"
"بني ملال -خنيفرة","الفقيه بنصالح","برادية","425","25071","PAM","نورة نهير","113891"
"بني ملال -خنيفرة","الفقيه بنصالح","برادية","425","25071","PAM","بوزكري جماخ","112243"
"بني ملال -خنيفرة","الفقيه بنصالح","برادية","425","25071","PAM","عبد المجيد صمهاني","112416"
"بني ملال -خنيفرة","الفقيه بنصالح","برادية","425","25071","PAM","عبدالكريم معموري","112653"
"بني ملال -خنيفرة","الفقيه بنصالح","برادية","425","25071","PAM","بنداود وكيب","112825"
"بني ملال -خنيفرة","الفقيه بنصالح","برادية","425","25071","PJD","سعيد نبكي","4813"
"بني ملال -خنيفرة","الفقيه بنصالح","برادية","425","25071","PJD","السعدية بوجرتول","4975"
"بني ملال -خنيفرة","الفقيه بنصالح","برادية","425","25071","PJD","خليل الناجي","4822"
"بني ملال -خنيفرة","الفقيه بنصالح","برادية","425","25071","PJD","المصطفى لشفر","4827"
"بني ملال -خنيفرة","الفقيه بنصالح","برادية","425","25071","USFP","الشرقي الغزني","106033"
"بني ملال -خنيفرة","الفقيه بنصالح","برادية","425","25071","USFP","فاطنة الدروي","107245"
"بني ملال -خنيفرة","الفقيه بنصالح","برادية","425","25071","USFP","عبدالرحمان لهشيكي","106659"
"بني ملال -خنيفرة","الفقيه بنصالح","برادية","425","25071","RNI","المعطي خطفي","89949"
"بني ملال -خنيفرة","الفقيه بنصالح","برادية","425","25071","RNI","صباح الحنصالي","91667"
"بني ملال -خنيفرة","الفقيه بنصالح","برادية","425","25071","RNI","المصطفى الحنصلي","90015"
"بني ملال -خنيفرة","الفقيه بنصالح","برادية","425","25071","PADS","محمد الناهي","109555"
"بني ملال -خنيفرة","الفقيه بنصالح","برادية","425","25071","PADS","بوزكري الزنزوني","109518"
"بني ملال -خنيفرة","الفقيه بنصالح","بني شكدال","332","5094","MP","براهيم عبداوي","60908"
"بني ملال -خنيفرة","الفقيه بنصالح","بني شكدال","332","5094","MP","رجاء براوي","60839"
"بني ملال -خنيفرة","الفقيه بنصالح","بني شكدال","332","5102","MP","نورالدين الحساني","21434"
"بني ملال -خنيفرة","الفقيه بنصالح","بني شكدال","332","5102","MP","الصالحة الخيراوي","23487"
"بني ملال -خنيفرة","الفقيه بنصالح","بني شكدال","332","5091","MP","المولودي قابل","32683"
"بني ملال -خنيفرة","الفقيه بنصالح","بني شكدال","332","5101","MP","الشرقاوى كمال","21611"
"بني ملال -خنيفرة","الفقيه بنصالح","بني شكدال","332","5090","MP","سعيد حالي","46064"
"بني ملال -خنيفرة","الفقيه بنصالح","بني شكدال","332","5090","MP","الزوهرة عريبي","46132"
"بني ملال -خنيفرة","الفقيه بنصالح","بني شكدال","332","5096","MP","محمد السجداني","15497"
"بني ملال -خنيفرة","الفقيه بنصالح","بني شكدال","332","5099","MP","احمد الشفيري","21383"
"بني ملال -خنيفرة","الفقيه بنصالح","بني شكدال","332","5098","MP","الجيلالي حليبى","21349"
"بني ملال -خنيفرة","الفقيه بنصالح","بني شكدال","332","5100","MP","احمد العاقل","21595"
"بني ملال -خنيفرة","الفقيه بنصالح","بني شكدال","332","5097","MP","محمد جود","32731"
"بني ملال -خنيفرة","الفقيه بنصالح","بني شكدال","332","5092","USFP","المصطفى مداد","46167"
"بني ملال -خنيفرة","الفقيه بنصالح","بني شكدال","332","5093","USFP","المصطفى توفيق","47546"
"بني ملال -خنيفرة","الفقيه بنصالح","بني شكدال","332","5095","PAM","خالد فلاحي","60790"
"بني ملال -خنيفرة","الفقيه بنصالح","بني شكدال","332","5095","PAM","نجاة منتاد","60689"
"بني ملال -خنيفرة","الفقيه بنصالح","بني وكيل","357","5490","RNI","محمد  خياري","73871"
"بني ملال -خنيفرة","الفقيه بنصالح","بني وكيل","357","5490","RNI","العالية عتيق","73914"
"بني ملال -خنيفرة","الفقيه بنصالح","بني وكيل","357","27469","RNI","مراد برطال","6110"
"بني ملال -خنيفرة","الفقيه بنصالح","بني وكيل","357","27467","RNI","محمد الجادي","26778"
"بني ملال -خنيفرة","الفقيه بنصالح","بني وكيل","357","5488","RNI","المصطفى العابدي","73745"
"بني ملال -خنيفرة","الفقيه بنصالح","بني وكيل","357","5497","RNI","امحمد نصراوي","26816"
"بني ملال -خنيفرة","الفقيه بنصالح","بني وكيل","357","5489","RNI","محمد جبراني","17301"
"بني ملال -خنيفرة","الفقيه بنصالح","بني وكيل","357","27470","RNI","محمد مصلاة","15585"
"بني ملال -خنيفرة","الفقيه بنصالح","بني وكيل","357","5491","RNI","رضوان هاشمي","7318"
"بني ملال -خنيفرة","الفقيه بنصالح","بني وكيل","357","27468","RNI","عمر لوعكار","6098"
"بني ملال -خنيفرة","الفقيه بنصالح","بني وكيل","357","5499","RNI","سعيد جوهار","21749"
"بني ملال -خنيفرة","الفقيه بنصالح","بني وكيل","357","27465","MP","رشيد الحيراني","15625"
"بني ملال -خنيفرة","الفقيه بنصالح","بني وكيل","357","27465","MP","حفيظة مركوني","15662"
"بني ملال -خنيفرة","الفقيه بنصالح","بني وكيل","357","5487","MP","مبارك سعداوي","18776"
"بني ملال -خنيفرة","الفقيه بنصالح","بني وكيل","357","5498","MP","عبد الله بادي","6017"
"بني ملال -خنيفرة","الفقيه بنصالح","بني وكيل","357","5493","MP","احمد القدسي","46421"
"بني ملال -خنيفرة","الفقيه بنصالح","بني وكيل","357","5495","MP","عبد الرحيم سبيلي","32929"
"بني ملال -خنيفرة","الفقيه بنصالح","بني وكيل","357","27471","MP","البشير الغوات","61398"
"بني ملال -خنيفرة","الفقيه بنصالح","بني وكيل","357","27464","PAM","سعيد  زيدان","61357"
"بني ملال -خنيفرة","الفقيه بنصالح","بني وكيل","357","27464","PAM","فاطمة  فقيري","61324"
"بني ملال -خنيفرة","الفقيه بنصالح","بني وكيل","357","5494","PAM","الشرقي بكري","17265"
"بني ملال -خنيفرة","الفقيه بنصالح","بني وكيل","357","5486","USFP","عبد المجيد حديوي","32904"
"بني ملال -خنيفرة","الفقيه بنصالح","بني وكيل","357","5485","USFP","محمد اعمارة","46471"
"بني ملال -خنيفرة","الفقيه بنصالح","بني وكيل","357","5492","USFP","المولودي عنيبر","15794"
"بني ملال -خنيفرة","الفقيه بنصالح","بني وكيل","357","27466","PJD","حميد محب","6068"
"بني ملال -خنيفرة","الفقيه بنصالح","بني وكيل","357","27466","PJD","مينة المرشدي","6084"
"بني ملال -خنيفرة","الفقيه بنصالح","بني وكيل","357","5496","PADS","سعيد قديم الزمن","47911"
"بني ملال -خنيفرة","الفقيه بنصالح","خلفية","710","11127","USFP","عبد الله وهواه","77173"
"بني ملال -خنيفرة","الفقيه بنصالح","خلفية","710","11127","USFP","نجاة لمتاوي","77117"
"بني ملال -خنيفرة","الفقيه بنصالح","خلفية","710","11134","USFP","محمد لكلاع","87851"
"بني ملال -خنيفرة","الفقيه بنصالح","خلفية","710","11132","USFP","احمد رضواني","45578"
"بني ملال -خنيفرة","الفقيه بنصالح","خلفية","710","11132","USFP","عزيزة رضواني","45591"
"بني ملال -خنيفرة","الفقيه بنصالح","خلفية","710","11128","USFP","محمد  قطيب","22127"
"بني ملال -خنيفرة","الفقيه بنصالح","خلفية","710","11128","USFP","فاطمة محراش","22096"
"بني ملال -خنيفرة","الفقيه بنصالح","خلفية","710","11129","USFP","محمد البناوي","16802"
"بني ملال -خنيفرة","الفقيه بنصالح","خلفية","710","11136","USFP","صالح سكاكي","77043"
"بني ملال -خنيفرة","الفقيه بنصالح","خلفية","710","11138","USFP","الشرقي النجاوي","22079"
"بني ملال -خنيفرة","الفقيه بنصالح","خلفية","710","11135","USFP","عثمان خلفي","17310"
"بني ملال -خنيفرة","الفقيه بنصالح","خلفية","710","27537","USFP","بوزكري الحمران","22055"
"بني ملال -خنيفرة","الفقيه بنصالح","خلفية","710","11139","USFP","المصطفى سرحان","32626"
"بني ملال -خنيفرة","الفقيه بنصالح","خلفية","710","11126","MP","محمد هلال","21993"
"بني ملال -خنيفرة","الفقيه بنصالح","خلفية","710","11126","MP","حفيظة جلال","24445"
"بني ملال -خنيفرة","الفقيه بنصالح","خلفية","710","11137","MP","بوزكرى حرير","22030"
"بني ملال -خنيفرة","الفقيه بنصالح","خلفية","710","11140","MP","بوزكري حيدة","26726"
"بني ملال -خنيفرة","الفقيه بنصالح","خلفية","710","27542","MP","محمد خلفي","26746"
"بني ملال -خنيفرة","الفقيه بنصالح","خلفية","710","27543","MP","المعطي حارتي","26755"
"بني ملال -خنيفرة","الفقيه بنصالح","خلفية","710","11131","PJD","البشير  الورديغي","32602"
"بني ملال -خنيفرة","الفقيه بنصالح","خلفية","710","27541","PJD","محمد رجوع","45645"
"بني ملال -خنيفرة","الفقيه بنصالح","خلفية","710","27539","PJD","احمد  سلام","32590"
"بني ملال -خنيفرة","الفقيه بنصالح","خلفية","710","11130","PI","محمد كويس","22236"
"بني ملال -خنيفرة","الفقيه بنصالح","خلفية","710","27540","PI","الحسين الحريق","17191"
"بني ملال -خنيفرة","الفقيه بنصالح","خلفية","710","11133","PAM","المصطفى رؤوف","2379"
"بني ملال -خنيفرة","الفقيه بنصالح","خلفية","710","27538","PAM","المولودي حسيب","16789"
"بني ملال -خنيفرة","الفقيه بنصالح","خلفية","710","27536","PAM","الطاهر الراشقلو","2541"
"بني ملال -خنيفرة","الفقيه بنصالح","دار ولد زيدوح","459","26083","MP","عبد الرفيع الكرومي","17856"
"بني ملال -خنيفرة","الفقيه بنصالح","دار ولد زيدوح","459","26106","MP","رضوان زيدوح","7025"
"بني ملال -خنيفرة","الفقيه بنصالح","دار ولد زيدوح","459","26101","MP","رحال كرول","3759"
"بني ملال -خنيفرة","الفقيه بنصالح","دار ولد زيدوح","459","26105","MP","المولودي ملال","9554"
"بني ملال -خنيفرة","الفقيه بنصالح","دار ولد زيدوح","459","26105","MP","الهام ملال","9571"
"بني ملال -خنيفرة","الفقيه بنصالح","دار ولد زيدوح","459","26091","MP","محمد  الرامي","3680"
"بني ملال -خنيفرة","الفقيه بنصالح","دار ولد زيدوح","459","26093","MP","محمد الجودالى","17264"
"بني ملال -خنيفرة","الفقيه بنصالح","دار ولد زيدوح","459","26090","MP","المصطفى اللويزي","3665"
"بني ملال -خنيفرة","الفقيه بنصالح","دار ولد زيدوح","459","26087","MP","محمد البشير","3636"
"بني ملال -خنيفرة","الفقيه بنصالح","دار ولد زيدوح","459","26100","MP","صلاح الدين القادري","3738"
"بني ملال -خنيفرة","الفقيه بنصالح","دار ولد زيدوح","459","26099","RNI","جمال  شوقي","62046"
"بني ملال -خنيفرة","الفقيه بنصالح","دار ولد زيدوح","459","26099","RNI","مينة بوعمر","62073"
"بني ملال -خنيفرة","الفقيه بنصالح","دار ولد زيدوح","459","26084","RNI","عبد القادر الكبوري","44943"
"بني ملال -خنيفرة","الفقيه بنصالح","دار ولد زيدوح","459","26104","RNI","العربى الواحدى","62007"
"بني ملال -خنيفرة","الفقيه بنصالح","دار ولد زيدوح","459","26104","RNI","ثورية بحار","61959"
"بني ملال -خنيفرة","الفقيه بنصالح","دار ولد زيدوح","459","26098","RNI","سعيد  دنياوي","9626"
"بني ملال -خنيفرة","الفقيه بنصالح","دار ولد زيدوح","459","26082","RNI","محمد  غزال","9751"
"بني ملال -خنيفرة","الفقيه بنصالح","دار ولد زيدوح","459","26102","RNI","خالد علالي","32729"
"بني ملال -خنيفرة","الفقيه بنصالح","دار ولد زيدوح","459","26102","RNI","حنان  الخواة ","32711"
"بني ملال -خنيفرة","الفقيه بنصالح","دار ولد زيدوح","459","26089","RNI","المصطفى العسري","9718"
"بني ملال -خنيفرة","الفقيه بنصالح","دار ولد زيدوح","459","26085","RNI","محمد القادري","17698"
"بني ملال -خنيفرة","الفقيه بنصالح","دار ولد زيدوح","459","26095","PJD","عز الدين دحمان","27331"
"بني ملال -خنيفرة","الفقيه بنصالح","دار ولد زيدوح","459","26092","PJD","محمد ولد الخير","9671"
"بني ملال -خنيفرة","الفقيه بنصالح","دار ولد زيدوح","459","26103","PJD","عبد اللطيف المكاوي","63831"
"بني ملال -خنيفرة","الفقيه بنصالح","دار ولد زيدوح","459","26088","PI","محمد الفائدى","17315"
"بني ملال -خنيفرة","الفقيه بنصالح","دار ولد زيدوح","459","26096","UC","المكي الطاهري","3698"
"بني ملال -خنيفرة","الفقيه بنصالح","دار ولد زيدوح","459","26097","UC","البداوي الزعيطي","9638"
"بني ملال -خنيفرة","الفقيه بنصالح","دار ولد زيدوح","459","26086","PRD","حميد نابغ","17499"
"بني ملال -خنيفرة","الفقيه بنصالح","دار ولد زيدوح","459","26094","PCS","رشيد الورصاني","61926"
"بني ملال -خنيفرة","الفقيه بنصالح","سوق السبت  اولاد النمة","1300","25062","PAM","بوبكر اوشن","95283"
"بني ملال -خنيفرة","الفقيه بنصالح","سوق السبت  اولاد النمة","1300","25062","PAM","سلمى رحام","95577"
"بني ملال -خنيفرة","الفقيه بنصالح","سوق السبت  اولاد النمة","1300","25062","PAM","العربي الحافظي","95429"
"بني ملال -خنيفرة","الفقيه بنصالح","سوق السبت  اولاد النمة","1300","25062","PAM","ابراهيم صلحان","95454"
"بني ملال -خنيفرة","الفقيه بنصالح","سوق السبت  اولاد النمة","1300","25062","PAM","محمد صيفاوي","95680"
"بني ملال -خنيفرة","الفقيه بنصالح","سوق السبت  اولاد النمة","1300","25062","PAM","محمد هروا","95486"
"بني ملال -خنيفرة","الفقيه بنصالح","سوق السبت  اولاد النمة","1300","25062","PAM","رحال الباهي","95502"
"بني ملال -خنيفرة","الفقيه بنصالح","سوق السبت  اولاد النمة","1300","25062","PAM","عبد الله الشرفي","95521"
"بني ملال -خنيفرة","الفقيه بنصالح","سوق السبت  اولاد النمة","1300","25062","PAM","بن داوود عادل","95538"
"بني ملال -خنيفرة","الفقيه بنصالح","سوق السبت  اولاد النمة","1300","25062","MP","جوهرة بوسجادة","87726"
"بني ملال -خنيفرة","الفقيه بنصالح","سوق السبت  اولاد النمة","1300","25062","MP","الهام كريم","91188"
"بني ملال -خنيفرة","الفقيه بنصالح","سوق السبت  اولاد النمة","1300","25062","MP","نور الدين العقاوي","88007"
"بني ملال -خنيفرة","الفقيه بنصالح","سوق السبت  اولاد النمة","1300","25062","MP","حمو بايو","88165"
"بني ملال -خنيفرة","الفقيه بنصالح","سوق السبت  اولاد النمة","1300","25062","MP","سي محمد لغريبي","88398"
"بني ملال -خنيفرة","الفقيه بنصالح","سوق السبت  اولاد النمة","1300","25062","MP","نور الدين الخيارى","88493"
"بني ملال -خنيفرة","الفقيه بنصالح","سوق السبت  اولاد النمة","1300","25062","RNI","بلكاسم  لويستيتي ","68943"
"بني ملال -خنيفرة","الفقيه بنصالح","سوق السبت  اولاد النمة","1300","25062","RNI","مينة العصبي","70745"
"بني ملال -خنيفرة","الفقيه بنصالح","سوق السبت  اولاد النمة","1300","25062","RNI","الشرقاوي ناجح","69005"
"بني ملال -خنيفرة","الفقيه بنصالح","سوق السبت  اولاد النمة","1300","25062","RNI","عبد العاطي لويستيتي","69050"
"بني ملال -خنيفرة","الفقيه بنصالح","سوق السبت  اولاد النمة","1300","25062","RNI","احمد دريسي","69105"
"بني ملال -خنيفرة","الفقيه بنصالح","سوق السبت  اولاد النمة","1300","25062","RNI","عبد الرحمان غزغوز","69165"
"بني ملال -خنيفرة","الفقيه بنصالح","سوق السبت  اولاد النمة","1300","25062","PJD","عبد القادر مبروك","109830"
"بني ملال -خنيفرة","الفقيه بنصالح","سوق السبت  اولاد النمة","1300","25062","PJD","خديجة بدوش","115469"
"بني ملال -خنيفرة","الفقيه بنصالح","سوق السبت  اولاد النمة","1300","25062","PJD","الجيلالي ورسان","110136"
"بني ملال -خنيفرة","الفقيه بنصالح","سوق السبت  اولاد النمة","1300","25062","PJD","مولاي السعيد حسني","110385"
"بني ملال -خنيفرة","الفقيه بنصالح","سوق السبت  اولاد النمة","1300","25062","PJD","عبد الرحيم بلقشاش","110618"
"بني ملال -خنيفرة","الفقيه بنصالح","سوق السبت  اولاد النمة","1300","25062","UC","الكبير غط","56258"
"بني ملال -خنيفرة","الفقيه بنصالح","سوق السبت  اولاد النمة","1300","25062","UC","تورية الروزي","57488"
"بني ملال -خنيفرة","الفقيه بنصالح","سوق السبت  اولاد النمة","1300","25062","UC","محمد غادي","56321"
"بني ملال -خنيفرة","الفقيه بنصالح","سوق السبت  اولاد النمة","1300","25062","UC","عبد اللطيف الناصري","56372"
"بني ملال -خنيفرة","الفقيه بنصالح","سوق السبت  اولاد النمة","1300","25062","UC","عمر عمراوى","56407"
"بني ملال -خنيفرة","الفقيه بنصالح","سوق السبت  اولاد النمة","1300","25062","PI","عبد الله  شباكي","85149"
"بني ملال -خنيفرة","الفقيه بنصالح","سوق السبت  اولاد النمة","1300","25062","PI","سعاد  الشباكي","88690"
"بني ملال -خنيفرة","الفقيه بنصالح","سوق السبت  اولاد النمة","1300","25062","PI","عبد النبي الكريني","85374"
"بني ملال -خنيفرة","الفقيه بنصالح","سوق السبت  اولاد النمة","1300","25062","PI","رازيق عزراوي","85596"
"بني ملال -خنيفرة","الفقيه بنصالح","سيدي حمادي","1233","19456","RNI","محمد الرحالي","94720"
"بني ملال -خنيفرة","الفقيه بنصالح","سيدي حمادي","1233","19458","RNI","عبد الكريم شلاش","63608"
"بني ملال -خنيفرة","الفقيه بنصالح","سيدي حمادي","1233","19458","RNI","الشرقاوية متوكل","70360"
"بني ملال -خنيفرة","الفقيه بنصالح","سيدي حمادي","1233","19460","RNI","محمد العسالي","10014"
"بني ملال -خنيفرة","الفقيه بنصالح","سيدي حمادي","1233","19460","RNI","عتيقة مسكيني","9987"
"بني ملال -خنيفرة","الفقيه بنصالح","سيدي حمادي","1233","19459","RNI","محمد جاهيظ","6299"
"بني ملال -خنيفرة","الفقيه بنصالح","سيدي حمادي","1233","19457","RNI","عبد السلام بن الزاوية","10034"
"بني ملال -خنيفرة","الفقيه بنصالح","سيدي حمادي","1233","19451","RNI","محمد صبرى","5744"
"بني ملال -خنيفرة","الفقيه بنصالح","سيدي حمادي","1233","19452","RNI","المصطفى عسولي","3351"
"بني ملال -خنيفرة","الفقيه بنصالح","سيدي حمادي","1233","19464","RNI","عبد الله البوكريني","10047"
"بني ملال -خنيفرة","الفقيه بنصالح","سيدي حمادي","1233","19461","RNI","عبد الغاني البابور","16871"
"بني ملال -خنيفرة","الفقيه بنصالح","سيدي حمادي","1233","19463","RNI","المهدي منور","6282"
"بني ملال -خنيفرة","الفقيه بنصالح","سيدي حمادي","1233","19453","USFP","بوزكري حراكة","63162"
"بني ملال -خنيفرة","الفقيه بنصالح","سيدي حمادي","1233","19453","USFP","حسناء رمضاني","62785"
"بني ملال -خنيفرة","الفقيه بنصالح","سيدي حمادي","1233","19455","PJD","ابراهيم لمرومد","5797"
"بني ملال -خنيفرة","الفقيه بنصالح","سيدي حمادي","1233","19455","PJD","بهيجة الضويف","5775"
"بني ملال -خنيفرة","الفقيه بنصالح","سيدي حمادي","1233","19465","PJD","عبد الاله المتاقي","16855"
"بني ملال -خنيفرة","الفقيه بنصالح","سيدي حمادي","1233","19454","PJD","عبد الهادي  الرزاقي","9962"
"بني ملال -خنيفرة","الفقيه بنصالح","سيدي حمادي","1233","19462","PJD","عبد الهادي عباسي","80970"
"بني ملال -خنيفرة","الفقيه بنصالح","سيدي عيسى بن علي","1169","18456","USFP","المحفوض كمال","43347"
"بني ملال -خنيفرة","الفقيه بنصالح","سيدي عيسى بن علي","1169","18462","USFP","الشكدالي لحرور","3274"
"بني ملال -خنيفرة","الفقيه بنصالح","سيدي عيسى بن علي","1169","18465","USFP","عبد الله الفائدي","17244"
"بني ملال -خنيفرة","الفقيه بنصالح","سيدي عيسى بن علي","1169","18465","USFP","الشرقاوية لبزامي","17280"
"بني ملال -خنيفرة","الفقيه بنصالح","سيدي عيسى بن علي","1169","18457","USFP","محمد البسباسي","3133"
"بني ملال -خنيفرة","الفقيه بنصالح","سيدي عيسى بن علي","1169","18466","USFP","فتح الله عزى","3383"
"بني ملال -خنيفرة","الفقيه بنصالح","سيدي عيسى بن علي","1169","18459","USFP","عبد الله بادي","3182"
"بني ملال -خنيفرة","الفقيه بنصالح","سيدي عيسى بن علي","1169","27659","USFP","محمد مليح","3523"
"بني ملال -خنيفرة","الفقيه بنصالح","سيدي عيسى بن علي","1169","18473","USFP","محمد القديري","6022"
"بني ملال -خنيفرة","الفقيه بنصالح","سيدي عيسى بن علي","1169","18473","USFP","السعدية الحسني","6044"
"بني ملال -خنيفرة","الفقيه بنصالح","سيدي عيسى بن علي","1169","18471","USFP","الحسان الحجبي","3493"
"بني ملال -خنيفرة","الفقيه بنصالح","سيدي عيسى بن علي","1169","18475","USFP","محمد  كريم","17322"
"بني ملال -خنيفرة","الفقيه بنصالح","سيدي عيسى بن علي","1169","18474","MP","الغليمي بوزكري","10705"
"بني ملال -خنيفرة","الفقيه بنصالح","سيدي عيسى بن علي","1169","18454","MP","المصطفى نور الزين","99548"
"بني ملال -خنيفرة","الفقيه بنصالح","سيدي عيسى بن علي","1169","18455","MP","عبد القادر نور الزين","5857"
"بني ملال -خنيفرة","الفقيه بنصالح","سيدي عيسى بن علي","1169","18458","MP","عبد العزيز ابريميل","79190"
"بني ملال -خنيفرة","الفقيه بنصالح","سيدي عيسى بن علي","1169","18453","MP","عبد الحاكم عبدو الطالب","5907"
"بني ملال -خنيفرة","الفقيه بنصالح","سيدي عيسى بن علي","1169","18467","MP","احمد هيشامي","17096"
"بني ملال -خنيفرة","الفقيه بنصالح","سيدي عيسى بن علي","1169","27658","MP","ادريس الحسناوي","5888"
"بني ملال -خنيفرة","الفقيه بنصالح","سيدي عيسى بن علي","1169","18468","PAM","الشرقي الناصري","3423"
"بني ملال -خنيفرة","الفقيه بنصالح","سيدي عيسى بن علي","1169","18468","PAM","خديجة موتق","3433"
"بني ملال -خنيفرة","الفقيه بنصالح","سيدي عيسى بن علي","1169","18461","PAM","احمد هني","3217"
"بني ملال -خنيفرة","الفقيه بنصالح","سيدي عيسى بن علي","1169","18469","PAM","عبد الله الديوني","3463"
"بني ملال -خنيفرة","الفقيه بنصالح","سيدي عيسى بن علي","1169","18464","PAM","سليمان اليعلوي","43238"
"بني ملال -خنيفرة","الفقيه بنصالح","سيدي عيسى بن علي","1169","18460","PJD","الحبيب حافظي","10814"
"بني ملال -خنيفرة","الفقيه بنصالح","سيدي عيسى بن علي","1169","18463","PJD","عبدالقادر لخليفى","64442"
"بني ملال -خنيفرة","الفقيه بنصالح","سيدي عيسى بن علي","1169","18470","PPS","المصطفى لغزاوي","3473"
"بني ملال -خنيفرة","الفقيه بنصالح","سيدي عيسى بن علي","1169","18470","PPS","عائشة النجمي","22725"
"بني ملال -خنيفرة","الفقيه بنصالح","سيدي عيسى بن علي","1169","18472","PPS","عبد الله الفرابي","17378"
"بني ملال -خنيفرة","الفقيه بنصالح","كريفات","726","26112","MP","حميد زوهاري","17347"
"بني ملال -خنيفرة","الفقيه بنصالح","كريفات","726","26112","MP","سعاد زوهاري","17305"
"بني ملال -خنيفرة","الفقيه بنصالح","كريفات","726","26114","MP","بوزكري مزيان","16400"
"بني ملال -خنيفرة","الفقيه بنصالح","كريفات","726","26127","MP","رشيد وجيل","15800"
"بني ملال -خنيفرة","الفقيه بنصالح","كريفات","726","26130","MP","خليفة  صاطفي","6245"
"بني ملال -خنيفرة","الفقيه بنصالح","كريفات","726","26130","MP","نادية حاليم","6247"
"بني ملال -خنيفرة","الفقيه بنصالح","كريفات","726","26120","MP","ابراهيم بوي","6201"
"بني ملال -خنيفرة","الفقيه بنصالح","كريفات","726","26111","MP","عبد الصمد فوزي","3300"
"بني ملال -خنيفرة","الفقيه بنصالح","كريفات","726","26124","MP","مصطفى شتيوي","6116"
"بني ملال -خنيفرة","الفقيه بنصالح","كريفات","726","26108","MP","احمد طيب","5981"
"بني ملال -خنيفرة","الفقيه بنصالح","كريفات","726","26109","MP","محمد زينة","17183"
"بني ملال -خنيفرة","الفقيه بنصالح","كريفات","726","26129","MP","احمد المطلع","6224"
"بني ملال -خنيفرة","الفقيه بنصالح","كريفات","726","26131","MP","سعيد بوكرين","6235"
"بني ملال -خنيفرة","الفقيه بنصالح","كريفات","726","26126","MP","المحجوب كياس","3035"
"بني ملال -خنيفرة","الفقيه بنصالح","كريفات","726","26107","MP","حمادي مرزاوي","2489"
"بني ملال -خنيفرة","الفقيه بنصالح","كريفات","726","26128","MP","سعيد سكندر","15866"
"بني ملال -خنيفرة","الفقيه بنصالح","كريفات","726","26113","PAM","عبد القادر عكراش","17247"
"بني ملال -خنيفرة","الفقيه بنصالح","كريفات","726","26119","PAM","العربي فلالي","17117"
"بني ملال -خنيفرة","الفقيه بنصالح","كريفات","726","26119","PAM","الكبيرة خياط","16814"
"بني ملال -خنيفرة","الفقيه بنصالح","كريفات","726","26110","PAM","محمد البراد","15432"
"بني ملال -خنيفرة","الفقيه بنصالح","كريفات","726","26117","PAM","عبد الله حوفاظي","75896"
"بني ملال -خنيفرة","الفقيه بنصالح","كريفات","726","26122","PAM","المصطفى زمكور","45735"
"بني ملال -خنيفرة","الفقيه بنصالح","كريفات","726","26122","PAM","امال وجيب","45755"
"بني ملال -خنيفرة","الفقيه بنصالح","كريفات","726","26116","PAM","الكبير العبيد","61570"
"بني ملال -خنيفرة","الفقيه بنصالح","كريفات","726","26123","PAM","عبد الله لميري","6061"
"بني ملال -خنيفرة","الفقيه بنصالح","كريفات","726","26118","PAM","محمد  ردوي","3147"
"بني ملال -خنيفرة","الفقيه بنصالح","كريفات","726","26121","PAM","الحبيب عقاد","76708"
"بني ملال -خنيفرة","الفقيه بنصالح","كريفات","726","26125","PI","المختار حيمود","3101"
"بني ملال -خنيفرة","الفقيه بنصالح","كريفات","726","26115","PJD","أحمد مسيمر","6053"
"بني ملال -خنيفرة","بني ملال","أولاد إيعيش","1057","26177","USFP","الشرقي صاطف","91318"
"بني ملال -خنيفرة","بني ملال","أولاد إيعيش","1057","26173","USFP","اسليمان عطفاني","39989"
"بني ملال -خنيفرة","بني ملال","أولاد إيعيش","1057","26173","USFP","عتيقة الضاوي","40032"
"بني ملال -خنيفرة","بني ملال","أولاد إيعيش","1057","26175","USFP","لكبير بلوردي","70333"
"بني ملال -خنيفرة","بني ملال","أولاد إيعيش","1057","26179","USFP","الشرقي الهواري","40324"
"بني ملال -خنيفرة","بني ملال","أولاد إيعيش","1057","26171","USFP","احمد سافن","69820"
"بني ملال -خنيفرة","بني ملال","أولاد إيعيش","1057","26170","USFP","المصطفى  منفلوطى","69756"
"بني ملال -خنيفرة","بني ملال","أولاد إيعيش","1057","26160","PI","المصطفى ورادى","8004"
"بني ملال -خنيفرة","بني ملال","أولاد إيعيش","1057","26160","PI","امينة حقاوي","8058"
"بني ملال -خنيفرة","بني ملال","أولاد إيعيش","1057","26166","PI","الحسين لندة","39850"
"بني ملال -خنيفرة","بني ملال","أولاد إيعيش","1057","26157","PI","صالح عجمي","39209"
"بني ملال -خنيفرة","بني ملال","أولاد إيعيش","1057","26157","PI","هودى كموح","39234"
"بني ملال -خنيفرة","بني ملال","أولاد إيعيش","1057","26178","PI","عبد القادر رحيم","40307"
"بني ملال -خنيفرة","بني ملال","أولاد إيعيش","1057","26163","PI","عبد الهادي بنموسى","39617"
"بني ملال -خنيفرة","بني ملال","أولاد إيعيش","1057","26161","CNI","عبد الله  الشريفي","39410"
"بني ملال -خنيفرة","بني ملال","أولاد إيعيش","1057","26161","CNI","رابحة كوباشي","39452"
"بني ملال -خنيفرة","بني ملال","أولاد إيعيش","1057","26165","CNI","نورالدين باعدي","39803"
"بني ملال -خنيفرة","بني ملال","أولاد إيعيش","1057","26159","CNI","محمد زوهير","39302"
"بني ملال -خنيفرة","بني ملال","أولاد إيعيش","1057","26169","CNI","المصطفى توفيق","39969"
"بني ملال -خنيفرة","بني ملال","أولاد إيعيش","1057","26168","CNI","محمد عزاوي","39939"
"بني ملال -خنيفرة","بني ملال","أولاد إيعيش","1057","26174","PJD","العربي الهواري","53129"
"بني ملال -خنيفرة","بني ملال","أولاد إيعيش","1057","26158","PJD","عبد الغني بروك","114117"
"بني ملال -خنيفرة","بني ملال","أولاد إيعيش","1057","26162","MP","محمد الشباني","113865"
"بني ملال -خنيفرة","بني ملال","أولاد إيعيش","1057","26180","MP","محمد بلعيدي","7432"
"بني ملال -خنيفرة","بني ملال","أولاد إيعيش","1057","26176","MP"," صالح  اضبابي","7974"
"بني ملال -خنيفرة","بني ملال","أولاد إيعيش","1057","26181","PAM","حبيب لحلو","53529"
"بني ملال -خنيفرة","بني ملال","أولاد إيعيش","1057","26167","PAM","احمد الربيبي","51745"
"بني ملال -خنيفرة","بني ملال","أولاد إيعيش","1057","26172","PAM","محمد  شجدالي","69893"
"بني ملال -خنيفرة","بني ملال","أولاد إيعيش","1057","26164","PDI","فاضل براس","113484"
"بني ملال -خنيفرة","بني ملال","أولاد امبارك","1049","16482","PAM","سعيد شباك","7824"
"بني ملال -خنيفرة","بني ملال","أولاد امبارك","1049","16482","PAM","خديجة باسم","7971"
"بني ملال -خنيفرة","بني ملال","أولاد امبارك","1049","16488","PAM","عبد الكريم شريفي","15868"
"بني ملال -خنيفرة","بني ملال","أولاد امبارك","1049","16488","PAM","خديجة سالم","15880"
"بني ملال -خنيفرة","بني ملال","أولاد امبارك","1049","16480","PAM","ادريس بوطرابة","7894"
"بني ملال -خنيفرة","بني ملال","أولاد امبارك","1049","16480","PAM","السعدية احيحي","7940"
"بني ملال -خنيفرة","بني ملال","أولاد امبارك","1049","16498","PAM","لكبير بوردة","16136"
"بني ملال -خنيفرة","بني ملال","أولاد امبارك","1049","16489","PAM","حمادي دمناتي","15896"
"بني ملال -خنيفرة","بني ملال","أولاد امبارك","1049","16489","PAM","اخديجة المخطاري","15933"
"بني ملال -خنيفرة","بني ملال","أولاد امبارك","1049","16491","PAM","يوسف  بحلحال ","7287"
"بني ملال -خنيفرة","بني ملال","أولاد امبارك","1049","16485","PAM","المصطفى الدشراوي","15767"
"بني ملال -خنيفرة","بني ملال","أولاد امبارك","1049","16483","PAM","عبد الله كمري","7774"
"بني ملال -خنيفرة","بني ملال","أولاد امبارك","1049","16486","PAM","ربيع الكتامي","7715"
"بني ملال -خنيفرة","بني ملال","أولاد امبارك","1049","16490","PAM","عبد الغاني حينور","7431"
"بني ملال -خنيفرة","بني ملال","أولاد امبارك","1049","16484","PAM","فيصل شعبي","15741"
"بني ملال -خنيفرة","بني ملال","أولاد امبارك","1049","16481","PAM","نجيم حركات","7859"
"بني ملال -خنيفرة","بني ملال","أولاد امبارك","1049","16497","PAM","رشيد بولحروف","16088"
"بني ملال -خنيفرة","بني ملال","أولاد امبارك","1049","16496","PAM","عمر زاكي","16043"
"بني ملال -خنيفرة","بني ملال","أولاد امبارك","1049","16479","PAM","عبد الحكيم لعزيزي","15700"
"بني ملال -خنيفرة","بني ملال","أولاد امبارك","1049","16487","PAM","مصطفى مرزاق","15879"
"بني ملال -خنيفرة","بني ملال","أولاد امبارك","1049","16501","MP","المصطفى ضحوك","16315"
"بني ملال -خنيفرة","بني ملال","أولاد امبارك","1049","16494","MP","خليفة الخدير","15953"
"بني ملال -خنيفرة","بني ملال","أولاد امبارك","1049","16495","MP","محمد شكراوي","6246"
"بني ملال -خنيفرة","بني ملال","أولاد امبارك","1049","16492","MP","علال فارسي","15932"
"بني ملال -خنيفرة","بني ملال","أولاد امبارك","1049","16499","MP","المصطفى شديد","16294"
"بني ملال -خنيفرة","بني ملال","أولاد امبارك","1049","16500","PJD","عبد اللطيف حزيمي","16244"
"بني ملال -خنيفرة","بني ملال","أولاد امبارك","1049","16493","USFP","ابراهيم زنان","15954"
"بني ملال -خنيفرة","بني ملال","أولاد سعيد الواد","1053","16557","PJD","عبد الغني الزكراوي","91971"
"بني ملال -خنيفرة","بني ملال","أولاد سعيد الواد","1053","16557","PJD","حسناء الزكراوي","92039"
"بني ملال -خنيفرة","بني ملال","أولاد سعيد الواد","1053","16562","PJD","خليفة موخطاطيف","67918"
"بني ملال -خنيفرة","بني ملال","أولاد سعيد الواد","1053","16556","PJD","عبد القادر قرباب","113340"
"بني ملال -خنيفرة","بني ملال","أولاد سعيد الواد","1053","16555","PJD","المعطي بلقدية","91808"
"بني ملال -خنيفرة","بني ملال","أولاد سعيد الواد","1053","16560","USFP","الحسن عمري","33059"
"بني ملال -خنيفرة","بني ملال","أولاد سعيد الواد","1053","16560","USFP","فاطمة عمري","33084"
"بني ملال -خنيفرة","بني ملال","أولاد سعيد الواد","1053","16559","USFP","محمد عنيد","113109"
"بني ملال -خنيفرة","بني ملال","أولاد سعيد الواد","1053","16559","USFP","نزهة رشيد","113182"
"بني ملال -خنيفرة","بني ملال","أولاد سعيد الواد","1053","16563","USFP","الجيلالي عربي","92593"
"بني ملال -خنيفرة","بني ملال","أولاد سعيد الواد","1053","16561","USFP","ادريس المنصوري","38536"
"بني ملال -خنيفرة","بني ملال","أولاد سعيد الواد","1053","16551","PI","البشير القرفي","11841"
"بني ملال -خنيفرة","بني ملال","أولاد سعيد الواد","1053","16551","PI","عزيزة كرماز","11877"
"بني ملال -خنيفرة","بني ملال","أولاد سعيد الواد","1053","16552","PI","عبد الرحيم نعام","67836"
"بني ملال -خنيفرة","بني ملال","أولاد سعيد الواد","1053","25350","PI","موسى بصيري","67645"
"بني ملال -خنيفرة","بني ملال","أولاد سعيد الواد","1053","25351","PI","محمد المورسلي","18726"
"بني ملال -خنيفرة","بني ملال","أولاد سعيد الواد","1053","16553","PI","حسن هاشمي","11797"
"بني ملال -خنيفرة","بني ملال","أولاد سعيد الواد","1053","16554","PI","المصطفى بن بالة","68246"
"بني ملال -خنيفرة","بني ملال","أولاد سعيد الواد","1053","16558","CNI","المكناسي الشاقور","91897"
"بني ملال -خنيفرة","بني ملال","أولاد كناو","1046","16419","MP","عبد الرحيم بضير","95164"
"بني ملال -خنيفرة","بني ملال","أولاد كناو","1046","16419","MP","السعدية زيتوني","95203"
"بني ملال -خنيفرة","بني ملال","أولاد كناو","1046","16424","MP","عبد الرحيم عبيس","40940"
"بني ملال -خنيفرة","بني ملال","أولاد كناو","1046","16424","MP","اهنية الغرسي","40951"
"بني ملال -خنيفرة","بني ملال","أولاد كناو","1046","16425","MP","المصطفى قادري","95408"
"بني ملال -خنيفرة","بني ملال","أولاد كناو","1046","16425","MP","مونية الفراع","95437"
"بني ملال -خنيفرة","بني ملال","أولاد كناو","1046","27334","MP","محمد ايوب","41038"
"بني ملال -خنيفرة","بني ملال","أولاد كناو","1046","16417","MP","احمد الحمداوي","72138"
"بني ملال -خنيفرة","بني ملال","أولاد كناو","1046","16428","MP","عبد العلي لمغفري","95534"
"بني ملال -خنيفرة","بني ملال","أولاد كناو","1046","16422","MP","عبد الرحيم وردي","72277"
"بني ملال -خنيفرة","بني ملال","أولاد كناو","1046","16422","MP","حفيظة عكير","72317"
"بني ملال -خنيفرة","بني ملال","أولاد كناو","1046","16426","MP","عبد السلام عصام","95464"
"بني ملال -خنيفرة","بني ملال","أولاد كناو","1046","16420","MP","المصطفى اللياط","72193"
"بني ملال -خنيفرة","بني ملال","أولاد كناو","1046","16427","MP","عبد اللاه كريم","72535"
"بني ملال -خنيفرة","بني ملال","أولاد كناو","1046","27335","MP","المصطفى اتفرون","95503"
"بني ملال -خنيفرة","بني ملال","أولاد كناو","1046","16421","MP","محمد امين","95272"
"بني ملال -خنيفرة","بني ملال","أولاد كناو","1046","16423","MP","نور السعيد الحكيم","72369"
"بني ملال -خنيفرة","بني ملال","أولاد كناو","1046","16418","PJD","ياسين بوشوى","40717"
"بني ملال -خنيفرة","بني ملال","أولاد كناو","1046","16416","RNI","علي  الكراني","40665"
"بني ملال -خنيفرة","بني ملال","أولاد يوسف","1058","16649","PJD","المصطفى   بريم","76479"
"بني ملال -خنيفرة","بني ملال","أولاد يوسف","1058","16649","PJD","مينة حمداوي","76518"
"بني ملال -خنيفرة","بني ملال","أولاد يوسف","1058","16644","PJD","الرابح مبروكي","69403"
"بني ملال -خنيفرة","بني ملال","أولاد يوسف","1058","16644","PJD","اكرام النصراوي","69475"
"بني ملال -خنيفرة","بني ملال","أولاد يوسف","1058","16642","PJD","حميد  غانم","68793"
"بني ملال -خنيفرة","بني ملال","أولاد يوسف","1058","16645","PPS","بوزكري شريفي","8079"
"بني ملال -خنيفرة","بني ملال","أولاد يوسف","1058","16641","PPS","لحسن فكري","33192"
"بني ملال -خنيفرة","بني ملال","أولاد يوسف","1058","16647","PI","خليفة خلافي","68843"
"بني ملال -خنيفرة","بني ملال","أولاد يوسف","1058","16643","PI","المولودي بن عماري","50135"
"بني ملال -خنيفرة","بني ملال","أولاد يوسف","1058","16648","PI","محمد العباوي","51381"
"بني ملال -خنيفرة","بني ملال","أولاد يوسف","1058","25353","PI","امبارك بوري","51280"
"بني ملال -خنيفرة","بني ملال","أولاد يوسف","1058","16639","USFP","محمد العشاب","76651"
"بني ملال -خنيفرة","بني ملال","أولاد يوسف","1058","16639","USFP","الكبيرة عشاب","76692"
"بني ملال -خنيفرة","بني ملال","أولاد يوسف","1058","16646","USFP","حسن عرباوي","50964"
"بني ملال -خنيفرة","بني ملال","أولاد يوسف","1058","16638","USFP","خليفة محيجير","51577"
"بني ملال -خنيفرة","بني ملال","أولاد يوسف","1058","16640","CNI","عبد العزيز نغموش","69018"
"بني ملال -خنيفرة","بني ملال","أولاد يوسف","1058","16640","CNI","عتيقة  نغموش ","69229"
"بني ملال -خنيفرة","بني ملال","أولاد يوسف","1058","25352","CNI","نور الدين العسراوي","38626"
"بني ملال -خنيفرة","بني ملال","أولاد يوسف","1058","16650","MP","محمد صفي الدين","113005"
"بني ملال -خنيفرة","بني ملال","آيت أم البخت","148","2104","PAM","محماد قسو","43478"
"بني ملال -خنيفرة","بني ملال","آيت أم البخت","148","2104","PAM","حسناء بنمومن ","43501"
"بني ملال -خنيفرة","بني ملال","آيت أم البخت","148","2107","PAM","محمد فاتح","24173"
"بني ملال -خنيفرة","بني ملال","آيت أم البخت","148","2105","PAM","محمد شوقي","24141"
"بني ملال -خنيفرة","بني ملال","آيت أم البخت","148","2108","PAM","لحسن تاقي","78678"
"بني ملال -خنيفرة","بني ملال","آيت أم البخت","148","2108","PAM","فاطمة حداسي","78729"
"بني ملال -خنيفرة","بني ملال","آيت أم البخت","148","2111","PAM","علي تفروت","24214"
"بني ملال -خنيفرة","بني ملال","آيت أم البخت","148","2112","PAM","مولاي صليحي","43384"
"بني ملال -خنيفرة","بني ملال","آيت أم البخت","148","2110","PAM","محماد جيبو","54378"
"بني ملال -خنيفرة","بني ملال","آيت أم البخت","148","2102","MP","حدو خميمة","78308"
"بني ملال -خنيفرة","بني ملال","آيت أم البخت","148","2102","MP","حسناء  والرو ","78345"
"بني ملال -خنيفرة","بني ملال","آيت أم البخت","148","2103","MP","موحى وعشا","78389"
"بني ملال -خنيفرة","بني ملال","آيت أم البخت","148","2101","MP","الحسين اميراز","78517"
"بني ملال -خنيفرة","بني ملال","آيت أم البخت","148","2109","PI","علي خداش","43423"
"بني ملال -خنيفرة","بني ملال","آيت أم البخت","148","2100","CNI","حسن واحيد","54439"
"بني ملال -خنيفرة","بني ملال","آيت أم البخت","148","2106","PPS","ميمون شفيق","54219"
"بني ملال -خنيفرة","بني ملال","آيت أم البخت","148","2106","PPS","حفيظة شطار","54267"
"بني ملال -خنيفرة","بني ملال","اغبالة","29","27349","PAM","مولاي الحسن وعلى  بوش","77109"
"بني ملال -خنيفرة","بني ملال","اغبالة","29","436","PAM","حليم  فؤاد","130395"
"بني ملال -خنيفرة","بني ملال","اغبالة","29","436","PAM","فاطمة امغي","130399"
"بني ملال -خنيفرة","بني ملال","اغبالة","29","437","PAM","عبد الله طلحا","56720"
"بني ملال -خنيفرة","بني ملال","اغبالة","29","431","PAM","عثمان زوهري","130434"
"بني ملال -خنيفرة","بني ملال","اغبالة","29","435","PAM","موحى كسعيد","76963"
"بني ملال -خنيفرة","بني ملال","اغبالة","29","440","PAM","حسن والقوبع","56804"
"بني ملال -خنيفرة","بني ملال","اغبالة","29","429","PJD","بناصر ناجيب","56755"
"بني ملال -خنيفرة","بني ملال","اغبالة","29","429","PJD","نادية زهمون","56715"
"بني ملال -خنيفرة","بني ملال","اغبالة","29","430","PJD","عبد العزيز مومن","56833"
"بني ملال -خنيفرة","بني ملال","اغبالة","29","432","PJD","محمد بوكيوظ","130416"
"بني ملال -خنيفرة","بني ملال","اغبالة","29","432","PJD","حفيظة احداش","130418"
"بني ملال -خنيفرة","بني ملال","اغبالة","29","434","PJD","احمد خياض","98340"
"بني ملال -خنيفرة","بني ملال","اغبالة","29","433","PJD","موحى الادريسي","130429"
"بني ملال -خنيفرة","بني ملال","اغبالة","29","27348","PJD","موح باسلام","56774"
"بني ملال -خنيفرة","بني ملال","اغبالة","29","438","MP","الساعيد والقاضي","130403"
"بني ملال -خنيفرة","بني ملال","اغبالة","29","438","MP","فاتحة جمالي","130406"
"بني ملال -خنيفرة","بني ملال","اغبالة","29","439","MP","موحى الإدريسي","98571"
"بني ملال -خنيفرة","بني ملال","اغبالة","29","441","P Al Ahd Addimocrati","بناصر وكابير","77050"
"بني ملال -خنيفرة","بني ملال","القصيبة","504","7895","PAM","عزيز وعبدالكريم","27163"
"بني ملال -خنيفرة","بني ملال","القصيبة","504","7899","PAM","ابراهيم اهمو","81016"
"بني ملال -خنيفرة","بني ملال","القصيبة","504","7899","PAM","بوشرة الزيتوني","81045"
"بني ملال -خنيفرة","بني ملال","القصيبة","504","7892","PAM","يطو رزوقي","80662"
"بني ملال -خنيفرة","بني ملال","القصيبة","504","7892","PAM","عزيزة فرتاحي","80691"
"بني ملال -خنيفرة","بني ملال","القصيبة","504","7888","PAM"," محمد   وقربي","80557"
"بني ملال -خنيفرة","بني ملال","القصيبة","504","7902","PAM","اسماعيل وقجيج","57023"
"بني ملال -خنيفرة","بني ملال","القصيبة","504","7905","PAM","عبد الرحيم حكيم","104005"
"بني ملال -خنيفرة","بني ملال","القصيبة","504","7905","PAM","مينة العواري","104097"
"بني ملال -خنيفرة","بني ملال","القصيبة","504","7893","PAM","عبد الواحد علوان","105542"
"بني ملال -خنيفرة","بني ملال","القصيبة","504","7903","MP","محمد فخري","6187"
"بني ملال -خنيفرة","بني ملال","القصيبة","504","7906","MP","بناصر واسع الدين","57351"
"بني ملال -خنيفرة","بني ملال","القصيبة","504","7886","MP","محمد محسين","44066"
"بني ملال -خنيفرة","بني ملال","القصيبة","504","7886","MP","السعدية بنيوسف","44082"
"بني ملال -خنيفرة","بني ملال","القصيبة","504","7908","MP","المصطفى لعروسي","27134"
"بني ملال -خنيفرة","بني ملال","القصيبة","504","7904","MP","عبد الرحيم عماري","79372"
"بني ملال -خنيفرة","بني ملال","القصيبة","504","7891","MP","محمد ادريسي","6175"
"بني ملال -خنيفرة","بني ملال","القصيبة","504","7900","MP","محمد باخويا","102901"
"بني ملال -خنيفرة","بني ملال","القصيبة","504","7894","PJD","المصطفى وحرير","57025"
"بني ملال -خنيفرة","بني ملال","القصيبة","504","7890","PJD","عبد العزيز سرار","103229"
"بني ملال -خنيفرة","بني ملال","القصيبة","504","7887","PJD","عبد الحميد وفسو","44117"
"بني ملال -خنيفرة","بني ملال","القصيبة","504","7896","PJD","لحسن نجمي","80830"
"بني ملال -خنيفرة","بني ملال","القصيبة","504","7898","USFP","محمد اوغانم","80162"
"بني ملال -خنيفرة","بني ملال","القصيبة","504","7897","USFP","حسن  هدبان ","102585"
"بني ملال -خنيفرة","بني ملال","القصيبة","504","7901","USFP","محمد هنوني","79433"
"بني ملال -خنيفرة","بني ملال","القصيبة","504","7889","USFP","الشرقي السحري","103352"
"بني ملال -خنيفرة","بني ملال","القصيبة","504","7907","P Al Ahd Addimocrati","نور الدين بنيوسف","105391"
"بني ملال -خنيفرة","بني ملال","بني ملال","292","25061","MP","أحمد شد","132493"
"بني ملال -خنيفرة","بني ملال","بني ملال","292","25061","MP","مينة النماوي","133216"
"بني ملال -خنيفرة","بني ملال","بني ملال","292","25061","MP","احمد بدرة","132614"
"بني ملال -خنيفرة","بني ملال","بني ملال","292","25061","MP","سعاد اعزيز","133224"
"بني ملال -خنيفرة","بني ملال","بني ملال","292","25061","MP","عبد الغاني مكاوي","132635"
"بني ملال -خنيفرة","بني ملال","بني ملال","292","25061","MP","لالة فاطمة الزهرة  نقاش","133284"
"بني ملال -خنيفرة","بني ملال","بني ملال","292","25061","MP","محمد  بوحدادي ","132646"
"بني ملال -خنيفرة","بني ملال","بني ملال","292","25061","MP","حميد ابراهيمي","132665"
"بني ملال -خنيفرة","بني ملال","بني ملال","292","25061","MP","محمد عجلاوي","132703"
"بني ملال -خنيفرة","بني ملال","بني ملال","292","25061","MP","البشير عياش","132713"
"بني ملال -خنيفرة","بني ملال","بني ملال","292","25061","MP","عبد الصادق لمعنكد","132755"
"بني ملال -خنيفرة","بني ملال","بني ملال","292","25061","MP","عبد الواحد العسري","132767"
"بني ملال -خنيفرة","بني ملال","بني ملال","292","25061","MP","صالح بحري","132778"
"بني ملال -خنيفرة","بني ملال","بني ملال","292","25061","MP","اعلي بوقدير","132798"
"بني ملال -خنيفرة","بني ملال","بني ملال","292","25061","MP","المصطفى النو","132815"
"بني ملال -خنيفرة","بني ملال","بني ملال","292","25061","MP","احمد العرش","132826"
"بني ملال -خنيفرة","بني ملال","بني ملال","292","25061","MP","جمال وزين","132838"
"بني ملال -خنيفرة","بني ملال","بني ملال","292","25061","MP","نورالدين ريفي بلحاج","132869"
"بني ملال -خنيفرة","بني ملال","بني ملال","292","25061","MP","امين العصبى","132881"
"بني ملال -خنيفرة","بني ملال","بني ملال","292","25061","MP","الصالح الكونتيتي","132906"
"بني ملال -خنيفرة","بني ملال","بني ملال","292","25061","MP","كبير لقصر","132924"
"بني ملال -خنيفرة","بني ملال","بني ملال","292","25061","MP","عباس شبوبي","133015"
"بني ملال -خنيفرة","بني ملال","بني ملال","292","25061","MP","محمد الرافع","133029"
"بني ملال -خنيفرة","بني ملال","بني ملال","292","25061","MP","لحسن كدام","133048"
"بني ملال -خنيفرة","بني ملال","بني ملال","292","25061","MP","طارق حميد","133274"
"بني ملال -خنيفرة","بني ملال","بني ملال","292","25061","PJD","الحسين الحنصالي","32684"
"بني ملال -خنيفرة","بني ملال","بني ملال","292","25061","PJD","ناعمة بهيش","32869"
"بني ملال -خنيفرة","بني ملال","بني ملال","292","25061","PJD","محمد لبرديا غازي","32722"
"بني ملال -خنيفرة","بني ملال","بني ملال","292","25061","PJD","فاطمة الزهراء القصري","32877"
"بني ملال -خنيفرة","بني ملال","بني ملال","292","25061","PJD","عبد الرحيم  يحياوي","32736"
"بني ملال -خنيفرة","بني ملال","بني ملال","292","25061","PJD","دحان بودحين","32749"
"بني ملال -خنيفرة","بني ملال","بني ملال","292","25061","PJD","اسماء الحداوي","32770"
"بني ملال -خنيفرة","بني ملال","بني ملال","292","25061","PJD","زكرياء بقوي","32810"
"بني ملال -خنيفرة","بني ملال","بني ملال","292","25061","PJD","ابراهيم بلمان","32861"
"بني ملال -خنيفرة","بني ملال","بني ملال","292","25061","PJD","لحسن بو الكرش","32889"
"بني ملال -خنيفرة","بني ملال","بني ملال","292","25061","PJD","عبد الله  بن بها","32916"
"بني ملال -خنيفرة","بني ملال","بني ملال","292","25061","PJD","عبد الكبير لعيشي","32939"
"بني ملال -خنيفرة","بني ملال","بني ملال","292","25061","PJD","المصطفى جغمان","32968"
"بني ملال -خنيفرة","بني ملال","بني ملال","292","25061","PAM","محمد حلحال","132595"
"بني ملال -خنيفرة","بني ملال","بني ملال","292","25061","PAM","سعاد البطال","134014"
"بني ملال -خنيفرة","بني ملال","بني ملال","292","25061","PAM","خالد المنصوري","133972"
"بني ملال -خنيفرة","بني ملال","بني ملال","292","25061","PAM","محمد شكيب","133977"
"بني ملال -خنيفرة","بني ملال","بني ملال","292","25061","PAM","محمد الصواف","133981"
"بني ملال -خنيفرة","بني ملال","بوتفردة","417","6455","PJD","علي فرحان","78150"
"بني ملال -خنيفرة","بني ملال","بوتفردة","417","6463","PJD","احماد حجي","77772"
"بني ملال -خنيفرة","بني ملال","بوتفردة","417","6463","PJD","رابحة  صابري","77811"
"بني ملال -خنيفرة","بني ملال","بوتفردة","417","6457","PJD","محمد سياني","78297"
"بني ملال -خنيفرة","بني ملال","بوتفردة","417","6453","PJD","باسو عقيت","24510"
"بني ملال -خنيفرة","بني ملال","بوتفردة","417","6454","PJD","زايد كمان","24541"
"بني ملال -خنيفرة","بني ملال","بوتفردة","417","6461","PJD","سعيد بلحسن","78329"
"بني ملال -خنيفرة","بني ملال","بوتفردة","417","6459","PAM","موحى كو","98193"
"بني ملال -خنيفرة","بني ملال","بوتفردة","417","6456","PAM","موحى زاهي","56293"
"بني ملال -خنيفرة","بني ملال","بوتفردة","417","6460","MP","موحى خلوف","78403"
"بني ملال -خنيفرة","بني ملال","بوتفردة","417","6460","MP","عائشة الرحموني","78418"
"بني ملال -خنيفرة","بني ملال","بوتفردة","417","6462","MP","بوعزى مدون","78054"
"بني ملال -خنيفرة","بني ملال","بوتفردة","417","6462","MP","حادة الكريمي","78093"
"بني ملال -خنيفرة","بني ملال","بوتفردة","417","6458","PI","مصطفى كاس","57871"
"بني ملال -خنيفرة","بني ملال","بوتفردة","417","6458","PI","فاظمة العربي","57895"
"بني ملال -خنيفرة","بني ملال","تاكزيرت","1331","21023","PAM","صالح بوزيان","101203"
"بني ملال -خنيفرة","بني ملال","تاكزيرت","1331","21023","PAM","خديجة فيلالي","101239"
"بني ملال -خنيفرة","بني ملال","تاكزيرت","1331","21017","PAM"," المختار  اوشمال","82815"
"بني ملال -خنيفرة","بني ملال","تاكزيرت","1331","21014","PAM","مصطفى زيداني","82254"
"بني ملال -خنيفرة","بني ملال","تاكزيرت","1331","21028","PAM","محماد جلول","52910"
"بني ملال -خنيفرة","بني ملال","تاكزيرت","1331","21021","PAM","احمد امباركي","32404"
"بني ملال -خنيفرة","بني ملال","تاكزيرت","1331","21035","PAM","عبد الرحيم توفيق","82514"
"بني ملال -خنيفرة","بني ملال","تاكزيرت","1331","21022","PAM","صالح حفضي","13917"
"بني ملال -خنيفرة","بني ملال","تاكزيرت","1331","21018","PAM","محمد منيول","27409"
"بني ملال -خنيفرة","بني ملال","تاكزيرت","1331","21034","PAM","صالح رجعي","40649"
"بني ملال -خنيفرة","بني ملال","تاكزيرت","1331","21013","MP","فاطمة الضعيف","32426"
"بني ملال -خنيفرة","بني ملال","تاكزيرت","1331","21013","MP","فاطمة صالحي","32436"
"بني ملال -خنيفرة","بني ملال","تاكزيرت","1331","21024","MP","محمد اباخو","82054"
"بني ملال -خنيفرة","بني ملال","تاكزيرت","1331","21024","MP","  حسناء  نصري","82114"
"بني ملال -خنيفرة","بني ملال","تاكزيرت","1331","21026","MP","يخلف عتماني","82888"
"بني ملال -خنيفرة","بني ملال","تاكزيرت","1331","21031","MP","مصطفى معوني","9748"
"بني ملال -خنيفرة","بني ملال","تاكزيرت","1331","21029","MP","جواد علواني","9658"
"بني ملال -خنيفرة","بني ملال","تاكزيرت","1331","21027","MP","المصطفى عثماني","51865"
"بني ملال -خنيفرة","بني ملال","تاكزيرت","1331","21025","PJD","حسن اكرام","82333"
"بني ملال -خنيفرة","بني ملال","تاكزيرت","1331","21025","PJD","حسناء عنابة","82375"
"بني ملال -خنيفرة","بني ملال","تاكزيرت","1331","21016","PJD","حدو بن ابراهيم","52214"
"بني ملال -خنيفرة","بني ملال","تاكزيرت","1331","21019","USFP","زايد  روم ","6195"
"بني ملال -خنيفرة","بني ملال","تاكزيرت","1331","21020","USFP","الحسين ابراهيمي","9728"
"بني ملال -خنيفرة","بني ملال","تاكزيرت","1331","21033","USFP","ميمون ابنحيا","9431"
"بني ملال -خنيفرة","بني ملال","تاكزيرت","1331","21032","RNI","مصطفى بوقوباين","83125"
"بني ملال -خنيفرة","بني ملال","تاكزيرت","1331","21030","RNI","عبد الرحيم والزيف","82957"
"بني ملال -خنيفرة","بني ملال","تاكزيرت","1331","21015","RNI","عبد الكريم مورشيد","108697"
"بني ملال -خنيفرة","بني ملال","تانوغة","1379","21737","PI","الحسين معيسو","99171"
"بني ملال -خنيفرة","بني ملال","تانوغة","1379","21737","PI","تورية اهنيني","99205"
"بني ملال -خنيفرة","بني ملال","تانوغة","1379","21730","PI","اسماعيل الزياني","99315"
"بني ملال -خنيفرة","بني ملال","تانوغة","1379","21730","PI","يامنة امالك","99349"
"بني ملال -خنيفرة","بني ملال","تانوغة","1379","21729","PI","الحسين وعا","99810"
"بني ملال -خنيفرة","بني ملال","تانوغة","1379","21741","PI","حميد  والهري ","99267"
"بني ملال -خنيفرة","بني ملال","تانوغة","1379","21738","PI","لحسن  حجاج","83911"
"بني ملال -خنيفرة","بني ملال","تانوغة","1379","21735","PI","صالح الحضري","83777"
"بني ملال -خنيفرة","بني ملال","تانوغة","1379","27346","PI","احمد احبا","99873"
"بني ملال -خنيفرة","بني ملال","تانوغة","1379","21731","PI","محمد الراوي","83703"
"بني ملال -خنيفرة","بني ملال","تانوغة","1379","27347","PI","سعيد غزيف","99933"
"بني ملال -خنيفرة","بني ملال","تانوغة","1379","21732","PAM","عبد الله اعلام","98933"
"بني ملال -خنيفرة","بني ملال","تانوغة","1379","21732","PAM","مريامة العمري","98965"
"بني ملال -خنيفرة","بني ملال","تانوغة","1379","21734","PAM","مولاي الرامي","99129"
"بني ملال -خنيفرة","بني ملال","تانوغة","1379","21736","PAM","حدو الصوتي","99636"
"بني ملال -خنيفرة","بني ملال","تانوغة","1379","21740","PJD","محمد ايت سري","84058"
"بني ملال -خنيفرة","بني ملال","تانوغة","1379","21740","PJD","رابحة  واعدي ","84138"
"بني ملال -خنيفرة","بني ملال","تانوغة","1379","21733","PJD","موحى مربوحي","131968"
"بني ملال -خنيفرة","بني ملال","تانوغة","1379","21739","RNI","صالح قرمودي","83985"
"بني ملال -خنيفرة","بني ملال","تيزي نيسلي","1479","23194","PI","المصطفى عابد","97995"
"بني ملال -خنيفرة","بني ملال","تيزي نيسلي","1479","23194","PI","حفيظة الماموني","97971"
"بني ملال -خنيفرة","بني ملال","تيزي نيسلي","1479","23195","PI","حدو بداوي","97938"
"بني ملال -خنيفرة","بني ملال","تيزي نيسلي","1479","25354","PJD","حسين اعداد","24538"
"بني ملال -خنيفرة","بني ملال","تيزي نيسلي","1479","23190","PJD","محمد وزين","56473"
"بني ملال -خنيفرة","بني ملال","تيزي نيسلي","1479","23189","PJD","يخلف عدوش","24557"
"بني ملال -خنيفرة","بني ملال","تيزي نيسلي","1479","23196","PJD","صالح بوفروخ","77204"
"بني ملال -خنيفرة","بني ملال","تيزي نيسلي","1479","23188","PAM","سعيد سمير","56403"
"بني ملال -خنيفرة","بني ملال","تيزي نيسلي","1479","23188","PAM","مالكة العوني","56347"
"بني ملال -خنيفرة","بني ملال","تيزي نيسلي","1479","23193","PAM","حدو  ساعيد ","130385"
"بني ملال -خنيفرة","بني ملال","تيزي نيسلي","1479","23191","PAM","لحسن معسو","57603"
"بني ملال -خنيفرة","بني ملال","تيزي نيسلي","1479","23197","MP","يخلف وجيل","77175"
"بني ملال -خنيفرة","بني ملال","تيزي نيسلي","1479","25355","MP","ميمون خيار","98281"
"بني ملال -خنيفرة","بني ملال","تيزي نيسلي","1479","25355","MP","  فاطمة  عزيزي","98306"
"بني ملال -خنيفرة","بني ملال","تيزي نيسلي","1479","23192","RNI","يخلف وتاوغشوت","130384"
"بني ملال -خنيفرة","بني ملال","تيزي نيسلي","1479","23192","RNI","نعيمة وبيه","131661"
"بني ملال -خنيفرة","بني ملال","تيزي نيسلي","1479","23187","USFP","المدني الابراهيمي","42960"
"بني ملال -خنيفرة","بني ملال","ديرالقصيبة","469","7317","PAM","حسان وهبور","43812"
"بني ملال -خنيفرة","بني ملال","ديرالقصيبة","469","7318","PAM","المصطفى اكساب","43775"
"بني ملال -خنيفرة","بني ملال","ديرالقصيبة","469","7320","PAM","الحسين موشتى","43690"
"بني ملال -خنيفرة","بني ملال","ديرالقصيبة","469","7315","PAM","محمد ايشان","43646"
"بني ملال -خنيفرة","بني ملال","ديرالقصيبة","469","7315","PAM","فاطمة الزهراء باوسيدي","43628"
"بني ملال -خنيفرة","بني ملال","ديرالقصيبة","469","7319","PAM","المصطفى وخلاف","43719"
"بني ملال -خنيفرة","بني ملال","ديرالقصيبة","469","7304","PAM","المصطفى امزيل","58165"
"بني ملال -خنيفرة","بني ملال","ديرالقصيبة","469","7305","PAM","الحسين مسكوري","23880"
"بني ملال -خنيفرة","بني ملال","ديرالقصيبة","469","7303","PAM","محمد طوبي","23920"
"بني ملال -خنيفرة","بني ملال","ديرالقصيبة","469","7314","PAM","علي بنيحيى","97336"
"بني ملال -خنيفرة","بني ملال","ديرالقصيبة","469","7314","PAM","الزهرة وبوسلهام","97361"
"بني ملال -خنيفرة","بني ملال","ديرالقصيبة","469","7306","PAM","عبد العزيز معطاد","58280"
"بني ملال -خنيفرة","بني ملال","ديرالقصيبة","469","7308","PAM","المصطفى اوالراع","58544"
"بني ملال -خنيفرة","بني ملال","ديرالقصيبة","469","7301","PAM","اسماعيل فوزي","24036"
"بني ملال -خنيفرة","بني ملال","ديرالقصيبة","469","7299","PJD","المصطفى عيرو","43984"
"بني ملال -خنيفرة","بني ملال","ديرالقصيبة","469","7313","PJD","حسن اوبنداود","75970"
"بني ملال -خنيفرة","بني ملال","ديرالقصيبة","469","7313","PJD","مليكة ازريز","76016"
"بني ملال -خنيفرة","بني ملال","ديرالقصيبة","469","7300","PJD","المصطفى بوقدوس","43954"
"بني ملال -خنيفرة","بني ملال","ديرالقصيبة","469","7311","PJD","حسن واشطار","59657"
"بني ملال -خنيفرة","بني ملال","ديرالقصيبة","469","7316","PJD","محمد داودي","76190"
"بني ملال -خنيفرة","بني ملال","ديرالقصيبة","469","7310","PJD","محماد توفيقي","75903"
"بني ملال -خنيفرة","بني ملال","ديرالقصيبة","469","7307","PJD","بوعزة موسى","58391"
"بني ملال -خنيفرة","بني ملال","ديرالقصيبة","469","7312","USFP","ابراهيم اعلام","130400"
"بني ملال -خنيفرة","بني ملال","ديرالقصيبة","469","7312","USFP","فدوى وموسى","130405"
"بني ملال -خنيفرة","بني ملال","ديرالقصيبة","469","7321","USFP","اسماعيل خلو","58848"
"بني ملال -خنيفرة","بني ملال","ديرالقصيبة","469","7309","MP","زايد خشو","44346"
"بني ملال -خنيفرة","بني ملال","ديرالقصيبة","469","7302","MP","بناصر وعقى","58028"
"بني ملال -خنيفرة","بني ملال","زاوية الشيخ","1523","27350","PAM","رشيد بوفادن","16456"
"بني ملال -خنيفرة","بني ملال","زاوية الشيخ","1523","27350","PAM","حليمة  وعزوز ","16463"
"بني ملال -خنيفرة","بني ملال","زاوية الشيخ","1523","23826","PAM","حميد لنصاري","32613"
"بني ملال -خنيفرة","بني ملال","زاوية الشيخ","1523","23838","PAM","الزوهيري  شرقاوي","43336"
"بني ملال -خنيفرة","بني ملال","زاوية الشيخ","1523","23838","PAM","سناء صغير","43352"
"بني ملال -خنيفرة","بني ملال","زاوية الشيخ","1523","23833","PAM","رحال اسرير","16419"
"بني ملال -خنيفرة","بني ملال","زاوية الشيخ","1523","23836","PAM","مصطفى الشدالي","32492"
"بني ملال -خنيفرة","بني ملال","زاوية الشيخ","1523","23836","PAM","السعدية  عضوش ","32518"
"بني ملال -خنيفرة","بني ملال","زاوية الشيخ","1523","23827","PAM","يوسف حرير","93090"
"بني ملال -خنيفرة","بني ملال","زاوية الشيخ","1523","23831","PAM","عزيز وسام","16407"
"بني ملال -خنيفرة","بني ملال","زاوية الشيخ","1523","23828","PAM","عبد اللطيف وكرى","93124"
"بني ملال -خنيفرة","بني ملال","زاوية الشيخ","1523","23821","PAM","عبد العزيز نقرا","9757"
"بني ملال -خنيفرة","بني ملال","زاوية الشيخ","1523","23839","PAM","حسن اوعدو","9950"
"بني ملال -خنيفرة","بني ملال","زاوية الشيخ","1523","23832","PJD","احمد صابير","21555"
"بني ملال -خنيفرة","بني ملال","زاوية الشيخ","1523","23834","CNI","خالد  ولال","9762"
"بني ملال -خنيفرة","بني ملال","زاوية الشيخ","1523","23823","CNI","عبد الرحمن زهواني","9694"
"بني ملال -خنيفرة","بني ملال","زاوية الشيخ","1523","23829","CNI","علال ترباوي","16383"
"بني ملال -خنيفرة","بني ملال","زاوية الشيخ","1523","23824","CNI","حفيظ اشرح","9818"
"بني ملال -خنيفرة","بني ملال","زاوية الشيخ","1523","23820","CNI","محمد بطاش","9665"
"بني ملال -خنيفرة","بني ملال","زاوية الشيخ","1523","23837","CNI","العربي الصالحي","9934"
"بني ملال -خنيفرة","بني ملال","زاوية الشيخ","1523","23825","RNI","ابراهيم السملالي","27054"
"بني ملال -خنيفرة","بني ملال","زاوية الشيخ","1523","23818","RNI","هشام والدوش","43044"
"بني ملال -خنيفرة","بني ملال","زاوية الشيخ","1523","27351","RNI","علي والغلو","130544"
"بني ملال -خنيفرة","بني ملال","زاوية الشيخ","1523","23835","RNI","عزيز لخنيسي","93599"
"بني ملال -خنيفرة","بني ملال","زاوية الشيخ","1523","23835","RNI","حفيضة امرغاضن","93682"
"بني ملال -خنيفرة","بني ملال","زاوية الشيخ","1523","23819","PI","بناصر منتصير","6167"
"بني ملال -خنيفرة","بني ملال","زاوية الشيخ","1523","23822","PI","مصطفى جعفري","16501"
"بني ملال -خنيفرة","بني ملال","زاوية الشيخ","1523","23830","PI","خاليد كريما","25001"
"بني ملال -خنيفرة","بني ملال","زاوية الشيخ","1523","23817","USFP","احمد العناب","93022"
"بني ملال -خنيفرة","بني ملال","سمكت","1136","17974","PAM","محمد قنديل","18973"
"بني ملال -خنيفرة","بني ملال","سمكت","1136","17974","PAM","فاطمة الصبري","18998"
"بني ملال -خنيفرة","بني ملال","سمكت","1136","17975","PAM","موحى اورو","71423"
"بني ملال -خنيفرة","بني ملال","سمكت","1136","17975","PAM","ليلى بعزة","71603"
"بني ملال -خنيفرة","بني ملال","سمكت","1136","17978","PAM","قاسي وناصر","15086"
"بني ملال -خنيفرة","بني ملال","سمكت","1136","17978","PAM","السعدية بومهدي","15099"
"بني ملال -خنيفرة","بني ملال","سمكت","1136","17976","PAM","حميد بوعلي","33156"
"بني ملال -خنيفرة","بني ملال","سمكت","1136","17983","PAM","حسن اميرى","71075"
"بني ملال -خنيفرة","بني ملال","سمكت","1136","17980","PAM","موحى المساك","15052"
"بني ملال -خنيفرة","بني ملال","سمكت","1136","17977","PAM","ولعيد موجاني","87415"
"بني ملال -خنيفرة","بني ملال","سمكت","1136","17979","PI","حميد خفيقي","88290"
"بني ملال -خنيفرة","بني ملال","سمكت","1136","17981","PI","مصطفى اوخوية","54627"
"بني ملال -خنيفرة","بني ملال","سمكت","1136","17984","PI","نور الدين قسو","54609"
"بني ملال -خنيفرة","بني ملال","سمكت","1136","17982","PI","الحسين مجدوب","110672"
"بني ملال -خنيفرة","بني ملال","سمكت","1136","17986","USFP","احمد اديب","7088"
"بني ملال -خنيفرة","بني ملال","سمكت","1136","17985","PJD","عبدالرحمان القدوري","71161"
"بني ملال -خنيفرة","بني ملال","سمكت","1136","17985","PJD","نوال بوهلال","71202"
"بني ملال -خنيفرة","بني ملال","سيدي جابر","1240","19554","USFP","عبد الرحمان  فضول","78667"
"بني ملال -خنيفرة","بني ملال","سيدي جابر","1240","19568","USFP","احمد سبيت","22413"
"بني ملال -خنيفرة","بني ملال","سيدي جابر","1240","19565","USFP","المصطفى خيري","52829"
"بني ملال -خنيفرة","بني ملال","سيدي جابر","1240","19566","USFP","عبد اللطيف ضمار","22385"
"بني ملال -خنيفرة","بني ملال","سيدي جابر","1240","19551","USFP","حميد ناطيق","52303"
"بني ملال -خنيفرة","بني ملال","سيدي جابر","1240","19557","USFP","المصطفى بوحجرة","67211"
"بني ملال -خنيفرة","بني ملال","سيدي جابر","1240","19559","USFP","احمد الراضي","22168"
"بني ملال -خنيفرة","بني ملال","سيدي جابر","1240","19548","USFP","مصطفى العلواني","39032"
"بني ملال -خنيفرة","بني ملال","سيدي جابر","1240","19563","USFP","عبد الحق الناصري","22306"
"بني ملال -خنيفرة","بني ملال","سيدي جابر","1240","19563","USFP","نورة شنتوف","22312"
"بني ملال -خنيفرة","بني ملال","سيدي جابر","1240","19562","USFP","البشير ناجح","22262"
"بني ملال -خنيفرة","بني ملال","سيدي جابر","1240","19549","USFP","محمد الهرام","22063"
"بني ملال -خنيفرة","بني ملال","سيدي جابر","1240","19567","USFP","احمد حسناوي","22402"
"بني ملال -خنيفرة","بني ملال","سيدي جابر","1240","19552","USFP","عبد الله جرموني","39236"
"بني ملال -خنيفرة","بني ملال","سيدي جابر","1240","19556","PJD","الحسن هيهات","40360"
"بني ملال -خنيفرة","بني ملال","سيدي جابر","1240","19556","PJD","السعدية عطاوي","40385"
"بني ملال -خنيفرة","بني ملال","سيدي جابر","1240","19555","PJD","نورالدين عبيس","52641"
"بني ملال -خنيفرة","بني ملال","سيدي جابر","1240","19550","PJD","رشيد اليعقوبي","52189"
"بني ملال -خنيفرة","بني ملال","سيدي جابر","1240","19558","PJD","محمد حقيق","52703"
"بني ملال -خنيفرة","بني ملال","سيدي جابر","1240","19553","PJD","صالح اتري","39317"
"بني ملال -خنيفرة","بني ملال","سيدي جابر","1240","19564","MP","جواد اسبهة","39981"
"بني ملال -خنيفرة","بني ملال","سيدي جابر","1240","19547","MP","بوزكري اخداش","107741"
"بني ملال -خنيفرة","بني ملال","سيدي جابر","1240","19561","CNI","احمد العرفاوي","22211"
"بني ملال -خنيفرة","بني ملال","سيدي جابر","1240","19561","CNI","حفيظة احسيكو","22226"
"بني ملال -خنيفرة","بني ملال","سيدي جابر","1240","19560","CNI","محمد لخصيم","22183"
"بني ملال -خنيفرة","بني ملال","سيدي جابر","1240","19560","CNI","الكبيرة  لمريني ","22196"
"بني ملال -خنيفرة","بني ملال","سيدي جابر","1240","19546","PI","المصطفى عيشوش","64235"
"بني ملال -خنيفرة","بني ملال","فم أودي","553","8696","PJD","عبد العزيز نويشى","53639"
"بني ملال -خنيفرة","بني ملال","فم أودي","553","8696","PJD","حفيظة شهيب","53712"
"بني ملال -خنيفرة","بني ملال","فم أودي","553","8695","PJD","عبد الصدق الداودي","72201"
"بني ملال -خنيفرة","بني ملال","فم أودي","553","8695","PJD","ليلة  مكاوي ","72237"
"بني ملال -خنيفرة","بني ملال","فم أودي","553","8702","PJD","سعيد اوشكلي","53735"
"بني ملال -خنيفرة","بني ملال","فم أودي","553","8703","PJD","محمد اعليلة","72360"
"بني ملال -خنيفرة","بني ملال","فم أودي","553","8700","PJD","علي بن يشوا","40810"
"بني ملال -خنيفرة","بني ملال","فم أودي","553","8699","PJD","العيد اوعدي","112892"
"بني ملال -خنيفرة","بني ملال","فم أودي","553","8698","PI","محمد افران","40778"
"بني ملال -خنيفرة","بني ملال","فم أودي","553","8698","PI","ماحوسى باوسار","40788"
"بني ملال -خنيفرة","بني ملال","فم أودي","553","8701","PI","المصطفى ايت علي","40874"
"بني ملال -خنيفرة","بني ملال","فم أودي","553","8697","PI","عبد القادر تزري","72283"
"بني ملال -خنيفرة","بني ملال","فم أودي","553","25346","PAM","عمر بواحي","40926"
"بني ملال -خنيفرة","بني ملال","فم أودي","553","25346","PAM","سميرة وكريرش","40937"
"بني ملال -خنيفرة","بني ملال","فم أودي","553","25347","PAM","ميمون اشلائل","53978"
"بني ملال -خنيفرة","بني ملال","فم أودي","553","8705","CNI","  عزيز  فدجخ","72401"
"بني ملال -خنيفرة","بني ملال","فم أودي","553","8704","UC","حسن علوي","53778"
"بني ملال -خنيفرة","بني ملال","فم العنصر","550","27336","MP","موح رماندي","80008"
"بني ملال -خنيفرة","بني ملال","فم العنصر","550","8665","MP","محمد قاسم","79314"
"بني ملال -خنيفرة","بني ملال","فم العنصر","550","8667","MP","سعيد اوعدوش","121286"
"بني ملال -خنيفرة","بني ملال","فم العنصر","550","8658","MP","امبارك زمراك","120815"
"بني ملال -خنيفرة","بني ملال","فم العنصر","550","27345","MP","عبد العزيز املعيد","54546"
"بني ملال -خنيفرة","بني ملال","فم العنصر","550","8664","MP","عبد الرحمان ابن عاشر","54308"
"بني ملال -خنيفرة","بني ملال","فم العنصر","550","27342","MP","محمد بوعمر","80293"
"بني ملال -خنيفرة","بني ملال","فم العنصر","550","27338","MP","عبد القدر قاديري","121949"
"بني ملال -خنيفرة","بني ملال","فم العنصر","550","8663","PAM","مصطفى الغازي","123278"
"بني ملال -خنيفرة","بني ملال","فم العنصر","550","8663","PAM","سميرة ناصري","123319"
"بني ملال -خنيفرة","بني ملال","فم العنصر","550","27341","PAM","محمد المنصوري","122008"
"بني ملال -خنيفرة","بني ملال","فم العنصر","550","8669","PAM","الحسين املعيد","54392"
"بني ملال -خنيفرة","بني ملال","فم العنصر","550","27340","PAM","محمد امتشيمن","121970"
"بني ملال -خنيفرة","بني ملال","فم العنصر","550","8666","PJD","رشيد برشى ","54354"
"بني ملال -خنيفرة","بني ملال","فم العنصر","550","8659","PJD","عسو اشهيوض","78760"
"بني ملال -خنيفرة","بني ملال","فم العنصر","550","8661","PJD","اخلف مرضي","78858"
"بني ملال -خنيفرة","بني ملال","فم العنصر","550","27337","PJD","صالح الضاهر","80106"
"بني ملال -خنيفرة","بني ملال","فم العنصر","550","8660","PJD","خالد واشو","123029"
"بني ملال -خنيفرة","بني ملال","فم العنصر","550","8660","PJD","مليكة جباري","123078"
"بني ملال -خنيفرة","بني ملال","فم العنصر","550","8670","PPS","محماد  المفضل","54501"
"بني ملال -خنيفرة","بني ملال","فم العنصر","550","8668","PPS","المصطفى ثاري","121571"
"بني ملال -خنيفرة","بني ملال","فم العنصر","550","8668","PPS","بشرى السملالي","121647"
"بني ملال -خنيفرة","بني ملال","فم العنصر","550","27343","PPS","محمد منتصير","124212"
"بني ملال -خنيفرة","بني ملال","فم العنصر","550","27339","USFP","محمد امشوى","124046"
"بني ملال -خنيفرة","بني ملال","فم العنصر","550","8662","USFP","المصطفى فاتح","121085"
"بني ملال -خنيفرة","بني ملال","فم العنصر","550","27344","RNI","مولاي الرشيد امامي","124414"
"بني ملال -خنيفرة","بني ملال","فم العنصر","550","27344","RNI","لالة رقية امامي","124574"
"بني ملال -خنيفرة","بني ملال","قصبة تادلة","700","25064","PI","عبدالرحمان خيير","75351"
"بني ملال -خنيفرة","بني ملال","قصبة تادلة","700","25064","PI","زهرة معاد","76349"
"بني ملال -خنيفرة","بني ملال","قصبة تادلة","700","25064","PI","عبد الرحمان طومزين","75398"
"بني ملال -خنيفرة","بني ملال","قصبة تادلة","700","25064","PI","فاتحة الغاشي","76399"
"بني ملال -خنيفرة","بني ملال","قصبة تادلة","700","25064","PI","عبد الرحمان مبسوط","75438"
"بني ملال -خنيفرة","بني ملال","قصبة تادلة","700","25064","PI","عبد الكريم علام","75468"
"بني ملال -خنيفرة","بني ملال","قصبة تادلة","700","25064","PI","سعيد بوزيان","75500"
"بني ملال -خنيفرة","بني ملال","قصبة تادلة","700","25064","PI","بلكاسم بوهلال","75540"
"بني ملال -خنيفرة","بني ملال","قصبة تادلة","700","25064","PI","يوسف حجاجي","75594"
"بني ملال -خنيفرة","بني ملال","قصبة تادلة","700","25064","CNI","محمد جلال","130518"
"بني ملال -خنيفرة","بني ملال","قصبة تادلة","700","25064","CNI","نادية  اولخطيب ","131045"
"بني ملال -خنيفرة","بني ملال","قصبة تادلة","700","25064","CNI","محمد حطاطي","130531"
"بني ملال -خنيفرة","بني ملال","قصبة تادلة","700","25064","PADS","عبدالرحمان سرار","130548"
"بني ملال -خنيفرة","بني ملال","قصبة تادلة","700","25064","CNI","رشيد مشيش","130599"
"بني ملال -خنيفرة","بني ملال","قصبة تادلة","700","25064","PADS","مخطار ايت اعزيز","130661"
"بني ملال -خنيفرة","بني ملال","قصبة تادلة","700","25064","CNI","عبدالقادر لحلو","130680"
"بني ملال -خنيفرة","بني ملال","قصبة تادلة","700","25064","PJD","عبد الله موسى","21291"
"بني ملال -خنيفرة","بني ملال","قصبة تادلة","700","25064","PJD","ربحة راضي","21525"
"بني ملال -خنيفرة","بني ملال","قصبة تادلة","700","25064","PJD","عبد الرزاق منصوري","21345"
"بني ملال -خنيفرة","بني ملال","قصبة تادلة","700","25064","PJD","محمد العزيز","21387"
"بني ملال -خنيفرة","بني ملال","قصبة تادلة","700","25064","PJD","احمد الامالي","21441"
"بني ملال -خنيفرة","بني ملال","قصبة تادلة","700","25064","PAM","محمد النغمى","131587"
"بني ملال -خنيفرة","بني ملال","قصبة تادلة","700","25064","PAM","الزهرة ابولنوار","133989"
"بني ملال -خنيفرة","بني ملال","قصبة تادلة","700","25064","PAM","عبد المالك ازطوطي","133884"
"بني ملال -خنيفرة","بني ملال","قصبة تادلة","700","25064","PAM","عبد الرحمان النغمي","133893"
"بني ملال -خنيفرة","بني ملال","قصبة تادلة","700","25064","USFP","عبد الله كسوس","131140"
"بني ملال -خنيفرة","بني ملال","قصبة تادلة","700","25064","USFP","خديجة مهيل","131386"
"بني ملال -خنيفرة","بني ملال","قصبة تادلة","700","25064","USFP","المصطفى حتيم","131154"
"بني ملال -خنيفرة","بني ملال","قصبة تادلة","700","25064","USFP","الكبير وافي","131169"
"بني ملال -خنيفرة","بني ملال","كطاية","577","9098","PAM","مصطفى قيجي","38429"
"بني ملال -خنيفرة","بني ملال","كطاية","577","9098","PAM","نزهة الجمعوي","38462"
"بني ملال -خنيفرة","بني ملال","كطاية","577","9099","PAM","عبدالعزيز منصور","14946"
"بني ملال -خنيفرة","بني ملال","كطاية","577","9099","PAM","لبنى  منصور ","14953"
"بني ملال -خنيفرة","بني ملال","كطاية","577","9105","PAM","محمد خلوق","8259"
"بني ملال -خنيفرة","بني ملال","كطاية","577","9096","PAM","محمد حدوي","8114"
"بني ملال -خنيفرة","بني ملال","كطاية","577","9095","PAM","عزيز بلقايد","14959"
"بني ملال -خنيفرة","بني ملال","كطاية","577","9102","PAM","بوعزة افريد","8202"
"بني ملال -خنيفرة","بني ملال","كطاية","577","9097","PAM","مولود حيسو","54615"
"بني ملال -خنيفرة","بني ملال","كطاية","577","9100","PAM","عبد الكريم غزاوي","8169"
"بني ملال -خنيفرة","بني ملال","كطاية","577","9103","PI","عبداللطيف السموزي","70902"
"بني ملال -خنيفرة","بني ملال","كطاية","577","9103","PI","مليكة ايت محند","70977"
"بني ملال -خنيفرة","بني ملال","كطاية","577","9093","PI","عبد القادر صيلوحي","54583"
"بني ملال -خنيفرة","بني ملال","كطاية","577","9104","PI","نور الدين ربيحي","54670"
"بني ملال -خنيفرة","بني ملال","كطاية","577","9091","PI","عبد الهادي  الناصيري ","70794"
"بني ملال -خنيفرة","بني ملال","كطاية","577","9101","PI","عبد الرحيم جمط","54695"
"بني ملال -خنيفرة","بني ملال","كطاية","577","9094","USFP","مصطفى  الحارتي","38251"
"بني ملال -خنيفرة","بني ملال","كطاية","577","9094","USFP","ربيعة منصوري","38289"
"بني ملال -خنيفرة","بني ملال","كطاية","577","9092","USFP","موحى الحضري","70670"
"بني ملال -خنيفرة","بني ملال","ناوور","928","14696","MP","محماد وقري","76852"
"بني ملال -خنيفرة","بني ملال","ناوور","928","14696","MP","فاطمة ويخلف","76893"
"بني ملال -خنيفرة","بني ملال","ناوور","928","14702","MP","حوسى بعلي","77577"
"بني ملال -خنيفرة","بني ملال","ناوور","928","14702","MP","ربحة العالي","77619"
"بني ملال -خنيفرة","بني ملال","ناوور","928","14697","MP","سعيد امرابض","76951"
"بني ملال -خنيفرة","بني ملال","ناوور","928","14694","MP","الحسين اوزعيا","100414"
"بني ملال -خنيفرة","بني ملال","ناوور","928","14694","MP","اجميعة نحلي","100455"
"بني ملال -خنيفرة","بني ملال","ناوور","928","14701","MP","المحجوب  اوجيل ","77297"
"بني ملال -خنيفرة","بني ملال","ناوور","928","14701","MP","سعيدة ابني","77479"
"بني ملال -خنيفرة","بني ملال","ناوور","928","14700","MP","بناصر وعريبة","77103"
"بني ملال -خنيفرة","بني ملال","ناوور","928","14704","PAM","مصطفى وبن اعلي","77661"
"بني ملال -خنيفرة","بني ملال","ناوور","928","14695","PAM","موحى وكوجان","100189"
"بني ملال -خنيفرة","بني ملال","ناوور","928","14698","PAM","بناصر حوباين","59004"
"بني ملال -خنيفرة","بني ملال","ناوور","928","14703","PJD","ميمون وجورة","58911"
"بني ملال -خنيفرة","بني ملال","ناوور","928","14699","RNI","سعيد الحنصالي","77044"
"بني ملال -خنيفرة","خريبكة","أولاد بوغادي","991","15624","MP","كمال الشهيبي","25182"
"بني ملال -خنيفرة","خريبكة","أولاد بوغادي","991","15624","MP","عطية العسلاني","25210"
"بني ملال -خنيفرة","خريبكة","أولاد بوغادي","991","15623","MP","محمد اصخيري","863"
"بني ملال -خنيفرة","خريبكة","أولاد بوغادي","991","15635","MP","عبد الالاه قفيح","18717"
"بني ملال -خنيفرة","خريبكة","أولاد بوغادي","991","15635","MP","فاطمة قفيح","18798"
"بني ملال -خنيفرة","خريبكة","أولاد بوغادي","991","15633","MP","محمد لمليح","25146"
"بني ملال -خنيفرة","خريبكة","أولاد بوغادي","991","15629","MP","المختار خيدري","50557"
"بني ملال -خنيفرة","خريبكة","أولاد بوغادي","991","15626","MP","حسن الفرادي","113372"
"بني ملال -خنيفرة","خريبكة","أولاد بوغادي","991","15628","MP","سعيد قرطان","29038"
"بني ملال -خنيفرة","خريبكة","أولاد بوغادي","991","15628","MP","غزلان منعي","29074"
"بني ملال -خنيفرة","خريبكة","أولاد بوغادي","991","15632","MP","ادريس كعيد","67044"
"بني ملال -خنيفرة","خريبكة","أولاد بوغادي","991","15627","MP","محمد اجليل","4896"
"بني ملال -خنيفرة","خريبكة","أولاد بوغادي","991","15630","MP","محمد حراكة","18866"
"بني ملال -خنيفرة","خريبكة","أولاد بوغادي","991","15631","USFP","محمد شيهاب","13597"
"بني ملال -خنيفرة","خريبكة","أولاد بوغادي","991","15625","USFP","حسن مرسيت","81409"
"بني ملال -خنيفرة","خريبكة","أولاد بوغادي","991","15634","PJD","لبصير مازي","18645"
"بني ملال -خنيفرة","خريبكة","أولاد بوغادي","991","15634","PJD","سكينة بودومة","18671"
"بني ملال -خنيفرة","خريبكة","أولاد عبدون","975","15431","MP","المهدي عتمون","63954"
"بني ملال -خنيفرة","خريبكة","أولاد عبدون","975","15425","MP","رشيد  صموتي","8354"
"بني ملال -خنيفرة","خريبكة","أولاد عبدون","975","15425","MP","حياة كادي","8380"
"بني ملال -خنيفرة","خريبكة","أولاد عبدون","975","15422","MP","عبد الهادي سعاداني","12899"
"بني ملال -خنيفرة","خريبكة","أولاد عبدون","975","15426","MP","عبد الكريم مثمر","12820"
"بني ملال -خنيفرة","خريبكة","أولاد عبدون","975","15426","MP","فاطمة عثمون","12844"
"بني ملال -خنيفرة","خريبكة","أولاد عبدون","975","25819","MP","زيان خصبي","13087"
"بني ملال -خنيفرة","خريبكة","أولاد عبدون","975","25819","MP","الزهرة ريوش","13146"
"بني ملال -خنيفرة","خريبكة","أولاد عبدون","975","15424","MP","احمد شبة","3248"
"بني ملال -خنيفرة","خريبكة","أولاد عبدون","975","25818","MP","عبد الرحمان جبير","48912"
"بني ملال -خنيفرة","خريبكة","أولاد عبدون","975","15423","MP","محمد حرايشي","8197"
"بني ملال -خنيفرة","خريبكة","أولاد عبدون","975","15430","MP","محمد الحبحوب","8243"
"بني ملال -خنيفرة","خريبكة","أولاد عبدون","975","15429","MP","محمد شهادي","8264"
"بني ملال -خنيفرة","خريبكة","أولاد عبدون","975","15420","UC","ابراهيم الاماوي","17325"
"بني ملال -خنيفرة","خريبكة","أولاد عبدون","975","15428","UC","حسن حيزون","64034"
"بني ملال -خنيفرة","خريبكة","أولاد عبدون","975","15419","UC","الميلودي  عرسة ","23108"
"بني ملال -خنيفرة","خريبكة","أولاد عبدون","975","15427","RNI","ادريس حيزوني","3694"
"بني ملال -خنيفرة","خريبكة","أولاد عبدون","975","15427","RNI","حبيبة المنصوري","3708"
"بني ملال -خنيفرة","خريبكة","أولاد عبدون","975","15421","RNI","محمد مؤمين","3231"
"بني ملال -خنيفرة","خريبكة","أولاد عزوز","986","15560","MP","احمد بلكيز","53150"
"بني ملال -خنيفرة","خريبكة","أولاد عزوز","986","15567","MP","عزالدين افري","38871"
"بني ملال -خنيفرة","خريبكة","أولاد عزوز","986","15567","MP","انتصار افري","38952"
"بني ملال -خنيفرة","خريبكة","أولاد عزوز","986","15563","MP","حميد عبان","59974"
"بني ملال -خنيفرة","خريبكة","أولاد عزوز","986","15563","MP","سهام  بنعلي ","62626"
"بني ملال -خنيفرة","خريبكة","أولاد عزوز","986","15571","MP","حميد قبيش","52886"
"بني ملال -خنيفرة","خريبكة","أولاد عزوز","986","15565","PAM","العربي وصيري","12916"
"بني ملال -خنيفرة","خريبكة","أولاد عزوز","986","15565","PAM","مريم وصيري","13016"
"بني ملال -خنيفرة","خريبكة","أولاد عزوز","986","15562","PAM","علال خليل","24372"
"بني ملال -خنيفرة","خريبكة","أولاد عزوز","986","15564","PAM","محمد بستي","18053"
"بني ملال -خنيفرة","خريبكة","أولاد عزوز","986","15561","PAM","الكبير الطوري","39335"
"بني ملال -خنيفرة","خريبكة","أولاد عزوز","986","15569","PAM","المولودي العفاري","12797"
"بني ملال -خنيفرة","خريبكة","أولاد عزوز","986","15570","PAM","المولودي محزوم","53050"
"بني ملال -خنيفرة","خريبكة","أولاد عزوز","986","15566","PAM","عبد المجيد النقدي","24429"
"بني ملال -خنيفرة","خريبكة","أولاد عزوز","986","15568","RNI","حميد  خلاف ","39320"
"بني ملال -خنيفرة","خريبكة","أولاد عزوز","986","15568","RNI","فاطمة الزهراء خلاف","39358"
"بني ملال -خنيفرة","خريبكة","أولاد عزوز","986","15572","PI","بوشتى كلباوي","66170"
"بني ملال -خنيفرة","خريبكة","أولاد عيسى","978","15470","FFD","صالح الطنجي","70259"
"بني ملال -خنيفرة","خريبكة","أولاد عيسى","978","15469","FFD","صالح سمير","91280"
"بني ملال -خنيفرة","خريبكة","أولاد عيسى","978","15469","FFD","فاطنة الدردوري","91343"
"بني ملال -خنيفرة","خريبكة","أولاد عيسى","978","15471","FFD","المولودي شرود","52565"
"بني ملال -خنيفرة","خريبكة","أولاد عيسى","978","15471","FFD","عزيزة الوراق","52617"
"بني ملال -خنيفرة","خريبكة","أولاد عيسى","978","15472","FFD","حمو نجيمي","37618"
"بني ملال -خنيفرة","خريبكة","أولاد عيسى","978","15472","FFD","نزهة وديعي","37701"
"بني ملال -خنيفرة","خريبكة","أولاد عيسى","978","15474","FFD","محمد خمري","37786"
"بني ملال -خنيفرة","خريبكة","أولاد عيسى","978","15473","FFD","لبصير بنعيادة","91892"
"بني ملال -خنيفرة","خريبكة","أولاد عيسى","978","15468","FFD","محمد ريحان","37530"
"بني ملال -خنيفرة","خريبكة","أولاد عيسى","978","15467","PAM","محمد الزايدي","91160"
"بني ملال -خنيفرة","خريبكة","أولاد عيسى","978","15467","PAM","ايمان  الحنبل ","91206"
"بني ملال -خنيفرة","خريبكة","أولاد عيسى","978","15476","PAM","بوعزة الدهبي","91598"
"بني ملال -خنيفرة","خريبكة","أولاد عيسى","978","15475","USFP","سعيد عمار","7843"
"بني ملال -خنيفرة","خريبكة","أولاد عيسى","978","15466","USFP","محمد الناصري","52661"
"بني ملال -خنيفرة","خريبكة","أولاد فتاتة","1005","15797","MP","ادريس شافعي","66726"
"بني ملال -خنيفرة","خريبكة","أولاد فتاتة","1005","15797","MP","ناعمة شفاعي","66846"
"بني ملال -خنيفرة","خريبكة","أولاد فتاتة","1005","15798","MP","المهدي العرباوي","35573"
"بني ملال -خنيفرة","خريبكة","أولاد فتاتة","1005","15795","MP","حمو خلوقي","50087"
"بني ملال -خنيفرة","خريبكة","أولاد فتاتة","1005","15795","MP","مينة خلوقي","50193"
"بني ملال -خنيفرة","خريبكة","أولاد فتاتة","1005","15801","MP","عبدالله حجاوي","28934"
"بني ملال -خنيفرة","خريبكة","أولاد فتاتة","1005","15794","USFP","المصطفى المعطاوي","19132"
"بني ملال -خنيفرة","خريبكة","أولاد فتاتة","1005","15799","USFP","بوعزة بويدة","28956"
"بني ملال -خنيفرة","خريبكة","أولاد فتاتة","1005","15800","USFP","المكناسي بنمنصور","7469"
"بني ملال -خنيفرة","خريبكة","أولاد فتاتة","1005","15796","USFP","محمد بنزارو","66527"
"بني ملال -خنيفرة","خريبكة","أولاد فتاتة","1005","15793","PAM","بوشتى صافي","49794"
"بني ملال -خنيفرة","خريبكة","أولاد فتاتة","1005","15793","PAM","فتيحة صافي","49845"
"بني ملال -خنيفرة","خريبكة","أولاد فتاتة","1005","15803","PAM","نور الدين علاوي","19051"
"بني ملال -خنيفرة","خريبكة","أولاد فتاتة","1005","15802","PAM","بوشتى شيخ","81809"
"بني ملال -خنيفرة","خريبكة","أولاد فتاتة","1005","15802","PAM","ضحى رحالي","81903"
"بني ملال -خنيفرة","خريبكة","أولاد فنان","1003","15772","PAM","عبد السلام مدني","12660"
"بني ملال -خنيفرة","خريبكة","أولاد فنان","1003","15776","PAM","وصيل السعيد","18698"
"بني ملال -خنيفرة","خريبكة","أولاد فنان","1003","15768","PAM","احمد الزايدي","75250"
"بني ملال -خنيفرة","خريبكة","أولاد فنان","1003","15768","PAM","حياة الرياكي","75268"
"بني ملال -خنيفرة","خريبكة","أولاد فنان","1003","15775","PJD","المعطي حجراوي","29373"
"بني ملال -خنيفرة","خريبكة","أولاد فنان","1003","15777","PJD","احمد العلواني","52284"
"بني ملال -خنيفرة","خريبكة","أولاد فنان","1003","15771","PI","احمد العيادي","91681"
"بني ملال -خنيفرة","خريبكة","أولاد فنان","1003","15771","PI","الصالحة الهينوني","91782"
"بني ملال -خنيفرة","خريبكة","أولاد فنان","1003","15770","PI","المصطفى بوعزاوي","19065"
"بني ملال -خنيفرة","خريبكة","أولاد فنان","1003","15778","PI","الجيلالي  حرفاوي ","91853"
"بني ملال -خنيفرة","خريبكة","أولاد فنان","1003","15774","PI","عبد الغني قاسمي","7877"
"بني ملال -خنيفرة","خريبكة","أولاد فنان","1003","15773","PI","المعطي البصري","110889"
"بني ملال -خنيفرة","خريبكة","أولاد فنان","1003","15769","P Al Ahd Addimocrati","لاشهب عناوي","4538"
"بني ملال -خنيفرة","خريبكة","أولاد فنان","1003","15769","P Al Ahd Addimocrati","فاطنة العلواني","4548"
"بني ملال -خنيفرة","خريبكة","أولاد فنان","1003","15767","P Al Ahd Addimocrati","محمد بوصيدة","902"
"بني ملال -خنيفرة","خريبكة","أولاد فنان","1003","15779","MP","صالح بيرداحة","93299"
"بني ملال -خنيفرة","خريبكة","أولاد فنان","1003","15779","MP","ليلة ادريسي","91985"
"بني ملال -خنيفرة","خريبكة","أولاد كواوش","1006","15813","USFP","الحبيب شعطيط","12448"
"بني ملال -خنيفرة","خريبكة","أولاد كواوش","1006","15813","USFP","عزيزة شعطيط","12513"
"بني ملال -خنيفرة","خريبكة","أولاد كواوش","1006","15812","USFP","محمد الشكدالي","12224"
"بني ملال -خنيفرة","خريبكة","أولاد كواوش","1006","15812","USFP","حنان  العسري","12251"
"بني ملال -خنيفرة","خريبكة","أولاد كواوش","1006","15809","USFP","سعيد  جلال","19768"
"بني ملال -خنيفرة","خريبكة","أولاد كواوش","1006","15809","USFP","فتيحة جلال","19799"
"بني ملال -خنيفرة","خريبكة","أولاد كواوش","1006","15804","USFP","المصطفى المومني","12175"
"بني ملال -خنيفرة","خريبكة","أولاد كواوش","1006","15806","USFP","عبدالرزاق معروف","31080"
"بني ملال -خنيفرة","خريبكة","أولاد كواوش","1006","15805","USFP","المصطفى موفيد","19644"
"بني ملال -خنيفرة","خريبكة","أولاد كواوش","1006","15807","USFP","رشيد  خمريش ","12236"
"بني ملال -خنيفرة","خريبكة","أولاد كواوش","1006","15811","USFP","حامد البغزاوي","19627"
"بني ملال -خنيفرة","خريبكة","أولاد كواوش","1006","15814","USFP","شرف الدين  حديوي ","12375"
"بني ملال -خنيفرة","خريبكة","أولاد كواوش","1006","15808","USFP","جمال مجيدي","12167"
"بني ملال -خنيفرة","خريبكة","أولاد كواوش","1006","15810","MP","السائح عدناني","30896"
"بني ملال -خنيفرة","خريبكة","أولاد كواوش","1006","15810","MP","فاطنة  لعبيد ","30914"
"بني ملال -خنيفرة","خريبكة","أيت عمار","98","1466","UC","محمد ركني","51095"
"بني ملال -خنيفرة","خريبكة","أيت عمار","98","1466","UC","ا رقية فطوش","51187"
"بني ملال -خنيفرة","خريبكة","أيت عمار","98","1471","UC","ادريس بعاية","133476"
"بني ملال -خنيفرة","خريبكة","أيت عمار","98","1474","UC","محمد روخصي","35688"
"بني ملال -خنيفرة","خريبكة","أيت عمار","98","1464","UC","الحبيب درواش","65353"
"بني ملال -خنيفرة","خريبكة","أيت عمار","98","1464","UC","رشيدة دابي","65429"
"بني ملال -خنيفرة","خريبكة","أيت عمار","98","1473","UC","الملودي العابد العمراني ","29028"
"بني ملال -خنيفرة","خريبكة","أيت عمار","98","1472","UC","محمد شويكلى","35882"
"بني ملال -خنيفرة","خريبكة","أيت عمار","98","1465","UC","لحسن حسوني","65543"
"بني ملال -خنيفرة","خريبكة","أيت عمار","98","1468","PAM","مصطفى خالقي","67871"
"بني ملال -خنيفرة","خريبكة","أيت عمار","98","1468","PAM","السعدية خالقي  ","67824"
"بني ملال -خنيفرة","خريبكة","أيت عمار","98","1467","PAM","عبد القادر ادرويش","51184"
"بني ملال -خنيفرة","خريبكة","أيت عمار","98","1469","PAM","الطيبي عساوي","51299"
"بني ملال -خنيفرة","خريبكة","أيت عمار","98","1469","PAM","الميلودية  نشانة","51364"
"بني ملال -خنيفرة","خريبكة","أيت عمار","98","1470","MP","لكبير بيرزكيم","66968"
"بني ملال -خنيفرة","خريبكة","ابي الجعد","282","25125","PJD","محمد نوكة","7259"
"بني ملال -خنيفرة","خريبكة","ابي الجعد","282","25125","PJD","نورة الهشيمي","7740"
"بني ملال -خنيفرة","خريبكة","ابي الجعد","282","25125","PJD","الجيلالي كريت","7291"
"بني ملال -خنيفرة","خريبكة","ابي الجعد","282","25125","PJD","نوال جلال","7768"
"بني ملال -خنيفرة","خريبكة","ابي الجعد","282","25125","PJD","مولاي احفيظ زيان","7362"
"بني ملال -خنيفرة","خريبكة","ابي الجعد","282","25125","PJD","عزيز اكريت","7393"
"بني ملال -خنيفرة","خريبكة","ابي الجعد","282","25125","PJD","عزيز ايت الفناني","7654"
"بني ملال -خنيفرة","خريبكة","ابي الجعد","282","25125","PJD","احمد غزلي","7414"
"بني ملال -خنيفرة","خريبكة","ابي الجعد","282","25125","RNI","خليفة مجيدي","46350"
"بني ملال -خنيفرة","خريبكة","ابي الجعد","282","25125","RNI","فاطمة احريطة","47634"
"بني ملال -خنيفرة","خريبكة","ابي الجعد","282","25125","RNI","عبد الكبير بن حم","46406"
"بني ملال -خنيفرة","خريبكة","ابي الجعد","282","25125","RNI","محمد حمداني","46499"
"بني ملال -خنيفرة","خريبكة","ابي الجعد","282","25125","RNI","محمد رياضي","46533"
"بني ملال -خنيفرة","خريبكة","ابي الجعد","282","25125","RNI","المختار عدل","46574"
"بني ملال -خنيفرة","خريبكة","ابي الجعد","282","25125","MP","سعيد سرار","46231"
"بني ملال -خنيفرة","خريبكة","ابي الجعد","282","25125","MP","ناعيمة ابو المكاريم","49304"
"بني ملال -خنيفرة","خريبكة","ابي الجعد","282","25125","MP","البشير حيمر","46316"
"بني ملال -خنيفرة","خريبكة","ابي الجعد","282","25125","MP","محمد الفلاح","46433"
"بني ملال -خنيفرة","خريبكة","ابي الجعد","282","25125","MP","المصطفى جبور","46547"
"بني ملال -خنيفرة","خريبكة","ابي الجعد","282","25125","USFP","السعيد المسكيني","3834"
"بني ملال -خنيفرة","خريبكة","ابي الجعد","282","25125","USFP","عتيقة خلوقي","4274"
"بني ملال -خنيفرة","خريبكة","ابي الجعد","282","25125","USFP","محمد النوري","3868"
"بني ملال -خنيفرة","خريبكة","ابي الجعد","282","25125","PI","عمر لمخربش","19868"
"بني ملال -خنيفرة","خريبكة","ابي الجعد","282","25125","PI","امينة عابدي","19958"
"بني ملال -خنيفرة","خريبكة","ابي الجعد","282","25125","PI","هشام حنبلى","19902"
"بني ملال -خنيفرة","خريبكة","ابي الجعد","282","25125","PAM","المولودي عنالي","30141"
"بني ملال -خنيفرة","خريبكة","ابي الجعد","282","25125","PAM","نور الدين افضيل","30172"
"بني ملال -خنيفرة","خريبكة","ابي الجعد","282","25125","MDS","احمد السعيدي","70212"
"بني ملال -خنيفرة","خريبكة","ابي الجعد","282","25125","MDS","محمد خمريش","70282"
"بني ملال -خنيفرة","خريبكة","البراكسة","426","6594","UC","احمد شهيد","12884"
"بني ملال -خنيفرة","خريبكة","البراكسة","426","6594","UC","سميرة لمساعدي","12904"
"بني ملال -خنيفرة","خريبكة","البراكسة","426","6593","UC","صالح اربيعة","25459"
"بني ملال -خنيفرة","خريبكة","البراكسة","426","6593","UC","غزلان كبور","25468"
"بني ملال -خنيفرة","خريبكة","البراكسة","426","6592","UC","ادريس بوري","12854"
"بني ملال -خنيفرة","خريبكة","البراكسة","426","6592","UC","عزيزة مغلي","12871"
"بني ملال -خنيفرة","خريبكة","البراكسة","426","6598","UC","محمد حفيضي","12799"
"بني ملال -خنيفرة","خريبكة","البراكسة","426","6590","UC","عبد الاله هلالي","13085"
"بني ملال -خنيفرة","خريبكة","البراكسة","426","6589","UC","حميد الميموني","13012"
"بني ملال -خنيفرة","خريبكة","البراكسة","426","6588","UC","نورالدين الشليح","12766"
"بني ملال -خنيفرة","خريبكة","البراكسة","426","6591","UC","عبد العزيز الحمداوي","13165"
"بني ملال -خنيفرة","خريبكة","البراكسة","426","6597","UC","الحسن العمراوي","12969"
"بني ملال -خنيفرة","خريبكة","البراكسة","426","6595","MP","الجيلالي الخمليشي","92218"
"بني ملال -خنيفرة","خريبكة","البراكسة","426","6595","MP","الملودية العزابي","92244"
"بني ملال -خنيفرة","خريبكة","البراكسة","426","6596","PAM","محمد خشوني","133556"
"بني ملال -خنيفرة","خريبكة","الرواشد","1103","17315","USFP","عبد القادر  لخميس","59658"
"بني ملال -خنيفرة","خريبكة","الرواشد","1103","17318","USFP","محمد الدومي","71683"
"بني ملال -خنيفرة","خريبكة","الرواشد","1103","17317","USFP","المعطي قصطال","59835"
"بني ملال -خنيفرة","خريبكة","الرواشد","1103","17317","USFP","الكبيرة المجتهيد","59925"
"بني ملال -خنيفرة","خريبكة","الرواشد","1103","17316","USFP","لبصير لمهني","59455"
"بني ملال -خنيفرة","خريبكة","الرواشد","1103","17316","USFP","ليلا لخميس","59530"
"بني ملال -خنيفرة","خريبكة","الرواشد","1103","17312","USFP","الشرقي الشميطي","59573"
"بني ملال -خنيفرة","خريبكة","الرواشد","1103","17311","USFP","محمد ايت ابريك","59809"
"بني ملال -خنيفرة","خريبكة","الرواشد","1103","17319","MP","عبد السلام  الرويسي ","59571"
"بني ملال -خنيفرة","خريبكة","الرواشد","1103","17319","MP","سميرة الرويسي","59622"
"بني ملال -خنيفرة","خريبكة","الرواشد","1103","17310","MP","محمد افضيل","59531"
"بني ملال -خنيفرة","خريبكة","الرواشد","1103","17314","MP","حمادي راشيدي","59674"
"بني ملال -خنيفرة","خريبكة","الرواشد","1103","17314","MP","فاطمة الغبرة","59763"
"بني ملال -خنيفرة","خريبكة","الرواشد","1103","17309","MP","توفيق بومعزة","71994"
"بني ملال -خنيفرة","خريبكة","الرواشد","1103","17313","PI","محمد  الزاهي","7992"
"بني ملال -خنيفرة","خريبكة","الشكران","443","6868","USFP","السعيد عضومي","7699"
"بني ملال -خنيفرة","خريبكة","الشكران","443","6868","USFP","محجوبة  عضومي ","7759"
"بني ملال -خنيفرة","خريبكة","الشكران","443","6862","USFP","عبد الرحمان مزكوري","8034"
"بني ملال -خنيفرة","خريبكة","الشكران","443","6862","USFP","ازهور ادعيدع","9714"
"بني ملال -خنيفرة","خريبكة","الشكران","443","6866","USFP","السعيد فارس","59450"
"بني ملال -خنيفرة","خريبكة","الشكران","443","6865","USFP","الشرقي عطية","7876"
"بني ملال -خنيفرة","خريبكة","الشكران","443","6871","USFP","الهاشمي لعسيري","30818"
"بني ملال -خنيفرة","خريبكة","الشكران","443","6867","USFP","احمد اعبيدة","23545"
"بني ملال -خنيفرة","خريبكة","الشكران","443","6870","USFP","بوشتى جدوي","7846"
"بني ملال -خنيفرة","خريبكة","الشكران","443","6869","USFP","عبد الرحيم كريت","7820"
"بني ملال -خنيفرة","خريبكة","الشكران","443","6864","RNI","عبد السلام زين الدين","30837"
"بني ملال -خنيفرة","خريبكة","الشكران","443","6864","RNI","فتيحة لمعرق","30846"
"بني ملال -خنيفرة","خريبكة","الشكران","443","6863","MP","الصالح لهبل","72578"
"بني ملال -خنيفرة","خريبكة","الشكران","443","6863","MP","مجدة بن المكرود","72609"
"بني ملال -خنيفرة","خريبكة","الشكران","443","6861","PAM","محمد لعجل","71838"
"بني ملال -خنيفرة","خريبكة","الفقراء","491","7651","PPS","محمد صمودي","7587"
"بني ملال -خنيفرة","خريبكة","الفقراء","491","7651","PPS","اغزالة صمودي","7604"
"بني ملال -خنيفرة","خريبكة","الفقراء","491","7652","PPS","الميلودي عداوي","7546"
"بني ملال -خنيفرة","خريبكة","الفقراء","491","7652","PPS","بهيجة فائد","7561"
"بني ملال -خنيفرة","خريبكة","الفقراء","491","7655","PPS","ابراهيم معزوف","7790"
"بني ملال -خنيفرة","خريبكة","الفقراء","491","7658","PPS","محمد عرافي","9348"
"بني ملال -خنيفرة","خريبكة","الفقراء","491","7654","PPS","حميد حدواني","7809"
"بني ملال -خنيفرة","خريبكة","الفقراء","491","7653","MP","الشرقي سداسي","3516"
"بني ملال -خنيفرة","خريبكة","الفقراء","491","7656","MP","بوعزة برد","3664"
"بني ملال -خنيفرة","خريبكة","الفقراء","491","7661","MP","دريس حراش","12690"
"بني ملال -خنيفرة","خريبكة","الفقراء","491","7657","PI","المصطفى سلوم","23106"
"بني ملال -خنيفرة","خريبكة","الفقراء","491","7657","PI","الزهرة سلوم","23144"
"بني ملال -خنيفرة","خريبكة","الفقراء","491","7659","PI","محمد بورقبة","23097"
"بني ملال -خنيفرة","خريبكة","الفقراء","491","7659","PI","محجوبة اعلام","23123"
"بني ملال -خنيفرة","خريبكة","الفقراء","491","7660","PI","بنداود عبد لهنا","17366"
"بني ملال -خنيفرة","خريبكة","المعادنة","830","13094","MP","عبد العزيز لمعيزي","25603"
"بني ملال -خنيفرة","خريبكة","المعادنة","830","13094","MP","عين الناس  المحفوضي","25615"
"بني ملال -خنيفرة","خريبكة","المعادنة","830","13088","MP","عبد القادر  الهاشمي ","25283"
"بني ملال -خنيفرة","خريبكة","المعادنة","830","13090","MP","محمد سقراط","29365"
"بني ملال -خنيفرة","خريبكة","المعادنة","830","13090","MP","سميرة بقاش","29399"
"بني ملال -خنيفرة","خريبكة","المعادنة","830","13087","MP","احمد العالي","25457"
"بني ملال -خنيفرة","خريبكة","المعادنة","830","13092","MP","عبد المجيد لمباركي","18811"
"بني ملال -خنيفرة","خريبكة","المعادنة","830","13086","MP","محمد خليلي","25499"
"بني ملال -خنيفرة","خريبكة","المعادنة","830","13086","MP","فاطمة غيتي","25570"
"بني ملال -خنيفرة","خريبكة","المعادنة","830","13096","MP","محمد اشطيبي","25348"
"بني ملال -خنيفرة","خريبكة","المعادنة","830","13095","MP","قدور سقراط","25484"
"بني ملال -خنيفرة","خريبكة","المعادنة","830","13091","MP","محمد حدادي","25417"
"بني ملال -خنيفرة","خريبكة","المعادنة","830","13093","USFP","رشيد بنعازيزي","25516"
"بني ملال -خنيفرة","خريبكة","المعادنة","830","13093","USFP","نزهة  لعزيزي","25533"
"بني ملال -خنيفرة","خريبكة","المعادنة","830","13089","USFP","لبصير  مهداوي ","19000"
"بني ملال -خنيفرة","خريبكة","المفاسيس","812","12838","PAM","محمد قطبي","12819"
"بني ملال -خنيفرة","خريبكة","المفاسيس","812","12836","PAM","احمد دعراوي","17441"
"بني ملال -خنيفرة","خريبكة","المفاسيس","812","12837","PAM","نور الدين افقير","12840"
"بني ملال -خنيفرة","خريبكة","المفاسيس","812","12833","PAM","الصالح العلافي","12800"
"بني ملال -خنيفرة","خريبكة","المفاسيس","812","12835","PAM","المصطفى دهان","59846"
"بني ملال -خنيفرة","خريبكة","المفاسيس","812","12828","MP","محمد عبداد","12743"
"بني ملال -خنيفرة","خريبكة","المفاسيس","812","12828","MP","نزهة تجاوي","12767"
"بني ملال -خنيفرة","خريبكة","المفاسيس","812","12830","MP","عبد الاله غدير","13095"
"بني ملال -خنيفرة","خريبكة","المفاسيس","812","12830","MP","هند زهيد","13114"
"بني ملال -خنيفرة","خريبكة","المفاسيس","812","12834","MP","محمد سهامي","63478"
"بني ملال -خنيفرة","خريبكة","المفاسيس","812","12834","MP","صالحة الكراوي","63685"
"بني ملال -خنيفرة","خريبكة","المفاسيس","812","12832","PJD","خالد جمال","50122"
"بني ملال -خنيفرة","خريبكة","المفاسيس","812","12832","PJD","خدوج جمال","50230"
"بني ملال -خنيفرة","خريبكة","المفاسيس","812","12831","PJD","المصطفى دناعي","35710"
"بني ملال -خنيفرة","خريبكة","المفاسيس","812","12829","RNI","المولودي حمداشي","7647"
"بني ملال -خنيفرة","خريبكة","بئر مزوي","306","4735","PI","عبداللطيف ضعوفي","70108"
"بني ملال -خنيفرة","خريبكة","بئر مزوي","306","4735","PI","ابتسام البكري","70145"
"بني ملال -خنيفرة","خريبكة","بئر مزوي","306","4729","PI","محمد عمري","89097"
"بني ملال -خنيفرة","خريبكة","بئر مزوي","306","4729","PI","كوثر البوصبعي","89007"
"بني ملال -خنيفرة","خريبكة","بئر مزوي","306","4738","PI","ادريس وهجي","3638"
"بني ملال -خنيفرة","خريبكة","بئر مزوي","306","4733","PI","محمد وراق","70296"
"بني ملال -خنيفرة","خريبكة","بئر مزوي","306","4733","PI","سميرة دهمالي","70314"
"بني ملال -خنيفرة","خريبكة","بئر مزوي","306","4736","PI","حسن البكري","53022"
"بني ملال -خنيفرة","خريبكة","بئر مزوي","306","4728","PI","سعيد نجيلي","29577"
"بني ملال -خنيفرة","خريبكة","بئر مزوي","306","4734","PRE","محمد الواضيح","90424"
"بني ملال -خنيفرة","خريبكة","بئر مزوي","306","4734","PRE","نوال براني","90474"
"بني ملال -خنيفرة","خريبكة","بئر مزوي","306","4731","PRE","عبد اللطيف قباش","53189"
"بني ملال -خنيفرة","خريبكة","بئر مزوي","306","4737","MP","الشرقي المجبر","89337"
"بني ملال -خنيفرة","خريبكة","بئر مزوي","306","4732","MP","عبد الله مرينوي","53061"
"بني ملال -خنيفرة","خريبكة","بئر مزوي","306","4730","PPS","العبيد النعام","38245"
"بني ملال -خنيفرة","خريبكة","بني بتاو","325","5004","MP","محمد السعدي","12221"
"بني ملال -خنيفرة","خريبكة","بني بتاو","325","5004","MP","عتيقة السعدي","12326"
"بني ملال -خنيفرة","خريبكة","بني بتاو","325","5012","MP","محمد السبولي","73338"
"بني ملال -خنيفرة","خريبكة","بني بتاو","325","5013","MP","علي برجادي","19783"
"بني ملال -خنيفرة","خريبكة","بني بتاو","325","5003","MP","محمد  مستقيمي","19752"
"بني ملال -خنيفرة","خريبكة","بني بتاو","325","5011","MP","بوعبيد سالمي","69997"
"بني ملال -خنيفرة","خريبكة","بني بتاو","325","5009","USFP","علي هرامة","73266"
"بني ملال -خنيفرة","خريبكة","بني بتاو","325","5008","USFP","محمد موجان","19679"
"بني ملال -خنيفرة","خريبكة","بني بتاو","325","5008","USFP","ربيعة موجان","19729"
"بني ملال -خنيفرة","خريبكة","بني بتاو","325","5010","USFP","المصطفى الوهابي","19675"
"بني ملال -خنيفرة","خريبكة","بني بتاو","325","5010","USFP","فاطمة مراوي","19694"
"بني ملال -خنيفرة","خريبكة","بني بتاو","325","5007","USFP","محمد ازعيمي","70049"
"بني ملال -خنيفرة","خريبكة","بني بتاو","325","5005","USFP","مولود  رشدي","12207"
"بني ملال -خنيفرة","خريبكة","بني بتاو","325","5006","RNI","عبد الرحيم مراوي","12406"
"بني ملال -خنيفرة","خريبكة","بني بتاو","325","5006","RNI","نجية خاطب","12449"
"بني ملال -خنيفرة","خريبكة","بني زرنتل","374","5763","PAM","المعطي بقال","30828"
"بني ملال -خنيفرة","خريبكة","بني زرنتل","374","5763","PAM","وفاء  بقال","30843"
"بني ملال -خنيفرة","خريبكة","بني زرنتل","374","5764","PAM","محمد المخروط","112993"
"بني ملال -خنيفرة","خريبكة","بني زرنتل","374","5762","PAM","بوعزة  الفرساوي","31148"
"بني ملال -خنيفرة","خريبكة","بني زرنتل","374","5758","MP","حمادي الضاوي","117097"
"بني ملال -خنيفرة","خريبكة","بني زرنتل","374","5758","MP","ميمونة الضاوي","117211"
"بني ملال -خنيفرة","خريبكة","بني زرنتل","374","5761","MP","المعطي  العلام","116079"
"بني ملال -خنيفرة","خريبكة","بني زرنتل","374","5761","MP","لكبيرة لقمير","116286"
"بني ملال -خنيفرة","خريبكة","بني زرنتل","374","5760","MP","محمد عبد النباوي","113481"
"بني ملال -خنيفرة","خريبكة","بني زرنتل","374","5760","MP","فتيحة  الضاوي","113588"
"بني ملال -خنيفرة","خريبكة","بني زرنتل","374","5767","USFP","لحسن تامر","116855"
"بني ملال -خنيفرة","خريبكة","بني زرنتل","374","5765","USFP","محمد بودن","70871"
"بني ملال -خنيفرة","خريبكة","بني زرنتل","374","5768","USFP","المعطي زوهري","73026"
"بني ملال -خنيفرة","خريبكة","بني زرنتل","374","5766","RNI","المعطي ورضي","31183"
"بني ملال -خنيفرة","خريبكة","بني زرنتل","374","5759","SAP","الطيبي السعيد","98009"
"بني ملال -خنيفرة","خريبكة","بني سمير","367","5662","USFP","عبدالرحيم بن الشريفي","4509"
"بني ملال -خنيفرة","خريبكة","بني سمير","367","5662","USFP","امال صاديقي","4517"
"بني ملال -خنيفرة","خريبكة","بني سمير","367","5660","USFP","محمد العمراوي","4318"
"بني ملال -خنيفرة","خريبكة","بني سمير","367","5660","USFP","فتيحة الرصافي","4342"
"بني ملال -خنيفرة","خريبكة","بني سمير","367","5661","USFP","محمد ناظف ","4309"
"بني ملال -خنيفرة","خريبكة","بني سمير","367","5659","USFP","محمد فكراوي","4465"
"بني ملال -خنيفرة","خريبكة","بني سمير","367","5653","MP","صالح اسعيدي","7990"
"بني ملال -خنيفرة","خريبكة","بني سمير","367","5653","MP","سعاد الحيمر","8008"
"بني ملال -خنيفرة","خريبكة","بني سمير","367","5655","MP","عبد الاله عمراوي","7912"
"بني ملال -خنيفرة","خريبكة","بني سمير","367","5663","MP","الصالح اورنيش","13267"
"بني ملال -خنيفرة","خريبكة","بني سمير","367","5658","PAM","محمد دحماني","18770"
"بني ملال -خنيفرة","خريبكة","بني سمير","367","5658","PAM","سعاد شوقي","18805"
"بني ملال -خنيفرة","خريبكة","بني سمير","367","5654","PAM","احمد غراف","13236"
"بني ملال -خنيفرة","خريبكة","بني سمير","367","5657","RNI","الحسن العماري","18880"
"بني ملال -خنيفرة","خريبكة","بني سمير","367","5656","PSU","عبد الرحيم سعيدي","52254"
"بني ملال -خنيفرة","خريبكة","بني يخلف","372","5722","UC","الصحراوي بوطويل","2159"
"بني ملال -خنيفرة","خريبكة","بني يخلف","372","5732","UC","عبد المجيد دعماش","2199"
"بني ملال -خنيفرة","خريبكة","بني يخلف","372","5727","UC","محمد روضي","4140"
"بني ملال -خنيفرة","خريبكة","بني يخلف","372","5730","UC","الميلودي الصرصاري","13219"
"بني ملال -خنيفرة","خريبكة","بني يخلف","372","5730","UC","بشرى الصرصاري","13185"
"بني ملال -خنيفرة","خريبكة","بني يخلف","372","5731","UC","سعيد حدفاوي","8416"
"بني ملال -خنيفرة","خريبكة","بني يخلف","372","5733","UC","الميلودي الرائح","18012"
"بني ملال -خنيفرة","خريبكة","بني يخلف","372","5725","UC","محمد نظيف","48502"
"بني ملال -خنيفرة","خريبكة","بني يخلف","372","5724","UC","عبد المالك الدردي","8384"
"بني ملال -خنيفرة","خريبكة","بني يخلف","372","5724","UC","حسناء ضرعاوي","8404"
"بني ملال -خنيفرة","خريبكة","بني يخلف","372","5723","UC","صالح بلخاوى","38813"
"بني ملال -خنيفرة","خريبكة","بني يخلف","372","5728","UC","المختار بنواضح","8392"
"بني ملال -خنيفرة","خريبكة","بني يخلف","372","5726","UC","العربي سحيتي","8434"
"بني ملال -خنيفرة","خريبكة","بني يخلف","372","5729","PJD","صالح حفضي","8364"
"بني ملال -خنيفرة","خريبكة","بني يخلف","372","5729","PJD","نزهة  المشبوح ","8406"
"بني ملال -خنيفرة","خريبكة","بني يخلف","372","5734","PJD","محمد مفتوحي","51176"
"بني ملال -خنيفرة","خريبكة","بني يخلف","372","5734","PJD","نجوى بوطويل","51218"
"بني ملال -خنيفرة","خريبكة","بوجنيبة","400","6217","PPS","هشام جخال","1161"
"بني ملال -خنيفرة","خريبكة","بوجنيبة","400","6217","PPS","السعدية  بنان","1170"
"بني ملال -خنيفرة","خريبكة","بوجنيبة","400","6211","PPS","عبد الصماد خناني","1041"
"بني ملال -خنيفرة","خريبكة","بوجنيبة","400","6222","PPS","صالح المستقب","1092"
"بني ملال -خنيفرة","خريبكة","بوجنيبة","400","6219","PPS","حسن واصيا","1039"
"بني ملال -خنيفرة","خريبكة","بوجنيبة","400","25817","PPS","عبد الله لفقيه","1163"
"بني ملال -خنيفرة","خريبكة","بوجنيبة","400","6220","PPS","هشام وهاب","1055"
"بني ملال -خنيفرة","خريبكة","بوجنيبة","400","25816","PPS","صالح مكوري","1106"
"بني ملال -خنيفرة","خريبكة","بوجنيبة","400","6208","PPS","عمر حمدون","933"
"بني ملال -خنيفرة","خريبكة","بوجنيبة","400","25815","PPS","صالح مدقون","1081"
"بني ملال -خنيفرة","خريبكة","بوجنيبة","400","6210","PPS","رضوان نجيري","978"
"بني ملال -خنيفرة","خريبكة","بوجنيبة","400","25812","PPS","رشيد بن التابت","1130"
"بني ملال -خنيفرة","خريبكة","بوجنيبة","400","25811","PPS","الملودي دشراوي","1122"
"بني ملال -خنيفرة","خريبكة","بوجنيبة","400","6213","USFP","عبد الجواد اصلاحي","3099"
"بني ملال -خنيفرة","خريبكة","بوجنيبة","400","6213","USFP","مريم  الهجري","3109"
"بني ملال -خنيفرة","خريبكة","بوجنيبة","400","6218","USFP","المعطي هيلام","22806"
"بني ملال -خنيفرة","خريبكة","بوجنيبة","400","6218","USFP","السعدية صابح","22833"
"بني ملال -خنيفرة","خريبكة","بوجنيبة","400","6216","USFP","المصطفى اشرايكي","3150"
"بني ملال -خنيفرة","خريبكة","بوجنيبة","400","6215","USFP","خليل الهجري","3175"
"بني ملال -خنيفرة","خريبكة","بوجنيبة","400","6212","USFP","الصديق الهجري","10234"
"بني ملال -خنيفرة","خريبكة","بوجنيبة","400","6221","PAM","الشرقي يزيري","77191"
"بني ملال -خنيفرة","خريبكة","بوجنيبة","400","6209","PAM","محمد سليل","38389"
"بني ملال -خنيفرة","خريبكة","بوجنيبة","400","25814","PJD","سعيد بشراوي","78368"
"بني ملال -خنيفرة","خريبكة","بوجنيبة","400","25814","PJD","بوشرى سكوتي","78326"
"بني ملال -خنيفرة","خريبكة","بوجنيبة","400","25813","PI","عبد الموطلب بوقلبة","10156"
"بني ملال -خنيفرة","خريبكة","بوجنيبة","400","25810","PI","عبد المجيد بوقلبة","15337"
"بني ملال -خنيفرة","خريبكة","بوجنيبة","400","6214","RNI","طارق مشة","77474"
"بني ملال -خنيفرة","خريبكة","بوخريص","402","6254","MP","عبد الواحد قاصد","71409"
"بني ملال -خنيفرة","خريبكة","بوخريص","402","6254","MP","نجية  علو","71500"
"بني ملال -خنيفرة","خريبكة","بوخريص","402","6252","MP","بوزكري ادريوش","71733"
"بني ملال -خنيفرة","خريبكة","بوخريص","402","6252","MP","حفيظة ادريوش","71799"
"بني ملال -خنيفرة","خريبكة","بوخريص","402","6256","MP","احمد  موكان ","71082"
"بني ملال -خنيفرة","خريبكة","بوخريص","402","6250","MP","المصطفى حميوي","71307"
"بني ملال -خنيفرة","خريبكة","بوخريص","402","6251","MP","محمد العم","71634"
"بني ملال -خنيفرة","خريبكة","بوخريص","402","6253","MP","محمد الدائز","70974"
"بني ملال -خنيفرة","خريبكة","بوخريص","402","6253","MP","امينة خوي","71024"
"بني ملال -خنيفرة","خريبكة","بوخريص","402","6255","MP","محمد فائز","113220"
"بني ملال -خنيفرة","خريبكة","بوخريص","402","6255","MP","عائشة موهوب","113361"
"بني ملال -خنيفرة","خريبكة","بوخريص","402","6249","MP","الغزواني حجوب","30937"
"بني ملال -خنيفرة","خريبكة","بوخريص","402","6246","MP","محمد جبور","73099"
"بني ملال -خنيفرة","خريبكة","بوخريص","402","6247","MP","عبد الرزاق عصام","107493"
"بني ملال -خنيفرة","خريبكة","بوخريص","402","6248","RNI","احمد عصام","12372"
"بني ملال -خنيفرة","خريبكة","بولنوار","404","27477","PI","محمد حنين","89952"
"بني ملال -خنيفرة","خريبكة","بولنوار","404","27483","PI","عثمان الناسي","18971"
"بني ملال -خنيفرة","خريبكة","بولنوار","404","27481","PI","محمد الكوبي","71396"
"بني ملال -خنيفرة","خريبكة","بولنوار","404","27482","PI","صالح اللحقي","18759"
"بني ملال -خنيفرة","خريبكة","بولنوار","404","6271","PI","عبد العزيز مخفي","90587"
"بني ملال -خنيفرة","خريبكة","بولنوار","404","27476","PI","الحبيب ناضج","89704"
"بني ملال -خنيفرة","خريبكة","بولنوار","404","27480","PI","محمد نزاه","52211"
"بني ملال -خنيفرة","خريبكة","بولنوار","404","6279","PI","العرابي  جروجي ","89215"
"بني ملال -خنيفرة","خريبكة","بولنوار","404","6281","PI","المخطار وافي","89385"
"بني ملال -خنيفرة","خريبكة","بولنوار","404","6282","PJD","رشيد مشات","89445"
"بني ملال -خنيفرة","خريبكة","بولنوار","404","6282","PJD","حنان نافع","89472"
"بني ملال -خنيفرة","خريبكة","بولنوار","404","6270","PJD","ربيع دكاك","13117"
"بني ملال -خنيفرة","خريبكة","بولنوار","404","6272","PJD","عبد  الغني ترايبي","52938"
"بني ملال -خنيفرة","خريبكة","بولنوار","404","6272","PJD","عائشة اعويدات","52975"
"بني ملال -خنيفرة","خريبكة","بولنوار","404","6275","PJD","سعيد طكية","12737"
"بني ملال -خنيفرة","خريبكة","بولنوار","404","6276","PJD","احمد  سماك","17079"
"بني ملال -خنيفرة","خريبكة","بولنوار","404","6277","PJD","مامون نجاح","52666"
"بني ملال -خنيفرة","خريبكة","بولنوار","404","27479","MP","محمد جليد","29591"
"بني ملال -خنيفرة","خريبكة","بولنوار","404","27479","MP","صوفية جليد","29633"
"بني ملال -خنيفرة","خريبكة","بولنوار","404","6280","MP","حسن القاري","71664"
"بني ملال -خنيفرة","خريبكة","بولنوار","404","6273","RNI","رشيد سلكاوي","71068"
"بني ملال -خنيفرة","خريبكة","بولنوار","404","6273","RNI","عواطف المصلي","71103"
"بني ملال -خنيفرة","خريبكة","بولنوار","404","6269","RNI","المصطفى سجري","24393"
"بني ملال -خنيفرة","خريبكة","بولنوار","404","6274","RNI","محمد اليزالي","24458"
"بني ملال -خنيفرة","خريبكة","بولنوار","404","6278","UC","المعطي مخاص","12785"
"بني ملال -خنيفرة","خريبكة","بولنوار","404","27478","USFP","عبد الهادي لطرش","52331"
"بني ملال -خنيفرة","خريبكة","بولنوار","404","6268","USFP","حمزة نور","89492"
"بني ملال -خنيفرة","خريبكة","تشرافت","1311","20771","RNI","عبدالكبير العسولي","59515"
"بني ملال -خنيفرة","خريبكة","تشرافت","1311","20771","RNI","حفيظة السعيدي","59553"
"بني ملال -خنيفرة","خريبكة","تشرافت","1311","20768","RNI","لعبيد شملال","70979"
"بني ملال -خنيفرة","خريبكة","تشرافت","1311","20768","RNI","فاطمة صبحي","71052"
"بني ملال -خنيفرة","خريبكة","تشرافت","1311","20767","RNI","الشرقي  السعيدي","59630"
"بني ملال -خنيفرة","خريبكة","تشرافت","1311","20773","RNI","نبيل  الكطابي","30819"
"بني ملال -خنيفرة","خريبكة","تشرافت","1311","20775","RNI","صالح لعروصي","30884"
"بني ملال -خنيفرة","خريبكة","تشرافت","1311","20766","RNI","الصالح صبحي","30910"
"بني ملال -خنيفرة","خريبكة","تشرافت","1311","20774","PI","المصطفى  حليمي","59594"
"بني ملال -خنيفرة","خريبكة","تشرافت","1311","20769","PI","عبد الرحمان فتحي","23641"
"بني ملال -خنيفرة","خريبكة","تشرافت","1311","20770","PI","عبد المجيد حمزاوي","23895"
"بني ملال -خنيفرة","خريبكة","تشرافت","1311","20770","PI","فاطمة حليمي ","23934"
"بني ملال -خنيفرة","خريبكة","تشرافت","1311","20772","UC","السعيد مكريني","23733"
"بني ملال -خنيفرة","خريبكة","تشرافت","1311","20765","USFP","فؤاد الزيكوري","114476"
"بني ملال -خنيفرة","خريبكة","تشرافت","1311","20765","USFP","فتيحة بوغلام","114960"
"بني ملال -خنيفرة","خريبكة","حطان","594","9372","MP","المحجوب العلافي","117014"
"بني ملال -خنيفرة","خريبكة","حطان","594","9372","MP","نورة العلافي","117218"
"بني ملال -خنيفرة","خريبكة","حطان","594","9366","MP","ادريس العمري","873"
"بني ملال -خنيفرة","خريبكة","حطان","594","9370","MP","عبد الاله العلافي","953"
"بني ملال -خنيفرة","خريبكة","حطان","594","9368","MP","عبدالرحيم العلافي","906"
"بني ملال -خنيفرة","خريبكة","حطان","594","9369","MP","محمد شكراوي","931"
"بني ملال -خنيفرة","خريبكة","حطان","594","9371","PI","المصطفى سرار","8223"
"بني ملال -خنيفرة","خريبكة","حطان","594","9371","PI","حبيبة رماحي","8241"
"بني ملال -خنيفرة","خريبكة","حطان","594","9364","PI","محمد الشيخ","75312"
"بني ملال -خنيفرة","خريبكة","حطان","594","9364","PI","صارة البدوي","75331"
"بني ملال -خنيفرة","خريبكة","حطان","594","9365","PJD","المصطفى مردمى","38557"
"بني ملال -خنيفرة","خريبكة","حطان","594","9373","PAM","محمد حميد","8265"
"بني ملال -خنيفرة","خريبكة","حطان","594","9367","UC","حسن كروش","87434"
"بني ملال -خنيفرة","خريبكة","حطان","594","9374","UC","حميد الحاجي","87622"
"بني ملال -خنيفرة","خريبكة","حطان","594","9363","UC","صالح الجوادي","52013"
"بني ملال -خنيفرة","خريبكة","حطان","594","9363","UC","بهيجة زرواطي","52058"
"بني ملال -خنيفرة","خريبكة","حطان","594","9362","PPS","عبد الغني نبوتي","13244"
"بني ملال -خنيفرة","خريبكة","خريبكة","719","25123","PJD","الشرقي الغلمي","3719"
"بني ملال -خنيفرة","خريبكة","خريبكة","719","25123","PJD","ليلى جريد","4499"
"بني ملال -خنيفرة","خريبكة","خريبكة","719","25123","PJD","محمد عفيف","3815"
"بني ملال -خنيفرة","خريبكة","خريبكة","719","25123","PJD","جميلة سعد الله","4522"
"بني ملال -خنيفرة","خريبكة","خريبكة","719","25123","PJD","ربيعة طنينشي","3886"
"بني ملال -خنيفرة","خريبكة","خريبكة","719","25123","PJD","محمد  حامي الدين ","3989"
"بني ملال -خنيفرة","خريبكة","خريبكة","719","25123","PJD","بوشتى درمي","4059"
"بني ملال -خنيفرة","خريبكة","خريبكة","719","25123","PJD","عبد العزيز اخوادري","4110"
"بني ملال -خنيفرة","خريبكة","خريبكة","719","25123","PJD","ايجة بومزيل","4154"
"بني ملال -خنيفرة","خريبكة","خريبكة","719","25123","PJD","محمد قاسمي","4206"
"بني ملال -خنيفرة","خريبكة","خريبكة","719","25123","PJD","صالح لكحل","4272"
"بني ملال -خنيفرة","خريبكة","خريبكة","719","25123","PJD","محمد موجي","4394"
"بني ملال -خنيفرة","خريبكة","خريبكة","719","25123","PJD","فوزي محمد الشرادي","4561"
"بني ملال -خنيفرة","خريبكة","خريبكة","719","25123","PJD","بوعبيد كبوري ","4424"
"بني ملال -خنيفرة","خريبكة","خريبكة","719","25123","PJD","حسن بلوقات","4462"
"بني ملال -خنيفرة","خريبكة","خريبكة","719","25123","PJD","عمر  قيلاني","4496"
"بني ملال -خنيفرة","خريبكة","خريبكة","719","25123","PJD","عزيز بياضة","4521"
"بني ملال -خنيفرة","خريبكة","خريبكة","719","25123","PJD","الحسن هواري","4494"
"بني ملال -خنيفرة","خريبكة","خريبكة","719","25123","RNI","حميد العرشي","11135"
"بني ملال -خنيفرة","خريبكة","خريبكة","719","25123","RNI","حنان غزيل","11259"
"بني ملال -خنيفرة","خريبكة","خريبكة","719","25123","RNI","نور الدين العرشي","11179"
"بني ملال -خنيفرة","خريبكة","خريبكة","719","25123","RNI","حليمة الحلوي","11309"
"بني ملال -خنيفرة","خريبكة","خريبكة","719","25123","RNI","ابراهيم المديني","11231"
"بني ملال -خنيفرة","خريبكة","خريبكة","719","25123","RNI","ابراهيم النوة","11276"
"بني ملال -خنيفرة","خريبكة","خريبكة","719","25123","RNI","محمد                           العرشي","11300"
"بني ملال -خنيفرة","خريبكة","خريبكة","719","25123","RNI","سعيد العرشي","11334"
"بني ملال -خنيفرة","خريبكة","خريبكة","719","25123","RNI","عمر كركور","11372"
"بني ملال -خنيفرة","خريبكة","خريبكة","719","25123","RNI","منير الامني","11418"
"بني ملال -خنيفرة","خريبكة","خريبكة","719","25123","RNI","محمد الناصري","11487"
"بني ملال -خنيفرة","خريبكة","خريبكة","719","25123","UC","محمد زكراني","5211"
"بني ملال -خنيفرة","خريبكة","خريبكة","719","25123","UC","ازهور  حمداوي","5618"
"بني ملال -خنيفرة","خريبكة","خريبكة","719","25123","UC","عبد الكريم فسيني","5227"
"بني ملال -خنيفرة","خريبكة","خريبكة","719","25123","UC","محمد بيطار","5265"
"بني ملال -خنيفرة","خريبكة","خريبكة","719","25123","UC","احمد خوادري","5285"
"بني ملال -خنيفرة","خريبكة","خريبكة","719","25123","UC","بوعبيد عرسة","5311"
"بني ملال -خنيفرة","خريبكة","خريبكة","719","25123","UC","الحاج زكراني","5331"
"بني ملال -خنيفرة","خريبكة","خريبكة","719","25123","UC","عبد الاله شهابي","5349"
"بني ملال -خنيفرة","خريبكة","خريبكة","719","25123","UC","سعيد عنطرة","5374"
"بني ملال -خنيفرة","خريبكة","خريبكة","719","25123","MP","عرفات عثمون","6181"
"بني ملال -خنيفرة","خريبكة","خريبكة","719","25123","MP","حبيبة واتير","6296"
"بني ملال -خنيفرة","خريبكة","خريبكة","719","25123","MP","طارق الزاودي","6186"
"بني ملال -خنيفرة","خريبكة","خريبكة","719","25123","MP","محمد امغار","6197"
"بني ملال -خنيفرة","خريبكة","خريبكة","719","25123","MP","عبد الحق الفريندي","6225"
"بني ملال -خنيفرة","خريبكة","عين قيشر","73","1117","MP","المصطفى المشوري","23561"
"بني ملال -خنيفرة","خريبكة","عين قيشر","73","1117","MP","نوال حسناوي","23632"
"بني ملال -خنيفرة","خريبكة","عين قيشر","73","1107","MP","نور الدين حواص","31092"
"بني ملال -خنيفرة","خريبكة","عين قيشر","73","1107","MP","نادية حواص","31124"
"بني ملال -خنيفرة","خريبكة","عين قيشر","73","1113","MP","حفيظ منظور","23947"
"بني ملال -خنيفرة","خريبكة","عين قيشر","73","1111","MP","الحبيب نوكة","23887"
"بني ملال -خنيفرة","خريبكة","عين قيشر","73","1110","MP","الحاج شاهي","24026"
"بني ملال -خنيفرة","خريبكة","عين قيشر","73","1109","MP","الحسين سكتاني","31038"
"بني ملال -خنيفرة","خريبكة","عين قيشر","73","1116","USFP","عزالدين  لمنور","31018"
"بني ملال -خنيفرة","خريبكة","عين قيشر","73","1116","USFP","فتيحة لمنور","31056"
"بني ملال -خنيفرة","خريبكة","عين قيشر","73","1114","USFP","حسن المكاوي","16434"
"بني ملال -خنيفرة","خريبكة","عين قيشر","73","1115","USFP","محمد غنمي","16479"
"بني ملال -خنيفرة","خريبكة","عين قيشر","73","1108","PI","المختار مرتبط","7477"
"بني ملال -خنيفرة","خريبكة","عين قيشر","73","1108","PI","مليكة بعيز","7524"
"بني ملال -خنيفرة","خريبكة","عين قيشر","73","1112","RNI","محمد مباركي","59316"
"بني ملال -خنيفرة","خريبكة","قصبة الطرش","703","10987","MP","محمد  قاسمي","73239"
"بني ملال -خنيفرة","خريبكة","قصبة الطرش","703","10987","MP","خدوج مناوي","73257"
"بني ملال -خنيفرة","خريبكة","قصبة الطرش","703","10980","MP","احمد جلال  بدر ","71944"
"بني ملال -خنيفرة","خريبكة","قصبة الطرش","703","10980","MP","لطيفة بدر","71985"
"بني ملال -خنيفرة","خريبكة","قصبة الطرش","703","10983","MP","احمد نباش","52589"
"بني ملال -خنيفرة","خريبكة","قصبة الطرش","703","10983","MP","بشرى بنباش","52635"
"بني ملال -خنيفرة","خريبكة","قصبة الطرش","703","10985","MP","العربي بوعلي","92239"
"بني ملال -خنيفرة","خريبكة","قصبة الطرش","703","10979","MP","حميد ازهاري","71883"
"بني ملال -خنيفرة","خريبكة","قصبة الطرش","703","10978","MP","الحبيب بنشراقة","71827"
"بني ملال -خنيفرة","خريبكة","قصبة الطرش","703","10989","MP","المصطفى التومي","72595"
"بني ملال -خنيفرة","خريبكة","قصبة الطرش","703","10981","MP","محمد منصوري","72064"
"بني ملال -خنيفرة","خريبكة","قصبة الطرش","703","10977","MP","ادريس نعيمي","52885"
"بني ملال -خنيفرة","خريبكة","قصبة الطرش","703","10986","USFP","عبد العزيز شعطيطي","52487"
"بني ملال -خنيفرة","خريبكة","قصبة الطرش","703","10988","USFP","صالح لفقيهي","19286"
"بني ملال -خنيفرة","خريبكة","قصبة الطرش","703","10984","PI","عبد الرحيم العرابي","29390"
"بني ملال -خنيفرة","خريبكة","قصبة الطرش","703","10984","PI","فاطمة اعنيبة","29414"
"بني ملال -خنيفرة","خريبكة","قصبة الطرش","703","10982","CNI","علي الدويمي","38094"
"بني ملال -خنيفرة","خريبكة","لكفاف","752","11829","UC","المصطفى الرهاني","13435"
"بني ملال -خنيفرة","خريبكة","لكفاف","752","11829","UC","فتيحة  الفكاكي ","13482"
"بني ملال -خنيفرة","خريبكة","لكفاف","752","11826","UC","سعيد عروب","50458"
"بني ملال -خنيفرة","خريبكة","لكفاف","752","11837","UC","حميد بنان","4052"
"بني ملال -خنيفرة","خريبكة","لكفاف","752","11828","UC","حسن تونسعدي","51053"
"بني ملال -خنيفرة","خريبكة","لكفاف","752","11835","UC","محمد العدلاوي","4080"
"بني ملال -خنيفرة","خريبكة","لكفاف","752","11836","UC","الجيلالي بطاش","13159"
"بني ملال -خنيفرة","خريبكة","لكفاف","752","11838","UC","عبد الواحد سري","9304"
"بني ملال -خنيفرة","خريبكة","لكفاف","752","11827","UC","المصطفى هجيم","13387"
"بني ملال -خنيفرة","خريبكة","لكفاف","752","11832","PPS","عبد الاله بنحدو","2301"
"بني ملال -خنيفرة","خريبكة","لكفاف","752","11832","PPS","مباركة شندار","2312"
"بني ملال -خنيفرة","خريبكة","لكفاف","752","11830","PPS","الحبيب بوقلبة","8192"
"بني ملال -خنيفرة","خريبكة","لكفاف","752","11830","PPS","اهنية تبوت","8225"
"بني ملال -خنيفرة","خريبكة","لكفاف","752","11833","PI","عمر الكركاطي","38850"
"بني ملال -خنيفرة","خريبكة","لكفاف","752","11833","PI","فاطمة فشقول","38960"
"بني ملال -خنيفرة","خريبكة","لكفاف","752","11834","PI","محمد خناني","13059"
"بني ملال -خنيفرة","خريبكة","لكفاف","752","11831","PJD","محمد الفتواني","39509"
"بني ملال -خنيفرة","خريبكة","لكناديز","759","11968","RNI","عبد الهادي فائز","13572"
"بني ملال -خنيفرة","خريبكة","لكناديز","759","11968","RNI","فاطمة الحلاني","17562"
"بني ملال -خنيفرة","خريبكة","لكناديز","759","11961","RNI","المصطفى راجي","13560"
"بني ملال -خنيفرة","خريبكة","لكناديز","759","11961","RNI","الميلودية جعبوب","13593"
"بني ملال -خنيفرة","خريبكة","لكناديز","759","11960","RNI","عبد السلام حضري","13642"
"بني ملال -خنيفرة","خريبكة","لكناديز","759","11959","RNI","علي يعقوبي","19203"
"بني ملال -خنيفرة","خريبكة","لكناديز","759","11959","RNI","فاطمة الزياني","19278"
"بني ملال -خنيفرة","خريبكة","لكناديز","759","11964","RNI","المصطفى الحلاني","28851"
"بني ملال -خنيفرة","خريبكة","لكناديز","759","11967","RNI","محمد حرمي","25039"
"بني ملال -خنيفرة","خريبكة","لكناديز","759","11969","RNI","الراضي مقدمي","7793"
"بني ملال -خنيفرة","خريبكة","لكناديز","759","11963","MP","العربي العزوزي","107136"
"بني ملال -خنيفرة","خريبكة","لكناديز","759","11963","MP","حياة العزوزي ","107155"
"بني ملال -خنيفرة","خريبكة","لكناديز","759","11966","MP","احمد خيرات","13577"
"بني ملال -خنيفرة","خريبكة","لكناديز","759","11965","MP","بوعزة لمرامي","107325"
"بني ملال -خنيفرة","خريبكة","لكناديز","759","11962","MP","محمد توهامي ","107277"
"بني ملال -خنيفرة","خريبكة","وادي زم","961","25124","PJD","اخليفة الصيري","10774"
"بني ملال -خنيفرة","خريبكة","وادي زم","961","25124","PJD","فاطمة الفضلي","10998"
"بني ملال -خنيفرة","خريبكة","وادي زم","961","25124","PJD","العربي مطاهر","10802"
"بني ملال -خنيفرة","خريبكة","وادي زم","961","25124","PJD","امان حشادي","10970"
"بني ملال -خنيفرة","خريبكة","وادي زم","961","25124","PJD","بوعزة العيادي","10832"
"بني ملال -خنيفرة","خريبكة","وادي زم","961","25124","PJD","ليلى حاضر","10999"
"بني ملال -خنيفرة","خريبكة","وادي زم","961","25124","PJD","محمد واهلي","10874"
"بني ملال -خنيفرة","خريبكة","وادي زم","961","25124","PJD","حسن خشابي","10886"
"بني ملال -خنيفرة","خريبكة","وادي زم","961","25124","PJD","خدوج لعفر","10908"
"بني ملال -خنيفرة","خريبكة","وادي زم","961","25124","PJD","حمو بن الديكية","10941"
"بني ملال -خنيفرة","خريبكة","وادي زم","961","25124","PJD","عبد الرحمان الفاهي","10968"
"بني ملال -خنيفرة","خريبكة","وادي زم","961","25124","PJD","محمد غيتي","10994"
"بني ملال -خنيفرة","خريبكة","وادي زم","961","25124","PJD","خليل وهبي","11071"
"بني ملال -خنيفرة","خريبكة","وادي زم","961","25124","PJD","سعيد كريم","10827"
"بني ملال -خنيفرة","خريبكة","وادي زم","961","25124","PJD","بوشتى نور","10839"
"بني ملال -خنيفرة","خريبكة","وادي زم","961","25124","PJD","سعيد نوحي","10867"
"بني ملال -خنيفرة","خريبكة","وادي زم","961","25124","PJD","العزيز البقالي","11012"
"بني ملال -خنيفرة","خريبكة","وادي زم","961","25124","PJD","عبد الرحمان سيدي","10909"
"بني ملال -خنيفرة","خريبكة","وادي زم","961","25124","PJD","بلقاسم الورديني","10783"
"بني ملال -خنيفرة","خريبكة","وادي زم","961","25124","PAM","عبداللطيف   مدني","77067"
"بني ملال -خنيفرة","خريبكة","وادي زم","961","25124","PAM","فاطمة ايوبي","78633"
"بني ملال -خنيفرة","خريبكة","وادي زم","961","25124","PAM","هشام حسنابي","77128"
"بني ملال -خنيفرة","خريبكة","وادي زم","961","25124","PAM","عبد العزيز برعود","77154"
"بني ملال -خنيفرة","خريبكة","وادي زم","961","25124","PAM","محمد مومن","77199"
"بني ملال -خنيفرة","خريبكة","وادي زم","961","25124","PAM","خالد مدني","77233"
"بني ملال -خنيفرة","خريبكة","وادي زم","961","25124","PAM","السعيد الحريري","77275"
"بني ملال -خنيفرة","خريبكة","وادي زم","961","25124","MP","محمد المسعودي","123448"
"بني ملال -خنيفرة","خريبكة","وادي زم","961","25124","MP","الزهرة الباز","125294"
"بني ملال -خنيفرة","خريبكة","وادي زم","961","25124","MP","محمد سكراط","123518"
"بني ملال -خنيفرة","خريبكة","وادي زم","961","25124","MP","احمد بخوش","123613"
"بني ملال -خنيفرة","خريبكة","وادي زم","961","25124","MP","بنداود بنموسى","123668"
"بني ملال -خنيفرة","خريبكة","وادي زم","961","25124","UC","بناصر اليوسفي","102338"
"بني ملال -خنيفرة","خريبكة","وادي زم","961","25124","UC","زكية يشين","104240"
"بني ملال -خنيفرة","خريبكة","وادي زم","961","25124","UC","عبد اللطيف عتراوي","102446"
"بني ملال -خنيفرة","خريبكة","وادي زم","961","25124","UC","يوسف عطية","102558"
"بني ملال -خنيفرة","خنيفرة","أحد بوحسوسن","583","9184","USFP","الحاج  منصوري ","35916"
"بني ملال -خنيفرة","خنيفرة","أحد بوحسوسن","583","9184","USFP","احسان هنتار","35945"
"بني ملال -خنيفرة","خنيفرة","أحد بوحسوسن","583","9188","USFP","حميد بوزياني","46922"
"بني ملال -خنيفرة","خنيفرة","أحد بوحسوسن","583","9188","USFP","السعدية حسني","46974"
"بني ملال -خنيفرة","خنيفرة","أحد بوحسوسن","583","9182","USFP","المعطي اكنوش","24231"
"بني ملال -خنيفرة","خنيفرة","أحد بوحسوسن","583","9185","MP","محمد بناصري","969"
"بني ملال -خنيفرة","خنيفرة","أحد بوحسوسن","583","9187","MP","مولاي احمد تجاني  نصيري","982"
"بني ملال -خنيفرة","خنيفرة","أحد بوحسوسن","583","9186","MP","محمد الدوميري","9128"
"بني ملال -خنيفرة","خنيفرة","أحد بوحسوسن","583","9183","MP","حسن الشقيرني","9113"
"بني ملال -خنيفرة","خنيفرة","أحد بوحسوسن","583","9180","PJD","نور الدين  الزوهري","47024"
"بني ملال -خنيفرة","خنيفرة","أحد بوحسوسن","583","9180","PJD","نجاة الماموني","47071"
"بني ملال -خنيفرة","خنيفرة","أحد بوحسوسن","583","9179","PJD","محمد المنصوري","65989"
"بني ملال -خنيفرة","خنيفرة","أحد بوحسوسن","583","9179","PJD","حكيمة امساوي","66055"
"بني ملال -خنيفرة","خنيفرة","أحد بوحسوسن","583","9181","PAM","لحسن اوستيتان","36552"
"بني ملال -خنيفرة","خنيفرة","أحد بوحسوسن","583","9189","PI","بلعيد اقمري","36389"
"بني ملال -خنيفرة","خنيفرة","أكلمام أزكزا","39","561","PI","حسن  علاوي ","30021"
"بني ملال -خنيفرة","خنيفرة","أكلمام أزكزا","39","561","PI","فاتحة احزرير","30042"
"بني ملال -خنيفرة","خنيفرة","أكلمام أزكزا","39","573","PI","احمد بساسة","12378"
"بني ملال -خنيفرة","خنيفرة","أكلمام أزكزا","39","562","PI","عزيز بنحيدة","30067"
"بني ملال -خنيفرة","خنيفرة","أكلمام أزكزا","39","562","PI","فاتحة عسيبات","30094"
"بني ملال -خنيفرة","خنيفرة","أكلمام أزكزا","39","572","PI","بوبكر  ابراو","4126"
"بني ملال -خنيفرة","خنيفرة","أكلمام أزكزا","39","571","PI","جمال وعظيم","47490"
"بني ملال -خنيفرة","خنيفرة","أكلمام أزكزا","39","571","PI","فاطمة بومسيس","47568"
"بني ملال -خنيفرة","خنيفرة","أكلمام أزكزا","39","563","PI","عبد الغاني غزي","23302"
"بني ملال -خنيفرة","خنيفرة","أكلمام أزكزا","39","563","PI","حفيظة غزين","23325"
"بني ملال -خنيفرة","خنيفرة","أكلمام أزكزا","39","564","PI","المسناوي النطاف","38508"
"بني ملال -خنيفرة","خنيفرة","أكلمام أزكزا","39","565","PI","حسن خيري","23423"
"بني ملال -خنيفرة","خنيفرة","أكلمام أزكزا","39","567","PI","حدو ابراوي","38724"
"بني ملال -خنيفرة","خنيفرة","أكلمام أزكزا","39","570","PAM","محمد وضبيب","38848"
"بني ملال -خنيفرة","خنيفرة","أكلمام أزكزا","39","566","USFP","عبد العزيز ووخبو","18191"
"بني ملال -خنيفرة","خنيفرة","أكلمام أزكزا","39","568","USFP","بوعزى امعزول","23458"
"بني ملال -خنيفرة","خنيفرة","أكلمام أزكزا","39","569","PJD","غودان  اعفير","84171"
"بني ملال -خنيفرة","خنيفرة","أكلموس","40","25099","PI","محمد  بادو","101798"
"بني ملال -خنيفرة","خنيفرة","أكلموس","40","25099","PI","سعدية امحزون","104045"
"بني ملال -خنيفرة","خنيفرة","أكلموس","40","25099","PI","محمد  بوفوس","101980"
"بني ملال -خنيفرة","خنيفرة","أكلموس","40","25099","PI","عائشة اعلي بويزماون","104160"
"بني ملال -خنيفرة","خنيفرة","أكلموس","40","25099","PI","المصطفى اوحرو","102301"
"بني ملال -خنيفرة","خنيفرة","أكلموس","40","25099","PI","حسناء  اوستيتان ","104261"
"بني ملال -خنيفرة","خنيفرة","أكلموس","40","25099","PI","سيدي احمد بومرسيط","102459"
"بني ملال -خنيفرة","خنيفرة","أكلموس","40","25099","PI","الحسين كربال","102797"
"بني ملال -خنيفرة","خنيفرة","أكلموس","40","25099","PI","محمد  طعنيش","103091"
"بني ملال -خنيفرة","خنيفرة","أكلموس","40","25099","PI","طالب لحسن الحاسي","103294"
"بني ملال -خنيفرة","خنيفرة","أكلموس","40","25099","PI","محمد حجري","103398"
"بني ملال -خنيفرة","خنيفرة","أكلموس","40","25099","PI","اسعيد ابرهموش","103507"
"بني ملال -خنيفرة","خنيفرة","أكلموس","40","25099","PI","موحى اهناش","103726"
"بني ملال -خنيفرة","خنيفرة","أكلموس","40","25099","PI","محمد غيري","103901"
"بني ملال -خنيفرة","خنيفرة","أكلموس","40","25099","PI"," احمد وكنوز","104017"
"بني ملال -خنيفرة","خنيفرة","أكلموس","40","25099","USFP","المعطي موجدو","98702"
"بني ملال -خنيفرة","خنيفرة","أكلموس","40","25099","USFP","خديجة باشنو","101338"
"بني ملال -خنيفرة","خنيفرة","أكلموس","40","25099","USFP","محمد امحزون","98821"
"بني ملال -خنيفرة","خنيفرة","أكلموس","40","25099","USFP","نعيمة جدو","101445"
"بني ملال -خنيفرة","خنيفرة","أكلموس","40","25099","USFP","امحمد الحضري","98901"
"بني ملال -خنيفرة","خنيفرة","أكلموس","40","25099","USFP","محمد  مردا","98996"
"بني ملال -خنيفرة","خنيفرة","أكلموس","40","25099","USFP","بن امبارك الرامي","99154"
"بني ملال -خنيفرة","خنيفرة","أكلموس","40","25099","USFP","سيدي محمد الساعدي","99244"
"بني ملال -خنيفرة","خنيفرة","أكلموس","40","25099","USFP","ابراهيم اعلاتون","99359"
"بني ملال -خنيفرة","خنيفرة","أكلموس","40","25099","MP","عمر امحزون","99554"
"بني ملال -خنيفرة","خنيفرة","أكلموس","40","25099","MP","نزهة العبي","100938"
"بني ملال -خنيفرة","خنيفرة","أكلموس","40","25099","MP","علي أعسين","99749"
"بني ملال -خنيفرة","خنيفرة","أكلموس","40","25099","PJD","المصطفى ابوستاتن","20090"
"بني ملال -خنيفرة","خنيفرة","أكلموس","40","25099","PJD","سعيد حمزة","20104"
"بني ملال -خنيفرة","خنيفرة","أم الربيع","1065","16754","PI","الحسين الرحيم","17383"
"بني ملال -خنيفرة","خنيفرة","أم الربيع","1065","16754","PI","بشرى عامر","17411"
"بني ملال -خنيفرة","خنيفرة","أم الربيع","1065","16753","PI","صالح اوغبال","24934"
"بني ملال -خنيفرة","خنيفرة","أم الربيع","1065","16753","PI","حنان سلاك","24956"
"بني ملال -خنيفرة","خنيفرة","أم الربيع","1065","16756","PI","محمد الحجاجي","58409"
"بني ملال -خنيفرة","خنيفرة","أم الربيع","1065","16756","PI","خديجة لمرابطي","58445"
"بني ملال -خنيفرة","خنيفرة","أم الربيع","1065","16751","PI","محمد حسناوي","13913"
"بني ملال -خنيفرة","خنيفرة","أم الربيع","1065","16745","PI","علال جلال","14190"
"بني ملال -خنيفرة","خنيفرة","أم الربيع","1065","16746","PI","الحسين العزمي","14065"
"بني ملال -خنيفرة","خنيفرة","أم الربيع","1065","16757","PI","ميمون  مودوجي","27457"
"بني ملال -خنيفرة","خنيفرة","أم الربيع","1065","16757","PI","فاطمة اقور","27479"
"بني ملال -خنيفرة","خنيفرة","أم الربيع","1065","16755","UC","مولاي لحبيب الاحساني","14029"
"بني ملال -خنيفرة","خنيفرة","أم الربيع","1065","16749","UC","محمد  معدني","13721"
"بني ملال -خنيفرة","خنيفرة","أم الربيع","1065","16747","UC","محمد ابا حمان","13770"
"بني ملال -خنيفرة","خنيفرة","أم الربيع","1065","16752","UC","الحسين باحقى","4866"
"بني ملال -خنيفرة","خنيفرة","أم الربيع","1065","16750","UC","عبد العزيز صابري","7510"
"بني ملال -خنيفرة","خنيفرة","أم الربيع","1065","16748","USFP","بناصر  عيسى","67055"
"بني ملال -خنيفرة","خنيفرة","آيت إسحاق","126","1806","MP","المعطي المخروط","94249"
"بني ملال -خنيفرة","خنيفرة","آيت إسحاق","126","1806","MP","السعدية اوقصو","94298"
"بني ملال -خنيفرة","خنيفرة","آيت إسحاق","126","1810","MP","موح فلاوي","93979"
"بني ملال -خنيفرة","خنيفرة","آيت إسحاق","126","1810","MP","تورية ناجيم","94015"
"بني ملال -خنيفرة","خنيفرة","آيت إسحاق","126","1803","MP","لحسن ايت اشو","121417"
"بني ملال -خنيفرة","خنيفرة","آيت إسحاق","126","1816","MP","موحى ابوزى","39798"
"بني ملال -خنيفرة","خنيفرة","آيت إسحاق","126","1802","MP","بوعز توشنت","8150"
"بني ملال -خنيفرة","خنيفرة","آيت إسحاق","126","1819","MP","علي بويقدار","30314"
"بني ملال -خنيفرة","خنيفرة","آيت إسحاق","126","1801","MP","راشيد بالحسين","91453"
"بني ملال -خنيفرة","خنيفرة","آيت إسحاق","126","1812","MP","محمد الخير","94046"
"بني ملال -خنيفرة","خنيفرة","آيت إسحاق","126","1817","MP","باري  اشعير","16155"
"بني ملال -خنيفرة","خنيفرة","آيت إسحاق","126","1818","MP","احمد ايت اناصر","39577"
"بني ملال -خنيفرة","خنيفرة","آيت إسحاق","126","1805","MP","محمد واحي","84153"
"بني ملال -خنيفرة","خنيفرة","آيت إسحاق","126","1805","MP","زهور عمراني","84217"
"بني ملال -خنيفرة","خنيفرة","آيت إسحاق","126","1804","MP","المصطفى عتو","84357"
"بني ملال -خنيفرة","خنيفرة","آيت إسحاق","126","1807","MP","احمد الدلائي","8180"
"بني ملال -خنيفرة","خنيفرة","آيت إسحاق","126","1822","MP","محمد اعبدالرحيم","83104"
"بني ملال -خنيفرة","خنيفرة","آيت إسحاق","126","1800","MP","علي العقاوي","8175"
"بني ملال -خنيفرة","خنيفرة","آيت إسحاق","126","1813","MP","باري جموح","83432"
"بني ملال -خنيفرة","خنيفرة","آيت إسحاق","126","1820","MP","بناصر خرباش","91737"
"بني ملال -خنيفرة","خنيفرة","آيت إسحاق","126","1821","MP","ابراهيم ازوماك","91844"
"بني ملال -خنيفرة","خنيفرة","آيت إسحاق","126","1815","PJD","هشام اورحمة","30310"
"بني ملال -خنيفرة","خنيفرة","آيت إسحاق","126","1809","PEDD","محمد خيتوش","121261"
"بني ملال -خنيفرة","خنيفرة","آيت إسحاق","126","1808","PEDD","حوسى بورزيح","121120"
"بني ملال -خنيفرة","خنيفرة","آيت إسحاق","126","1811","PEDD","يونس الوافي","92448"
"بني ملال -خنيفرة","خنيفرة","آيت إسحاق","126","1811","PEDD","بوشرى ابوزى","92494"
"بني ملال -خنيفرة","خنيفرة","آيت إسحاق","126","1814","PI","محمد السايح","120976"
"بني ملال -خنيفرة","خنيفرة","آيت سعدلي","152","2153","RNI","الغازي شرو","22525"
"بني ملال -خنيفرة","خنيفرة","آيت سعدلي","152","2153","RNI","سعدية اوشابو","22535"
"بني ملال -خنيفرة","خنيفرة","آيت سعدلي","152","2154","RNI","لحسن اومحند  بوبان","22549"
"بني ملال -خنيفرة","خنيفرة","آيت سعدلي","152","2152","RNI","موحى  بوهو","22512"
"بني ملال -خنيفرة","خنيفرة","آيت سعدلي","152","2159","RNI","حسن ناصر","22461"
"بني ملال -خنيفرة","خنيفرة","آيت سعدلي","152","2155","RNI","سعيد  باحماد","22562"
"بني ملال -خنيفرة","خنيفرة","آيت سعدلي","152","2155","RNI","فاضمة محداد","22571"
"بني ملال -خنيفرة","خنيفرة","آيت سعدلي","152","2159","RNI","نوال ناصري ","22475"
"بني ملال -خنيفرة","خنيفرة","آيت سعدلي","152","2158","RNI","غازي خاحماد","22599"
"بني ملال -خنيفرة","خنيفرة","آيت سعدلي","152","2156","RNI","محمد الغريبي","22488"
"بني ملال -خنيفرة","خنيفرة","آيت سعدلي","152","2157","RNI","سعيد الناجمي","22582"
"بني ملال -خنيفرة","خنيفرة","آيت سعدلي","152","2162","PI","عقى السعيدي","132562"
"بني ملال -خنيفرة","خنيفرة","آيت سعدلي","152","2162","PI","هنو الماضي","132570"
"بني ملال -خنيفرة","خنيفرة","آيت سعدلي","152","2160","PI","محمد تشلي","125837"
"بني ملال -خنيفرة","خنيفرة","آيت سعدلي","152","2161","PI","محمد عدو","132423"
"بني ملال -خنيفرة","خنيفرة","البرج","487","7597","USFP","عبد العزيز العبي","38059"
"بني ملال -خنيفرة","خنيفرة","البرج","487","7597","USFP","لطيفة وسبيغ","38101"
"بني ملال -خنيفرة","خنيفرة","البرج","487","7601","USFP","رشيد نجاتي","1086"
"بني ملال -خنيفرة","خنيفرة","البرج","487","7600","USFP","محمد الطايب","9120"
"بني ملال -خنيفرة","خنيفرة","البرج","487","7605","PI","حمادي اعروش","3993"
"بني ملال -خنيفرة","خنيفرة","البرج","487","7604","PI","المولودي سلام","3983"
"بني ملال -خنيفرة","خنيفرة","البرج","487","7604","PI","حسناء بوعرعار","4000"
"بني ملال -خنيفرة","خنيفرة","البرج","487","7606","PI","مسعود خبة","4033"
"بني ملال -خنيفرة","خنيفرة","البرج","487","7603","PI","محمد الصاوي","5716"
"بني ملال -خنيفرة","خنيفرة","البرج","487","7607","PI","بن عكي معكوم","38072"
"بني ملال -خنيفرة","خنيفرة","البرج","487","7598","PI","حسن بوحفرة","2015"
"بني ملال -خنيفرة","خنيفرة","البرج","487","7599","FFD","عمر  اهتوتو","70591"
"بني ملال -خنيفرة","خنيفرة","البرج","487","7599","FFD","فاطمة اطويل","70659"
"بني ملال -خنيفرة","خنيفرة","البرج","487","7602","PAM","احمد بورثو","29740"
"بني ملال -خنيفرة","خنيفرة","البرج","487","7602","PAM","بديعة  بورثو","29767"
"بني ملال -خنيفرة","خنيفرة","الحمام","500","7808","UC","حكيمة غرمال","29125"
"بني ملال -خنيفرة","خنيفرة","الحمام","500","7797","UC","عبد الله اوراغ","2093"
"بني ملال -خنيفرة","خنيفرة","الحمام","500","7805","UC","محمد هواري","68649"
"بني ملال -خنيفرة","خنيفرة","الحمام","500","7805","UC","حفصة ازكاغ","68726"
"بني ملال -خنيفرة","خنيفرة","الحمام","500","7796","UC","العربي  راجي ","14047"
"بني ملال -خنيفرة","خنيفرة","الحمام","500","7796","UC","حيات غانم","14073"
"بني ملال -خنيفرة","خنيفرة","الحمام","500","7806","UC","عبد الله لغفيري","4316"
"بني ملال -خنيفرة","خنيفرة","الحمام","500","7807","UC","محمد بوتريد","4027"
"بني ملال -خنيفرة","خنيفرة","الحمام","500","7801","UC","احزون بن محمد","64695"
"بني ملال -خنيفرة","خنيفرة","الحمام","500","7804","PI","بن حمو الشافعي","14011"
"بني ملال -خنيفرة","خنيفرة","الحمام","500","7804","PI","مونية محبوب","14030"
"بني ملال -خنيفرة","خنيفرة","الحمام","500","7803","PI","محمد اوقور","14136"
"بني ملال -خنيفرة","خنيفرة","الحمام","500","7802","PI","مولاي عبد الله اكجيل","24868"
"بني ملال -خنيفرة","خنيفرة","الحمام","500","7794","PI","المولود حيرة","25069"
"بني ملال -خنيفرة","خنيفرة","الحمام","500","7795","MP","الحسين اكضى","68585"
"بني ملال -خنيفرة","خنيفرة","الحمام","500","7799","MP","محمد  مرشيد","25021"
"بني ملال -خنيفرة","خنيفرة","الحمام","500","7798","MP","المكي سفروي","69006"
"بني ملال -خنيفرة","خنيفرة","الحمام","500","7798","MP","فاظمة الراجي","69049"
"بني ملال -خنيفرة","خنيفرة","الحمام","500","7800","FFD","ابراهيم اباحمان","27408"
"بني ملال -خنيفرة","خنيفرة","القباب","503","7884","PAM","حسن زولي","104960"
"بني ملال -خنيفرة","خنيفرة","القباب","503","7885","PAM","لحسن امرابض","11711"
"بني ملال -خنيفرة","خنيفرة","القباب","503","7874","PAM","لحسن زكني","110701"
"بني ملال -خنيفرة","خنيفرة","القباب","503","7875","PAM","محمد ادموز","96836"
"بني ملال -خنيفرة","خنيفرة","القباب","503","7880","PAM","موحى احرضان","104498"
"بني ملال -خنيفرة","خنيفرة","القباب","503","7867","PAM","حوسى المسكي","104656"
"بني ملال -خنيفرة","خنيفرة","القباب","503","7878","PAM","الشافعي وشافعي","103938"
"بني ملال -خنيفرة","خنيفرة","القباب","503","7868","PJD","الحسين كرومي","104867"
"بني ملال -خنيفرة","خنيفرة","القباب","503","7881","PJD","مولاي الكبير علوي","102485"
"بني ملال -خنيفرة","خنيفرة","القباب","503","7873","PJD","لحسن علاوي","104750"
"بني ملال -خنيفرة","خنيفرة","القباب","503","7864","PJD","هشام بلحسن","104962"
"بني ملال -خنيفرة","خنيفرة","القباب","503","7870","PJD","رشيد البوه","104646"
"بني ملال -خنيفرة","خنيفرة","القباب","503","7882","PJD","سيدي محمد فضيلي","104748"
"بني ملال -خنيفرة","خنيفرة","القباب","503","7883","UC","محمد اعبيرو","104655"
"بني ملال -خنيفرة","خنيفرة","القباب","503","7883","UC","حفيظة ابلقاس","104728"
"بني ملال -خنيفرة","خنيفرة","القباب","503","7865","UC","محمد قبطي","96775"
"بني ملال -خنيفرة","خنيفرة","القباب","503","7865","UC","حنان حمي","96780"
"بني ملال -خنيفرة","خنيفرة","القباب","503","7863","UC","محمد الغريسي","96973"
"بني ملال -خنيفرة","خنيفرة","القباب","503","7872","MP","عزيز علوي","104644"
"بني ملال -خنيفرة","خنيفرة","القباب","503","7879","MP","موحى احماد بوتيدى","104359"
"بني ملال -خنيفرة","خنيفرة","القباب","503","7871","MP","حوسى الخطابي","97002"
"بني ملال -خنيفرة","خنيفرة","القباب","503","7871","MP","لالة فتيحة حميدي","97040"
"بني ملال -خنيفرة","خنيفرة","القباب","503","7877","PPS","محمد بيطوش","102914"
"بني ملال -خنيفرة","خنيفرة","القباب","503","7877","PPS","اسماء بلقايد","103041"
"بني ملال -خنيفرة","خنيفرة","القباب","503","7876","PI","اسماعيل الراضي","23400"
"بني ملال -خنيفرة","خنيفرة","القباب","503","7869","PI","المصطفى درقاوي","110178"
"بني ملال -خنيفرة","خنيفرة","القباب","503","7866","RNI","مولاي المصطفى العلوي الاسماعيلي","98510"
"بني ملال -خنيفرة","خنيفرة","تيغسالين","1438","27761","PPS","حوسى اليوبي","82605"
"بني ملال -خنيفرة","خنيفرة","تيغسالين","1438","22671","PPS","راشيد لمان","107799"
"بني ملال -خنيفرة","خنيفرة","تيغسالين","1438","27763","PPS","محمد عوبيدي","76548"
"بني ملال -خنيفرة","خنيفرة","تيغسالين","1438","25654","PPS","محمد رملي","49420"
"بني ملال -خنيفرة","خنيفرة","تيغسالين","1438","22662","PPS","محمد حجير","108302"
"بني ملال -خنيفرة","خنيفرة","تيغسالين","1438","22662","PPS","حنان يعقوبي","108359"
"بني ملال -خنيفرة","خنيفرة","تيغسالين","1438","27759","MP","موسى  اورغ","50355"
"بني ملال -خنيفرة","خنيفرة","تيغسالين","1438","27760","MP","سعيد امهاجر","82899"
"بني ملال -خنيفرة","خنيفرة","تيغسالين","1438","22670","MP","عبد القادر  جردوج ","77708"
"بني ملال -خنيفرة","خنيفرة","تيغسالين","1438","22668","PI","حدو الشامي","106149"
"بني ملال -خنيفرة","خنيفرة","تيغسالين","1438","22668","PI","لطيفة بوسلي","106165"
"بني ملال -خنيفرة","خنيفرة","تيغسالين","1438","27757","PI","علي الصغير","76425"
"بني ملال -خنيفرة","خنيفرة","تيغسالين","1438","22667","UC","نبيل عارفي","106281"
"بني ملال -خنيفرة","خنيفرة","تيغسالين","1438","22667","UC","زهور صغير","106311"
"بني ملال -خنيفرة","خنيفرة","تيغسالين","1438","25655","UC","عمار ناعيم","49167"
"بني ملال -خنيفرة","خنيفرة","تيغسالين","1438","22666","UC","بن محمد مكرو","106236"
"بني ملال -خنيفرة","خنيفرة","تيغسالين","1438","22669","UC","حدو اميمون ناصيري","50081"
"بني ملال -خنيفرة","خنيفرة","تيغسالين","1438","22664","PJD","محمد لعميري","103111"
"بني ملال -خنيفرة","خنيفرة","تيغسالين","1438","27762","PJD","محمد بنشين","108107"
"بني ملال -خنيفرة","خنيفرة","تيغسالين","1438","22665","USFP","المكي علاوي","83012"
"بني ملال -خنيفرة","خنيفرة","تيغسالين","1438","22663","USFP","محمد اوغصاي","80577"
"بني ملال -خنيفرة","خنيفرة","تيغسالين","1438","22673","USFP","عزيز باكي","80690"
"بني ملال -خنيفرة","خنيفرة","تيغسالين","1438","27758","P Al Ahd Addimocrati","احماد جعفري","50284"
"بني ملال -خنيفرة","خنيفرة","تيغسالين","1438","22672","P Al Ahd Addimocrati","محمد سارو","76279"
"بني ملال -خنيفرة","خنيفرة","تيغسالين","1438","22674","PAM","حسن سعودي","130392"
"بني ملال -خنيفرة","خنيفرة","تيغسالين","1438","22674","PAM","اسمهان بوالطاهر","76057"
"بني ملال -خنيفرة","خنيفرة","تيغسالين","1438","27756","CNI","امين انظام","130396"
"بني ملال -خنيفرة","خنيفرة","خنيفرة","715","25096","FFD","حميد البابور","74243"
"بني ملال -خنيفرة","خنيفرة","خنيفرة","715","25096","FFD","الهام حنين","75791"
"بني ملال -خنيفرة","خنيفرة","خنيفرة","715","25096","FFD","المصطفى امحزون","74262"
"بني ملال -خنيفرة","خنيفرة","خنيفرة","715","25096","FFD","زهرة اهتوتو","75843"
"بني ملال -خنيفرة","خنيفرة","خنيفرة","715","25096","FFD","الحسين العمري","74297"
"بني ملال -خنيفرة","خنيفرة","خنيفرة","715","25096","FFD","محمد عبدي","74309"
"بني ملال -خنيفرة","خنيفرة","خنيفرة","715","25096","FFD","محمد ناصري","74321"
"بني ملال -خنيفرة","خنيفرة","خنيفرة","715","25096","FFD","محمد اقلمون","74331"
"بني ملال -خنيفرة","خنيفرة","خنيفرة","715","25096","FFD","مولاي المصطفى بايا","74339"
"بني ملال -خنيفرة","خنيفرة","خنيفرة","715","25096","FFD","محمد  عكوران ","74347"
"بني ملال -خنيفرة","خنيفرة","خنيفرة","715","25096","FFD","حسن جمكيل","74352"
"بني ملال -خنيفرة","خنيفرة","خنيفرة","715","25096","MP","ابراهيم اعبا","94587"
"بني ملال -خنيفرة","خنيفرة","خنيفرة","715","25096","MP","زهرة سلاك","96899"
"بني ملال -خنيفرة","خنيفرة","خنيفرة","715","25096","MP","عزيز الدلاء","94608"
"بني ملال -خنيفرة","خنيفرة","خنيفرة","715","25096","MP","موسى تكركورت","94626"
"بني ملال -خنيفرة","خنيفرة","خنيفرة","715","25096","MP","حميد عمراني","94654"
"بني ملال -خنيفرة","خنيفرة","خنيفرة","715","25096","MP","عبد العزيز تيتاح","94679"
"بني ملال -خنيفرة","خنيفرة","خنيفرة","715","25096","MP","محمد داسو","94693"
"بني ملال -خنيفرة","خنيفرة","خنيفرة","715","25096","MP","محمد مرزاق","94709"
"بني ملال -خنيفرة","خنيفرة","خنيفرة","715","25096","MP","امحمد مزيان","94726"
"بني ملال -خنيفرة","خنيفرة","خنيفرة","715","25096","PJD","محمد ارديل","39659"
"بني ملال -خنيفرة","خنيفرة","خنيفرة","715","25096","PJD","لطيفة الفقير","40491"
"بني ملال -خنيفرة","خنيفرة","خنيفرة","715","25096","PJD","التجاني حرشي","39730"
"بني ملال -خنيفرة","خنيفرة","خنيفرة","715","25096","PJD","مولاي احمد ابو عبد الله","39807"
"بني ملال -خنيفرة","خنيفرة","خنيفرة","715","25096","PJD","اسعيد بورجيع","39864"
"بني ملال -خنيفرة","خنيفرة","خنيفرة","715","25096","PJD","محمد العزاوي","39905"
"بني ملال -خنيفرة","خنيفرة","خنيفرة","715","25096","PJD","ابراهيم والسات","39927"
"بني ملال -خنيفرة","خنيفرة","خنيفرة","715","25096","PI","محمد بن نعناع","111041"
"بني ملال -خنيفرة","خنيفرة","خنيفرة","715","25096","PI","الصالحة برادي","111494"
"بني ملال -خنيفرة","خنيفرة","خنيفرة","715","25096","PI","ربيع بنعلال","111116"
"بني ملال -خنيفرة","خنيفرة","خنيفرة","715","25096","PI","مصطفى توجبي","111189"
"بني ملال -خنيفرة","خنيفرة","خنيفرة","715","25096","PI","المصطفى امحروش","111284"
"بني ملال -خنيفرة","خنيفرة","خنيفرة","715","25096","UC","بن يوسف  اقجيع","106475"
"بني ملال -خنيفرة","خنيفرة","خنيفرة","715","25096","UC","ايمان علجي","107775"
"بني ملال -خنيفرة","خنيفرة","خنيفرة","715","25096","UC","محمد الوحيدي","106537"
"بني ملال -خنيفرة","خنيفرة","خنيفرة","715","25096","UC","هشام قليليش","107863"
"بني ملال -خنيفرة","خنيفرة","خنيفرة","715","25096","USFP","نبيل صبري","114238"
"بني ملال -خنيفرة","خنيفرة","خنيفرة","715","25096","USFP","عثمان دروسي","114324"
"بني ملال -خنيفرة","خنيفرة","خنيفرة","715","25096","USFP","عمر الوافي","114387"
"بني ملال -خنيفرة","خنيفرة","سبت آيت رحو","1127","17819","MP","بناصر ازكاغ","1370"
"بني ملال -خنيفرة","خنيفرة","سبت آيت رحو","1127","17819","MP","مينة تقدرين","1468"
"بني ملال -خنيفرة","خنيفرة","سبت آيت رحو","1127","17821","MP","ميمون العماري","3202"
"بني ملال -خنيفرة","خنيفرة","سبت آيت رحو","1127","17821","MP","مريم المموني","3216"
"بني ملال -خنيفرة","خنيفرة","سبت آيت رحو","1127","17825","MP","بوعزة خباوي","1003"
"بني ملال -خنيفرة","خنيفرة","سبت آيت رحو","1127","17822","MP","المعطي بوطيور","1115"
"بني ملال -خنيفرة","خنيفرة","سبت آيت رحو","1127","17826","MP","احمد قيبو","1084"
"بني ملال -خنيفرة","خنيفرة","سبت آيت رحو","1127","17827","MP","رشيد كريم","1068"
"بني ملال -خنيفرة","خنيفرة","سبت آيت رحو","1127","17820","MP","عمر ايكان","1036"
"بني ملال -خنيفرة","خنيفرة","سبت آيت رحو","1127","17830","MP","بوعزة  الحجاوي ","1026"
"بني ملال -خنيفرة","خنيفرة","سبت آيت رحو","1127","17824","PI","الحاج لحسن بوشضاض","3241"
"بني ملال -خنيفرة","خنيفرة","سبت آيت رحو","1127","17824","PI","فاطمة اعبي","3264"
"بني ملال -خنيفرة","خنيفرة","سبت آيت رحو","1127","17829","PAM","محمد بوكنين","9097"
"بني ملال -خنيفرة","خنيفرة","سبت آيت رحو","1127","17831","PAM","بنحدو عزيزي","14142"
"بني ملال -خنيفرة","خنيفرة","سبت آيت رحو","1127","17828","PPS","اعزيز بومار","94658"
"بني ملال -خنيفرة","خنيفرة","سبت آيت رحو","1127","17823","PPS","حسن المسعودي","46840"
"بني ملال -خنيفرة","خنيفرة","سبت آيت رحو","1127","17823","PPS","فاطمة مسعودي","46864"
"بني ملال -خنيفرة","خنيفرة","سيدي حسين","1235","19479","USFP","عمر قنجل","50347"
"بني ملال -خنيفرة","خنيفرة","سيدي حسين","1235","19479","USFP","عائشة سواقي","50420"
"بني ملال -خنيفرة","خنيفرة","سيدي حسين","1235","19483","USFP","جمال جبران","65171"
"بني ملال -خنيفرة","خنيفرة","سيدي حسين","1235","19483","USFP","نادية بركاوي","65213"
"بني ملال -خنيفرة","خنيفرة","سيدي حسين","1235","19477","USFP","المصطفى حمادى","50529"
"بني ملال -خنيفرة","خنيفرة","سيدي حسين","1235","19477","USFP","يطو اوعلا","50607"
"بني ملال -خنيفرة","خنيفرة","سيدي حسين","1235","19482","USFP","المصطفى افراس","17284"
"بني ملال -خنيفرة","خنيفرة","سيدي حسين","1235","19481","USFP","عبد الله بوفرتاح","17336"
"بني ملال -خنيفرة","خنيفرة","سيدي حسين","1235","19487","USFP","احمد افضيل","7290"
"بني ملال -خنيفرة","خنيفرة","سيدي حسين","1235","19478","USFP","محمد بوطبوط","24443"
"بني ملال -خنيفرة","خنيفرة","سيدي حسين","1235","19480","USFP","ابراهيم وخلف","50546"
"بني ملال -خنيفرة","خنيفرة","سيدي حسين","1235","19480","USFP","رشيدة وخلف","50602"
"بني ملال -خنيفرة","خنيفرة","سيدي حسين","1235","19484","PI","محمد  محا","50798"
"بني ملال -خنيفرة","خنيفرة","سيدي حسين","1235","19486","PI","عبد الله  اقلوج","24417"
"بني ملال -خنيفرة","خنيفرة","سيدي حسين","1235","19485","PAM","عزيز  مرعيش","50311"
"بني ملال -خنيفرة","خنيفرة","سيدي عمرو","1182","18669","USFP","اسماعيل باداس","5147"
"بني ملال -خنيفرة","خنيفرة","سيدي عمرو","1182","18669","USFP","سميرة مرزاق","5152"
"بني ملال -خنيفرة","خنيفرة","سيدي عمرو","1182","18663","USFP","اعبيد ابخار","5092"
"بني ملال -خنيفرة","خنيفرة","سيدي عمرو","1182","18663","USFP","مالكة شعو","5101"
"بني ملال -خنيفرة","خنيفرة","سيدي عمرو","1182","18670","USFP","محمد لاسهاب ","10569"
"بني ملال -خنيفرة","خنيفرة","سيدي عمرو","1182","18666","PI","نجيم ابعلي","14628"
"بني ملال -خنيفرة","خنيفرة","سيدي عمرو","1182","18666","PI","حنان حموشي","14642"
"بني ملال -خنيفرة","خنيفرة","سيدي عمرو","1182","18661","PI","لحسن اخلو","14453"
"بني ملال -خنيفرة","خنيفرة","سيدي عمرو","1182","18664","PI","خالد سهيل","14509"
"بني ملال -خنيفرة","خنيفرة","سيدي عمرو","1182","18662","PPS","عبدالله سوقي","132752"
"بني ملال -خنيفرة","خنيفرة","سيدي عمرو","1182","18662","PPS","زهرة احباري","133019"
"بني ملال -خنيفرة","خنيفرة","سيدي عمرو","1182","18667","PPS","محمد الحسين لحساوي","10565"
"بني ملال -خنيفرة","خنيفرة","سيدي عمرو","1182","18660","PPS","بناصر  اباينو ","14493"
"بني ملال -خنيفرة","خنيفرة","سيدي عمرو","1182","18668","UC","محمد احمو باحمان ","74116"
"بني ملال -خنيفرة","خنيفرة","سيدي عمرو","1182","18665","UC","علي بنبوعزة","55649"
"بني ملال -خنيفرة","خنيفرة","سيدي لامين","1245","19659","USFP","عبد القادر نحال","74000"
"بني ملال -خنيفرة","خنيفرة","سيدي لامين","1245","19659","USFP","اسليمة كرارمي","74015"
"بني ملال -خنيفرة","خنيفرة","سيدي لامين","1245","19647","USFP","محمد حيسي","132564"
"بني ملال -خنيفرة","خنيفرة","سيدي لامين","1245","19647","USFP","فطيمة  بيجبيج","132568"
"بني ملال -خنيفرة","خنيفرة","سيدي لامين","1245","19653","USFP","اعلي ابعلال","132391"
"بني ملال -خنيفرة","خنيفرة","سيدي لامين","1245","19657","USFP","احمد دروسي","132283"
"بني ملال -خنيفرة","خنيفرة","سيدي لامين","1245","19643","USFP","محمد حمديوي","74080"
"بني ملال -خنيفرة","خنيفرة","سيدي لامين","1245","19649","USFP","عزيز  ميشنان ","132499"
"بني ملال -خنيفرة","خنيفرة","سيدي لامين","1245","19649","USFP","خدوج زرهوني","132509"
"بني ملال -خنيفرة","خنيفرة","سيدي لامين","1245","19658","USFP","الشرقي كرارمي","55026"
"بني ملال -خنيفرة","خنيفرة","سيدي لامين","1245","19646","USFP","محمد برطوط","132586"
"بني ملال -خنيفرة","خنيفرة","سيدي لامين","1245","19644","USFP","محمد كربوني","98382"
"بني ملال -خنيفرة","خنيفرة","سيدي لامين","1245","19652","USFP","بوعزة بروشي","132406"
"بني ملال -خنيفرة","خنيفرة","سيدي لامين","1245","19656","USFP","عبد الصمد دروسي","132338"
"بني ملال -خنيفرة","خنيفرة","سيدي لامين","1245","19645","USFP","احمد دروسي","53438"
"بني ملال -خنيفرة","خنيفرة","سيدي لامين","1245","19655","USFP","عبد الرحيم الهواري","74158"
"بني ملال -خنيفرة","خنيفرة","سيدي لامين","1245","19642","USFP","المولودي لهبول","53287"
"بني ملال -خنيفرة","خنيفرة","سيدي لامين","1245","19660","PI","الحسين لعواري","10588"
"بني ملال -خنيفرة","خنيفرة","سيدي لامين","1245","19660","PI","فطيمة ازمور","10602"
"بني ملال -خنيفرة","خنيفرة","سيدي لامين","1245","19650","PI","بنيوسف امحروش","5047"
"بني ملال -خنيفرة","خنيفرة","سيدي لامين","1245","19654","PI","اعزيزي افراس","53413"
"بني ملال -خنيفرة","خنيفرة","سيدي لامين","1245","19661","MP","والنابي افنغور","132258"
"بني ملال -خنيفرة","خنيفرة","سيدي لامين","1245","19639","MP","محمد  تقات","809"
"بني ملال -خنيفرة","خنيفرة","سيدي لامين","1245","19648","MP","لحسن فلالي","132518"
"بني ملال -خنيفرة","خنيفرة","سيدي لامين","1245","19641","PJD","محمد بوخلاد","53500"
"بني ملال -خنيفرة","خنيفرة","سيدي لامين","1245","19640","PAM","السايح لبعيوي","54998"
"بني ملال -خنيفرة","خنيفرة","سيدي لامين","1245","19651","RNI","جمال أمحزون","10613"
"بني ملال -خنيفرة","خنيفرة","سيدي يحيى أو ساعد","1281","20259","RNI","محمد الطلحى","23347"
"بني ملال -خنيفرة","خنيفرة","سيدي يحيى أو ساعد","1281","20259","RNI","حسناء لنصار","23367"
"بني ملال -خنيفرة","خنيفرة","سيدي يحيى أو ساعد","1281","20263","RNI","المصطفى ابراهيمي","109892"
"بني ملال -خنيفرة","خنيفرة","سيدي يحيى أو ساعد","1281","20257","RNI","لحسن صبار","110668"
"بني ملال -خنيفرة","خنيفرة","سيدي يحيى أو ساعد","1281","20257","RNI","سميرة زوهري","110759"
"بني ملال -خنيفرة","خنيفرة","سيدي يحيى أو ساعد","1281","20258","RNI","محمد باباوي","110320"
"بني ملال -خنيفرة","خنيفرة","سيدي يحيى أو ساعد","1281","20258","RNI","سعيدة مريوى","110400"
"بني ملال -خنيفرة","خنيفرة","سيدي يحيى أو ساعد","1281","20265","RNI","الحسين اكجداد","110515"
"بني ملال -خنيفرة","خنيفرة","سيدي يحيى أو ساعد","1281","20266","RNI","حميد امليل","110486"
"بني ملال -خنيفرة","خنيفرة","سيدي يحيى أو ساعد","1281","20267","USFP","محمد ازوهري","51964"
"بني ملال -خنيفرة","خنيفرة","سيدي يحيى أو ساعد","1281","20262","USFP","احماد أعلام","110547"
"بني ملال -خنيفرة","خنيفرة","سيدي يحيى أو ساعد","1281","20261","UC","موحى عاشر","51895"
"بني ملال -خنيفرة","خنيفرة","سيدي يحيى أو ساعد","1281","20264","UC","عبد الرحيم بسمي","110625"
"بني ملال -خنيفرة","خنيفرة","سيدي يحيى أو ساعد","1281","20260","MP","عمر لنصار","110105"
"بني ملال -خنيفرة","خنيفرة","سيدي يحيى أو ساعد","1281","20260","MP","سعدية الصبري","110251"
"بني ملال -خنيفرة","خنيفرة","كروشن","708","11099","PAM","محمد اشبلي","61824"
"بني ملال -خنيفرة","خنيفرة","كروشن","708","11099","PAM","ليلى  اخيري","132215"
"بني ملال -خنيفرة","خنيفرة","كروشن","708","11106","PAM","محمد باعقى","54252"
"بني ملال -خنيفرة","خنيفرة","كروشن","708","11107","PAM","محمد خطاري","54278"
"بني ملال -خنيفرة","خنيفرة","كروشن","708","11101","PAM","محمد الملكاوي","55010"
"بني ملال -خنيفرة","خنيفرة","كروشن","708","11101","PAM","راضية حتات","55025"
"بني ملال -خنيفرة","خنيفرة","كروشن","708","11102","PAM","احماد اشبلي","54212"
"بني ملال -خنيفرة","خنيفرة","كروشن","708","11102","PAM","رابحة البوعزاوي","54231"
"بني ملال -خنيفرة","خنيفرة","كروشن","708","11098","PAM","الحسن العماري","61636"
"بني ملال -خنيفرة","خنيفرة","كروشن","708","11098","PAM","نعيمة عثماوي","61653"
"بني ملال -خنيفرة","خنيفرة","كروشن","708","11100","PAM","ادريس واحي","61758"
"بني ملال -خنيفرة","خنيفرة","كروشن","708","11108","PAM","حمو غنم","69258"
"بني ملال -خنيفرة","خنيفرة","كروشن","708","11105","PAM","محمد اوحماد وازنطي","132420"
"بني ملال -خنيفرة","خنيفرة","كروشن","708","11103","PJD","حدو مسقي","132277"
"بني ملال -خنيفرة","خنيفرة","كروشن","708","11104","RNI","علا امسيون","132488"
"بني ملال -خنيفرة","خنيفرة","لهري","796","12562","USFP","المصطفى منصور","7203"
"بني ملال -خنيفرة","خنيفرة","لهري","796","12565","USFP","امبارك تغزوت","4266"
"بني ملال -خنيفرة","خنيفرة","لهري","796","12565","USFP","مهمة تغزوت","4279"
"بني ملال -خنيفرة","خنيفرة","لهري","796","12558","USFP","امحمد جاوي","926"
"بني ملال -خنيفرة","خنيفرة","لهري","796","12560","USFP","عبد الله  خليلد ","945"
"بني ملال -خنيفرة","خنيفرة","لهري","796","12557","MP","لحسن عو","4339"
"بني ملال -خنيفرة","خنيفرة","لهري","796","12566","MP","بوعزة  الهو","4159"
"بني ملال -خنيفرة","خنيفرة","لهري","796","12566","MP","حسناء خاعيسى","4167"
"بني ملال -خنيفرة","خنيفرة","لهري","796","12564","MP","ابراهيم لخبا","12488"
"بني ملال -خنيفرة","خنيفرة","لهري","796","12564","MP","يطو  حوسيني","12527"
"بني ملال -خنيفرة","خنيفرة","لهري","796","12556","MP","محمد سودين","654"
"بني ملال -خنيفرة","خنيفرة","لهري","796","12561","MP","مولاي افضيل بلحسن","4173"
"بني ملال -خنيفرة","خنيفرة","لهري","796","12559","MP","المصطفى بوعطار","12507"
"بني ملال -خنيفرة","خنيفرة","لهري","796","12563","FFD","اسعيد علاوي","974"
"بني ملال -خنيفرة","خنيفرة","لهري","796","12554","PJD","عبد الغاني موكرت","12553"
"بني ملال -خنيفرة","خنيفرة","لهري","796","12555","PJD","احماد بعالي","23222"
"بني ملال -خنيفرة","خنيفرة","لهري","796","12555","PJD","مونة اشان","23242"
"بني ملال -خنيفرة","خنيفرة","مريرت","821","25098","UC","محمد عدال","53003"
"بني ملال -خنيفرة","خنيفرة","مريرت","821","25098","UC","يامنة مورشيد","53960"
"بني ملال -خنيفرة","خنيفرة","مريرت","821","25098","UC","محمد لمليح","53043"
"بني ملال -خنيفرة","خنيفرة","مريرت","821","25098","UC","فاتحة برطيزي","53983"
"بني ملال -خنيفرة","خنيفرة","مريرت","821","25098","UC","محمد ناضيري","53079"
"بني ملال -خنيفرة","خنيفرة","مريرت","821","25098","UC","خديجة بوعمراوي","54021"
"بني ملال -خنيفرة","خنيفرة","مريرت","821","25098","UC","محمد عبيد","53117"
"بني ملال -خنيفرة","خنيفرة","مريرت","821","25098","UC","لكبيرة وسرير","54035"
"بني ملال -خنيفرة","خنيفرة","مريرت","821","25098","UC","عبدالمالك عماري","53152"
"بني ملال -خنيفرة","خنيفرة","مريرت","821","25098","UC","احرضان جوهري","53183"
"بني ملال -خنيفرة","خنيفرة","مريرت","821","25098","UC","فاتحة عدال","53214"
"بني ملال -خنيفرة","خنيفرة","مريرت","821","25098","UC","مصطفى  زارو ","53238"
"بني ملال -خنيفرة","خنيفرة","مريرت","821","25098","UC","بوكبال المنياري","53270"
"بني ملال -خنيفرة","خنيفرة","مريرت","821","25098","UC","عبد العزيز  جوهري ","53303"
"بني ملال -خنيفرة","خنيفرة","مريرت","821","25098","UC","محمد امكاوي","53320"
"بني ملال -خنيفرة","خنيفرة","مريرت","821","25098","UC","الحاج الطاهري","132941"
"بني ملال -خنيفرة","خنيفرة","مريرت","821","25098","UC","سعيد نونازير","53386"
"بني ملال -خنيفرة","خنيفرة","مريرت","821","25098","UC","محمد اومرغادي","53571"
"بني ملال -خنيفرة","خنيفرة","مريرت","821","25098","UC","حافظ وردي","53732"
"بني ملال -خنيفرة","خنيفرة","مريرت","821","25098","UC","عدنان جوزي","53346"
"بني ملال -خنيفرة","خنيفرة","مريرت","821","25098","PI","عبد السلام زاور","131030"
"بني ملال -خنيفرة","خنيفرة","مريرت","821","25098","PI","جميلة التوفيق","131314"
"بني ملال -خنيفرة","خنيفرة","مريرت","821","25098","PI","محمد الغازولي","133041"
"بني ملال -خنيفرة","خنيفرة","مريرت","821","25098","PI","لحسن فروقي","131071"
"بني ملال -خنيفرة","خنيفرة","مريرت","821","25098","PJD","محمد عاشي","130985"
"بني ملال -خنيفرة","خنيفرة","مريرت","821","25098","PJD","فضيلة اقرحون","131471"
"بني ملال -خنيفرة","خنيفرة","مريرت","821","25098","PJD","المصطفى هاشي","131065"
"بني ملال -خنيفرة","خنيفرة","مريرت","821","25098","RNI","لحسن فاتح","130994"
"بني ملال -خنيفرة","خنيفرة","مريرت","821","25098","RNI","محمد المنصوري","131024"
"بني ملال -خنيفرة","خنيفرة","موحى أوحمو الزياني","890","26419","PI","محمد  الناظفي","5351"
"بني ملال -خنيفرة","خنيفرة","موحى أوحمو الزياني","890","26419","PI","فطيمة ابراوي","5367"
"بني ملال -خنيفرة","خنيفرة","موحى أوحمو الزياني","890","26417","PI","لحسن جابري","5109"
"بني ملال -خنيفرة","خنيفرة","موحى أوحمو الزياني","890","26417","PI","فاطمة الزهراء المرشت","5165"
"بني ملال -خنيفرة","خنيفرة","موحى أوحمو الزياني","890","26427","PI","المصطفى حجيرت","12933"
"بني ملال -خنيفرة","خنيفرة","موحى أوحمو الزياني","890","26426","PI","محمد المرشت","997"
"بني ملال -خنيفرة","خنيفرة","موحى أوحمو الزياني","890","26421","PI","لحسن الحسيني","1005"
"بني ملال -خنيفرة","خنيفرة","موحى أوحمو الزياني","890","26425","PI","الحسين وشن","5457"
"بني ملال -خنيفرة","خنيفرة","موحى أوحمو الزياني","890","26424","PI","المصطفى  كشاوي","989"
"بني ملال -خنيفرة","خنيفرة","موحى أوحمو الزياني","890","26418","PI","عبد العزيز  قنجل ","5219"
"بني ملال -خنيفرة","خنيفرة","موحى أوحمو الزياني","890","26418","PI","فظمة قنجل","5231"
"بني ملال -خنيفرة","خنيفرة","موحى أوحمو الزياني","890","26422","PI","عبو البنار","979"
"بني ملال -خنيفرة","خنيفرة","موحى أوحمو الزياني","890","26420","PI","الحسين بوفضيض","38456"
"بني ملال -خنيفرة","خنيفرة","موحى أوحمو الزياني","890","26420","PI","مليكة بوفضيض","38486"
"بني ملال -خنيفرة","خنيفرة","موحى أوحمو الزياني","890","26423","PI","لبصير امحزون","5389"
"بني ملال -خنيفرة","خنيفرة","موحى أوحمو الزياني","890","26416","PI","يونس ابراو","1054"
"بني ملال -خنيفرة","خنيفرة","موحى أوحمو الزياني","890","26428","FFD","عزيز عكاوي","1029"
"بني ملال -خنيفرة","خنيفرة","مولاي بوعزة","903","14278","MP","عبد السلام  كريم ","1002"
"بني ملال -خنيفرة","خنيفرة","مولاي بوعزة","903","14278","MP","حليمة لويزة","1018"
"بني ملال -خنيفرة","خنيفرة","مولاي بوعزة","903","14286","MP","محمد الناجمي","3302"
"بني ملال -خنيفرة","خنيفرة","مولاي بوعزة","903","14279","MP","عبد المالك وعسو","28837"
"بني ملال -خنيفرة","خنيفرة","مولاي بوعزة","903","14279","MP","نعيمة سكراط","28974"
"بني ملال -خنيفرة","خنيفرة","مولاي بوعزة","903","14280","MP","طارق المسناوي","925"
"بني ملال -خنيفرة","خنيفرة","مولاي بوعزة","903","14276","MP","عبد الاله بل قساوي","1044"
"بني ملال -خنيفرة","خنيفرة","مولاي بوعزة","903","14276","MP","فائزة ناجي","1033"
"بني ملال -خنيفرة","خنيفرة","مولاي بوعزة","903","14287","MP","عبد الله ايت وعريم","10733"
"بني ملال -خنيفرة","خنيفرة","مولاي بوعزة","903","14281","MP","محمد قدوري","943"
"بني ملال -خنيفرة","خنيفرة","مولاي بوعزة","903","14282","MP","حميد الخودي","3348"
"بني ملال -خنيفرة","خنيفرة","مولاي بوعزة","903","14283","MP","ادريس نورالدين","28322"
"بني ملال -خنيفرة","خنيفرة","مولاي بوعزة","903","14275","PJD","عبد اللطيف القدوري","47145"
"بني ملال -خنيفرة","خنيفرة","مولاي بوعزة","903","14277","PI","رضوان الناصري","46666"
"بني ملال -خنيفرة","خنيفرة","مولاي بوعزة","903","14277","PI","حسناء   العدناني","46699"
"بني ملال -خنيفرة","خنيفرة","مولاي بوعزة","903","14284","USFP","محمد الزكاة","24356"
"بني ملال -خنيفرة","خنيفرة","مولاي بوعزة","903","14285","UC","حسن شهيد","9144"
"بني ملال -خنيفرة","خنيفرة","واو مانة","943","25653","RNI","محمد بوسراف","91441"
"بني ملال -خنيفرة","خنيفرة","واو مانة","943","14905","RNI","حدوا بولوز","39342"
"بني ملال -خنيفرة","خنيفرة","واو مانة","943","14904","RNI","موحى والحو","85207"
"بني ملال -خنيفرة","خنيفرة","واو مانة","943","14906","RNI","موحى والغازي بوحليب","94063"
"بني ملال -خنيفرة","خنيفرة","واو مانة","943","25652","RNI","عبدالله مسويت","91546"
"بني ملال -خنيفرة","خنيفرة","واو مانة","943","14897","MP","سمير الناكري","92679"
"بني ملال -خنيفرة","خنيفرة","واو مانة","943","14897","MP","مريم بنعزيز","132374"
"بني ملال -خنيفرة","خنيفرة","واو مانة","943","14902","PJD","ابراهيم اشعيرة","11946"
"بني ملال -خنيفرة","خنيفرة","واو مانة","943","14900","PJD","محمد اعشوش","39670"
"بني ملال -خنيفرة","خنيفرة","واو مانة","943","14900","PJD","حادة احمري","39633"
"بني ملال -خنيفرة","خنيفرة","واو مانة","943","14903","PJD","عبد الرحمان بويمران","39180"
"بني ملال -خنيفرة","خنيفرة","واو مانة","943","14901","PJD","بوبكر اشو","91836"
"بني ملال -خنيفرة","خنيفرة","واو مانة","943","14901","PJD","زهور طالبي","91880"
"بني ملال -خنيفرة","خنيفرة","واو مانة","943","14899","PAM","مولاي ادريس سعيدي علوي","92193"
"بني ملال -خنيفرة","خنيفرة","واو مانة","943","14899","PAM","فاتحة عمراني","92236"
"بني ملال -خنيفرة","خنيفرة","واو مانة","943","14907","PAM","يوسف ملوك","91696"
"بني ملال -خنيفرة","خنيفرة","واو مانة","943","14898","PPS","محمد كرومي","92645"