region,province,commune,id_commune,circ,parti,candidat,id_candidat
"الرباط -سلا -القنيطرة","الخميسات","آيت  أوريبل","151","2145","MP","علي درهمان","16046"
"الرباط -سلا -القنيطرة","الخميسات","آيت  أوريبل","151","2145","MP","عائشة اعراب","16094"
"الرباط -سلا -القنيطرة","الخميسات","آيت  أوريبل","151","2148","MP","المحجوب المكي","16204"
"الرباط -سلا -القنيطرة","الخميسات","آيت  أوريبل","151","2149","MP","احمد معزاز","16233"
"الرباط -سلا -القنيطرة","الخميسات","آيت  أوريبل","151","2139","MP","عبد الله صاديق","20820"
"الرباط -سلا -القنيطرة","الخميسات","آيت  أوريبل","151","2144","MP","هشام  حدادا","16162"
"الرباط -سلا -القنيطرة","الخميسات","آيت  أوريبل","151","2144","MP","فاطيمة السيس","17193"
"الرباط -سلا -القنيطرة","الخميسات","آيت  أوريبل","151","2140","MP","مبارك حرش اراس","24852"
"الرباط -سلا -القنيطرة","الخميسات","آيت  أوريبل","151","2143","PAM","العربي ركيك","97334"
"الرباط -سلا -القنيطرة","الخميسات","آيت  أوريبل","151","2143","PAM","فاطمة الزهراء اصديقن","97376"
"الرباط -سلا -القنيطرة","الخميسات","آيت  أوريبل","151","2141","PAM","عبد العالي ايزاوي","81062"
"الرباط -سلا -القنيطرة","الخميسات","آيت  أوريبل","151","2146","PAM","محمد لوبات","81226"
"الرباط -سلا -القنيطرة","الخميسات","آيت  أوريبل","151","2151","PAM","محمد بن بوبدي","81689"
"الرباط -سلا -القنيطرة","الخميسات","آيت  أوريبل","151","2142","RNI","حميد  دي","55647"
"الرباط -سلا -القنيطرة","الخميسات","آيت  أوريبل","151","2142","RNI","خديجة  بوزيدي ","55674"
"الرباط -سلا -القنيطرة","الخميسات","آيت  أوريبل","151","2147","UC","عبد الكريم عميمي","127429"
"الرباط -سلا -القنيطرة","الخميسات","آيت  أوريبل","151","2150","PI","الحسن اودير","127738"
"الرباط -سلا -القنيطرة","الخميسات","آيت إيشو","122","1754","MP","جدو الادريسي","9473"
"الرباط -سلا -القنيطرة","الخميسات","آيت إيشو","122","1754","MP","نعيمة ابو حسوس","9491"
"الرباط -سلا -القنيطرة","الخميسات","آيت إيشو","122","1759","MP","احمد رفيق","42669"
"الرباط -سلا -القنيطرة","الخميسات","آيت إيشو","122","1759","MP","اصفية الرويف","43230"
"الرباط -سلا -القنيطرة","الخميسات","آيت إيشو","122","1751","MP","مولود ايت حدو","93704"
"الرباط -سلا -القنيطرة","الخميسات","آيت إيشو","122","1758","MP","مولاي بوعزة ادريسي","42582"
"الرباط -سلا -القنيطرة","الخميسات","آيت إيشو","122","1758","MP","نورة  وعزيز","42402"
"الرباط -سلا -القنيطرة","الخميسات","آيت إيشو","122","1753","MP","محمد ايت عقة نعلا","9562"
"الرباط -سلا -القنيطرة","الخميسات","آيت إيشو","122","1756","PAM","لحسن واعزيز","73891"
"الرباط -سلا -القنيطرة","الخميسات","آيت إيشو","122","1757","PAM","ابراهيم اوباحة","42656"
"الرباط -سلا -القنيطرة","الخميسات","آيت إيشو","122","1760","PAM","محمد وطلحة","43570"
"الرباط -سلا -القنيطرة","الخميسات","آيت إيشو","122","1760","PAM","لطيفة والفقيه","43612"
"الرباط -سلا -القنيطرة","الخميسات","آيت إيشو","122","1750","PAM","علي بوهاد","73938"
"الرباط -سلا -القنيطرة","الخميسات","آيت إيشو","122","1752","PAM","محمد محاسين","42605"
"الرباط -سلا -القنيطرة","الخميسات","آيت إيشو","122","1755","RNI","لحسن ايت بن مسعود","12967"
"الرباط -سلا -القنيطرة","الخميسات","آيت إيكو","124","1774","MP","محمد لحموش","76020"
"الرباط -سلا -القنيطرة","الخميسات","آيت إيكو","124","1774","MP","خدوج العلواني","75969"
"الرباط -سلا -القنيطرة","الخميسات","آيت إيكو","124","1781","MP","رشيد المحجوبي","73700"
"الرباط -سلا -القنيطرة","الخميسات","آيت إيكو","124","1781","MP","حليمة بخو","73645"
"الرباط -سلا -القنيطرة","الخميسات","آيت إيكو","124","1779","MP","رحو بطيح","75806"
"الرباط -سلا -القنيطرة","الخميسات","آيت إيكو","124","1785","MP","عبد السلام لوبات","73788"
"الرباط -سلا -القنيطرة","الخميسات","آيت إيكو","124","1775","MP","امبارك اليزيدي","77307"
"الرباط -سلا -القنيطرة","الخميسات","آيت إيكو","124","1777","MP","مسعود منصوري","58450"
"الرباط -سلا -القنيطرة","الخميسات","آيت إيكو","124","1777","MP","مارية منصوري","58327"
"الرباط -سلا -القنيطرة","الخميسات","آيت إيكو","124","1783","MP","حسان اريفي","73684"
"الرباط -سلا -القنيطرة","الخميسات","آيت إيكو","124","1784","PAM","موسى خيي","58733"
"الرباط -سلا -القنيطرة","الخميسات","آيت إيكو","124","1776","PAM","جواد ادريسي","13693"
"الرباط -سلا -القنيطرة","الخميسات","آيت إيكو","124","1778","PPS","فاطمة الميلغ","58191"
"الرباط -سلا -القنيطرة","الخميسات","آيت إيكو","124","1778","PPS","جميلة الاولى","57730"
"الرباط -سلا -القنيطرة","الخميسات","آيت إيكو","124","1786","PPS","حاكم بويسحاق","73815"
"الرباط -سلا -القنيطرة","الخميسات","آيت إيكو","124","1782","PPS","عبد الرحيم منان","8066"
"الرباط -سلا -القنيطرة","الخميسات","آيت إيكو","124","1780","PI","لحسن مصلة","84909"
"الرباط -سلا -القنيطرة","الخميسات","آيت بلقاسم","102","1519","MDS","سعيد بوطيب","10960"
"الرباط -سلا -القنيطرة","الخميسات","آيت بلقاسم","102","1516","MDS","موسى جاتو","19733"
"الرباط -سلا -القنيطرة","الخميسات","آيت بلقاسم","102","1516","MDS","ماجدة بسام","19745"
"الرباط -سلا -القنيطرة","الخميسات","آيت بلقاسم","102","1511","MDS","طارق طيشة","3626"
"الرباط -سلا -القنيطرة","الخميسات","آيت بلقاسم","102","1517","MDS","عبد الكريم المنصوري","57754"
"الرباط -سلا -القنيطرة","الخميسات","آيت بلقاسم","102","1513","MDS","عبدالكريم بنجعني","52043"
"الرباط -سلا -القنيطرة","الخميسات","آيت بلقاسم","102","1514","MDS","اعلي بكسات ","19702"
"الرباط -سلا -القنيطرة","الخميسات","آيت بلقاسم","102","1514","MDS","يامنة بكسات","19682"
"الرباط -سلا -القنيطرة","الخميسات","آيت بلقاسم","102","1520","MDS","بوعزة المغاط","10357"
"الرباط -سلا -القنيطرة","الخميسات","آيت بلقاسم","102","1510","RNI","ملوك عموري","115533"
"الرباط -سلا -القنيطرة","الخميسات","آيت بلقاسم","102","1510","RNI","لكبيرة الطالع","115674"
"الرباط -سلا -القنيطرة","الخميسات","آيت بلقاسم","102","1518","RNI","العربي الصبار","114751"
"الرباط -سلا -القنيطرة","الخميسات","آيت بلقاسم","102","1512","RNI","محمد الشحاني","113995"
"الرباط -سلا -القنيطرة","الخميسات","آيت بلقاسم","102","1512","RNI","خديجة ابيدة","114175"
"الرباط -سلا -القنيطرة","الخميسات","آيت بلقاسم","102","1515","RNI","لمصدق درقوش","114340"
"الرباط -سلا -القنيطرة","الخميسات","آيت بويحيى الحجامة","110","1612","RNI","حمادي هاشيمي","9895"
"الرباط -سلا -القنيطرة","الخميسات","آيت بويحيى الحجامة","110","1612","RNI","فدوى الهاشمي","9928"
"الرباط -سلا -القنيطرة","الخميسات","آيت بويحيى الحجامة","110","1611","RNI","زين العابدين اعنبو","44352"
"الرباط -سلا -القنيطرة","الخميسات","آيت بويحيى الحجامة","110","1611","RNI","نجلاء تغزاوي","49944"
"الرباط -سلا -القنيطرة","الخميسات","آيت بويحيى الحجامة","110","1608","RNI","محمد البرواني","3822"
"الرباط -سلا -القنيطرة","الخميسات","آيت بويحيى الحجامة","110","1614","RNI","ادريس قازة","3675"
"الرباط -سلا -القنيطرة","الخميسات","آيت بويحيى الحجامة","110","1605","MDS","عبدالالاه هرموش","115830"
"الرباط -سلا -القنيطرة","الخميسات","آيت بويحيى الحجامة","110","1610","MDS","محمد عبد الحق","9734"
"الرباط -سلا -القنيطرة","الخميسات","آيت بويحيى الحجامة","110","1609","MDS","ادريس العقاوي","11563"
"الرباط -سلا -القنيطرة","الخميسات","آيت بويحيى الحجامة","110","1604","MDS","سعيد  شهبون ","15672"
"الرباط -سلا -القنيطرة","الخميسات","آيت بويحيى الحجامة","110","1613","PAM","ادريس شبار","51916"
"الرباط -سلا -القنيطرة","الخميسات","آيت بويحيى الحجامة","110","1613","PAM","الهام القمش","51750"
"الرباط -سلا -القنيطرة","الخميسات","آيت بويحيى الحجامة","110","1607","PI","ادريس الفريتحي","113766"
"الرباط -سلا -القنيطرة","الخميسات","آيت بويحيى الحجامة","110","1607","PI","حفيظة بن زايد","121830"
"الرباط -سلا -القنيطرة","الخميسات","آيت بويحيى الحجامة","110","1606","PI","خاليد قرواش","28890"
"الرباط -سلا -القنيطرة","الخميسات","آيت سيبرن","160","2271","MP","محمد رحيمو","107304"
"الرباط -سلا -القنيطرة","الخميسات","آيت سيبرن","160","2271","MP","الهام بن عيشة","107354"
"الرباط -سلا -القنيطرة","الخميسات","آيت سيبرن","160","2278","MP","عبد العالي القرفادي","63120"
"الرباط -سلا -القنيطرة","الخميسات","آيت سيبرن","160","2278","MP","فاطمة لعديلي","73864"
"الرباط -سلا -القنيطرة","الخميسات","آيت سيبرن","160","2268","MP","الحسين بنطالب","42655"
"الرباط -سلا -القنيطرة","الخميسات","آيت سيبرن","160","2268","MP","حياة بنشافعي","42891"
"الرباط -سلا -القنيطرة","الخميسات","آيت سيبرن","160","2269","MP","زهير سرغيني","75287"
"الرباط -سلا -القنيطرة","الخميسات","آيت سيبرن","160","2274","MP","عبد الجواد  علمي عروسي ","35371"
"الرباط -سلا -القنيطرة","الخميسات","آيت سيبرن","160","2275","PI","عبدالرحمان كياص","76422"
"الرباط -سلا -القنيطرة","الخميسات","آيت سيبرن","160","2270","PAM","نورالدين عصمى","97534"
"الرباط -سلا -القنيطرة","الخميسات","آيت سيبرن","160","2272","PAM","محمد اوخي","108831"
"الرباط -سلا -القنيطرة","الخميسات","آيت سيبرن","160","2272","PAM","كتو بورقية","108917"
"الرباط -سلا -القنيطرة","الخميسات","آيت سيبرن","160","2276","RNI","بوزيان بلحرش","73365"
"الرباط -سلا -القنيطرة","الخميسات","آيت سيبرن","160","2273","RNI","حسن شديد","59228"
"الرباط -سلا -القنيطرة","الخميسات","آيت سيبرن","160","2277","FFD","زوهير ادقيش","59574"
"الرباط -سلا -القنيطرة","الخميسات","آيت علي أولحسن","1585","26639","PAM","احمد بوبكر","42123"
"الرباط -سلا -القنيطرة","الخميسات","آيت علي أولحسن","1585","26645","PAM","برحو قبدي","42230"
"الرباط -سلا -القنيطرة","الخميسات","آيت علي أولحسن","1585","26645","PAM","صباح خلوقي","42254"
"الرباط -سلا -القنيطرة","الخميسات","آيت علي أولحسن","1585","26648","PAM","يشي خلوقي","32435"
"الرباط -سلا -القنيطرة","الخميسات","آيت علي أولحسن","1585","26640","PAM","نور الدين بويدية","51175"
"الرباط -سلا -القنيطرة","الخميسات","آيت علي أولحسن","1585","26640","PAM","فاطمة مقرطة","47730"
"الرباط -سلا -القنيطرة","الخميسات","آيت علي أولحسن","1585","26641","PAM","عبد العالي الدمناتي","63931"
"الرباط -سلا -القنيطرة","الخميسات","آيت علي أولحسن","1585","26641","PAM","مليكة عمار","63829"
"الرباط -سلا -القنيطرة","الخميسات","آيت علي أولحسن","1585","26647","PAM","عمر النشاط","35935"
"الرباط -سلا -القنيطرة","الخميسات","آيت علي أولحسن","1585","26642","PAM","سعيد المقرطة","28594"
"الرباط -سلا -القنيطرة","الخميسات","آيت علي أولحسن","1585","26643","PAM","حبيبة بكرات","35274"
"الرباط -سلا -القنيطرة","الخميسات","آيت علي أولحسن","1585","26644","UC","محمد بوزرواطة","38585"
"الرباط -سلا -القنيطرة","الخميسات","آيت علي أولحسن","1585","26644","UC","سميرة لحلو","35380"
"الرباط -سلا -القنيطرة","الخميسات","آيت علي أولحسن","1585","26649","MDS","بوجمعة شليمة","42289"
"الرباط -سلا -القنيطرة","الخميسات","آيت علي أولحسن","1585","26646","MDS","مهدي حجي","19639"
"الرباط -سلا -القنيطرة","الخميسات","آيت مالك","134","1922","MDS","ادريس بوجريح","51350"
"الرباط -سلا -القنيطرة","الخميسات","آيت مالك","134","1922","MDS","فتيحة بوجريح","52089"
"الرباط -سلا -القنيطرة","الخميسات","آيت مالك","134","1926","MDS","محمد  بوحروف ","47424"
"الرباط -سلا -القنيطرة","الخميسات","آيت مالك","134","1925","MDS","حميدة مزراكي","50463"
"الرباط -سلا -القنيطرة","الخميسات","آيت مالك","134","1925","MDS","يطو الفرجي ","51256"
"الرباط -سلا -القنيطرة","الخميسات","آيت مالك","134","1918","MDS","علال دوة","51586"
"الرباط -سلا -القنيطرة","الخميسات","آيت مالك","134","1918","MDS","فاطمة دوة","51544"
"الرباط -سلا -القنيطرة","الخميسات","آيت مالك","134","1927","MDS","العربي لكويس","47342"
"الرباط -سلا -القنيطرة","الخميسات","آيت مالك","134","1919","RNI","احمد قنوش","35788"
"الرباط -سلا -القنيطرة","الخميسات","آيت مالك","134","1921","RNI","احمد اشباري","7429"
"الرباط -سلا -القنيطرة","الخميسات","آيت مالك","134","1924","RNI","عبد القادر بوجمل","32935"
"الرباط -سلا -القنيطرة","الخميسات","آيت مالك","134","1928","RNI","محمد الوقيري","59384"
"الرباط -سلا -القنيطرة","الخميسات","آيت مالك","134","1923","RNI","رشيد الهراس","48475"
"الرباط -سلا -القنيطرة","الخميسات","آيت مالك","134","1920","PAM","عبد النبي  زيان ","76421"
"الرباط -سلا -القنيطرة","الخميسات","آيت مالك","134","1920","PAM","عائشة شفيع","76461"
"الرباط -سلا -القنيطرة","الخميسات","آيت ميمون","138","1989","MDS","ميمون شعران","7679"
"الرباط -سلا -القنيطرة","الخميسات","آيت ميمون","138","1989","MDS","عزيزة ولغازي","7744"
"الرباط -سلا -القنيطرة","الخميسات","آيت ميمون","138","1995","MDS","موحى بايزي","28220"
"الرباط -سلا -القنيطرة","الخميسات","آيت ميمون","138","1995","MDS","فاطمة بلخراز","28227"
"الرباط -سلا -القنيطرة","الخميسات","آيت ميمون","138","1992","MDS","احميدو مهدي","8040"
"الرباط -سلا -القنيطرة","الخميسات","آيت ميمون","138","1992","MDS","زهرة شعران","8068"
"الرباط -سلا -القنيطرة","الخميسات","آيت ميمون","138","1987","MDS","محمد دقيش","7339"
"الرباط -سلا -القنيطرة","الخميسات","آيت ميمون","138","1984","MDS","الهواري نجوعني","43748"
"الرباط -سلا -القنيطرة","الخميسات","آيت ميمون","138","1993","MDS","الحسين طويه","7380"
"الرباط -سلا -القنيطرة","الخميسات","آيت ميمون","138","1991","MDS","الحسن بوتهري","49013"
"الرباط -سلا -القنيطرة","الخميسات","آيت ميمون","138","1988","RNI","لحسن بنحسي","15176"
"الرباط -سلا -القنيطرة","الخميسات","آيت ميمون","138","1988","RNI","حبيبة امزيان","15108"
"الرباط -سلا -القنيطرة","الخميسات","آيت ميمون","138","1986","RNI","مصطفى بولكوش","15159"
"الرباط -سلا -القنيطرة","الخميسات","آيت ميمون","138","1996","RNI","فراجي ايت با غانم","15043"
"الرباط -سلا -القنيطرة","الخميسات","آيت ميمون","138","1990","PJD","نورالدين تعبان","56509"
"الرباط -سلا -القنيطرة","الخميسات","آيت ميمون","138","1994","PJD","محمد املال","48501"
"الرباط -سلا -القنيطرة","الخميسات","آيت ميمون","138","1985","PAM","اليزيد بوقطى","57040"
"الرباط -سلا -القنيطرة","الخميسات","آيت يدين","166","2378","MP","موحى بوتهرويت","1249"
"الرباط -سلا -القنيطرة","الخميسات","آيت يدين","166","2365","MP","محمد بنسعيد","3308"
"الرباط -سلا -القنيطرة","الخميسات","آيت يدين","166","2365","MP","خديجة  بلوي","3364"
"الرباط -سلا -القنيطرة","الخميسات","آيت يدين","166","2370","MP","علال حلمو","6931"
"الرباط -سلا -القنيطرة","الخميسات","آيت يدين","166","2370","MP","مليكة حلمو","6991"
"الرباط -سلا -القنيطرة","الخميسات","آيت يدين","166","2366","MP","محمد بلختير","4908"
"الرباط -سلا -القنيطرة","الخميسات","آيت يدين","166","2380","MP","بوعزة بلقاسم","8315"
"الرباط -سلا -القنيطرة","الخميسات","آيت يدين","166","2373","MP","بنعيسى بلعروصي","8321"
"الرباط -سلا -القنيطرة","الخميسات","آيت يدين","166","2386","MP","عمر الرايا","23378"
"الرباط -سلا -القنيطرة","الخميسات","آيت يدين","166","2369","MP","لحسن بوحاجة","28012"
"الرباط -سلا -القنيطرة","الخميسات","آيت يدين","166","2376","PPS","موحى باباحى","3487"
"الرباط -سلا -القنيطرة","الخميسات","آيت يدين","166","2377","PPS","العربي بلوى","3561"
"الرباط -سلا -القنيطرة","الخميسات","آيت يدين","166","2367","PPS","الحبيب حسيني","1234"
"الرباط -سلا -القنيطرة","الخميسات","آيت يدين","166","2384","PPS","عبو بنبوسلهام","47708"
"الرباط -سلا -القنيطرة","الخميسات","آيت يدين","166","2374","PPS","الحبيب الوافي","12469"
"الرباط -سلا -القنيطرة","الخميسات","آيت يدين","166","2381","PPS","احمد  الفقير","57971"
"الرباط -سلا -القنيطرة","الخميسات","آيت يدين","166","2371","PPS","عبدالخالق حسيني","9223"
"الرباط -سلا -القنيطرة","الخميسات","آيت يدين","166","2383","RNI","محمد شحيمة","5154"
"الرباط -سلا -القنيطرة","الخميسات","آيت يدين","166","2364","RNI","لحسن الفرشيوي","3162"
"الرباط -سلا -القنيطرة","الخميسات","آيت يدين","166","2382","RNI","احمد اخبيش","84896"
"الرباط -سلا -القنيطرة","الخميسات","آيت يدين","166","2382","RNI","مينة عبور","84969"
"الرباط -سلا -القنيطرة","الخميسات","آيت يدين","166","2385","RNI","جمال بنسعيد","75467"
"الرباط -سلا -القنيطرة","الخميسات","آيت يدين","166","2372","RNI","عبد السلام بنعسو","5077"
"الرباط -سلا -القنيطرة","الخميسات","آيت يدين","166","2379","MDS","الحسين حسيني","25769"
"الرباط -سلا -القنيطرة","الخميسات","آيت يدين","166","2368","MDS","الحبيب اوحمو","15696"
"الرباط -سلا -القنيطرة","الخميسات","آيت يدين","166","2375","PJD","عمرو ازروال","75311"
"الرباط -سلا -القنيطرة","الخميسات","آيت يدين","166","2375","PJD","مامة زروال","75332"
"الرباط -سلا -القنيطرة","الخميسات","البراشوة","424","6552","PAM","عبد الله الغالي","1808"
"الرباط -سلا -القنيطرة","الخميسات","البراشوة","424","6552","PAM","خديجة اهل يعيش","1817"
"الرباط -سلا -القنيطرة","الخميسات","البراشوة","424","6551","PAM","يونس لمباركي","12494"
"الرباط -سلا -القنيطرة","الخميسات","البراشوة","424","6556","PAM","الميلودي فريحة","13006"
"الرباط -سلا -القنيطرة","الخميسات","البراشوة","424","6549","PAM","محمد لمزعتر","5910"
"الرباط -سلا -القنيطرة","الخميسات","البراشوة","424","6560","PAM","محمد دحو","9972"
"الرباط -سلا -القنيطرة","الخميسات","البراشوة","424","6548","PAM","الميلودي الموساوي","10971"
"الرباط -سلا -القنيطرة","الخميسات","البراشوة","424","6555","PAM","ياسين بنعبد الرحمان","63226"
"الرباط -سلا -القنيطرة","الخميسات","البراشوة","424","6557","PI","احمد البكاي","15116"
"الرباط -سلا -القنيطرة","الخميسات","البراشوة","424","6557","PI","ربيعة فريحة","15139"
"الرباط -سلا -القنيطرة","الخميسات","البراشوة","424","6559","PI","احمد  السلماني ","9996"
"الرباط -سلا -القنيطرة","الخميسات","البراشوة","424","6559","PI","نادية الغوازي","10021"
"الرباط -سلا -القنيطرة","الخميسات","البراشوة","424","6553","PI","خالد العياشي","61013"
"الرباط -سلا -القنيطرة","الخميسات","البراشوة","424","6558","RNI","سعيد جؤاد","48151"
"الرباط -سلا -القنيطرة","الخميسات","البراشوة","424","6558","RNI","سمية جواد","48933"
"الرباط -سلا -القنيطرة","الخميسات","البراشوة","424","6550","PDN","عبدالواحد الهدلي","30309"
"الرباط -سلا -القنيطرة","الخميسات","البراشوة","424","6554","PPS","عبدالسلام فريحة","3842"
"الرباط -سلا -القنيطرة","الخميسات","الخميسات","713","25042","PJD","عبد الله بنحمو","43824"
"الرباط -سلا -القنيطرة","الخميسات","الخميسات","713","25042","PJD","ربيعة بوجة","43765"
"الرباط -سلا -القنيطرة","الخميسات","الخميسات","713","25042","PJD","اسماعيل مشعر","42944"
"الرباط -سلا -القنيطرة","الخميسات","الخميسات","713","25042","PJD","محمد ابقي","43074"
"الرباط -سلا -القنيطرة","الخميسات","الخميسات","713","25042","PJD","سعيد الخلفي","43215"
"الرباط -سلا -القنيطرة","الخميسات","الخميسات","713","25042","PJD","الحسين عصمة","43280"
"الرباط -سلا -القنيطرة","الخميسات","الخميسات","713","25042","PJD","يوسف بن هيبة","43345"
"الرباط -سلا -القنيطرة","الخميسات","الخميسات","713","25042","PPS","سعيد منصوري","32350"
"الرباط -سلا -القنيطرة","الخميسات","الخميسات","713","25042","PPS","السعدية اهنو","33017"
"الرباط -سلا -القنيطرة","الخميسات","الخميسات","713","25042","PPS","خليد اوحريش","32372"
"الرباط -سلا -القنيطرة","الخميسات","الخميسات","713","25042","PPS","حميد حدادي","32383"
"الرباط -سلا -القنيطرة","الخميسات","الخميسات","713","25042","PPS","فريد نصري","32389"
"الرباط -سلا -القنيطرة","الخميسات","الخميسات","713","25042","PPS","مراد بوعلام","32393"
"الرباط -سلا -القنيطرة","الخميسات","الخميسات","713","25042","RNI","عبد السلام البويرماني","57410"
"الرباط -سلا -القنيطرة","الخميسات","الخميسات","713","25042","RNI","امينة زنيبر","59347"
"الرباط -سلا -القنيطرة","الخميسات","الخميسات","713","25042","RNI","خالد بروزيين","59179"
"الرباط -سلا -القنيطرة","الخميسات","الخميسات","713","25042","RNI","عبد العزيز صديقي","59251"
"الرباط -سلا -القنيطرة","الخميسات","الخميسات","713","25042","RNI","خطيب برقية","59279"
"الرباط -سلا -القنيطرة","الخميسات","الخميسات","713","25042","SAP","عبد الحميد بلفيل","41969"
"الرباط -سلا -القنيطرة","الخميسات","الخميسات","713","25042","SAP","العزيزة بويسحاق","43499"
"الرباط -سلا -القنيطرة","الخميسات","الخميسات","713","25042","SAP","مصطفى نوحي","42032"
"الرباط -سلا -القنيطرة","الخميسات","الخميسات","713","25042","SAP","محمد ياسيني","42161"
"الرباط -سلا -القنيطرة","الخميسات","الخميسات","713","25042","PI","عادل ابن حمزة","14889"
"الرباط -سلا -القنيطرة","الخميسات","الخميسات","713","25042","PI","  مريمة    حموزين","15437"
"الرباط -سلا -القنيطرة","الخميسات","الخميسات","713","25042","PI","بوجمعة بولعياظ","14899"
"الرباط -سلا -القنيطرة","الخميسات","الخميسات","713","25042","PI","يوسف الصغير","14902"
"الرباط -سلا -القنيطرة","الخميسات","الخميسات","713","25042","PAM","عبد الحميد منواش","22991"
"الرباط -سلا -القنيطرة","الخميسات","الخميسات","713","25042","PAM","ليلى الاحمادي","23871"
"الرباط -سلا -القنيطرة","الخميسات","الخميسات","713","25042","PAM","سليمان  منصوري","23009"
"الرباط -سلا -القنيطرة","الخميسات","الخميسات","713","25042","PAM","جواد بومعجون","23023"
"الرباط -سلا -القنيطرة","الخميسات","الخميسات","713","25042","MP","الحسين الجامعي","7729"
"الرباط -سلا -القنيطرة","الخميسات","الخميسات","713","25042","MP","طه بلكوح","7794"
"الرباط -سلا -القنيطرة","الخميسات","الخميسات","713","25042","MP","مولود القنبي","7870"
"الرباط -سلا -القنيطرة","الخميسات","الخميسات","713","25042","USFP","فؤاد لعتريس","93665"
"الرباط -سلا -القنيطرة","الخميسات","الخميسات","713","25042","USFP","عبد السلام لمغاري","93732"
"الرباط -سلا -القنيطرة","الخميسات","الخميسات","713","25042","USFP","ادريس  مهيدرة","93833"
"الرباط -سلا -القنيطرة","الخميسات","الخميسات","713","25042","FFD","الطاهر احيزون","65545"
"الرباط -سلا -القنيطرة","الخميسات","الخميسات","713","25042","FFD"," ابراهيم مهتدي","65749"
"الرباط -سلا -القنيطرة","الخميسات","الخميسات","713","25042","FFD","احمد بوشيخي","65894"
"الرباط -سلا -القنيطرة","الخميسات","الرماني","1102","17308","PPS","بوعمرو دين","11097"
"الرباط -سلا -القنيطرة","الخميسات","الرماني","1102","17308","PPS","امينة عزوزي","11136"
"الرباط -سلا -القنيطرة","الخميسات","الرماني","1102","17296","PPS","محسن اجمايلي","55"
"الرباط -سلا -القنيطرة","الخميسات","الرماني","1102","17304","PPS","احمد الهيلع","86365"
"الرباط -سلا -القنيطرة","الخميسات","الرماني","1102","17299","PPS","عبد الله الكويرة","3132"
"الرباط -سلا -القنيطرة","الخميسات","الرماني","1102","17299","PPS","سعاد لمباركي الادريسي","3166"
"الرباط -سلا -القنيطرة","الخميسات","الرماني","1102","17302","PPS","الجيلالي ابو الحلال","832"
"الرباط -سلا -القنيطرة","الخميسات","الرماني","1102","17300","PPS","بوعزة صيباري","2703"
"الرباط -سلا -القنيطرة","الخميسات","الرماني","1102","17301","PAM","الحسين الفرخ","3011"
"الرباط -سلا -القنيطرة","الخميسات","الرماني","1102","17305","PAM","دحو مدني","3379"
"الرباط -سلا -القنيطرة","الخميسات","الرماني","1102","17305","PAM","الزهرة المعزوزي","3394"
"الرباط -سلا -القنيطرة","الخميسات","الرماني","1102","17303","PAM","عزيز اكلو","4897"
"الرباط -سلا -القنيطرة","الخميسات","الرماني","1102","17303","PAM","ملكة المحمدي","4910"
"الرباط -سلا -القنيطرة","الخميسات","الرماني","1102","17297","PAM","عبد الرحيم فائز","82441"
"الرباط -سلا -القنيطرة","الخميسات","الرماني","1102","17298","PI","بلعيد معطى الله","6670"
"الرباط -سلا -القنيطرة","الخميسات","الرماني","1102","17307","PI","محمد بوحجة","820"
"الرباط -سلا -القنيطرة","الخميسات","الرماني","1102","17306","PJD","رشيد الموساوي","82819"
"الرباط -سلا -القنيطرة","الخميسات","الزحيلكة","533","8382","PI","بوشتى وادي","103625"
"الرباط -سلا -القنيطرة","الخميسات","الزحيلكة","533","8382","PI","نوال الجوادي","103697"
"الرباط -سلا -القنيطرة","الخميسات","الزحيلكة","533","8376","PI","بوعمرو تغوان","102551"
"الرباط -سلا -القنيطرة","الخميسات","الزحيلكة","533","8376","PI","نعيمة الجوادي","102671"
"الرباط -سلا -القنيطرة","الخميسات","الزحيلكة","533","8378","PI","محمد المعطاوي","85485"
"الرباط -سلا -القنيطرة","الخميسات","الزحيلكة","533","8387","PI","أعلي الوردي","84389"
"الرباط -سلا -القنيطرة","الخميسات","الزحيلكة","533","8387","PI","غزلان عشاكي","84472"
"الرباط -سلا -القنيطرة","الخميسات","الزحيلكة","533","8391","PI","علي الماموني","49685"
"الرباط -سلا -القنيطرة","الخميسات","الزحيلكة","533","8383","PI","قاسم الجوادي","49025"
"الرباط -سلا -القنيطرة","الخميسات","الزحيلكة","533","8395","PI","عبدالسلام عشاكي","16217"
"الرباط -سلا -القنيطرة","الخميسات","الزحيلكة","533","8396","PI","محمد بكاس","49361"
"الرباط -سلا -القنيطرة","الخميسات","الزحيلكة","533","8381","PI","عبد الرحيم شملي","94828"
"الرباط -سلا -القنيطرة","الخميسات","الزحيلكة","533","8379","PI","محمد واضح","86544"
"الرباط -سلا -القنيطرة","الخميسات","الزحيلكة","533","8388","PI","الميلودي الكرطي","86222"
"الرباط -سلا -القنيطرة","الخميسات","الزحيلكة","533","8375","PI","ادريس  لمباركي","92466"
"الرباط -سلا -القنيطرة","الخميسات","الزحيلكة","533","8384","PI","محمد كيحل","86363"
"الرباط -سلا -القنيطرة","الخميسات","الزحيلكة","533","8389","PJD","عبد الباقي شاكيري","87126"
"الرباط -سلا -القنيطرة","الخميسات","الزحيلكة","533","8389","PJD","بشرى بنعسري","87061"
"الرباط -سلا -القنيطرة","الخميسات","الزحيلكة","533","8393","PJD","الجيلالي مسهل","87275"
"الرباط -سلا -القنيطرة","الخميسات","الزحيلكة","533","8390","PJD","محمد لبصير","133073"
"الرباط -سلا -القنيطرة","الخميسات","الزحيلكة","533","8392","PJD","بنمبارك العثماني","86619"
"الرباط -سلا -القنيطرة","الخميسات","الزحيلكة","533","8386","PJD","محمد  مخلوفي","84709"
"الرباط -سلا -القنيطرة","الخميسات","الزحيلكة","533","8394","PJD","علي الخبزي","85818"
"الرباط -سلا -القنيطرة","الخميسات","الزحيلكة","533","8385","PJD","عبدالرحيم كاسمي","92288"
"الرباط -سلا -القنيطرة","الخميسات","الزحيلكة","533","8377","PJD","بوعزة حيدة","42565"
"الرباط -سلا -القنيطرة","الخميسات","الزحيلكة","533","8397","PJD","محمد بنعسري","92131"
"الرباط -سلا -القنيطرة","الخميسات","الزحيلكة","533","8380","PJD","عبد الباقي لمباركي","100204"
"الرباط -سلا -القنيطرة","الخميسات","الصفاصيف","1141","18073","MP","محمد هاشي","73510"
"الرباط -سلا -القنيطرة","الخميسات","الصفاصيف","1141","18073","MP","سناء الشعيبي","73547"
"الرباط -سلا -القنيطرة","الخميسات","الصفاصيف","1141","18065","MP","حميد بلميلودي","47005"
"الرباط -سلا -القنيطرة","الخميسات","الصفاصيف","1141","18070","MP","علي احبشان","110017"
"الرباط -سلا -القنيطرة","الخميسات","الصفاصيف","1141","18069","MP","خالد بوشيخي","58238"
"الرباط -سلا -القنيطرة","الخميسات","الصفاصيف","1141","18074","MP","مراد بلغازي","73463"
"الرباط -سلا -القنيطرة","الخميسات","الصفاصيف","1141","18074","MP","حبيبة حاجي","73478"
"الرباط -سلا -القنيطرة","الخميسات","الصفاصيف","1141","18076","MDS","خديجة والباشا","97861"
"الرباط -سلا -القنيطرة","الخميسات","الصفاصيف","1141","18076","MDS","هند الصغير","97763"
"الرباط -سلا -القنيطرة","الخميسات","الصفاصيف","1141","18072","MDS","عبد الرحيم رحالي","75878"
"الرباط -سلا -القنيطرة","الخميسات","الصفاصيف","1141","18071","MDS","عبد السلام دراز","15456"
"الرباط -سلا -القنيطرة","الخميسات","الصفاصيف","1141","18068","PAM","عبد الباقي لعجالي","58132"
"الرباط -سلا -القنيطرة","الخميسات","الصفاصيف","1141","18075","PAM","لحسن ابروها","75795"
"الرباط -سلا -القنيطرة","الخميسات","الصفاصيف","1141","18066","PAM","فريد ابراهيمي","58851"
"الرباط -سلا -القنيطرة","الخميسات","الصفاصيف","1141","18077","PPS","موحى بولهري","15482"
"الرباط -سلا -القنيطرة","الخميسات","الصفاصيف","1141","18077","PPS","فاطمة شواري","15515"
"الرباط -سلا -القنيطرة","الخميسات","الصفاصيف","1141","18067","PI","سليمان الطاهري","76366"
"الرباط -سلا -القنيطرة","الخميسات","الغوالم","758","11953","PAM","محمد بوعطية","10266"
"الرباط -سلا -القنيطرة","الخميسات","الغوالم","758","11947","PAM","احمد اكريم","3906"
"الرباط -سلا -القنيطرة","الخميسات","الغوالم","758","11954","PAM","احمد الخنوشى","17973"
"الرباط -سلا -القنيطرة","الخميسات","الغوالم","758","11945","PAM","علي الخرساني","2278"
"الرباط -سلا -القنيطرة","الخميسات","الغوالم","758","11946","PAM","البواب لكصير","3869"
"الرباط -سلا -القنيطرة","الخميسات","الغوالم","758","11952","PI","محمد العلمي","41843"
"الرباط -سلا -القنيطرة","الخميسات","الغوالم","758","11952","PI","مليكة البشيري","41855"
"الرباط -سلا -القنيطرة","الخميسات","الغوالم","758","11949","PI","محمد الخلادي","41906"
"الرباط -سلا -القنيطرة","الخميسات","الغوالم","758","11948","PI","محمد اغنيوة","42307"
"الرباط -سلا -القنيطرة","الخميسات","الغوالم","758","11944","PI","عبدالرؤوف المتوكل","83371"
"الرباط -سلا -القنيطرة","الخميسات","الغوالم","758","11955","PI","خليد الفنيري","42114"
"الرباط -سلا -القنيطرة","الخميسات","الغوالم","758","11951","UC","محمد البشيري","97073"
"الرباط -سلا -القنيطرة","الخميسات","الغوالم","758","11951","UC","فاطمة المسعودي","97120"
"الرباط -سلا -القنيطرة","الخميسات","الكنزرة","493","7696","MP","احمد بنعقى","13081"
"الرباط -سلا -القنيطرة","الخميسات","الكنزرة","493","7695","MP","لحسن كرماعي","14994"
"الرباط -سلا -القنيطرة","الخميسات","الكنزرة","493","7695","MP","سميرة كرماعي","14977"
"الرباط -سلا -القنيطرة","الخميسات","الكنزرة","493","7688","MP","محمد كحل العين","12814"
"الرباط -سلا -القنيطرة","الخميسات","الكنزرة","493","7688","MP","مليكة رحمون","12918"
"الرباط -سلا -القنيطرة","الخميسات","الكنزرة","493","7690","MP","يوسف عزوز","8120"
"الرباط -سلا -القنيطرة","الخميسات","الكنزرة","493","7691","MP","خالد بورومين","12978"
"الرباط -سلا -القنيطرة","الخميسات","الكنزرة","493","7685","PPS","الحسن مبخوت","9268"
"الرباط -سلا -القنيطرة","الخميسات","الكنزرة","493","7693","PPS","محمد التباع","3084"
"الرباط -سلا -القنيطرة","الخميسات","الكنزرة","493","7693","PPS","فاطمة قسيوي","3104"
"الرباط -سلا -القنيطرة","الخميسات","الكنزرة","493","7687","PPS","حفيظ بنيحيا","56352"
"الرباط -سلا -القنيطرة","الخميسات","الكنزرة","493","7686","PPS","محمد المشاطي","32914"
"الرباط -سلا -القنيطرة","الخميسات","الكنزرة","493","7699","PPS","الحسن اقريفد","13029"
"الرباط -سلا -القنيطرة","الخميسات","الكنزرة","493","7689","PPS","خشان بلقائد","9183"
"الرباط -سلا -القنيطرة","الخميسات","الكنزرة","493","7697","PPS","محمد بلعزيز","25710"
"الرباط -سلا -القنيطرة","الخميسات","الكنزرة","493","7694","PPS","ملود بنحتى","12407"
"الرباط -سلا -القنيطرة","الخميسات","الكنزرة","493","7698","PAM","حمادي خناز","4803"
"الرباط -سلا -القنيطرة","الخميسات","الكنزرة","493","7692","PDI","عبد الله الحويفي","55763"
"الرباط -سلا -القنيطرة","الخميسات","الكنزرة","493","7692","PDI","مولودة باحدو","55775"
"الرباط -سلا -القنيطرة","الخميسات","المعازيز","832","13124","MP","محمد امزيل","25378"
"الرباط -سلا -القنيطرة","الخميسات","المعازيز","832","13121","MP","محمد العماري","13667"
"الرباط -سلا -القنيطرة","الخميسات","المعازيز","832","13121","MP","حفيضة ناصر","13703"
"الرباط -سلا -القنيطرة","الخميسات","المعازيز","832","13122","MP","حميد بونوار","12615"
"الرباط -سلا -القنيطرة","الخميسات","المعازيز","832","13112","MP","ادريس شمراح","12689"
"الرباط -سلا -القنيطرة","الخميسات","المعازيز","832","13119","MDS","امبارك بونوارا","18584"
"الرباط -سلا -القنيطرة","الخميسات","المعازيز","832","13119","MDS","عواطف الورديغي","18613"
"الرباط -سلا -القنيطرة","الخميسات","المعازيز","832","13113","MDS","حسن اوفريد","83670"
"الرباط -سلا -القنيطرة","الخميسات","المعازيز","832","13113","MDS","محجوبة ازكال","83831"
"الرباط -سلا -القنيطرة","الخميسات","المعازيز","832","13114","MDS","سيدي محمد بوفكران","12924"
"الرباط -سلا -القنيطرة","الخميسات","المعازيز","832","13118","PAM","محمد القدوسي","13627"
"الرباط -سلا -القنيطرة","الخميسات","المعازيز","832","13123","PAM","عبد العزيز الخلفي","93006"
"الرباط -سلا -القنيطرة","الخميسات","المعازيز","832","13117","PI","عزيز ناصري","7922"
"الرباط -سلا -القنيطرة","الخميسات","المعازيز","832","13116","PPS","اشرف شهبون","13639"
"الرباط -سلا -القنيطرة","الخميسات","المعازيز","832","13115","RNI","سماعيل فلاحي","94669"
"الرباط -سلا -القنيطرة","الخميسات","المعازيز","832","13120","USFP","الحسان العمارى","107200"
"الرباط -سلا -القنيطرة","الخميسات","المعازيز","832","13120","USFP","نزهة والراس","107154"
"الرباط -سلا -القنيطرة","الخميسات","اولماس","1061","16696","PAM","محمد بوزيد","11680"
"الرباط -سلا -القنيطرة","الخميسات","اولماس","1061","16704","PAM","المصطفى معي","11805"
"الرباط -سلا -القنيطرة","الخميسات","اولماس","1061","16698","PAM","مولاي علاوي","9543"
"الرباط -سلا -القنيطرة","الخميسات","اولماس","1061","16697","PAM","حدو اقبوش","7697"
"الرباط -سلا -القنيطرة","الخميسات","اولماس","1061","16688","PAM","لحسن حاكمي","44797"
"الرباط -سلا -القنيطرة","الخميسات","اولماس","1061","16688","PAM","ناجية تازي","44755"
"الرباط -سلا -القنيطرة","الخميسات","اولماس","1061","16692","PAM","حسن لمراني","17737"
"الرباط -سلا -القنيطرة","الخميسات","اولماس","1061","16703","PAM","جواد حرشاوي","59381"
"الرباط -سلا -القنيطرة","الخميسات","اولماس","1061","16687","PAM","محمد اشرورو","12072"
"الرباط -سلا -القنيطرة","الخميسات","اولماس","1061","16687","PAM","نجاة اقزوز","15817"
"الرباط -سلا -القنيطرة","الخميسات","اولماس","1061","16694","PAM","رشيد ملياني ","12191"
"الرباط -سلا -القنيطرة","الخميسات","اولماس","1061","16694","PAM","سعيدة الحاجي","13255"
"الرباط -سلا -القنيطرة","الخميسات","اولماس","1061","16691","PAM","احمد ادريسي","7017"
"الرباط -سلا -القنيطرة","الخميسات","اولماس","1061","16706","PAM","عسوا عسيوي","12798"
"الرباط -سلا -القنيطرة","الخميسات","اولماس","1061","16707","PAM","بادي عكاوي","42205"
"الرباط -سلا -القنيطرة","الخميسات","اولماس","1061","16701","PPS","علال احيزون","7415"
"الرباط -سلا -القنيطرة","الخميسات","اولماس","1061","16702","PPS","مصطفى عية","59122"
"الرباط -سلا -القنيطرة","الخميسات","اولماس","1061","16700","PPS","الجيلالي بايد","24511"
"الرباط -سلا -القنيطرة","الخميسات","اولماس","1061","16690","PPS","جمال علابو","7070"
"الرباط -سلا -القنيطرة","الخميسات","اولماس","1061","16708","RNI","عزيز عسيوي","73236"
"الرباط -سلا -القنيطرة","الخميسات","اولماس","1061","16699","RNI","معمي امباركي","25425"
"الرباط -سلا -القنيطرة","الخميسات","اولماس","1061","16695","RNI","عبدالله ملال","12100"
"الرباط -سلا -القنيطرة","الخميسات","اولماس","1061","16705","RNI","لحسن اوقسو","11993"
"الرباط -سلا -القنيطرة","الخميسات","اولماس","1061","16709","MDS","المحجوبي احرضان","29110"
"الرباط -سلا -القنيطرة","الخميسات","اولماس","1061","16693","PI","بن حمو أوحيرة","88085"
"الرباط -سلا -القنيطرة","الخميسات","بوقشمير","413","6400","MP","محمد طاباش","24755"
"الرباط -سلا -القنيطرة","الخميسات","بوقشمير","413","6400","MP","فاطنة علالي","24718"
"الرباط -سلا -القنيطرة","الخميسات","بوقشمير","413","6396","MP","مولاي ادريس عسيوي","58794"
"الرباط -سلا -القنيطرة","الخميسات","بوقشمير","413","6396","MP","نجية المرابطي","58844"
"الرباط -سلا -القنيطرة","الخميسات","بوقشمير","413","6402","MP","حميد بوطاهر","18444"
"الرباط -سلا -القنيطرة","الخميسات","بوقشمير","413","6404","MP","محمد جعجي","24252"
"الرباط -سلا -القنيطرة","الخميسات","بوقشمير","413","6397","MP","مولود شرور","13247"
"الرباط -سلا -القنيطرة","الخميسات","بوقشمير","413","6397","MP","مليكة الخيال","13079"
"الرباط -سلا -القنيطرة","الخميسات","بوقشمير","413","6398","MP","موحى عثماني","73945"
"الرباط -سلا -القنيطرة","الخميسات","بوقشمير","413","6398","MP","حليمة عثماني","73953"
"الرباط -سلا -القنيطرة","الخميسات","بوقشمير","413","6399","MP","امحمد اوخنسة","18158"
"الرباط -سلا -القنيطرة","الخميسات","بوقشمير","413","6395","MP","الحسين انعب","24984"
"الرباط -سلا -القنيطرة","الخميسات","بوقشمير","413","6403","MP","محمد جواد","27987"
"الرباط -سلا -القنيطرة","الخميسات","بوقشمير","413","6405","MP","هشام  ايت احبيبي ","24595"
"الرباط -سلا -القنيطرة","الخميسات","بوقشمير","413","6401","MP","بنحدو بوبري","25269"
"الرباط -سلا -القنيطرة","الخميسات","تيداس","1427","22517","MP","محمد صماما","26961"
"الرباط -سلا -القنيطرة","الخميسات","تيداس","1427","22516","MP","ادريس لفقيه","15693"
"الرباط -سلا -القنيطرة","الخميسات","تيداس","1427","22516","MP","رشيدة اعرور","15646"
"الرباط -سلا -القنيطرة","الخميسات","تيداس","1427","22508","MP","احمدى زهراوي","13331"
"الرباط -سلا -القنيطرة","الخميسات","تيداس","1427","22508","MP","هنو ساتي","13365"
"الرباط -سلا -القنيطرة","الخميسات","تيداس","1427","22513","MP","حمو بولحسن","26931"
"الرباط -سلا -القنيطرة","الخميسات","تيداس","1427","22511","MP","احمد مقران","9302"
"الرباط -سلا -القنيطرة","الخميسات","تيداس","1427","22515","MP","يوسف حجاوي","17896"
"الرباط -سلا -القنيطرة","الخميسات","تيداس","1427","22515","MP","نادية منصوري","17946"
"الرباط -سلا -القنيطرة","الخميسات","تيداس","1427","22506","PAM","ادريس العماري","664"
"الرباط -سلا -القنيطرة","الخميسات","تيداس","1427","22514","PAM","لحسن بايا","15777"
"الرباط -سلا -القنيطرة","الخميسات","تيداس","1427","22514","PAM","شميشة  الحنوني ","15750"
"الرباط -سلا -القنيطرة","الخميسات","تيداس","1427","22512","PAM","احمد مارك","56625"
"الرباط -سلا -القنيطرة","الخميسات","تيداس","1427","22505","PAM","محمد لمغارني","15368"
"الرباط -سلا -القنيطرة","الخميسات","تيداس","1427","22507","PAM","للاامينة  مالكي","747"
"الرباط -سلا -القنيطرة","الخميسات","تيداس","1427","22509","PAM","الحاج حرشاوي","25109"
"الرباط -سلا -القنيطرة","الخميسات","تيداس","1427","22510","USFP","جواد العلواني","57368"
"الرباط -سلا -القنيطرة","الخميسات","تيفلت","1436","25043","MDS","عبدالصمد عرشان","5"
"الرباط -سلا -القنيطرة","الخميسات","تيفلت","1436","25043","MDS","لالة عين الشمس بابا علال","8"
"الرباط -سلا -القنيطرة","الخميسات","تيفلت","1436","25043","MDS","المصطفى بومهدي","7"
"الرباط -سلا -القنيطرة","الخميسات","تيفلت","1436","25043","MDS","نعيمة العوني","11"
"الرباط -سلا -القنيطرة","الخميسات","تيفلت","1436","25043","MDS","محمد البنوري","10"
"الرباط -سلا -القنيطرة","الخميسات","تيفلت","1436","25043","MDS","احمد الطوكي","13"
"الرباط -سلا -القنيطرة","الخميسات","تيفلت","1436","25043","MDS","محمود عرشان","15"
"الرباط -سلا -القنيطرة","الخميسات","تيفلت","1436","25043","MDS","جمعة بنمهامى","17"
"الرباط -سلا -القنيطرة","الخميسات","تيفلت","1436","25043","MDS","محمد  عشاق","19"
"الرباط -سلا -القنيطرة","الخميسات","تيفلت","1436","25043","MDS","امبارك  افرح","21"
"الرباط -سلا -القنيطرة","الخميسات","تيفلت","1436","25043","MDS","بناصر لعشير","23"
"الرباط -سلا -القنيطرة","الخميسات","تيفلت","1436","25043","MDS","احمد بورابي","24"
"الرباط -سلا -القنيطرة","الخميسات","تيفلت","1436","25043","PJD","جواد كنينة","19869"
"الرباط -سلا -القنيطرة","الخميسات","تيفلت","1436","25043","PJD","حليمة ستوت","20389"
"الرباط -سلا -القنيطرة","الخميسات","تيفلت","1436","25043","PJD","وفاء المحمدي","21197"
"الرباط -سلا -القنيطرة","الخميسات","تيفلت","1436","25043","PJD","محمد بولعنان","19906"
"الرباط -سلا -القنيطرة","الخميسات","تيفلت","1436","25043","PJD","محمد بوسعدان","19932"
"الرباط -سلا -القنيطرة","الخميسات","تيفلت","1436","25043","PJD","صالح شوخيري","19969"
"الرباط -سلا -القنيطرة","الخميسات","تيفلت","1436","25043","USFP","الحسين النعمي","62471"
"الرباط -سلا -القنيطرة","الخميسات","تيفلت","1436","25043","USFP","فاطمة البدالي","65482"
"الرباط -سلا -القنيطرة","الخميسات","تيفلت","1436","25043","USFP","اسعيد الذرقوش","67061"
"الرباط -سلا -القنيطرة","الخميسات","تيفلت","1436","25043","USFP","علي الكداري","62659"
"الرباط -سلا -القنيطرة","الخميسات","تيفلت","1436","25043","UC","سي محمد برقية","18297"
"الرباط -سلا -القنيطرة","الخميسات","تيفلت","1436","25043","UC","ايمان بنالبغدادي","19053"
"الرباط -سلا -القنيطرة","الخميسات","تيفلت","1436","25043","UC","محمد لحسيني","18333"
"الرباط -سلا -القنيطرة","الخميسات","تيفلت","1436","25043","UC","نورالدين باشطيط","18356"
"الرباط -سلا -القنيطرة","الخميسات","تيفلت","1436","25043","RNI","خالد برقية","99710"
"الرباط -سلا -القنيطرة","الخميسات","تيفلت","1436","25043","RNI","نزهة الزهاني","102058"
"الرباط -سلا -القنيطرة","الخميسات","تيفلت","1436","25043","RNI","عبدالعالي بوطاهري","99780"
"الرباط -سلا -القنيطرة","الخميسات","تيفلت","1436","25043","FFD","محمد سعد","11592"
"الرباط -سلا -القنيطرة","الخميسات","تيفلت","1436","25043","FFD","محمد بوعلام","11801"
"الرباط -سلا -القنيطرة","الخميسات","تيفلت","1436","25043","PPS","كريم تاج","67445"
"الرباط -سلا -القنيطرة","الخميسات","تيفلت","1436","25043","PPS","اسماعيل بنوري","67555"
"الرباط -سلا -القنيطرة","الخميسات","تيفلت","1436","25043","PI","حسن البرعي","24765"
"الرباط -سلا -القنيطرة","الخميسات","تيفلت","1436","25043","PI","ادريس الغزالي","24818"
"الرباط -سلا -القنيطرة","الخميسات","جمعة مول البلاد","684","10688","PAM","هشام بوزيد","57139"
"الرباط -سلا -القنيطرة","الخميسات","جمعة مول البلاد","684","10682","PAM","حسن الفاروقي","2299"
"الرباط -سلا -القنيطرة","الخميسات","جمعة مول البلاد","684","10690","PAM","بوقين العبدلاوي","3676"
"الرباط -سلا -القنيطرة","الخميسات","جمعة مول البلاد","684","10690","PAM","صباح ادريسي مكناسي","3758"
"الرباط -سلا -القنيطرة","الخميسات","جمعة مول البلاد","684","10682","PAM","فاطنة لغنيمى","2318"
"الرباط -سلا -القنيطرة","الخميسات","جمعة مول البلاد","684","10692","PAM","احمد سعيد","57213"
"الرباط -سلا -القنيطرة","الخميسات","جمعة مول البلاد","684","10689","PAM","سعيد حجاوي ","38368"
"الرباط -سلا -القنيطرة","الخميسات","جمعة مول البلاد","684","10686","PAM","جليل الداودي","91801"
"الرباط -سلا -القنيطرة","الخميسات","جمعة مول البلاد","684","10683","PAM","عزيز بن مشيش","6503"
"الرباط -سلا -القنيطرة","الخميسات","جمعة مول البلاد","684","10683","PAM","ملكة الناضري","6520"
"الرباط -سلا -القنيطرة","الخميسات","جمعة مول البلاد","684","10684","PAM","محمد الجوهري","15243"
"الرباط -سلا -القنيطرة","الخميسات","جمعة مول البلاد","684","10685","PI","محمد النسائي","15264"
"الرباط -سلا -القنيطرة","الخميسات","جمعة مول البلاد","684","10691","PI","حسن العومري","15421"
"الرباط -سلا -القنيطرة","الخميسات","جمعة مول البلاد","684","10691","PI","رحمة  بن لعسيري","15439"
"الرباط -سلا -القنيطرة","الخميسات","جمعة مول البلاد","684","10687","MP","يوسف الوازني","60439"
"الرباط -سلا -القنيطرة","الخميسات","حودران","601","9520","MP","عبد الله اخلاف","50504"
"الرباط -سلا -القنيطرة","الخميسات","حودران","601","9521","MP","محمد بنعياد","73719"
"الرباط -سلا -القنيطرة","الخميسات","حودران","601","9521","MP","عزيزة عزوزي","73731"
"الرباط -سلا -القنيطرة","الخميسات","حودران","601","9515","MP","لحسن  حباد ","44668"
"الرباط -سلا -القنيطرة","الخميسات","حودران","601","9523","MP","ادريس الغريسي","68223"
"الرباط -سلا -القنيطرة","الخميسات","حودران","601","9523","MP","خديجة  الخنتور","57869"
"الرباط -سلا -القنيطرة","الخميسات","حودران","601","9522","PAM","محمد ناصر","4936"
"الرباط -سلا -القنيطرة","الخميسات","حودران","601","9516","PAM","جمال بونهير ","797"
"الرباط -سلا -القنيطرة","الخميسات","حودران","601","9514","PAM","رشيد بنعناع","57681"
"الرباط -سلا -القنيطرة","الخميسات","حودران","601","9517","PAM","احماد بنيحيى","9518"
"الرباط -سلا -القنيطرة","الخميسات","حودران","601","9513","PAM","بوعزة والكبير","828"
"الرباط -سلا -القنيطرة","الخميسات","حودران","601","9518","PPS","مصطفى مكول","12883"
"الرباط -سلا -القنيطرة","الخميسات","حودران","601","9518","PPS","مينة مكول","12442"
"الرباط -سلا -القنيطرة","الخميسات","حودران","601","9519","PPS","عزيز حدو بوعزة","13735"
"الرباط -سلا -القنيطرة","الخميسات","حودران","601","9519","PPS","ام كلتوم تيزغة","13732"
"الرباط -سلا -القنيطرة","الخميسات","خميس سيدي يحيى","712","11159","PPS","عزيز العجوطي","15707"
"الرباط -سلا -القنيطرة","الخميسات","خميس سيدي يحيى","712","11161","PPS","الطيبي بنحميدان","10240"
"الرباط -سلا -القنيطرة","الخميسات","خميس سيدي يحيى","712","11158","PPS","ادريس السعداوي","57074"
"الرباط -سلا -القنيطرة","الخميسات","خميس سيدي يحيى","712","11163","PPS","محمد بوكريعة","10256"
"الرباط -سلا -القنيطرة","الخميسات","خميس سيدي يحيى","712","11164","MP","لحسن شهبون","56858"
"الرباط -سلا -القنيطرة","الخميسات","خميس سيدي يحيى","712","11164","MP","رحمة الزهاني","56911"
"الرباط -سلا -القنيطرة","الخميسات","خميس سيدي يحيى","712","11156","MP","بوعزة الكانوني","11780"
"الرباط -سلا -القنيطرة","الخميسات","خميس سيدي يحيى","712","11156","MP","مريم العلوش","12064"
"الرباط -سلا -القنيطرة","الخميسات","خميس سيدي يحيى","712","11166","MP","وزان ايكن","15535"
"الرباط -سلا -القنيطرة","الخميسات","خميس سيدي يحيى","712","11157","MDS","بادي عكي","77261"
"الرباط -سلا -القنيطرة","الخميسات","خميس سيدي يحيى","712","11157","MDS","تورية عكي","77312"
"الرباط -سلا -القنيطرة","الخميسات","خميس سيدي يحيى","712","11162","MDS","محمد الشاسي","57655"
"الرباط -سلا -القنيطرة","الخميسات","خميس سيدي يحيى","712","11165","RNI","جواد عودومنو","99184"
"الرباط -سلا -القنيطرة","الخميسات","خميس سيدي يحيى","712","11160","CNI","محمد عكيدة","77586"
"الرباط -سلا -القنيطرة","الخميسات","خميس سيدي يحيى","712","11160","CNI","جليلة عكيدة","77633"
"الرباط -سلا -القنيطرة","الخميسات","سيدي الغندور","1223","19310","PAM","محمد ودحو","7913"
"الرباط -سلا -القنيطرة","الخميسات","سيدي الغندور","1223","19310","PAM","فاطمة العكوري","7966"
"الرباط -سلا -القنيطرة","الخميسات","سيدي الغندور","1223","19307","PAM","ادريس شانا","5738"
"الرباط -سلا -القنيطرة","الخميسات","سيدي الغندور","1223","19304","PAM","الحسين لخويط","17634"
"الرباط -سلا -القنيطرة","الخميسات","سيدي الغندور","1223","19303","PAM","الحسين باديين","28203"
"الرباط -سلا -القنيطرة","الخميسات","سيدي الغندور","1223","19311","PAM","علال شباب","5656"
"الرباط -سلا -القنيطرة","الخميسات","سيدي الغندور","1223","19309","PAM","الحسن حسوت","7840"
"الرباط -سلا -القنيطرة","الخميسات","سيدي الغندور","1223","19312","PAM","ابراهيم اجبيرة","17399"
"الرباط -سلا -القنيطرة","الخميسات","سيدي الغندور","1223","19308","PAM","الغازي بلخير","17306"
"الرباط -سلا -القنيطرة","الخميسات","سيدي الغندور","1223","19306","RNI","اسماعيل حمداني","43888"
"الرباط -سلا -القنيطرة","الخميسات","سيدي الغندور","1223","19306","RNI","صالحة السعيدي","43975"
"الرباط -سلا -القنيطرة","الخميسات","سيدي الغندور","1223","19313","RNI","ادريس غازي","10238"
"الرباط -سلا -القنيطرة","الخميسات","سيدي الغندور","1223","19313","RNI","غزلان بولعش","10259"
"الرباط -سلا -القنيطرة","الخميسات","سيدي الغندور","1223","19305","RNI","الحسين الكرشال","44268"
"الرباط -سلا -القنيطرة","الخميسات","سيدي الغندور","1223","19305","RNI","فاطمة بنايشو","44319"
"الرباط -سلا -القنيطرة","الخميسات","سيدي عبد الرزاق","1158","18316","PAM","عمر لعفر","94910"
"الرباط -سلا -القنيطرة","الخميسات","سيدي عبد الرزاق","1158","18316","PAM","فاطمة احيزون","94933"
"الرباط -سلا -القنيطرة","الخميسات","سيدي عبد الرزاق","1158","18320","PAM","عبد الحق احيزون","100913"
"الرباط -سلا -القنيطرة","الخميسات","سيدي عبد الرزاق","1158","18320","PAM","فوزية احيزون","132267"
"الرباط -سلا -القنيطرة","الخميسات","سيدي عبد الرزاق","1158","18317","PAM","عبدالعزيز احيزون","99463"
"الرباط -سلا -القنيطرة","الخميسات","سيدي عبد الرزاق","1158","18312","PAM","جمال شكوك","37603"
"الرباط -سلا -القنيطرة","الخميسات","سيدي عبد الرزاق","1158","18310","PAM","عبدالله الزكراتي","78539"
"الرباط -سلا -القنيطرة","الخميسات","سيدي عبد الرزاق","1158","18311","PAM","ابراهيم الزيدي","94877"
"الرباط -سلا -القنيطرة","الخميسات","سيدي عبد الرزاق","1158","18318","MDS","بنسعيد زوكي","101374"
"الرباط -سلا -القنيطرة","الخميسات","سيدي عبد الرزاق","1158","18319","MDS","محمد خلوق","38777"
"الرباط -سلا -القنيطرة","الخميسات","سيدي عبد الرزاق","1158","18307","USFP","احميدة عكادي","22325"
"الرباط -سلا -القنيطرة","الخميسات","سيدي عبد الرزاق","1158","18307","USFP","سهام العبدي","22341"
"الرباط -سلا -القنيطرة","الخميسات","سيدي عبد الرزاق","1158","18308","USFP","عبد السلام شراج","5605"
"الرباط -سلا -القنيطرة","الخميسات","سيدي عبد الرزاق","1158","18306","USFP","محمد اجعيط","15492"
"الرباط -سلا -القنيطرة","الخميسات","سيدي عبد الرزاق","1158","18313","USFP","حفيظ  النعمي ","42362"
"الرباط -سلا -القنيطرة","الخميسات","سيدي عبد الرزاق","1158","18314","RNI","المصطف بن ادريس","15797"
"الرباط -سلا -القنيطرة","الخميسات","سيدي عبد الرزاق","1158","18315","UC","الحسين لعشير","38439"
"الرباط -سلا -القنيطرة","الخميسات","سيدي عبد الرزاق","1158","18315","UC","فتيحة  لعشير","37749"
"الرباط -سلا -القنيطرة","الخميسات","سيدي عبد الرزاق","1158","18309","PJD","العربي امريصيطة","94277"
"الرباط -سلا -القنيطرة","الخميسات","سيدي علال البحراوي","1179","27318","RNI","جمال الوردي","2870"
"الرباط -سلا -القنيطرة","الخميسات","سيدي علال البحراوي","1179","18620","RNI","محمد لبيض","24254"
"الرباط -سلا -القنيطرة","الخميسات","سيدي علال البحراوي","1179","27315","RNI","حسن الفيلالي","103053"
"الرباط -سلا -القنيطرة","الخميسات","سيدي علال البحراوي","1179","18619","RNI","محمد ادريسي","113686"
"الرباط -سلا -القنيطرة","الخميسات","سيدي علال البحراوي","1179","18624","RNI","عاديل الرامي","574"
"الرباط -سلا -القنيطرة","الخميسات","سيدي علال البحراوي","1179","18624","RNI","بهيجة اعبيدة","9534"
"الرباط -سلا -القنيطرة","الخميسات","سيدي علال البحراوي","1179","18627","RNI","يوسف  بلقائد ","18623"
"الرباط -سلا -القنيطرة","الخميسات","سيدي علال البحراوي","1179","27312","RNI","الحسن شكار","24147"
"الرباط -سلا -القنيطرة","الخميسات","سيدي علال البحراوي","1179","18618","RNI","عبد الله دندوجي","18290"
"الرباط -سلا -القنيطرة","الخميسات","سيدي علال البحراوي","1179","27311","RNI","محمد بوقلوشة","11436"
"الرباط -سلا -القنيطرة","الخميسات","سيدي علال البحراوي","1179","18622","RNI","عبد المولى الصيفي","32342"
"الرباط -سلا -القنيطرة","الخميسات","سيدي علال البحراوي","1179","18617","RNI","عبدالعالي اغنج","110493"
"الرباط -سلا -القنيطرة","الخميسات","سيدي علال البحراوي","1179","18626","RNI","اسماعيل بلقائد","18756"
"الرباط -سلا -القنيطرة","الخميسات","سيدي علال البحراوي","1179","18625","RNI","محمد لقصيور","701"
"الرباط -سلا -القنيطرة","الخميسات","سيدي علال البحراوي","1179","18621","MDS","حمادي الكوري","6544"
"الرباط -سلا -القنيطرة","الخميسات","سيدي علال البحراوي","1179","18621","MDS","حيات لبيض","6594"
"الرباط -سلا -القنيطرة","الخميسات","سيدي علال البحراوي","1179","27310","MDS","بوزيان الحمراوي","18155"
"الرباط -سلا -القنيطرة","الخميسات","سيدي علال البحراوي","1179","27316","MDS","اسعيد العروي","5423"
"الرباط -سلا -القنيطرة","الخميسات","سيدي علال البحراوي","1179","27319","MDS","عبدالحفيظ بهيزات","114719"
"الرباط -سلا -القنيطرة","الخميسات","سيدي علال البحراوي","1179","27314","PAM","نورالدين السكاكري","41819"
"الرباط -سلا -القنيطرة","الخميسات","سيدي علال البحراوي","1179","18623","PAM","محمد بوزرواطة","18049"
"الرباط -سلا -القنيطرة","الخميسات","سيدي علال البحراوي","1179","27313","PAM","محمد مبشور","43148"
"الرباط -سلا -القنيطرة","الخميسات","سيدي علال البحراوي","1179","18629","PAM","كريم مبشور","43349"
"الرباط -سلا -القنيطرة","الخميسات","سيدي علال البحراوي","1179","18629","PAM","السعدية زيرون","43255"
"الرباط -سلا -القنيطرة","الخميسات","سيدي علال البحراوي","1179","27317","PAM","حميد حاضر","551"
"الرباط -سلا -القنيطرة","الخميسات","سيدي علال البحراوي","1179","18628","PI","عبدالله اغنج","102404"
"الرباط -سلا -القنيطرة","الخميسات","سيدي علال البحراوي","1179","18628","PI","حنان الداودي","102781"
"الرباط -سلا -القنيطرة","الخميسات","سيدي علال المصدر","1180","18639","MDS","رحو حموت","25393"
"الرباط -سلا -القنيطرة","الخميسات","سيدي علال المصدر","1180","18636","MDS","التجاني ازهاني","34835"
"الرباط -سلا -القنيطرة","الخميسات","سيدي علال المصدر","1180","18636","MDS","نعيمة اوحدو","42349"
"الرباط -سلا -القنيطرة","الخميسات","سيدي علال المصدر","1180","18632","MDS","بنعاشير ابن هبة","753"
"الرباط -سلا -القنيطرة","الخميسات","سيدي علال المصدر","1180","18640","MDS","الحسين سكراوي","25266"
"الرباط -سلا -القنيطرة","الخميسات","سيدي علال المصدر","1180","18640","MDS","ملكة بالزاع","25289"
"الرباط -سلا -القنيطرة","الخميسات","سيدي علال المصدر","1180","18638","MDS","بوعزة اعقا","25498"
"الرباط -سلا -القنيطرة","الخميسات","سيدي علال المصدر","1180","18641","RNI","ادريس ولدة","48394"
"الرباط -سلا -القنيطرة","الخميسات","سيدي علال المصدر","1180","18641","RNI","فاطمة ميسورني","44457"
"الرباط -سلا -القنيطرة","الخميسات","سيدي علال المصدر","1180","18637","RNI","الغازي بعلا","25585"
"الرباط -سلا -القنيطرة","الخميسات","سيدي علال المصدر","1180","18635","RNI","عادل  وناصر ","25527"
"الرباط -سلا -القنيطرة","الخميسات","سيدي علال المصدر","1180","18634","RNI","عبدالنبي حميدوش","25604"
"الرباط -سلا -القنيطرة","الخميسات","سيدي علال المصدر","1180","18633","PPS","احمد ايشي","3603"
"الرباط -سلا -القنيطرة","الخميسات","سيدي علال المصدر","1180","18633","PPS","كريمة اوعلا","3632"
"الرباط -سلا -القنيطرة","الخميسات","سيدي علال المصدر","1180","18642","FFD","عمر بويكلفضن","28171"
"الرباط -سلا -القنيطرة","الخميسات","عين الجوهرة - سيدي بوخلخال","1606","26992","PAM","ادريس العثماني","50794"
"الرباط -سلا -القنيطرة","الخميسات","عين الجوهرة - سيدي بوخلخال","1606","26987","PAM","محمد بلباركة","35866"
"الرباط -سلا -القنيطرة","الخميسات","عين الجوهرة - سيدي بوخلخال","1606","26987","PAM","ليلى النشبة","38711"
"الرباط -سلا -القنيطرة","الخميسات","عين الجوهرة - سيدي بوخلخال","1606","26993","PAM","بنعاشير  خلوقي","16109"
"الرباط -سلا -القنيطرة","الخميسات","عين الجوهرة - سيدي بوخلخال","1606","26994","PAM","علال جدو","47135"
"الرباط -سلا -القنيطرة","الخميسات","عين الجوهرة - سيدي بوخلخال","1606","26980","PAM"," محمد العمراوي","19334"
"الرباط -سلا -القنيطرة","الخميسات","عين الجوهرة - سيدي بوخلخال","1606","26984","PAM","محمد الحديوي","26886"
"الرباط -سلا -القنيطرة","الخميسات","عين الجوهرة - سيدي بوخلخال","1606","26983","PAM","العربي صابر","22738"
"الرباط -سلا -القنيطرة","الخميسات","عين الجوهرة - سيدي بوخلخال","1606","26982","PAM","محمد خيوط","33434"
"الرباط -سلا -القنيطرة","الخميسات","عين الجوهرة - سيدي بوخلخال","1606","26988","MDS","ادريس  بن اشريفة","22682"
"الرباط -سلا -القنيطرة","الخميسات","عين الجوهرة - سيدي بوخلخال","1606","26986","MDS","ادريس حسوت","39204"
"الرباط -سلا -القنيطرة","الخميسات","عين الجوهرة - سيدي بوخلخال","1606","26986","MDS","صباح حسوت","39244"
"الرباط -سلا -القنيطرة","الخميسات","عين الجوهرة - سيدي بوخلخال","1606","26977","MDS","احمد حجاج","19887"
"الرباط -سلا -القنيطرة","الخميسات","عين الجوهرة - سيدي بوخلخال","1606","26991","MDS","ادريس خلوقي","19616"
"الرباط -سلا -القنيطرة","الخميسات","عين الجوهرة - سيدي بوخلخال","1606","26981","MDS","العربي حميش","11323"
"الرباط -سلا -القنيطرة","الخميسات","عين الجوهرة - سيدي بوخلخال","1606","26978","MDS","محمد عبيرو","76169"
"الرباط -سلا -القنيطرة","الخميسات","عين الجوهرة - سيدي بوخلخال","1606","26978","MDS","حبوبة وملال","76816"
"الرباط -سلا -القنيطرة","الخميسات","عين الجوهرة - سيدي بوخلخال","1606","26979","MDS","عبد القادر ابن عربية","11407"
"الرباط -سلا -القنيطرة","الخميسات","عين الجوهرة - سيدي بوخلخال","1606","26976","USFP","محمد العريفي","18792"
"الرباط -سلا -القنيطرة","الخميسات","عين الجوهرة - سيدي بوخلخال","1606","26976","USFP","بديعة الشوقي","19933"
"الرباط -سلا -القنيطرة","الخميسات","عين الجوهرة - سيدي بوخلخال","1606","26997","USFP","عبدالسلام الرفاعي","19395"
"الرباط -سلا -القنيطرة","الخميسات","عين الجوهرة - سيدي بوخلخال","1606","26989","USFP","حسن  الفنيري","18983"
"الرباط -سلا -القنيطرة","الخميسات","عين الجوهرة - سيدي بوخلخال","1606","26985","USFP","ادريس صابر","19442"
"الرباط -سلا -القنيطرة","الخميسات","عين الجوهرة - سيدي بوخلخال","1606","26998","USFP","عبدالرحيم العزعوزي","43834"
"الرباط -سلا -القنيطرة","الخميسات","عين الجوهرة - سيدي بوخلخال","1606","26995","RNI","محمد الحزكوري","28743"
"الرباط -سلا -القنيطرة","الخميسات","عين الجوهرة - سيدي بوخلخال","1606","26996","PI","هدي اليوسفي","16292"
"الرباط -سلا -القنيطرة","الخميسات","عين الجوهرة - سيدي بوخلخال","1606","26990","PJD","احمد العساسي","33296"
"الرباط -سلا -القنيطرة","الخميسات","عين السبيت","81","1219","PAM","بنداوود بلحسين","17169"
"الرباط -سلا -القنيطرة","الخميسات","عين السبيت","81","1219","PAM","لطيفة الحبشاوي","17192"
"الرباط -سلا -القنيطرة","الخميسات","عين السبيت","81","1217","PAM","رحو الهيلع","3400"
"الرباط -سلا -القنيطرة","الخميسات","عين السبيت","81","1223","PAM","بنعطية سعيدي","10890"
"الرباط -سلا -القنيطرة","الخميسات","عين السبيت","81","1225","PAM","بوبكر انويني","4723"
"الرباط -سلا -القنيطرة","الخميسات","عين السبيت","81","1227","PAM","محمد الهيلع","127900"
"الرباط -سلا -القنيطرة","الخميسات","عين السبيت","81","1215","PAM","عبد العزيز نجيم","60818"
"الرباط -سلا -القنيطرة","الخميسات","عين السبيت","81","1215","PAM","سعيدة موهاب","60861"
"الرباط -سلا -القنيطرة","الخميسات","عين السبيت","81","1222","PAM","محمد الغوازي","3448"
"الرباط -سلا -القنيطرة","الخميسات","عين السبيت","81","1216","PAM","العربي ابوعبد الله","5883"
"الرباط -سلا -القنيطرة","الخميسات","عين السبيت","81","1226","PI","بوشتة بوعبيدي","89521"
"الرباط -سلا -القنيطرة","الخميسات","عين السبيت","81","1226","PI","فاطمة بوعبيدي","89577"
"الرباط -سلا -القنيطرة","الخميسات","عين السبيت","81","1221","PI","الطيبي الهاشمي","127839"
"الرباط -سلا -القنيطرة","الخميسات","عين السبيت","81","1218","PI","رشيد بنداوي","97315"
"الرباط -سلا -القنيطرة","الخميسات","عين السبيت","81","1218","PI","حادة الرامي","97367"
"الرباط -سلا -القنيطرة","الخميسات","عين السبيت","81","1220","RNI","المصطفى نجيم","60484"
"الرباط -سلا -القنيطرة","الخميسات","عين السبيت","81","1224","MDS","محمد اعليوة","60550"
"الرباط -سلا -القنيطرة","الخميسات","مجمع الطلبة","839","13211","MP","عبد الله بوهية","28115"
"الرباط -سلا -القنيطرة","الخميسات","مجمع الطلبة","839","13211","MP","نزهة ازوكاغ","28147"
"الرباط -سلا -القنيطرة","الخميسات","مجمع الطلبة","839","13212","MP","محمد لعرايشي ","17354"
"الرباط -سلا -القنيطرة","الخميسات","مجمع الطلبة","839","13216","MP","محمد بوقشاش","17553"
"الرباط -سلا -القنيطرة","الخميسات","مجمع الطلبة","839","13215","MP","عمر بوتمزوغت","82207"
"الرباط -سلا -القنيطرة","الخميسات","مجمع الطلبة","839","13210","MDS","ابراهيم رحو","11324"
"الرباط -سلا -القنيطرة","الخميسات","مجمع الطلبة","839","13210","MDS","فتيحة الداودي","11250"
"الرباط -سلا -القنيطرة","الخميسات","مجمع الطلبة","839","13209","MDS","عمر طباش","33056"
"الرباط -سلا -القنيطرة","الخميسات","مجمع الطلبة","839","13205","MDS","موسى درداك","81782"
"الرباط -سلا -القنيطرة","الخميسات","مجمع الطلبة","839","13205","MDS","مينة درداك","81749"
"الرباط -سلا -القنيطرة","الخميسات","مجمع الطلبة","839","13208","MDS","حسن قدي","33026"
"الرباط -سلا -القنيطرة","الخميسات","مجمع الطلبة","839","13213","MDS","نور الدين بلفاسي","98486"
"الرباط -سلا -القنيطرة","الخميسات","مجمع الطلبة","839","27321","MDS","احمد بن قسو","56153"
"الرباط -سلا -القنيطرة","الخميسات","مجمع الطلبة","839","13207","PPS","عمر البوش","56089"
"الرباط -سلا -القنيطرة","الخميسات","مجمع الطلبة","839","13206","PPS","فوزي كريم","47222"
"الرباط -سلا -القنيطرة","الخميسات","مجمع الطلبة","839","13206","PPS","سارة بوطهري","44629"
"الرباط -سلا -القنيطرة","الخميسات","مجمع الطلبة","839","13214","PPS","محمد لطيفي","33101"
"الرباط -سلا -القنيطرة","الخميسات","مجمع الطلبة","839","27320","PPS","محمد بوجات","25080"
"الرباط -سلا -القنيطرة","الخميسات","مجمع الطلبة","839","13217","RNI","اليازيد الهاكور","55869"
"الرباط -سلا -القنيطرة","الخميسات","مرشوش","846","13317","PAM","بنعاشير محفوضي","4175"
"الرباط -سلا -القنيطرة","الخميسات","مرشوش","846","13317","PAM","سناء الخضراوي","4212"
"الرباط -سلا -القنيطرة","الخميسات","مرشوش","846","13325","PAM","بوعمرو نطوس","783"
"الرباط -سلا -القنيطرة","الخميسات","مرشوش","846","13326","PAM","محمد بولحية","2068"
"الرباط -سلا -القنيطرة","الخميسات","مرشوش","846","13328","PAM","عبدالله الداودي","2124"
"الرباط -سلا -القنيطرة","الخميسات","مرشوش","846","13321","PAM","حسن مبروكي","3370"
"الرباط -سلا -القنيطرة","الخميسات","مرشوش","846","13320","PAM","الميلودي بنويف","60936"
"الرباط -سلا -القنيطرة","الخميسات","مرشوش","846","13324","PAM","عبد القادر احمينة","764"
"الرباط -سلا -القنيطرة","الخميسات","مرشوش","846","13327","PAM","الحسن الراجي","3225"
"الرباط -سلا -القنيطرة","الخميسات","مرشوش","846","13327","PAM","فاطمة محفوظ","3265"
"الرباط -سلا -القنيطرة","الخميسات","مرشوش","846","13322","USFP","محمد بوفرا","76815"
"الرباط -سلا -القنيطرة","الخميسات","مرشوش","846","13316","USFP","احمد رحمون","1881"
"الرباط -سلا -القنيطرة","الخميسات","مرشوش","846","13316","USFP","زهرة الرازقي","1898"
"الرباط -سلا -القنيطرة","الخميسات","مرشوش","846","13318","PI","البوشتاوي بنكميل","655"
"الرباط -سلا -القنيطرة","الخميسات","مرشوش","846","13323","PI","محمد مسلم","726"
"الرباط -سلا -القنيطرة","الخميسات","مرشوش","846","13319","RNI","موراد رشيد","3588"
"الرباط -سلا -القنيطرة","الخميسات","مرشوش","846","13319","RNI","كوثر محبوبي","3635"
"الرباط -سلا -القنيطرة","الخميسات","مقام الطلبة","819","12931","MDS","العربي ازهاني","18414"
"الرباط -سلا -القنيطرة","الخميسات","مقام الطلبة","819","12932","MDS","بوسلهام العبدلاوي","18130"
"الرباط -سلا -القنيطرة","الخميسات","مقام الطلبة","819","12932","MDS","ليلى العبدلاوي","18167"
"الرباط -سلا -القنيطرة","الخميسات","مقام الطلبة","819","12925","MDS","الحاج الهاشمي","22507"
"الرباط -سلا -القنيطرة","الخميسات","مقام الطلبة","819","12927","MDS","الحسن عبد الاوي","16339"
"الرباط -سلا -القنيطرة","الخميسات","مقام الطلبة","819","12933","MDS","عيسى الحجوي","18582"
"الرباط -سلا -القنيطرة","الخميسات","مقام الطلبة","819","12930","MDS","العربي بوعيادي","22221"
"الرباط -سلا -القنيطرة","الخميسات","مقام الطلبة","819","12930","MDS","حسناء الهاشمي","22258"
"الرباط -سلا -القنيطرة","الخميسات","مقام الطلبة","819","12928","MDS","بوعزة مزولفي","16361"
"الرباط -سلا -القنيطرة","الخميسات","مقام الطلبة","819","12937","MDS","حمو لمغاري","22490"
"الرباط -سلا -القنيطرة","الخميسات","مقام الطلبة","819","12934","USFP","حمادي مرزوك","27242"
"الرباط -سلا -القنيطرة","الخميسات","مقام الطلبة","819","12934","USFP","نعيمة البلبال","27263"
"الرباط -سلا -القنيطرة","الخميسات","مقام الطلبة","819","12924","USFP","العربي حجاج","39664"
"الرباط -سلا -القنيطرة","الخميسات","مقام الطلبة","819","12924","USFP","حفيظة الاحمر","39624"
"الرباط -سلا -القنيطرة","الخميسات","مقام الطلبة","819","12935","USFP","محمد البلبال","100147"
"الرباط -سلا -القنيطرة","الخميسات","مقام الطلبة","819","12929","USFP","محمد لحسيني","82793"
"الرباط -سلا -القنيطرة","الخميسات","مقام الطلبة","819","12936","PAM","بن احمد الشهب","5552"
"الرباط -سلا -القنيطرة","الخميسات","مقام الطلبة","819","12926","PAM","عبدالحكيم بوغنيم","100609"
"الرباط -سلا -القنيطرة","الخميسات","مقام الطلبة","819","12923","RNI","سعيد لحلو","39396"
"الرباط -سلا -القنيطرة","الخميسات","مولاي ادريس أغبال","918","14540","PAM","العربي خياطي","3791"
"الرباط -سلا -القنيطرة","الخميسات","مولاي ادريس أغبال","918","14540","PAM","الدريسية باية","3813"
"الرباط -سلا -القنيطرة","الخميسات","مولاي ادريس أغبال","918","14549","PAM","عبد الاله العبدلاوي","3187"
"الرباط -سلا -القنيطرة","الخميسات","مولاي ادريس أغبال","918","14541","PAM","ادريس راضي","2211"
"الرباط -سلا -القنيطرة","الخميسات","مولاي ادريس أغبال","918","14543","PAM","محمد العبدلاوي","78495"
"الرباط -سلا -القنيطرة","الخميسات","مولاي ادريس أغبال","918","14545","PI","عبد الرحمان حفيظي","3155"
"الرباط -سلا -القنيطرة","الخميسات","مولاي ادريس أغبال","918","14546","PI","لحسن  حومادي","97493"
"الرباط -سلا -القنيطرة","الخميسات","مولاي ادريس أغبال","918","14546","PI","نادية النصراوي","97525"
"الرباط -سلا -القنيطرة","الخميسات","مولاي ادريس أغبال","918","14542","PI","احمد البوشتاوي","78293"
"الرباط -سلا -القنيطرة","الخميسات","مولاي ادريس أغبال","918","14547","PPS","ادريس الخدجي","21242"
"الرباط -سلا -القنيطرة","الخميسات","مولاي ادريس أغبال","918","14544","FFD","احمد سلمان","56015"
"الرباط -سلا -القنيطرة","الخميسات","مولاي ادريس أغبال","918","14544","FFD","كنزة كمرة","57860"
"الرباط -سلا -القنيطرة","الخميسات","مولاي ادريس أغبال","918","14550","RNI","محمد بلخو","16168"
"الرباط -سلا -القنيطرة","الخميسات","مولاي ادريس أغبال","918","14548","PRE","احمد  موسى","89092"
"الرباط -سلا -القنيطرة","الخميسات","مولاي ادريس أغبال","918","14548","PRE","سومية موسى","89188"
"الرباط -سلا -القنيطرة","الرباط","اكدال-الرياض","2021","25022","PJD","محمد الرضي بنخلدون","13147"
"الرباط -سلا -القنيطرة","الرباط","اكدال-الرياض","2021","25022","PJD","صباح بوشام","13308"
"الرباط -سلا -القنيطرة","الرباط","اكدال-الرياض","2021","25022","PJD","بديعة بناني","13228"
"الرباط -سلا -القنيطرة","الرباط","اكدال-الرياض","2021","25022","PJD","فاطمة الصالحي","13413"
"الرباط -سلا -القنيطرة","الرباط","اكدال-الرياض","2021","25022","PJD","محمد البرقادي","13307"
"الرباط -سلا -القنيطرة","الرباط","اكدال-الرياض","2021","25022","PJD","محمد فتوحي","13372"
"الرباط -سلا -القنيطرة","الرباط","اكدال-الرياض","2021","25022","PJD","منير الكنوني","13433"
"الرباط -سلا -القنيطرة","الرباط","اكدال-الرياض","2021","25022","PJD","يونس شقرون","13260"
"الرباط -سلا -القنيطرة","الرباط","اكدال-الرياض","2021","25022","PJD","عبد العزيز عالوي","13324"
"الرباط -سلا -القنيطرة","الرباط","اكدال-الرياض","2021","25022","PJD","حياة  كوبري","13408"
"الرباط -سلا -القنيطرة","الرباط","اكدال-الرياض","2021","25022","PJD","لحسن برحال","13473"
"الرباط -سلا -القنيطرة","الرباط","اكدال-الرياض","2021","25022","PJD","مجدلين بنميلود","13602"
"الرباط -سلا -القنيطرة","الرباط","اكدال-الرياض","2021","25022","PJD","وفاء الفيلالي","13545"
"الرباط -سلا -القنيطرة","الرباط","اكدال-الرياض","2021","25022","PJD","مصطفى محمد ملين","13610"
"الرباط -سلا -القنيطرة","الرباط","اكدال-الرياض","2021","25022","PJD","انس اجديرة","13628"
"الرباط -سلا -القنيطرة","الرباط","اكدال-الرياض","2021","25022","PJD","محمد ياسين طلال","13284"
"الرباط -سلا -القنيطرة","الرباط","اكدال-الرياض","2021","25022","PJD","اسامة ابن كيران","13343"
"الرباط -سلا -القنيطرة","الرباط","اكدال-الرياض","2021","25022","PSU","عمر بلا فريج","48219"
"الرباط -سلا -القنيطرة","الرباط","اكدال-الرياض","2021","25022","PSU","سعاد الجامعي","48888"
"الرباط -سلا -القنيطرة","الرباط","اكدال-الرياض","2021","25022","PADS","هند بن عمرو","48367"
"الرباط -سلا -القنيطرة","الرباط","اكدال-الرياض","2021","25022","PSU","لينة  التازي ","48957"
"الرباط -سلا -القنيطرة","الرباط","اكدال-الرياض","2021","25022","PSU","عمر الحياني","48446"
"الرباط -سلا -القنيطرة","الرباط","اكدال-الرياض","2021","25022","PSU","الزبير شرفي","48538"
"الرباط -سلا -القنيطرة","الرباط","اكدال-الرياض","2021","25022","PSU","فوزية الحميدي","48597"
"الرباط -سلا -القنيطرة","الرباط","اكدال-الرياض","2021","25022","PSU","ادريس  الجوني","48831"
"الرباط -سلا -القنيطرة","الرباط","اكدال-الرياض","2021","25022","PSU","سميرة سعود","49198"
"الرباط -سلا -القنيطرة","الرباط","اكدال-الرياض","2021","25022","PAM","محمد المهدي بنسعيد","47"
"الرباط -سلا -القنيطرة","الرباط","اكدال-الرياض","2021","25022","PAM","سعاد بنبراهيم","626"
"الرباط -سلا -القنيطرة","الرباط","اكدال-الرياض","2021","25022","PAM","عادل الورديغي","77"
"الرباط -سلا -القنيطرة","الرباط","اكدال-الرياض","2021","25022","PAM","سكينة رشد","652"
"الرباط -سلا -القنيطرة","الرباط","اكدال-الرياض","2021","25022","PAM","بنعاشر بيشى","94"
"الرباط -سلا -القنيطرة","الرباط","اكدال-الرياض","2021","25022","PAM","عبد اللطيف الشرقاوي","117"
"الرباط -سلا -القنيطرة","الرباط","اكدال-الرياض","2021","25022","PAM","اديب ابن ابراهيم","622"
"الرباط -سلا -القنيطرة","الرباط","اكدال-الرياض","2021","25022","MP","جلال قدوري","48743"
"الرباط -سلا -القنيطرة","الرباط","اكدال-الرياض","2021","25022","MP","محمد امين البوبراهيمي","48906"
"الرباط -سلا -القنيطرة","الرباط","اكدال-الرياض","2021","25022","MP","كمال العمراني","49005"
"الرباط -سلا -القنيطرة","الرباط","التواركة","1494","23385","SAP","عبد الفتاح العبداوي","113778"
"الرباط -سلا -القنيطرة","الرباط","التواركة","1494","23385","SAP","للاغيثة الادريسي","113857"
"الرباط -سلا -القنيطرة","الرباط","التواركة","1494","23384","SAP","خالد الرماحي","113597"
"الرباط -سلا -القنيطرة","الرباط","التواركة","1494","23388","SAP","محمود بنصر","116412"
"الرباط -سلا -القنيطرة","الرباط","التواركة","1494","23388","SAP","رشيدة امان","116485"
"الرباط -سلا -القنيطرة","الرباط","التواركة","1494","23387","SAP","سليم الزاهد","113140"
"الرباط -سلا -القنيطرة","الرباط","التواركة","1494","23387","SAP","سعيدة لقجيني","113201"
"الرباط -سلا -القنيطرة","الرباط","التواركة","1494","23389","SAP","محمد الحسن المنصوري","113019"
"الرباط -سلا -القنيطرة","الرباط","التواركة","1494","23383","SAP","اسماء ادريسي ازمي","112268"
"الرباط -سلا -القنيطرة","الرباط","التواركة","1494","23383","SAP","نجاة عمروسي","112388"
"الرباط -سلا -القنيطرة","الرباط","التواركة","1494","23390","SAP","الصديق بنموسى","112927"
"الرباط -سلا -القنيطرة","الرباط","التواركة","1494","23386","SAP","عبد اللطيف شراجة","112749"
"الرباط -سلا -القنيطرة","الرباط","التواركة","1494","23382","SAP","ادريس اليحيوي","112144"
"الرباط -سلا -القنيطرة","الرباط","الرباط","1558","25024","PJD","عبد المنعم المدني","11441"
"الرباط -سلا -القنيطرة","الرباط","الرباط","1558","25024","PJD","تورية غربال","11544"
"الرباط -سلا -القنيطرة","الرباط","الرباط","1558","25024","PJD","لحسن العمراني","11412"
"الرباط -سلا -القنيطرة","الرباط","الرباط","1558","25024","PJD","عبد الصمد ابو زاهير","11510"
"الرباط -سلا -القنيطرة","الرباط","الرباط","1558","25024","PJD","عبد المولى المروري","11566"
"الرباط -سلا -القنيطرة","الرباط","الرباط","1558","25024","PJD","مولاي احفيض مستعين","13576"
"الرباط -سلا -القنيطرة","الرباط","الرباط","1558","25024","PJD","فاطمة حاص","11349"
"الرباط -سلا -القنيطرة","الرباط","الرباط","1558","25024","PJD","سعيد مومن","11402"
"الرباط -سلا -القنيطرة","الرباط","الرباط","1558","25024","PJD","عبدالله بلهري","11458"
"الرباط -سلا -القنيطرة","الرباط","الرباط","1558","25024","PJD","جهاد رباح","11516"
"الرباط -سلا -القنيطرة","الرباط","الرباط","1558","25024","PJD","سيدي عمر الشرقاوي","11554"
"الرباط -سلا -القنيطرة","الرباط","الرباط","1558","25140","PJD","عبد الرحيم  لقراع ","23557"
"الرباط -سلا -القنيطرة","الرباط","الرباط","1558","25140","PJD","فاطمة البويسفي","23581"
"الرباط -سلا -القنيطرة","الرباط","الرباط","1558","25140","PJD","عبدالاله اكروديد","23595"
"الرباط -سلا -القنيطرة","الرباط","الرباط","1558","25140","PJD","رشيد التولالي","23699"
"الرباط -سلا -القنيطرة","الرباط","الرباط","1558","25140","PJD","عبدالقادر بن الجيلالي","23761"
"الرباط -سلا -القنيطرة","الرباط","الرباط","1558","25140","PJD","فؤاد كريمي","23800"
"الرباط -سلا -القنيطرة","الرباط","الرباط","1558","25140","PJD","عبد الله العزاوي","23846"
"الرباط -سلا -القنيطرة","الرباط","الرباط","1558","25140","PJD","لحسن صاخي","23908"
"الرباط -سلا -القنيطرة","الرباط","الرباط","1558","25140","PJD","محمد الكصي","23965"
"الرباط -سلا -القنيطرة","الرباط","الرباط","1558","25023","PJD","محمد صديقي","14095"
"الرباط -سلا -القنيطرة","الرباط","الرباط","1558","25023","PJD","سعاد زخنيني","14137"
"الرباط -سلا -القنيطرة","الرباط","الرباط","1558","25023","PJD","نصر الدين بنسليمان","14135"
"الرباط -سلا -القنيطرة","الرباط","الرباط","1558","25023","PJD","سمية ابن كيران","14157"
"الرباط -سلا -القنيطرة","الرباط","الرباط","1558","25023","PJD","محمد بودادن","14161"
"الرباط -سلا -القنيطرة","الرباط","الرباط","1558","25023","PJD","خالد بنعبود","14169"
"الرباط -سلا -القنيطرة","الرباط","الرباط","1558","25023","PJD","هشام  الاحرش ","14185"
"الرباط -سلا -القنيطرة","الرباط","الرباط","1558","25023","PJD","احمد الريمي","14210"
"الرباط -سلا -القنيطرة","الرباط","الرباط","1558","25023","PJD","عبد الرحيم مباركي","14311"
"الرباط -سلا -القنيطرة","الرباط","الرباط","1558","25022","PJD","محمد الرضي بنخلدون","13147"
"الرباط -سلا -القنيطرة","الرباط","الرباط","1558","25022","PJD","صباح بوشام","13308"
"الرباط -سلا -القنيطرة","الرباط","الرباط","1558","25022","PJD","بديعة بناني","13228"
"الرباط -سلا -القنيطرة","الرباط","الرباط","1558","25022","PJD","محمد البرقادي","13307"
"الرباط -سلا -القنيطرة","الرباط","الرباط","1558","25022","PJD","محمد فتوحي","13372"
"الرباط -سلا -القنيطرة","الرباط","الرباط","1558","25022","PJD","منير الكنوني","13433"
"الرباط -سلا -القنيطرة","الرباط","الرباط","1558","25022","PJD","يونس شقرون","13260"
"الرباط -سلا -القنيطرة","الرباط","الرباط","1558","25141","PJD","محمد الطاهري","28533"
"الرباط -سلا -القنيطرة","الرباط","الرباط","1558","25141","PJD","امباركة صبار","28830"
"الرباط -سلا -القنيطرة","الرباط","الرباط","1558","25141","PJD","امحمد اشلاوشي","28570"
"الرباط -سلا -القنيطرة","الرباط","الرباط","1558","25140","PAM","سيدي ابراهيم الجماني","68543"
"الرباط -سلا -القنيطرة","الرباط","الرباط","1558","25140","PAM","فاطمة لهبوب","68620"
"الرباط -سلا -القنيطرة","الرباط","الرباط","1558","25140","PAM","امعمر لعروصي","69404"
"الرباط -سلا -القنيطرة","الرباط","الرباط","1558","25140","PAM","حسن طاطو","69616"
"الرباط -سلا -القنيطرة","الرباط","الرباط","1558","25140","PAM","عزيز لميني","69521"
"الرباط -سلا -القنيطرة","الرباط","الرباط","1558","25140","PAM","البشير ثاقي","69881"
"الرباط -سلا -القنيطرة","الرباط","الرباط","1558","25140","PAM","عبد الكريم الهلالي","70058"
"الرباط -سلا -القنيطرة","الرباط","الرباط","1558","25024","PAM","عبدالفتاح العوني","17647"
"الرباط -سلا -القنيطرة","الرباط","الرباط","1558","25024","PAM","نادية الرحماني","17900"
"الرباط -سلا -القنيطرة","الرباط","الرباط","1558","25024","PAM","عبد الحاكم بن شماش","17773"
"الرباط -سلا -القنيطرة","الرباط","الرباط","1558","25024","PAM","محمد مدهون","17862"
"الرباط -سلا -القنيطرة","الرباط","الرباط","1558","25023","PAM","عبد الرحيم مساعف","13683"
"الرباط -سلا -القنيطرة","الرباط","الرباط","1558","25023","PAM","الباتول الداودي","13786"
"الرباط -سلا -القنيطرة","الرباط","الرباط","1558","25023","PAM","ادريس الرازي","13687"
"الرباط -سلا -القنيطرة","الرباط","الرباط","1558","25023","PAM","هشام اقمحي","13713"
"الرباط -سلا -القنيطرة","الرباط","الرباط","1558","25022","PAM","محمد المهدي بنسعيد","47"
"الرباط -سلا -القنيطرة","الرباط","الرباط","1558","25022","PAM","سعاد بنبراهيم","626"
"الرباط -سلا -القنيطرة","الرباط","الرباط","1558","25022","PAM","عادل الورديغي","77"
"الرباط -سلا -القنيطرة","الرباط","الرباط","1558","25141","PAM","عادل الاتراسي","61237"
"الرباط -سلا -القنيطرة","الرباط","الرباط","1558","25141","PAM","فتيحة المودني","61343"
"الرباط -سلا -القنيطرة","الرباط","الرباط","1558","25141","PAM","عبد العزيز بنعزوز","61339"
"الرباط -سلا -القنيطرة","الرباط","الرباط","1558","25024","RNI","سعيد التونارتي","18428"
"الرباط -سلا -القنيطرة","الرباط","الرباط","1558","25024","RNI","ثورية العزاوي","18533"
"الرباط -سلا -القنيطرة","الرباط","الرباط","1558","25024","RNI","محمد بولحسن","18724"
"الرباط -سلا -القنيطرة","الرباط","الرباط","1558","25024","RNI","امين صادق","18767"
"الرباط -سلا -القنيطرة","الرباط","الرباط","1558","25024","RNI","مصطفى جياف","18797"
"الرباط -سلا -القنيطرة","الرباط","الرباط","1558","25024","RNI","رشيد الاشهب","18865"
"الرباط -سلا -القنيطرة","الرباط","الرباط","1558","25023","RNI","سعد بنمبارك","59895"
"الرباط -سلا -القنيطرة","الرباط","الرباط","1558","25023","RNI","سعيد مصدق","60154"
"الرباط -سلا -القنيطرة","الرباط","الرباط","1558","25141","RNI","العربي بووردة","49967"
"الرباط -سلا -القنيطرة","الرباط","الرباط","1558","25141","RNI","وفاء عراقي","50189"
"الرباط -سلا -القنيطرة","الرباط","الرباط","1558","25140","UC","سيدي عمر البحراوي","104852"
"الرباط -سلا -القنيطرة","الرباط","الرباط","1558","25140","UC","حليمة بنلمعلم","104945"
"الرباط -سلا -القنيطرة","الرباط","الرباط","1558","25140","UC","شرف الدين نبيه","104917"
"الرباط -سلا -القنيطرة","الرباط","الرباط","1558","25140","UC","مصطفى اربيعا","105733"
"الرباط -سلا -القنيطرة","الرباط","الرباط","1558","25023","UC","خالد مجاور","98679"
"الرباط -سلا -القنيطرة","الرباط","الرباط","1558","25023","UC","سمير المنتهي","98931"
"الرباط -سلا -القنيطرة","الرباط","الرباط","1558","25024","MP","الحسين كرومي","35734"
"الرباط -سلا -القنيطرة","الرباط","الرباط","1558","25024","MP","الحسين جباري","35903"
"الرباط -سلا -القنيطرة","الرباط","الرباط","1558","25140","MP","عبد الرحمان بولعود","3710"
"الرباط -سلا -القنيطرة","الرباط","الرباط","1558","25140","MP","محمد اكيماخ","3750"
"الرباط -سلا -القنيطرة","الرباط","الرباط","1558","25022","MP","جلال قدوري","48743"
"الرباط -سلا -القنيطرة","الرباط","الرباط","1558","25022","PSU","عمر بلا فريج","48219"
"الرباط -سلا -القنيطرة","الرباط","الرباط","1558","25022","PSU","سعاد الجامعي","48888"
"الرباط -سلا -القنيطرة","الرباط","الرباط","1558","25022","PADS","هند بن عمرو","48367"
"الرباط -سلا -القنيطرة","الرباط","الرباط","1558","25022","PSU","عمر الحياني","48446"
"الرباط -سلا -القنيطرة","الرباط","الرباط","1558","25141","SAP","سعاد الزيدي ","83966"
"الرباط -سلا -القنيطرة","الرباط","السويسي","2140","25141","PAM","عادل الاتراسي","61237"
"الرباط -سلا -القنيطرة","الرباط","السويسي","2140","25141","PAM","فتيحة المودني","61343"
"الرباط -سلا -القنيطرة","الرباط","السويسي","2140","25141","PAM","عبد العزيز بنعزوز","61339"
"الرباط -سلا -القنيطرة","الرباط","السويسي","2140","25141","PAM","عائشة وعا","61402"
"الرباط -سلا -القنيطرة","الرباط","السويسي","2140","25141","PAM","رشيد اللك","61438"
"الرباط -سلا -القنيطرة","الرباط","السويسي","2140","25141","PAM","وديع شهيبة","61485"
"الرباط -سلا -القنيطرة","الرباط","السويسي","2140","25141","PAM","جلال الاتراسي","61624"
"الرباط -سلا -القنيطرة","الرباط","السويسي","2140","25141","PAM","ادريس كراكشو","61582"
"الرباط -سلا -القنيطرة","الرباط","السويسي","2140","25141","PAM","صونية مزور","61381"
"الرباط -سلا -القنيطرة","الرباط","السويسي","2140","25141","PJD","محمد الطاهري","28533"
"الرباط -سلا -القنيطرة","الرباط","السويسي","2140","25141","PJD","امباركة صبار","28830"
"الرباط -سلا -القنيطرة","الرباط","السويسي","2140","25141","PJD","امحمد اشلاوشي","28570"
"الرباط -سلا -القنيطرة","الرباط","السويسي","2140","25141","PJD","وفاء الهرد","28857"
"الرباط -سلا -القنيطرة","الرباط","السويسي","2140","25141","PJD","صالح لعروسي","28599"
"الرباط -سلا -القنيطرة","الرباط","السويسي","2140","25141","PJD","عبد المالك اليزامي عدلي","28624"
"الرباط -سلا -القنيطرة","الرباط","السويسي","2140","25141","PJD","عبد الله حافيضي ","28734"
"الرباط -سلا -القنيطرة","الرباط","السويسي","2140","25141","PJD","سعد الصيباري يسف","28757"
"الرباط -سلا -القنيطرة","الرباط","السويسي","2140","25141","RNI","العربي بووردة","49967"
"الرباط -سلا -القنيطرة","الرباط","السويسي","2140","25141","RNI","وفاء عراقي","50189"
"الرباط -سلا -القنيطرة","الرباط","السويسي","2140","25141","RNI","بنيسف عاقل","50325"
"الرباط -سلا -القنيطرة","الرباط","السويسي","2140","25141","RNI","حكيمة امحاش","50298"
"الرباط -سلا -القنيطرة","الرباط","السويسي","2140","25141","RNI","علي ايت الورات","50470"
"الرباط -سلا -القنيطرة","الرباط","السويسي","2140","25141","SAP","سعاد الزيدي ","83966"
"الرباط -سلا -القنيطرة","الرباط","السويسي","2140","25141","SAP","حمزة ملين","84149"
"الرباط -سلا -القنيطرة","الرباط","السويسي","2140","25141","SAP","كنزة التمسماني","86715"
"الرباط -سلا -القنيطرة","الرباط","السويسي","2140","25141","USFP","عبد العزيز الدرويش","10556"
"الرباط -سلا -القنيطرة","الرباط","السويسي","2140","25141","USFP","طارق المالكي","10728"
"الرباط -سلا -القنيطرة","الرباط","السويسي","2140","25141","PI","رحمة وزاني طيبي","22126"
"الرباط -سلا -القنيطرة","الرباط","اليوسفية","2139","25140","PJD","عبد الرحيم  لقراع ","23557"
"الرباط -سلا -القنيطرة","الرباط","اليوسفية","2139","25140","PJD","فاطمة البويسفي","23581"
"الرباط -سلا -القنيطرة","الرباط","اليوسفية","2139","25140","PJD","عبدالاله اكروديد","23595"
"الرباط -سلا -القنيطرة","الرباط","اليوسفية","2139","25140","PJD","السعدية كيزو","23623"
"الرباط -سلا -القنيطرة","الرباط","اليوسفية","2139","25140","PJD","رشيد التولالي","23699"
"الرباط -سلا -القنيطرة","الرباط","اليوسفية","2139","25140","PJD","عبدالقادر بن الجيلالي","23761"
"الرباط -سلا -القنيطرة","الرباط","اليوسفية","2139","25140","PJD","فؤاد كريمي","23800"
"الرباط -سلا -القنيطرة","الرباط","اليوسفية","2139","25140","PJD","عبد الله العزاوي","23846"
"الرباط -سلا -القنيطرة","الرباط","اليوسفية","2139","25140","PJD","لحسن صاخي","23908"
"الرباط -سلا -القنيطرة","الرباط","اليوسفية","2139","25140","PJD","محمد الكصي","23965"
"الرباط -سلا -القنيطرة","الرباط","اليوسفية","2139","25140","PJD","البشير صاخي","24023"
"الرباط -سلا -القنيطرة","الرباط","اليوسفية","2139","25140","PJD","عمار بوشبوك","23607"
"الرباط -سلا -القنيطرة","الرباط","اليوسفية","2139","25140","PJD","ابراهيم الشعري","23666"
"الرباط -سلا -القنيطرة","الرباط","اليوسفية","2139","25140","PJD","محمد باخيي","23872"
"الرباط -سلا -القنيطرة","الرباط","اليوسفية","2139","25140","PJD","فواد الزيتوني","23968"
"الرباط -سلا -القنيطرة","الرباط","اليوسفية","2139","25140","PJD","الحسن افولوس","24033"
"الرباط -سلا -القنيطرة","الرباط","اليوسفية","2139","25140","PJD","عبد الحي الصيباري يسف","24126"
"الرباط -سلا -القنيطرة","الرباط","اليوسفية","2139","25140","PJD","عبدالرحيم بنشجيع","24195"
"الرباط -سلا -القنيطرة","الرباط","اليوسفية","2139","25140","PAM","سيدي ابراهيم الجماني","68543"
"الرباط -سلا -القنيطرة","الرباط","اليوسفية","2139","25140","PAM","فاطمة لهبوب","68620"
"الرباط -سلا -القنيطرة","الرباط","اليوسفية","2139","25140","PAM","امعمر لعروصي","69404"
"الرباط -سلا -القنيطرة","الرباط","اليوسفية","2139","25140","PAM","الحسنية غايش","68695"
"الرباط -سلا -القنيطرة","الرباط","اليوسفية","2139","25140","PAM","حسن طاطو","69616"
"الرباط -سلا -القنيطرة","الرباط","اليوسفية","2139","25140","PAM","عزيز لميني","69521"
"الرباط -سلا -القنيطرة","الرباط","اليوسفية","2139","25140","PAM","البشير ثاقي","69881"
"الرباط -سلا -القنيطرة","الرباط","اليوسفية","2139","25140","PAM","عبد الكريم الهلالي","70058"
"الرباط -سلا -القنيطرة","الرباط","اليوسفية","2139","25140","PAM","ادريس النوري","70184"
"الرباط -سلا -القنيطرة","الرباط","اليوسفية","2139","25140","PAM","ثورية الشرقاني الحسني","70311"
"الرباط -سلا -القنيطرة","الرباط","اليوسفية","2139","25140","PAM","عبد النبي بوافنزي","70397"
"الرباط -سلا -القنيطرة","الرباط","اليوسفية","2139","25140","PAM","بوعزة شعواد","70468"
"الرباط -سلا -القنيطرة","الرباط","اليوسفية","2139","25140","PAM","حميد الركيكي","70501"
"الرباط -سلا -القنيطرة","الرباط","اليوسفية","2139","25140","UC","سيدي عمر البحراوي","104852"
"الرباط -سلا -القنيطرة","الرباط","اليوسفية","2139","25140","UC","حليمة بنلمعلم","104945"
"الرباط -سلا -القنيطرة","الرباط","اليوسفية","2139","25140","UC","شرف الدين نبيه","104917"
"الرباط -سلا -القنيطرة","الرباط","اليوسفية","2139","25140","UC","حنان اعبابو","105026"
"الرباط -سلا -القنيطرة","الرباط","اليوسفية","2139","25140","UC","مصطفى اربيعا","105733"
"الرباط -سلا -القنيطرة","الرباط","اليوسفية","2139","25140","UC","عبد الغني عاقل","105151"
"الرباط -سلا -القنيطرة","الرباط","اليوسفية","2139","25140","UC","حميد بنسيد","105207"
"الرباط -سلا -القنيطرة","الرباط","اليوسفية","2139","25140","UC","كمال اطرسي","105423"
"الرباط -سلا -القنيطرة","الرباط","اليوسفية","2139","25140","MP","عبد الرحمان بولعود","3710"
"الرباط -سلا -القنيطرة","الرباط","اليوسفية","2139","25140","MP","محمد اكيماخ","3750"
"الرباط -سلا -القنيطرة","الرباط","اليوسفية","2139","25140","MP","سعيد الهند","3830"
"الرباط -سلا -القنيطرة","الرباط","اليوسفية","2139","25140","MP","سعاد القرشي","3777"
"الرباط -سلا -القنيطرة","الرباط","حسان","2022","25023","PJD","محمد صديقي","14095"
"الرباط -سلا -القنيطرة","الرباط","حسان","2022","25023","PJD","سعاد زخنيني","14137"
"الرباط -سلا -القنيطرة","الرباط","حسان","2022","25023","PJD","نصر الدين بنسليمان","14135"
"الرباط -سلا -القنيطرة","الرباط","حسان","2022","25023","PJD","سمية ابن كيران","14157"
"الرباط -سلا -القنيطرة","الرباط","حسان","2022","25023","PJD","محمد بودادن","14161"
"الرباط -سلا -القنيطرة","الرباط","حسان","2022","25023","PJD","يامنة بلاجي","14170"
"الرباط -سلا -القنيطرة","الرباط","حسان","2022","25023","PJD","خالد بنعبود","14169"
"الرباط -سلا -القنيطرة","الرباط","حسان","2022","25023","PJD","زينب سرات","14183"
"الرباط -سلا -القنيطرة","الرباط","حسان","2022","25023","PJD","هشام  الاحرش ","14185"
"الرباط -سلا -القنيطرة","الرباط","حسان","2022","25023","PJD","احمد الريمي","14210"
"الرباط -سلا -القنيطرة","الرباط","حسان","2022","25023","PJD","عبد الرحيم مباركي","14311"
"الرباط -سلا -القنيطرة","الرباط","حسان","2022","25023","PJD","عادل بوحجير","14248"
"الرباط -سلا -القنيطرة","الرباط","حسان","2022","25023","PJD","يوسف البعودي","14266"
"الرباط -سلا -القنيطرة","الرباط","حسان","2022","25023","PJD","عبد السلام العسري","14283"
"الرباط -سلا -القنيطرة","الرباط","حسان","2022","25023","PJD","نادية الولي","14295"
"الرباط -سلا -القنيطرة","الرباط","حسان","2022","25023","PJD","سلمان كروان","14141"
"الرباط -سلا -القنيطرة","الرباط","حسان","2022","25023","PJD","محمد ايدبركة","14162"
"الرباط -سلا -القنيطرة","الرباط","حسان","2022","25023","PJD","نور الدين سماوي","14175"
"الرباط -سلا -القنيطرة","الرباط","حسان","2022","25023","PJD","فاطمة الزهراء بنعبدالله","14203"
"الرباط -سلا -القنيطرة","الرباط","حسان","2022","25023","PJD","خولة مباركي","14217"
"الرباط -سلا -القنيطرة","الرباط","حسان","2022","25023","PAM","عبد الرحيم مساعف","13683"
"الرباط -سلا -القنيطرة","الرباط","حسان","2022","25023","PAM","الباتول الداودي","13786"
"الرباط -سلا -القنيطرة","الرباط","حسان","2022","25023","PAM","ادريس الرازي","13687"
"الرباط -سلا -القنيطرة","الرباط","حسان","2022","25023","PAM","حنان اللبار","13851"
"الرباط -سلا -القنيطرة","الرباط","حسان","2022","25023","PAM","هشام اقمحي","13713"
"الرباط -سلا -القنيطرة","الرباط","حسان","2022","25023","PAM","عبد الوهاب العبيسي","13740"
"الرباط -سلا -القنيطرة","الرباط","حسان","2022","25023","PAM","سعد كعير","13760"
"الرباط -سلا -القنيطرة","الرباط","حسان","2022","25023","PAM","محمد بلعسري","13806"
"الرباط -سلا -القنيطرة","الرباط","حسان","2022","25023","PAM","وفاء خمار","13855"
"الرباط -سلا -القنيطرة","الرباط","حسان","2022","25023","UC","خالد م��اور","98679"
"الرباط -سلا -القنيطرة","الرباط","حسان","2022","25023","UC","سمير المنتهي","98931"
"الرباط -سلا -القنيطرة","الرباط","حسان","2022","25023","UC","بوبكر اجاعوى","99149"
"الرباط -سلا -القنيطرة","الرباط","حسان","2022","25023","UC","سعيد موس","99361"
"الرباط -سلا -القنيطرة","الرباط","حسان","2022","25023","UC","رحال الكندافي","99535"
"الرباط -سلا -القنيطرة","الرباط","حسان","2022","25023","RNI","سعد بنمبارك","59895"
"الرباط -سلا -القنيطرة","الرباط","حسان","2022","25023","RNI","سعيد مصدق","60154"
"الرباط -سلا -القنيطرة","الرباط","حسان","2022","25023","RNI","محمد بلحمرة","60277"
"الرباط -سلا -القنيطرة","الرباط","حسان","2022","25023","RNI","نورالدين غزلاوي","60427"
"الرباط -سلا -القنيطرة","الرباط","يعقوب المنصور","2023","25024","PJD","عبد المنعم المدني","11441"
"الرباط -سلا -القنيطرة","الرباط","يعقوب المنصور","2023","25024","PJD","تورية غربال","11544"
"الرباط -سلا -القنيطرة","الرباط","يعقوب المنصور","2023","25024","PJD","لحسن العمراني","11412"
"الرباط -سلا -القنيطرة","الرباط","يعقوب المنصور","2023","25024","PJD","رشيدة هزام","11589"
"الرباط -سلا -القنيطرة","الرباط","يعقوب المنصور","2023","25024","PJD","عبد الصمد ابو زاهير","11510"
"الرباط -سلا -القنيطرة","الرباط","يعقوب المنصور","2023","25024","PJD","عبد المولى المروري","11566"
"الرباط -سلا -القنيطرة","الرباط","يعقوب المنصور","2023","25024","PJD","مولاي احفيض مستعين","13576"
"الرباط -سلا -القنيطرة","الرباط","يعقوب المنصور","2023","25024","PJD","فاطمة حاص","11349"
"الرباط -سلا -القنيطرة","الرباط","يعقوب المنصور","2023","25024","PJD","سعيد مومن","11402"
"الرباط -سلا -القنيطرة","الرباط","يعقوب المنصور","2023","25024","PJD","عبدالله بلهري","11458"
"الرباط -سلا -القنيطرة","الرباط","يعقوب المنصور","2023","25024","PJD","جهاد رباح","11516"
"الرباط -سلا -القنيطرة","الرباط","يعقوب المنصور","2023","25024","PJD","سيدي عمر الشرقاوي","11554"
"الرباط -سلا -القنيطرة","الرباط","يعقوب المنصور","2023","25024","PJD","عدي اكرسي","11587"
"الرباط -سلا -القنيطرة","الرباط","يعقوب المنصور","2023","25024","PJD","عبدالرحيم احساين","11626"
"الرباط -سلا -القنيطرة","الرباط","يعقوب المنصور","2023","25024","PJD","عبدالصمد زروال","11646"
"الرباط -سلا -القنيطرة","الرباط","يعقوب المنصور","2023","25024","PJD","محمد امين الدهاوي","11398"
"الرباط -سلا -القنيطرة","الرباط","يعقوب المنصور","2023","25024","PJD","محمد بوكمة","11468"
"الرباط -سلا -القنيطرة","الرباط","يعقوب المنصور","2023","25024","PJD","اسماعيل بوصحابة","11608"
"الرباط -سلا -القنيطرة","الرباط","يعقوب المنصور","2023","25024","PJD","عبد الرحمان الدهاوي","11663"
"الرباط -سلا -القنيطرة","الرباط","يعقوب المنصور","2023","25024","PJD","محمد بولعراب","11700"
"الرباط -سلا -القنيطرة","الرباط","يعقوب المنصور","2023","25024","PJD","يوسف الحمداوي","11766"
"الرباط -سلا -القنيطرة","الرباط","يعقوب المنصور","2023","25024","RNI","سعيد التونارتي","18428"
"الرباط -سلا -القنيطرة","الرباط","يعقوب المنصور","2023","25024","RNI","ثورية العزاوي","18533"
"الرباط -سلا -القنيطرة","الرباط","يعقوب المنصور","2023","25024","RNI","محمد بولحسن","18724"
"الرباط -سلا -القنيطرة","الرباط","يعقوب المنصور","2023","25024","RNI","زهرة حجاج","18574"
"الرباط -سلا -القنيطرة","الرباط","يعقوب المنصور","2023","25024","RNI","امين صادق","18767"
"الرباط -سلا -القنيطرة","الرباط","يعقوب المنصور","2023","25024","RNI","مصطفى جياف","18797"
"الرباط -سلا -القنيطرة","الرباط","يعقوب المنصور","2023","25024","RNI","رشيد الاشهب","18865"
"الرباط -سلا -القنيطرة","الرباط","يعقوب المنصور","2023","25024","RNI","ابراهيم المبراك","19014"
"الرباط -سلا -القنيطرة","الرباط","يعقوب المنصور","2023","25024","RNI","خالد البكري","18578"
"الرباط -سلا -القنيطرة","الرباط","يعقوب المنصور","2023","25024","RNI","مولاي علي بن حسين","18628"
"الرباط -سلا -القنيطرة","الرباط","يعقوب المنصور","2023","25024","RNI","احمد فلاط","18686"
"الرباط -سلا -القنيطرة","الرباط","يعقوب المنصور","2023","25024","PAM","عبدالفتاح العوني","17647"
"الرباط -سلا -القنيطرة","الرباط","يعقوب المنصور","2023","25024","PAM","نادية الرحماني","17900"
"الرباط -سلا -القنيطرة","الرباط","يعقوب المنصور","2023","25024","PAM","عبد الحاكم بن شماش","17773"
"الرباط -سلا -القنيطرة","الرباط","يعقوب المنصور","2023","25024","PAM","ربيعة حازم","17937"
"الرباط -سلا -القنيطرة","الرباط","يعقوب المنصور","2023","25024","PAM","محمد مدهون","17862"
"الرباط -سلا -القنيطرة","الرباط","يعقوب المنصور","2023","25024","PAM","ميمون علالي","18131"
"الرباط -سلا -القنيطرة","الرباط","يعقوب المنصور","2023","25024","PAM","بوشعيب بندريوش","18203"
"الرباط -سلا -القنيطرة","الرباط","يعقوب المنصور","2023","25024","PAM","احمد موصوف","17719"
"الرباط -سلا -القنيطرة","الرباط","يعقوب المنصور","2023","25024","MP","الحسين كرومي","35734"
"الرباط -سلا -القنيطرة","الرباط","يعقوب المنصور","2023","25024","MP","الحسين جباري","35903"
"الرباط -سلا -القنيطرة","الرباط","يعقوب المنصور","2023","25024","MP","عبدالحق مجاهد","36002"
"الرباط -سلا -القنيطرة","الرباط","يعقوب المنصور","2023","25024","MP","حميد فخار","36155"
"الرباط -سلا -القنيطرة","الصخيرات تمارة","أم عزة","1062","16713","PAM","المصطفى  السلماني ","79125"
"الرباط -سلا -القنيطرة","الصخيرات تمارة","أم عزة","1062","16713","PAM","مرية الصدراتي","79245"
"الرباط -سلا -القنيطرة","الصخيرات تمارة","أم عزة","1062","16718","PAM","الحاج  الصادقي ","15792"
"الرباط -سلا -القنيطرة","الصخيرات تمارة","أم عزة","1062","16717","PAM","عبد المجيد الوردي","42695"
"الرباط -سلا -القنيطرة","الصخيرات تمارة","أم عزة","1062","16711","RNI","الميلودي حرشاوي","103699"
"الرباط -سلا -القنيطرة","الصخيرات تمارة","أم عزة","1062","16712","RNI","محمد بودرهم","55865"
"الرباط -سلا -القنيطرة","الصخيرات تمارة","أم عزة","1062","16712","RNI","مريم الوهابي","55903"
"الرباط -سلا -القنيطرة","الصخيرات تمارة","أم عزة","1062","16716","RNI","حسن رحواني","10601"
"الرباط -سلا -القنيطرة","الصخيرات تمارة","أم عزة","1062","16714","RNI","علي المعمري","56212"
"الرباط -سلا -القنيطرة","الصخيرات تمارة","أم عزة","1062","16714","RNI","أسماء مشروي","56060"
"الرباط -سلا -القنيطرة","الصخيرات تمارة","أم عزة","1062","16715","RNI","محمد الهيلالي","77719"
"الرباط -سلا -القنيطرة","الصخيرات تمارة","أم عزة","1062","16715","RNI","عتيقة كروم","77748"
"الرباط -سلا -القنيطرة","الصخيرات تمارة","أم عزة","1062","16710","PI","عبد الموجود الدكالي","55871"
"الرباط -سلا -القنيطرة","الصخيرات تمارة","أم عزة","1062","16719","UC","محمد عزيز","56041"
"الرباط -سلا -القنيطرة","الصخيرات تمارة","أم عزة","1062","16720","UC","خالد عزيز","55917"
"الرباط -سلا -القنيطرة","الصخيرات تمارة","الصخيرات","1286","25041","PJD","مولاي احمد فاقيهي","51338"
"الرباط -سلا -القنيطرة","الصخيرات تمارة","الصخيرات","1286","25041","PJD","دارين بنطالب","53134"
"الرباط -سلا -القنيطرة","الصخيرات تمارة","الصخيرات","1286","25041","PJD","لكبير بنلعربي","51389"
"الرباط -سلا -القنيطرة","الصخيرات تمارة","الصخيرات","1286","25041","PJD","فتيحة الصافي","53163"
"الرباط -سلا -القنيطرة","الصخيرات تمارة","الصخيرات","1286","25041","PJD","ياسين بهيج","51477"
"الرباط -سلا -القنيطرة","الصخيرات تمارة","الصخيرات","1286","25041","PJD","سمية الخراق","53249"
"الرباط -سلا -القنيطرة","الصخيرات تمارة","الصخيرات","1286","25041","PJD","ادريس المجعوري","51542"
"الرباط -سلا -القنيطرة","الصخيرات تمارة","الصخيرات","1286","25041","PJD","منير لعزيز","51611"
"الرباط -سلا -القنيطرة","الصخيرات تمارة","الصخيرات","1286","25041","PJD","محمد الصاخي","51651"
"الرباط -سلا -القنيطرة","الصخيرات تمارة","الصخيرات","1286","25041","PJD","رضوان مزكيني","51695"
"الرباط -سلا -القنيطرة","الصخيرات تمارة","الصخيرات","1286","25041","PJD","عدنان بهيج","51723"
"الرباط -سلا -القنيطرة","الصخيرات تمارة","الصخيرات","1286","25041","PJD","عبد الله نجار","51772"
"الرباط -سلا -القنيطرة","الصخيرات تمارة","الصخيرات","1286","25041","PJD","الحاج امليك","51807"
"الرباط -سلا -القنيطرة","الصخيرات تمارة","الصخيرات","1286","25041","PJD","حمزة الشرقاوي الدقاقي","51845"
"الرباط -سلا -القنيطرة","الصخيرات تمارة","الصخيرات","1286","25041","PJD","عبد الجليل كمال","51898"
"الرباط -سلا -القنيطرة","الصخيرات تمارة","الصخيرات","1286","25041","PJD","عبدالحميد الشلوشي","51942"
"الرباط -سلا -القنيطرة","الصخيرات تمارة","الصخيرات","1286","25041","PAM","ابراهيم شكيلي","90466"
"الرباط -سلا -القنيطرة","الصخيرات تمارة","الصخيرات","1286","25041","PAM","البوعزوية الحامدي","90005"
"الرباط -سلا -القنيطرة","الصخيرات تمارة","الصخيرات","1286","25041","PAM","اسماعيل الزيدي","89024"
"الرباط -سلا -القنيطرة","الصخيرات تمارة","الصخيرات","1286","25041","PAM","فاطمة الدحاني","90055"
"الرباط -سلا -القنيطرة","الصخيرات تمارة","الصخيرات","1286","25041","PAM","ياسين بنجليل","89064"
"الرباط -سلا -القنيطرة","الصخيرات تمارة","الصخيرات","1286","25041","PAM","الصديق زمران","89104"
"الرباط -سلا -القنيطرة","الصخيرات تمارة","الصخيرات","1286","25041","PAM","محمد البادرة","90501"
"الرباط -سلا -القنيطرة","الصخيرات تمارة","الصخيرات","1286","25041","PAM","هشام شليبخ","89222"
"الرباط -سلا -القنيطرة","الصخيرات تمارة","الصخيرات","1286","25041","PAM","بوعمرو الدحاني","89257"
"الرباط -سلا -القنيطرة","الصخيرات تمارة","الصخيرات","1286","25041","PAM","محمد بنيني","89303"
"الرباط -سلا -القنيطرة","الصخيرات تمارة","الصخيرات","1286","25041","PAM","عبد اللطيف الدير","89359"
"الرباط -سلا -القنيطرة","الصخيرات تمارة","الصخيرات","1286","25041","MP","احمد بلا","113602"
"الرباط -سلا -القنيطرة","الصخيرات تمارة","الصخيرات","1286","25041","MP","وديان بلا","119385"
"الرباط -سلا -القنيطرة","الصخيرات تمارة","الصخيرات","1286","25041","MP","المهد�� الطنجي","113769"
"الرباط -سلا -القنيطرة","الصخيرات تمارة","الصخيرات","1286","25041","MP","المكي عينكود","113815"
"الرباط -سلا -القنيطرة","الصخيرات تمارة","الصخيرات","1286","25041","MP","الحسين نافع","113870"
"الرباط -سلا -القنيطرة","الصخيرات تمارة","الصخيرات","1286","25041","RNI","عبدالله امهير","119863"
"الرباط -سلا -القنيطرة","الصخيرات تمارة","الصخيرات","1286","25041","RNI","بوشعيب مومن","119934"
"الرباط -سلا -القنيطرة","الصخيرات تمارة","الصخيرات","1286","25041","RNI","عبد الله الملياني","119968"
"الرباط -سلا -القنيطرة","الصخيرات تمارة","المنزه","510","7996","RNI","لحسن وحمان","104374"
"الرباط -سلا -القنيطرة","الصخيرات تمارة","المنزه","510","7996","RNI","غزلان ابو الفتاح","104417"
"الرباط -سلا -القنيطرة","الصخيرات تمارة","المنزه","510","27001","RNI","بوعزة مسعاد","79969"
"الرباط -سلا -القنيطرة","الصخيرات تمارة","المنزه","510","27001","RNI","حنان البقال","79938"
"الرباط -سلا -القنيطرة","الصخيرات تمارة","المنزه","510","27000","RNI","لحسن الحالي","103677"
"الرباط -سلا -القنيطرة","الصخيرات تمارة","المنزه","510","27000","RNI","فتيحة العياشي","103747"
"الرباط -سلا -القنيطرة","الصخيرات تمارة","المنزه","510","7997","RNI","عبد المجيد سعيداني","78045"
"الرباط -سلا -القنيطرة","الصخيرات تمارة","المنزه","510","7998","RNI","محمد الحالي","103844"
"الرباط -سلا -القنيطرة","الصخيرات تمارة","المنزه","510","7998","RNI","فاطمة النوني","103918"
"الرباط -سلا -القنيطرة","الصخيرات تمارة","المنزه","510","8000","RNI","العربي توداوي","78661"
"الرباط -سلا -القنيطرة","الصخيرات تمارة","المنزه","510","8006","RNI","محمد دردار","79477"
"الرباط -سلا -القنيطرة","الصخيرات تمارة","المنزه","510","8003","UC","علي حدوي","42324"
"الرباط -سلا -القنيطرة","الصخيرات تمارة","المنزه","510","7999","UC","بوعزى كروم","78142"
"الرباط -سلا -القنيطرة","الصخيرات تمارة","المنزه","510","8005","PI","محمد بنيوسف","79379"
"الرباط -سلا -القنيطرة","الصخيرات تمارة","المنزه","510","8004","PI","موحى ناجم","42392"
"الرباط -سلا -القنيطرة","الصخيرات تمارة","المنزه","510","8001","PI","احمد العركوبي","42277"
"الرباط -سلا -القنيطرة","الصخيرات تمارة","المنزه","510","8002","PI","عبدالكريم العركوبي","42225"
"الرباط -سلا -القنيطرة","الصخيرات تمارة","الهرهورة","592","27258","PI","المصطفى طفا","62"
"الرباط -سلا -القنيطرة","الصخيرات تمارة","الهرهورة","592","27258","PI","اكرام العثماني","204"
"الرباط -سلا -القنيطرة","الصخيرات تمارة","الهرهورة","592","9343","PI","محمد فوزي بنعلال","2269"
"الرباط -سلا -القنيطرة","الصخيرات تمارة","الهرهورة","592","9348","PI","عبد الرحيم العقود","470"
"الرباط -سلا -القنيطرة","الصخيرات تمارة","الهرهورة","592","9342","PI","عاقل عدناني","89"
"الرباط -سلا -القنيطرة","الصخيرات تمارة","الهرهورة","592","27260","PI","محمد ياسر بنعلال","223"
"الرباط -سلا -القنيطرة","الصخيرات تمارة","الهرهورة","592","9344","PI","طارق دراجي","2241"
"الرباط -سلا -القنيطرة","الصخيرات تمارة","الهرهورة","592","9347","PI","عمر  برطال","53"
"الرباط -سلا -القنيطرة","الصخيرات تمارة","الهرهورة","592","27266","PI","احمد موح","193"
"الرباط -سلا -القنيطرة","الصخيرات تمارة","الهرهورة","592","9339","PI","فاطمة البحراني","86"
"الرباط -سلا -القنيطرة","الصخيرات تمارة","الهرهورة","592","27261","PI","ياسين  ليساوي ","29"
"الرباط -سلا -القنيطرة","الصخيرات تمارة","الهرهورة","592","27267","PI","محمد مكنوني","457"
"الرباط -سلا -القنيطرة","الصخيرات تمارة","الهرهورة","592","9345","RNI","محمد افروخ","24766"
"الرباط -سلا -القنيطرة","الصخيرات تمارة","الهرهورة","592","9345","RNI","فوزية فروخ","24779"
"الرباط -سلا -القنيطرة","الصخيرات تمارة","الهرهورة","592","9346","RNI","عبد الرحيم بنلعدول","24664"
"الرباط -سلا -القنيطرة","الصخيرات تمارة","الهرهورة","592","9346","RNI","بوشرى خشان","24717"
"الرباط -سلا -القنيطرة","الصخيرات تمارة","الهرهورة","592","27264","RNI","هشام البستاني","30761"
"الرباط -سلا -القنيطرة","الصخيرات تمارة","الهرهورة","592","27265","RNI","المهدي باليس","62504"
"الرباط -سلا -القنيطرة","الصخيرات تمارة","الهرهورة","592","27259","RNI","نزهة الروييم","51114"
"الرباط -سلا -القنيطرة","الصخيرات تمارة","الهرهورة","592","27259","RNI","خديجة عباد","48645"
"الرباط -سلا -القنيطرة","الصخيرات تمارة","الهرهورة","592","25157","RNI","عمر سكاح","48032"
"الرباط -سلا -القنيطرة","الصخيرات تمارة","الهرهورة","592","27262","RNI","موراد بلغوات","30755"
"الرباط -سلا -القنيطرة","الصخيرات تمارة","الهرهورة","592","9340","RNI","طارق الكيحل","30520"
"الرباط -سلا -القنيطرة","الصخيرات تمارة","الهرهورة","592","27263","PJD","محمد اوقسو","62672"
"الرباط -سلا -القنيطرة","الصخيرات تمارة","الهرهورة","592","9338","PJD","اناس الخطابي","81584"
"الرباط -سلا -القنيطرة","الصخيرات تمارة","الهرهورة","592","9341","PJD","محمد العبودي","81624"
"الرباط -سلا -القنيطرة","الصخيرات تمارة","الهرهورة","592","25156","MP","مجيد بنبلعيد","81171"
"الرباط -سلا -القنيطرة","الصخيرات تمارة","تمارة","1417","25040","PJD","موح رجدالي","1730"
"الرباط -سلا -القنيطرة","الصخيرات تمارة","تمارة","1417","25040","PJD","اعتماد الزهيدي","2431"
"الرباط -سلا -القنيطرة","الصخيرات تمارة","تمارة","1417","25040","PJD","عبد العزيز لعايض","1759"
"الرباط -سلا -القنيطرة","الصخيرات تمارة","تمارة","1417","25040","PJD","سماح درقاوي","2439"
"الرباط -سلا -القنيطرة","الصخيرات تمارة","تمارة","1417","25040","PJD","عبد الحق العربي","1774"
"الرباط -سلا -القنيطرة","الصخيرات تمارة","تمارة","1417","25040","PJD","سميرة الهاشمي","2447"
"الرباط -سلا -القنيطرة","الصخيرات تمارة","تمارة","1417","25040","PJD","احمد لحبابي","1788"
"الرباط -سلا -القنيطرة","الصخيرات تمارة","تمارة","1417","25040","PJD","حليمة  مساوي","2455"
"الرباط -سلا -القنيطرة","الصخيرات تمارة","تمارة","1417","25040","PJD","سعد حازم","1800"
"الرباط -سلا -القنيطرة","الصخيرات تمارة","تمارة","1417","25040","PJD","نعيمة بنبيجي","2463"
"الرباط -سلا -القنيطرة","الصخيرات تمارة","تمارة","1417","25040","PJD","حميد بوزاعي","1820"
"الرباط -سلا -القنيطرة","الصخيرات تمارة","تمارة","1417","25040","PJD","اسماء مساوي","2473"
"الرباط -سلا -القنيطرة","الصخيرات تمارة","تمارة","1417","25040","PJD","عبد العالي الهواري سليماني","1851"
"الرباط -سلا -القنيطرة","الصخيرات تمارة","تمارة","1417","25040","PJD","سعيد بولخير","1864"
"الرباط -سلا -القنيطرة","الصخيرات تمارة","تمارة","1417","25040","PJD","السعيد الكويسي","1882"
"الرباط -سلا -القنيطرة","الصخيرات تمارة","تمارة","1417","25040","PJD","ابراهيم مفتاح","1896"
"الرباط -سلا -القنيطرة","الصخيرات تمارة","تمارة","1417","25040","PJD","خالد الاملوكي","1914"
"الرباط -سلا -القنيطرة","الصخيرات تمارة","تمارة","1417","25040","PJD","عمر  اتكان","1943"
"الرباط -سلا -القنيطرة","الصخيرات تمارة","تمارة","1417","25040","PJD","عمر قاسمي","1958"
"الرباط -سلا -القنيطرة","الصخيرات تمارة","تمارة","1417","25040","PJD","عبدالعزيز طهراوي","1989"
"الرباط -سلا -القنيطرة","الصخيرات تمارة","تمارة","1417","25040","PJD","عبدالكريم الشبكي","2007"
"الرباط -سلا -القنيطرة","الصخيرات تمارة","تمارة","1417","25040","PJD","ابراهيم الشكوري","2040"
"الرباط -سلا -القنيطرة","الصخيرات تمارة","تمارة","1417","25040","PJD","التهامي فيلالي","2087"
"الرباط -سلا -القنيطرة","الصخيرات تمارة","تمارة","1417","25040","PJD","عبدالكريم الطالبي","2107"
"الرباط -سلا -القنيطرة","الصخيرات تمارة","تمارة","1417","25040","PJD","محمد الريفي","2125"
"الرباط -سلا -القنيطرة","الصخيرات تمارة","تمارة","1417","25040","PJD","كمال كحلي","2141"
"الرباط -سلا -القنيطرة","الصخيرات تمارة","تمارة","1417","25040","PJD","محمد  حداق","2151"
"الرباط -سلا -القنيطرة","الصخيرات تمارة","تمارة","1417","25040","PJD","لحسن عاشور","2160"
"الرباط -سلا -القنيطرة","الصخيرات تمارة","تمارة","1417","25040","PJD","حسن شيشاوي","2174"
"الرباط -سلا -القنيطرة","الصخيرات تمارة","تمارة","1417","25040","PJD","محمد منصوري","2180"
"الرباط -سلا -القنيطرة","الصخيرات تمارة","تمارة","1417","25040","PJD","عبد الاله القدميري","2190"
"الرباط -سلا -القنيطرة","الصخيرات تمارة","تمارة","1417","25040","PJD","سعد اغزاف","2194"
"الرباط -سلا -القنيطرة","الصخيرات تمارة","تمارة","1417","25040","PJD","صالح غلاب","2204"
"الرباط -سلا -القنيطرة","الصخيرات تمارة","تمارة","1417","25040","PJD","نعيمة بنعبد الصادق","2214"
"الرباط -سلا -القنيطرة","الصخيرات تمارة","تمارة","1417","25040","PJD","الجيلالي سوني","2219"
"الرباط -سلا -القنيطرة","الصخيرات تمارة","تمارة","1417","25040","PJD","حميد الوصيف","2224"
"الرباط -سلا -القنيطرة","الصخيرات تمارة","تمارة","1417","25040","PJD","عبد الواحد  النقاز","2226"
"الرباط -سلا -القنيطرة","الصخيرات تمارة","تمارة","1417","25040","PJD","فواد المفيشخ","2233"
"الرباط -سلا -القنيطرة","الصخيرات تمارة","تمارة","1417","25040","PJD","محمد رزوق","2261"
"الرباط -سلا -القنيطرة","الصخيرات تمارة","تمارة","1417","25040","PJD","عبد العزيز عثماني","2273"
"الرباط -سلا -القنيطرة","الصخيرات تمارة","تمارة","1417","25040","PJD","محمد بلموزنة","2285"
"الرباط -سلا -القنيطرة","الصخيرات تمارة","تمارة","1417","25040","PJD","الجيلالي باكة","2294"
"الرباط -سلا -القنيطرة","الصخيرات تمارة","تمارة","1417","25040","PPS","زهير الزمزامي","38764"
"الرباط -سلا -القنيطرة","الصخيرات تمارة","تمارة","1417","25040","PPS","فاطمة بنحميدة","39851"
"الرباط -سلا -القنيطرة","الصخيرات تمارة","تمارة","1417","25040","PPS","نور الدين  السلكاني ","38783"
"الرباط -سلا -القنيطرة","الصخيرات تمارة","تمارة","1417","25040","PPS","حميد الرامي","38801"
"الرباط -سلا -القنيطرة","الصخيرات تمارة","تمارة","1417","25040","PPS","لشهب كصعي","38821"
"الرباط -سلا -القنيطرة","الصخيرات تمارة","تمارة","1417","25040","PPS","كمال كريم الدين","38846"
"الرباط -سلا -القنيطرة","الصخيرات تمارة","تمارة","1417","25040","PPS","علي بيدغارن","38877"
"الرباط -سلا -القنيطرة","الصخيرات تمارة","تمارة","1417","25040","PAM","يونس السكوري وبحسو","87302"
"الرباط -سلا -القنيطرة","الصخيرات تمارة","تمارة","1417","25040","PAM","لطيفة المتوكل","89286"
"الرباط -سلا -القنيطرة","الصخيرات تمارة","تمارة","1417","25040","PAM","عبد الحفيظ الوفائي","87358"
"الرباط -سلا -القنيطرة","الصخيرات تمارة","تمارة","1417","25040","PAM","عبدالكريم بونمر","87491"
"الرباط -سلا -القنيطرة","الصخيرات تمارة","تمارة","1417","25040","PAM","بوشعيب المامون","87552"
"الرباط -سلا -القنيطرة","الصخيرات تمارة","تمارة","1417","25040","PAM","عبد اللطيف الدقون","87602"
"الرباط -سلا -القنيطرة","الصخيرات تمارة","سيدي يحيى زعير","1282","20270","RNI","رشيد الساجد","119661"
"الرباط -سلا -القنيطرة","الصخيرات تمارة","سيدي يحيى زعير","1282","20270","RNI","مديحة الربح","120970"
"الرباط -سلا -القنيطرة","الصخيرات تمارة","سيدي يحيى زعير","1282","20270","RNI","عبد الرحمان شباكي","119742"
"الرباط -سلا -القنيطرة","الصخيرات تمارة","سيدي يحيى زعير","1282","20270","RNI","ربيعة  الزناكي ","121019"
"الرباط -سلا -القنيطرة","الصخيرات تمارة","سيدي يحيى زعير","1282","20270","RNI","العربي الحماري","119789"
"الرباط -سلا -القنيطرة","الصخيرات تمارة","سيدي يحيى زعير","1282","20270","RNI","محمد عطاوي","119841"
"الرباط -سلا -القنيطرة","الصخيرات تمارة","سيدي يحيى زعير","1282","20270","RNI","علال مرشيش","119882"
"الرباط -سلا -القنيطرة","الصخيرات تمارة","سيدي يحيى زعير","1282","20270","RNI","الكبير اليويسي","119925"
"الرباط -سلا -القنيطرة","الصخيرات تمارة","سيدي يحيى زعير","1282","20270","RNI","مسعود الزهري","119974"
"الرباط -سلا -القنيطرة","الصخيرات تمارة","سيدي يحيى زعير","1282","20270","RNI","قدور الترابي","120027"
"الرباط -سلا -القنيطرة","الصخيرات تمارة","سيدي يحيى زعير","1282","20270","RNI","حسن الجوامع","120068"
"الرباط -سلا -القنيطرة","الصخيرات تمارة","سيدي يحيى زعير","1282","20270","PAM","رشيد الحمري","92343"
"الرباط -سلا -القنيطرة","الصخيرات تمارة","سيدي يحيى زعير","1282","20270","PAM","لطيفة عبيد","92067"
"الرباط -سلا -القنيطرة","الصخيرات تمارة","سيدي يحيى زعير","1282","20270","PAM","محمد بنشيخ","92388"
"الرباط -سلا -القنيطرة","الصخيرات تمارة","سيدي يحيى زعير","1282","20270","PAM","لحسن بلعدي","92432"
"الرباط -سلا -القنيطرة","الصخيرات تمارة","سيدي يحيى زعير","1282","20270","PAM","بلعيد الناصري","92486"
"الرباط -سلا -القنيطرة","الصخيرات تمارة","سيدي يحيى زعير","1282","20270","PAM","عبد المولى الحمري","92552"
"الرباط -سلا -القنيطرة","الصخيرات تمارة","سيدي يحيى زعير","1282","20270","PAM","المهدي الصالحي","92574"
"الرباط -سلا -القنيطرة","الصخيرات تمارة","سيدي يحيى زعير","1282","20270","UMD","حسن احراكة","84404"
"الرباط -سلا -القنيطرة","الصخيرات تمارة","سيدي يحيى زعير","1282","20270","UMD","ليلى  مرشيش","85575"
"الرباط -سلا -القنيطرة","الصخيرات تمارة","سيدي يحيى زعير","1282","20270","UMD","الحسن بوجمعي","84495"
"الرباط -سلا -القنيطرة","الصخيرات تمارة","سيدي يحيى زعير","1282","20270","UMD","المحجوب زروال","84805"
"الرباط -سلا -القنيطرة","الصخيرات تمارة","سيدي يحيى زعير","1282","20270","UMD","اقناديل الكوادي","84873"
"الرباط -سلا -القنيطرة","الصخيرات تمارة","سيدي يحيى زعير","1282","20270","UMD","رشيد كدار","84972"
"الرباط -سلا -القنيطرة","الصخيرات تمارة","سيدي يحيى زعير","1282","20270","PPS","العربي خربوش","84366"
"الرباط -سلا -القنيطرة","الصخيرات تمارة","سيدي يحيى زعير","1282","20270","PPS","سليمة خربوش","84696"
"الرباط -سلا -القنيطرة","الصخيرات تمارة","سيدي يحيى زعير","1282","20270","PPS","امحمد زروق","84518"
"الرباط -سلا -القنيطرة","الصخيرات تمارة","سيدي يحيى زعير","1282","20270","PPS","بوشعيب مرشيش","84554"
"الرباط -سلا -القنيطرة","الصخيرات تمارة","سيدي يحيى زعير","1282","20270","PJD","مصطفى التاوتي","32969"
"الرباط -سلا -القنيطرة","الصخيرات تمارة","سيدي يحيى زعير","1282","20270","PJD","خديجة  السويسي","26804"
"الرباط -سلا -القنيطرة","الصخيرات تمارة","سيدي يحيى زعير","1282","20270","PJD","احمد الصافي","26542"
"الرباط -سلا -القنيطرة","الصخيرات تمارة","سيدي يحيى زعير","1282","20270","PJD","نبيل صدقي","26547"
"الرباط -سلا -القنيطرة","الصخيرات تمارة","سيدي يحيى زعير","1282","20270","PI","احمد المارودي","66836"
"الرباط -سلا -القنيطرة","الصخيرات تمارة","سيدي يحيى زعير","1282","20270","PI","عبد الله الحماري","66793"
"الرباط -سلا -القنيطرة","الصخيرات تمارة","سيدي يحيى زعير","1282","20270","PI","يوسف التازي","66879"
"الرباط -سلا -القنيطرة","الصخيرات تمارة","صباح","1108","17399","PAM","عبدالحق شاكير","106098"
"الرباط -سلا -القنيطرة","الصخيرات تمارة","صباح","1108","17399","PAM","سهام بلا","106016"
"الرباط -سلا -القنيطرة","الصخيرات تمارة","صباح","1108","17398","PAM","المصطفى ختة","49753"
"الرباط -سلا -القنيطرة","الصخيرات تمارة","صباح","1108","17398","PAM","نزهة بلا","49803"
"الرباط -سلا -القنيطرة","الصخيرات تمارة","صباح","1108","17404","PAM","محمد الهلالي","96208"
"الرباط -سلا -القنيطرة","الصخيرات تمارة","صباح","1108","17403","PAM","سعيد الهلالي","96195"
"الرباط -سلا -القنيطرة","الصخيرات تمارة","صباح","1108","27282","PAM","عبد الغني ربوح","96226"
"الرباط -سلا -القنيطرة","الصخيرات تمارة","صباح","1108","27284","PAM","محمد النفيلي","106359"
"الرباط -سلا -القنيطرة","الصخيرات تمارة","صباح","1108","27284","PAM","مينة ابدي","106610"
"الرباط -سلا -القنيطرة","الصخيرات تمارة","صباح","1108","27286","PAM","بوشعيب البركاوي","107808"
"الرباط -سلا -القنيطرة","الصخيرات تمارة","صباح","1108","17396","PAM","لحبيب لخويطي","49404"
"الرباط -سلا -القنيطرة","الصخيرات تمارة","صباح","1108","27279","PAM","الحاج السدراوي","96246"
"الرباط -سلا -القنيطرة","الصخيرات تمارة","صباح","1108","27283","PAM","عادل الذهبي","96237"
"الرباط -سلا -القنيطرة","الصخيرات تمارة","صباح","1108","17394","PAM","حسن اشريبط","96147"
"الرباط -سلا -القنيطرة","الصخيرات تمارة","صباح","1108","17395","PAM","سعيد غزيل","49178"
"الرباط -سلا -القنيطرة","الصخيرات تمارة","صباح","1108","27287","PAM","عبدالكبير السعدي","10566"
"الرباط -سلا -القنيطرة","الصخيرات تمارة","صباح","1108","17402","PAM","محمد الحامدي","50157"
"الرباط -سلا -القنيطرة","الصخيرات تمارة","صباح","1108","27280","PAM","عبدالقادر المصباحي","50483"
"الرباط -سلا -القنيطرة","الصخيرات تمارة","صباح","1108","27281","PAM","هشام الهلالي","96233"
"الرباط -سلا -القنيطرة","الصخيرات تمارة","صباح","1108","17400","MP","محمد الديبوش","49857"
"الرباط -سلا -القنيطرة","الصخيرات تمارة","صباح","1108","17397","MP","سعيد الديبوش","49698"
"الرباط -سلا -القنيطرة","الصخيرات تمارة","صباح","1108","17406","MP","فيصل شاكير","106230"
"الرباط -سلا -القنيطرة","الصخيرات تمارة","صباح","1108","17401","PJD","احمد لعميري","106148"
"الرباط -سلا -القنيطرة","الصخيرات تمارة","صباح","1108","17401","PJD","ابتسام الازهار","106169"
"الرباط -سلا -القنيطرة","الصخيرات تمارة","صباح","1108","27285","PJD","عبد الحميد البقال","32633"
"الرباط -سلا -القنيطرة","الصخيرات تمارة","صباح","1108","27278","PPS","بلكبير الحفيان","26"
"الرباط -سلا -القنيطرة","الصخيرات تمارة","صباح","1108","17405","PI","محمد لقوير","96219"
"الرباط -سلا -القنيطرة","الصخيرات تمارة","عين العودة","68","1028","UC","حسن عاريف","84555"
"الرباط -سلا -القنيطرة","الصخيرات تمارة","عين العودة","68","1028","UC","فاطمة الزهراء بخوش","83899"
"الرباط -سلا -القنيطرة","الصخيرات تمارة","عين العودة","68","1028","UC","ميلود نونة","82997"
"الرباط -سلا -القنيطرة","الصخيرات تمارة","عين العودة","68","1028","UC","خديجة عاريف","83968"
"الرباط -سلا -القنيطرة","الصخيرات تمارة","عين العودة","68","1028","UC","العربي الكاهية","83027"
"الرباط -سلا -القنيطرة","الصخيرات تمارة","عين العودة","68","1028","UC","بوشرة منصوري","84042"
"الرباط -سلا -القنيطرة","الصخيرات تمارة","عين العودة","68","1028","UC","محمد اصضيف","83059"
"الرباط -سلا -القنيطرة","الصخيرات تمارة","عين العودة","68","1028","UC","بومهدي فتحي","83093"
"الرباط -سلا -القنيطرة","الصخيرات تمارة","عين العودة","68","1028","UC","لعروصي الصناغي","83115"
"الرباط -سلا -القنيطرة","الصخيرات تمارة","عين العودة","68","1028","UC","ميلود عبادي","83158"
"الرباط -سلا -القنيطرة","الصخيرات تمارة","عين العودة","68","1028","UC","حميد لبريدي","83189"
"الرباط -سلا -القنيطرة","الصخيرات تمارة","عين العودة","68","1028","UC","احمد العثماني","83238"
"الرباط -سلا -القنيطرة","الصخيرات تمارة","عين العودة","68","1028","UC","المصطفى خضيرة","83277"
"الرباط -سلا -القنيطرة","الصخيرات تمارة","عين العودة","68","1028","UC","عبد الاله المكاوي","83319"
"الرباط -سلا -القنيطرة","الصخيرات تمارة","عين العودة","68","1028","UC","مولود السروت","83354"
"الرباط -سلا -القنيطرة","الصخيرات تمارة","عين العودة","68","1028","PJD","محمد بحيحي","22773"
"الرباط -سلا -القنيطرة","الصخيرات تمارة","عين العودة","68","1028","PJD","سلمى بنزوين","22981"
"الرباط -سلا -القنيطرة","الصخيرات تمارة","عين العودة","68","1028","PJD","بوعزة بلعياشي","22785"
"الرباط -سلا -القنيطرة","الصخيرات تمارة","عين العودة","68","1028","PJD","عبدالمجيد استيتو","22794"
"الرباط -سلا -القنيطرة","الصخيرات تمارة","عين العودة","68","1028","PJD","عبد الحق الهبطي","22801"
"الرباط -سلا -القنيطرة","الصخيرات تمارة","عين العودة","68","1028","PAM","محمد كشلاط","58800"
"الرباط -سلا -القنيطرة","الصخيرات تمارة","عين العودة","68","1028","PAM","نورا الخمري","60405"
"الرباط -سلا -القنيطرة","الصخيرات تمارة","عين العودة","68","1028","PAM","سعيد عيسات ","58845"
"الرباط -سلا -القنيطرة","الصخيرات تمارة","عين العودة","68","1028","PAM","بوعزة العدلاني","58945"
"الرباط -سلا -القنيطرة","الصخيرات تمارة","عين العودة","68","1028","PAM","سليمان صديق","59173"
"الرباط -سلا -القنيطرة","الصخيرات تمارة","عين العودة","68","1028","RNI","سعيد سور الـله","81974"
"الرباط -سلا -القنيطرة","الصخيرات تمارة","عين العودة","68","1028","RNI","اصفية غازي","83522"
"الرباط -سلا -القنيطرة","الصخيرات تمارة","عين العودة","68","1028","RNI","ياسين مكرم","82093"
"الرباط -سلا -القنيطرة","الصخيرات تمارة","عين العودة","68","1028","RNI","رضا بن الجيلالي","82209"
"الرباط -سلا -القنيطرة","الصخيرات تمارة","عين عتيق","57","832","PAM","حكيم حنيني","38051"
"الرباط -سلا -القنيطرة","الصخيرات تمارة","عين عتيق","57","840","PAM","محمد لبدر","28343"
"الرباط -سلا -القنيطرة","الصخيرات تمارة","عين عتيق","57","833","PAM","العربي حنيني","38085"
"الرباط -سلا -القنيطرة","الصخيرات تمارة","عين عتيق","57","844","PAM","نور الدين بنغالم","38280"
"الرباط -سلا -القنيطرة","الصخيرات تمارة","عين عتيق","57","850","PAM","عزيز معدور","53431"
"الرباط -سلا -القنيطرة","الصخيرات تمارة","عين عتيق","57","841","PAM","عابد شكيل","83956"
"الرباط -سلا -القنيطرة","الصخيرات تمارة","عين عتيق","57","834","PAM","لحسن  الكصابي ","28357"
"الرباط -سلا -القنيطرة","الصخيرات تمارة","عين عتيق","57","843","PAM","يوسف النوري","38122"
"الرباط -سلا -القنيطرة","الصخيرات تمارة","عين عتيق","57","831","PAM","هشام حماموش","38022"
"الرباط -سلا -القنيطرة","الصخيرات تمارة","عين عتيق","57","27288","RNI","عبد الحق بوحجرة","21900"
"الرباط -سلا -القنيطرة","الصخيرات تمارة","عين عتيق","57","27288","RNI","حفيظة بلحجام","22473"
"الرباط -سلا -القنيطرة","الصخيرات تمارة","عين عتيق","57","851","RNI","علال الداغري","4819"
"الرباط -سلا -القنيطرة","الصخيرات تمارة","عين عتيق","57","847","RNI","سليمان الداغري","22307"
"الرباط -سلا -القنيطرة","الصخيرات تمارة","عين عتيق","57","846","RNI","عبدالسلام الداغري","3262"
"الرباط -سلا -القنيطرة","الصخيرات تمارة","عين عتيق","57","839","RNI","الشركي دحي","6725"
"الرباط -سلا -القنيطرة","الصخيرات تمارة","عين عتيق","57","852","PJD","عزيز حراكة","16765"
"الرباط -سلا -القنيطرة","الصخيرات تمارة","عين عتيق","57","849","PJD","مصطفى العصامي","22139"
"الرباط -سلا -القنيطرة","الصخيرات تمارة","عين عتيق","57","853","PJD","ابراهيم العوبيسي","16804"
"الرباط -سلا -القنيطرة","الصخيرات تمارة","عين عتيق","57","27289","PJD","احمد بابا حمد","28376"
"الرباط -سلا -القنيطرة","الصخيرات تمارة","عين عتيق","57","842","PJD","والعيد  غازي ","21868"
"الرباط -سلا -القنيطرة","الصخيرات تمارة","عين عتيق","57","842","PJD","رابحة مبروك","22522"
"الرباط -سلا -القنيطرة","الصخيرات تمارة","عين عتيق","57","837","PPS","محمد مبروك","3159"
"الرباط -سلا -القنيطرة","الصخيرات تمارة","عين عتيق","57","837","PPS","فاطمة لهلالي","3098"
"الرباط -سلا -القنيطرة","الصخيرات تمارة","عين عتيق","57","848","PPS","عبد الحق العسري","21970"
"الرباط -سلا -القنيطرة","الصخيرات تمارة","عين عتيق","57","836","PPS","احمد الزركاني","16778"
"الرباط -سلا -القنيطرة","الصخيرات تمارة","عين عتيق","57","838","PPS","محمد الشافعي","6333"
"الرباط -سلا -القنيطرة","الصخيرات تمارة","عين عتيق","57","845","UC","محمد المودن","84131"
"الرباط -سلا -القنيطرة","الصخيرات تمارة","عين عتيق","57","845","UC","فاطيمة العسري","84224"
"الرباط -سلا -القنيطرة","الصخيرات تمارة","عين عتيق","57","835","UC","بوعزة السعيدي","6394"
"الرباط -سلا -القنيطرة","الصخيرات تمارة","مرس الخير","866","27277","PAM","بوشعيب الحيباري","69486"
"الرباط -سلا -القنيطرة","الصخيرات تمارة","مرس الخير","866","27271","PAM","محمد القدوري","50425"
"الرباط -سلا -القنيطرة","الصخيرات تمارة","مرس الخير","866","27271","PAM","فخيتة بزي","50462"
"الرباط -سلا -القنيطرة","الصخيرات تمارة","مرس الخير","866","13696","PAM","قاسم بالماضي","69721"
"الرباط -سلا -القنيطرة","الصخيرات تمارة","مرس الخير","866","25158","PAM","لحسن الخياطي","69608"
"الرباط -سلا -القنيطرة","الصخيرات تمارة","مرس الخير","866","27276","PAM","موسى العموري","38706"
"الرباط -سلا -القنيطرة","الصخيرات تمارة","مرس الخير","866","27276","PAM","زكية ملوكي","38737"
"الرباط -سلا -القنيطرة","الصخيرات تمارة","مرس الخير","866","27272","PAM","زكرياء القدوري","50525"
"الرباط -سلا -القنيطرة","الصخيرات تمارة","مرس الخير","866","27269","PAM","هشام مريني","50132"
"الرباط -سلا -القنيطرة","الصخيرات تمارة","مرس الخير","866","27274","PAM","بوشعيب محراش","28390"
"الرباط -سلا -القنيطرة","الصخيرات تمارة","مرس الخير","866","27274","PAM","مينة ايت مسعود","36273"
"الرباط -سلا -القنيطرة","الصخيرات تمارة","مرس الخير","866","27275","PAM","احمد لهنيتي","21659"
"الرباط -سلا -القنيطرة","الصخيرات تمارة","مرس الخير","866","13698","PAM","محمد افقير","63362"
"الرباط -سلا -القنيطرة","الصخيرات تمارة","مرس الخير","866","27273","PAM","بوشعيب بنبوية","38932"
"الرباط -سلا -القنيطرة","الصخيرات تمارة","مرس الخير","866","13694","PAM","حميد ايتحركيت","53721"
"الرباط -سلا -القنيطرة","الصخيرات تمارة","مرس الخير","866","13688","PAM","عبد اللطيف ملوك","21608"
"الرباط -سلا -القنيطرة","الصخيرات تمارة","مرس الخير","866","13697","PAM","الجيلالي  بنعائشة","39110"
"الرباط -سلا -القنيطرة","الصخيرات تمارة","مرس الخير","866","13691","PAM","الحسين  جابري ","39379"
"الرباط -سلا -القنيطرة","الصخيرات تمارة","مرس الخير","866","13690","PAM","عبد الكريم مصلاح","49135"
"الرباط -سلا -القنيطرة","الصخيرات تمارة","مرس الخير","866","27268","PAM","عبد الكريم  مازي","38548"
"الرباط -سلا -القنيطرة","الصخيرات تمارة","مرس الخير","866","25159","PAM","بوعزة الخياطي","50804"
"الرباط -سلا -القنيطرة","الصخيرات تمارة","مرس الخير","866","13695","RNI","نور الدين صابر","39286"
"الرباط -سلا -القنيطرة","الصخيرات تمارة","مرس الخير","866","27270","RNI","محمد بلحاج","50253"
"الرباط -سلا -القنيطرة","الصخيرات تمارة","مرس الخير","866","13693","RNI","سعيد فهمي","38478"
"الرباط -سلا -القنيطرة","الصخيرات تمارة","مرس الخير","866","13693","RNI","نزهة سلاك","38413"
"الرباط -سلا -القنيطرة","الصخيرات تمارة","مرس الخير","866","13692","RNI","بوشعيب الحجاجي","39325"
"الرباط -سلا -القنيطرة","الصخيرات تمارة","مرس الخير","866","13689","PPS","محمد ابولنوار","68131"
"الرباط -سلا -القنيطرة","القنيطرة","أولاد سلامة","1056","16608","RNI","نور الدين بويعيسات","109111"
"الرباط -سلا -القنيطرة","القنيطرة","أولاد سلامة","1056","16609","RNI","الحسان  عزة","4100"
"الرباط -سلا -القنيطرة","القنيطرة","أولاد سلامة","1056","16611","RNI","محمد  لعزيب","7322"
"الرباط -سلا -القنيطرة","القنيطرة","أولاد سلامة","1056","16603","RNI","محمد اودينة","7440"
"الرباط -سلا -القنيطرة","القنيطرة","أولاد سلامة","1056","16603","RNI","علو فريطز","7466"
"الرباط -سلا -القنيطرة","القنيطرة","أولاد سلامة","1056","25456","RNI","علال الدقاق","17788"
"الرباط -سلا -القنيطرة","القنيطرة","أولاد سلامة","1056","16604","RNI","ادريس حرمامة","18735"
"الرباط -سلا -القنيطرة","القنيطرة","أولاد سلامة","1056","25452","RNI","محمد بالعيادية","18949"
"الرباط -سلا -القنيطرة","القنيطرة","أولاد سلامة","1056","25455","RNI","امبارك  الحفيان","7631"
"الرباط -سلا -القنيطرة","القنيطرة","أولاد سلامة","1056","25453","PJD","محمد زغلول","28026"
"الرباط -سلا -القنيطرة","القنيطرة","أولاد سلامة","1056","25457","PJD","عبد السلام  شوقار","76905"
"الرباط -سلا -القنيطرة","القنيطرة","أولاد سلامة","1056","25457","PJD","حدهم سمينات","76968"
"الرباط -سلا -القنيطرة","القنيطرة","أولاد سلامة","1056","16607","PJD","مراد طنيبي","30775"
"الرباط -سلا -القنيطرة","القنيطرة","أولاد سلامة","1056","16610","PJD","عبدالاله مرناري","109716"
"الرباط -سلا -القنيطرة","القنيطرة","أولاد سلامة","1056","16602","PJD","الحسين خيزو","109175"
"الرباط -سلا -القنيطرة","القنيطرة","أولاد سلامة","1056","16606","PJD","احمد الرواني","42529"
"الرباط -سلا -القنيطرة","القنيطرة","أولاد سلامة","1056","16606","PJD","وفاء رواونة","42575"
"الرباط -سلا -القنيطرة","القنيطرة","أولاد سلامة","1056","16601","PJD","منصور الخياطي","20203"
"الرباط -سلا -القنيطرة","القنيطرة","أولاد سلامة","1056","16605","PJD","مصطفى غريبات","58271"
"الرباط -سلا -القنيطرة","القنيطرة","أولاد سلامة","1056","16612","PAM","محمد الطالبي","108659"
"الرباط -سلا -القنيطرة","القنيطرة","أولاد سلامة","1056","25450","PAM","عبد السلام كعوة","7525"
"الرباط -سلا -القنيطرة","القنيطرة","أولاد سلامة","1056","25454","PAM","ادريس لخضر","7453"
"الرباط -سلا -القنيطرة","القنيطرة","أولاد سلامة","1056","25451","PAM","الخطاب الطيبوش","28006"
"الرباط -سلا -القنيطرة","القنيطرة","أولاد سلامة","1056","16600","USFP","ادريس العمري","57640"
"الرباط -سلا -القنيطرة","القنيطرة","أولاد سلامة","1056","16600","USFP","وجدان بحرار","57879"
"الرباط -سلا -القنيطرة","القنيطرة","أولاد سلامة","1056","16598","UC","محمد  الشجار","28098"
"الرباط -سلا -القنيطرة","القنيطرة","أولاد سلامة","1056","16599","UC","احمد دحان","28086"
"الرباط -سلا -القنيطرة","القنيطرة","الحدادة","587","9241","PJD","مصطفى البلي","82438"
"الرباط -سلا -القنيطرة","القنيطرة","الحدادة","587","9241","PJD","حياة العبياوي","82504"
"الرباط -سلا -القنيطرة","القنيطرة","الحدادة","587","9246","PJD","علي سليكي","18017"
"الرباط -سلا -القنيطرة","القنيطرة","الحدادة","587","27294","PJD","محمد عسيلة","20371"
"الرباط -سلا -القنيطرة","القنيطرة","الحدادة","587","9250","PJD","العربي سكاوف","18202"
"الرباط -سلا -القنيطرة","القنيطرة","الحدادة","587","9245","PJD","بنعاشر عسيلة","4118"
"الرباط -سلا -القنيطرة","القنيطرة","الحدادة","587","9252","PJD","علال شكوة","27310"
"الرباط -سلا -القنيطرة","القنيطرة","الحدادة","587","9249","PJD","عبد الرزاق الزعري","20215"
"الرباط -سلا -القنيطرة","القنيطرة","الحدادة","587","27298","PJD","الميلودي فريحات","82213"
"الرباط -سلا -القنيطرة","القنيطرة","الحدادة","587","27297","PJD","ادريس الركاد","18144"
"الرباط -سلا -القنيطرة","القنيطرة","الحدادة","587","9253","PJD","محمد الحوباري","20258"
"الرباط -سلا -القنيطرة","القنيطرة","الحدادة","587","9253","PJD","حنان كحيل","20307"
"الرباط -سلا -القنيطرة","القنيطرة","الحدادة","587","27293","PJD","ادريس الهميطي ","18452"
"الرباط -سلا -القنيطرة","القنيطرة","الحدادة","587","9248","PAM","ادريس السعداوي","63258"
"الرباط -سلا -القنيطرة","القنيطرة","الحدادة","587","9248","PAM","حياة ايت التاجر","63425"
"الرباط -سلا -القنيطرة","القنيطرة","الحدادة","587","27296","PAM","مصطفى الحيرش","79985"
"الرباط -سلا -القنيطرة","القنيطرة","الحدادة","587","27292","PAM","خالد حلعينو","65086"
"الرباط -سلا -القنيطرة","القنيطرة","الحدادة","587","27295","PAM","حفيظ العوادي","81314"
"الرباط -سلا -القنيطرة","القنيطرة","الحدادة","587","27290","UC","نوفل المسعودي","20331"
"الرباط -سلا -القنيطرة","القنيطرة","الحدادة","587","9243","PI","الحاج لعبياوي","4275"
"الرباط -سلا -القنيطرة","القنيطرة","الحدادة","587","9242","PI","الحسين طايبة","43021"
"الرباط -سلا -القنيطرة","القنيطرة","الحدادة","587","27291","PI","ادريس نقبي","30936"
"الرباط -سلا -القنيطرة","القنيطرة","الحدادة","587","9247","PI","المصطفى بناصرات","18675"
"الرباط -سلا -القنيطرة","القنيطرة","الحدادة","587","9244","MP","عبد الحميد السعداوي ","83185"
"الرباط -سلا -القنيطرة","القنيطرة","الحدادة","587","9244","MP","حدة غراربي","83041"
"الرباط -سلا -القنيطرة","القنيطرة","الحدادة","587","9251","MP","الميلودي خبار","20260"
"الرباط -سلا -القنيطرة","القنيطرة","الحدادة","587","27299","MP","منصور قبادي","20302"
"الرباط -سلا -القنيطرة","القنيطرة","الشوافع","442","6847","MDS","ادريس كحيل","10267"
"الرباط -سلا -القنيطرة","القنيطرة","الشوافع","442","6847","MDS","فتيحة بنغانم","10281"
"الرباط -سلا -القنيطرة","القنيطرة","الشوافع","442","6846","MDS","بوسلهام الشكاوي","10330"
"الرباط -سلا -القنيطرة","القنيطرة","الشوافع","442","6846","MDS","يامنة العاقل","10345"
"الرباط -سلا -القنيطرة","القنيطرة","الشوافع","442","6838","MDS","بوسلهام مبروكي","10030"
"الرباط -سلا -القنيطرة","القنيطرة","الشوافع","442","6859","MDS","محمد الريعي","10843"
"الرباط -سلا -القنيطرة","القنيطرة","الشوافع","442","6857","MDS","السعيد بلحبيب","10815"
"الرباط -سلا -القنيطرة","القنيطرة","الشوافع","442","6858","MDS","لحمر ويناس","10865"
"الرباط -سلا -القنيطرة","القنيطرة","الشوافع","442","6850","MDS","محمد الكرجي","10242"
"الرباط -سلا -القنيطرة","القنيطرة","الشوافع","442","6844","MDS","خالد الناصري","10300"
"الرباط -سلا -القنيطرة","القنيطرة","الشوافع","442","6844","MDS","فتيحة الناصري","10314"
"الرباط -سلا -القنيطرة","القنيطرة","الشوافع","442","6842","MDS","محمد عياد","10412"
"الرباط -سلا -القنيطرة","القنيطرة","الشوافع","442","6853","MDS","عبد الرحمان ابشينة","10386"
"الرباط -سلا -القنيطرة","القنيطرة","الشوافع","442","6853","MDS","زهراء معاز","10393"
"الرباط -سلا -القنيطرة","القنيطرة","الشوافع","442","6856","MDS","الشاهد ديدى","10718"
"الرباط -سلا -القنيطرة","القنيطرة","الشوافع","442","6848","MDS","محمد ميلادة","10355"
"الرباط -سلا -القنيطرة","القنيطرة","الشوافع","442","6841","MDS","العربي افريحة","10447"
"الرباط -سلا -القنيطرة","القنيطرة","الشوافع","442","6849","MDS","محمد بنغانم","19457"
"الرباط -سلا -القنيطرة","القنيطرة","الشوافع","442","6860","MDS","بوسلهام مشكيطو","10171"
"الرباط -سلا -القنيطرة","القنيطرة","الشوافع","442","6843","MDS","علال الخرطة","10388"
"الرباط -سلا -القنيطرة","القنيطرة","الشوافع","442","6840","MDS","علي لحروز","10459"
"الرباط -سلا -القنيطرة","القنيطرة","الشوافع","442","6854","MDS","لحسن تورة","10489"
"الرباط -سلا -القنيطرة","القنيطرة","الشوافع","442","6855","MDS","محمد الصحراوي","10499"
"الرباط -سلا -القنيطرة","القنيطرة","الشوافع","442","6845","MDS","مصطفى المجدوبي","10306"
"الرباط -سلا -القنيطرة","القنيطرة","الشوافع","442","6839","MDS","الزهوني الحمري","10473"
"الرباط -سلا -القنيطرة","القنيطرة","الشوافع","442","6852","PJD","معاد بلفقيه","31261"
"الرباط -سلا -القنيطرة","القنيطرة","الشوافع","442","6851","PJD","احمد سمان","19846"
"الرباط -سلا -القنيطرة","القنيطرة","القنيطرة","1565","25034","PJD","عزيز رباح","23299"
"الرباط -سلا -القنيطرة","القنيطرة","القنيطرة","1565","25034","PJD","خديجة  هدي","24820"
"الرباط -سلا -القنيطرة","القنيطرة","القنيطرة","1565","25034","PJD","عزيز الكرماط","23339"
"الرباط -سلا -القنيطرة","القنيطرة","القنيطرة","1565","25034","PJD","ربيعة سعدوني","24851"
"الرباط -سلا -القنيطرة","القنيطرة","القنيطرة","1565","25034","PJD","رشيد بلمقيصية","23448"
"الرباط -سلا -القنيطرة","القنيطرة","القنيطرة","1565","25034","PJD","الطيفة حمو","24883"
"الرباط -سلا -القنيطرة","القنيطرة","القنيطرة","1565","25034","PJD","احمد الهيقي","23503"
"الرباط -سلا -القنيطرة","القنيطرة","القنيطرة","1565","25034","PJD","جرية حاجي","24930"
"الرباط -سلا -القنيطرة","القنيطرة","القنيطرة","1565","25034","PJD","شفيق الشعبي","23550"
"الرباط -سلا -القنيطرة","القنيطرة","القنيطرة","1565","25034","PJD","كنزة بن عبو","24967"
"الرباط -سلا -القنيطرة","القنيطرة","القنيطرة","1565","25034","PJD","محمد الحرفاوي","23593"
"الرباط -سلا -القنيطرة","القنيطرة","القنيطرة","1565","25034","PJD","حنان جمالي","24988"
"الرباط -سلا -القنيطرة","القنيطرة","القنيطرة","1565","25034","PJD","عبد الحق عبروق","23640"
"الرباط -سلا -القنيطرة","القنيطرة","القنيطرة","1565","25034","PJD","حميد عتوق","23716"
"الرباط -سلا -القنيطرة","القنيطرة","القنيطرة","1565","25034","PJD","محمد حسن بن كدور","23793"
"الرباط -سلا -القنيطرة","القنيطرة","القنيطرة","1565","25034","PJD","اعلي زبط","23858"
"الرباط -سلا -القنيطرة","القنيطرة","القنيطرة","1565","25034","PJD","رقية الرميد","23756"
"الرباط -سلا -القنيطرة","القنيطرة","القنيطرة","1565","25034","PJD","مصطفى فاوت","23844"
"الرباط -سلا -القنيطرة","القنيطرة","القنيطرة","1565","25034","PJD","مينة الخميسي","23873"
"الرباط -سلا -القنيطرة","القنيطرة","القنيطرة","1565","25034","PJD","عبدالسلام الجداري","23596"
"الرباط -سلا -القنيطرة","القنيطرة","القنيطرة","1565","25034","PJD","محمد اصغير","23631"
"الرباط -سلا -القنيطرة","القنيطرة","القنيطرة","1565","25034","PJD","عزالعراب خلابي","23655"
"الرباط -سلا -القنيطرة","القنيطرة","القنيطرة","1565","25034","PJD","عبد العالي فراح","23685"
"الرباط -سلا -القنيطرة","القنيطرة","القنيطرة","1565","25034","PJD","محمد الزياتي","23953"
"الرباط -سلا -القنيطرة","القنيطرة","القنيطرة","1565","25034","PJD","هشام مداحي","24037"
"الرباط -سلا -القنيطرة","القنيطرة","القنيطرة","1565","25034","PJD","الحسن امزي","24079"
"الرباط -سلا -القنيطرة","القنيطرة","القنيطرة","1565","25034","PJD","عبد الحق بلفازكة","24178"
"الرباط -سلا -القنيطرة","القنيطرة","القنيطرة","1565","25034","PJD","محمد مشخشخ","24221"
"الرباط -سلا -القنيطرة","القنيطرة","القنيطرة","1565","25034","PJD","عبد الحق بشري","24242"
"الرباط -سلا -القنيطرة","القنيطرة","القنيطرة","1565","25034","PJD","محمد فريحات","24274"
"الرباط -سلا -القنيطرة","القنيطرة","القنيطرة","1565","25034","PJD","بوشعيب صيكون","24337"
"الرباط -سلا -القنيطرة","القنيطرة","القنيطرة","1565","25034","PJD","ابراهيم خليل","24380"
"الرباط -سلا -القنيطرة","القنيطرة","القنيطرة","1565","25034","PJD","السعدية صغيير","24430"
"الرباط -سلا -القنيطرة","القنيطرة","القنيطرة","1565","25034","PJD","عزيز علام","24456"
"الرباط -سلا -القنيطرة","القنيطرة","القنيطرة","1565","25034","PJD","محمد العود","24474"
"الرباط -سلا -القنيطرة","القنيطرة","القنيطرة","1565","25034","PJD","علال اقريب","24491"
"الرباط -سلا -القنيطرة","القنيطرة","القنيطرة","1565","25034","PJD","رشيد فضيل","24512"
"الرباط -سلا -القنيطرة","القنيطرة","القنيطرة","1565","25034","PJD","الهاشمي ايت درى","24536"
"الرباط -سلا -القنيطرة","القنيطرة","القنيطرة","1565","25034","PJD","أمين العاطي","24555"
"الرباط -سلا -القنيطرة","القنيطرة","القنيطرة","1565","25034","PJD","محمد سنضاضي","24575"
"الرباط -سلا -القنيطرة","القنيطرة","القنيطرة","1565","25034","PJD","مصطفى رفعات","24544"
"الرباط -سلا -القنيطرة","القنيطرة","القنيطرة","1565","25034","PJD","جمال الخنتاش","24632"
"الرباط -سلا -القنيطرة","القنيطرة","القنيطرة","1565","25034","PJD","محمد ميس","24694"
"الرباط -سلا -القنيطرة","القنيطرة","القنيطرة","1565","25034","PJD","عبد الحق حمدوش","24707"
"الرباط -سلا -القنيطرة","القنيطرة","القنيطرة","1565","25034","PJD","عبد القادر الفريحي","24719"
"الرباط -سلا -القنيطرة","القنيطرة","القنيطرة","1565","25034","PJD","ام كلثوم عمارة","24736"
"الرباط -سلا -القنيطرة","القنيطرة","القنيطرة","1565","25034","PJD","عمر بويغرومني","24307"
"الرباط -سلا -القنيطرة","القنيطرة","القنيطرة","1565","25034","PJD","صالح جمالي","24331"
"الرباط -سلا -القنيطرة","القنيطرة","القنيطرة","1565","25034","PJD","مولاي علي العلوي","24361"
"الرباط -سلا -القنيطرة","القنيطرة","القنيطرة","1565","25034","PAM","سعيد حروزى","55916"
"الرباط -سلا -القنيطرة","القنيطرة","القنيطرة","1565","25034","PAM","الزهراء العطار","60186"
"الرباط -سلا -القنيطرة","القنيطرة","القنيطرة","1565","25034","PAM","عبد الصمد ابازين","55986"
"الرباط -سلا -القنيطرة","القنيطرة","القنيطرة","1565","25034","PAM","المكي الزيزي","56031"
"الرباط -سلا -القنيطرة","القنيطرة","القنيطرة","1565","25034","PAM","السباعي طويل","56096"
"الرباط -سلا -القنيطرة","القنيطرة","القنيطرة","1565","25034","PAM","مينة حروزى","56132"
"الرباط -سلا -القنيطرة","القنيطرة","القنيطرة","1565","25034","PAM","حسن الخبوس","56170"
"الرباط -سلا -القنيطرة","القنيطرة","القنيطرة","1565","25034","PAM","سليمان مدولي","56218"
"الرباط -سلا -القنيطرة","القنيطرة","القنيطرة","1565","25034","PI","محمد تلموست","18813"
"الرباط -سلا -القنيطرة","القنيطرة","القنيطرة","1565","25034","PI","بشرى البوحديوي","19967"
"الرباط -سلا -القنيطرة","القنيطرة","القنيطرة","1565","25034","PI","عبد الله الورثي","18860"
"الرباط -سلا -القنيطرة","القنيطرة","القنيطرة","1565","25034","PI","فاطمة العزري","18958"
"الرباط -سلا -القنيطرة","القنيطرة","القنيطرة","1565","25034","PI","محمد الكحل","19012"
"الرباط -سلا -القنيطرة","القنيطرة","القنيطرة","1565","25034","PI","محمد العزري","19044"
"الرباط -سلا -القنيطرة","القنيطرة","القنيطرة","1565","25034","PI","خديجة خياطي","19089"
"الرباط -سلا -القنيطرة","القنيطرة","القنيطرة","1565","25034","PI","عمر مختار","19107"
"الرباط -سلا -القنيطرة","القنيطرة","المكرن","888","14038","PAM","عبد الغني اشطاطة","28666"
"الرباط -سلا -القنيطرة","القنيطرة","المكرن","888","14038","PAM","سناء  بوشكوة","28688"
"الرباط -سلا -القنيطرة","القنيطرة","المكرن","888","14037","PAM","بوشعيب قريطة","28976"
"الرباط -سلا -القنيطرة","القنيطرة","المكرن","888","14037","PAM","فاطمة الحيمر","29009"
"الرباط -سلا -القنيطرة","القنيطرة","المكرن","888","14039","PAM","بنعاشر بعية","30665"
"الرباط -سلا -القنيطرة","القنيطرة","المكرن","888","14039","PAM","فاطمة اشكالات","30689"
"الرباط -سلا -القنيطرة","القنيطرة","المكرن","888","14043","PAM","يحيى  الفلاق","28608"
"الرباط -سلا -القنيطرة","القنيطرة","المكرن","888","25449","PAM","عبد الصمد لخضر","63147"
"الرباط -سلا -القنيطرة","القنيطرة","المكرن","888","14033","PAM","عبد السلام وكادة","29078"
"الرباط -سلا -القنيطرة","القنيطرة","المكرن","888","14027","PAM","سعيد شكري","78690"
"الرباط -سلا -القنيطرة","القنيطرة","المكرن","888","14034","PAM","سعيد ازريولة","29053"
"الرباط -سلا -القنيطرة","القنيطرة","المكرن","888","14041","PAM","عبد العزيز المصباحي","29467"
"الرباط -سلا -القنيطرة","القنيطرة","المكرن","888","14032","PAM","محمد  الدبدوبي","28713"
"الرباط -سلا -القنيطرة","القنيطرة","المكرن","888","14036","PAM","الحسن ميسات","30105"
"الرباط -سلا -القنيطرة","القنيطرة","المكرن","888","14026","PAM","لحمر  خيي","28573"
"الرباط -سلا -القنيطرة","القنيطرة","المكرن","888","14042","PAM","لحسن اعبيدة","30525"
"الرباط -سلا -القنيطرة","القنيطرة","المكرن","888","25448","PAM","حميد الزوينات","61338"
"الرباط -سلا -القنيطرة","القنيطرة","المكرن","888","14025","PAM","محمد  البعولي","28540"
"الرباط -سلا -القنيطرة","القنيطرة","المكرن","888","14044","PAM","عبدالله كرنون","28495"
"الرباط -سلا -القنيطرة","القنيطرة","المكرن","888","14046","PAM","عزوز البيدة","29491"
"الرباط -سلا -القنيطرة","القنيطرة","المكرن","888","14040","PJD","جمال برقية","17874"
"الرباط -سلا -القنيطرة","القنيطرة","المكرن","888","14035","PJD","احمد الرقيبات","8477"
"الرباط -سلا -القنيطرة","القنيطرة","المكرن","888","14029","PJD","بنعيسى اكريش","8462"
"الرباط -سلا -القنيطرة","القنيطرة","المكرن","888","14030","UC","الكامل عسو","17839"
"الرباط -سلا -القنيطرة","القنيطرة","المكرن","888","14024","UC","زين العابدين بلخيري","78604"
"الرباط -سلا -القنيطرة","القنيطرة","المكرن","888","14028","UC","عبد الهادي  خيي","30544"
"الرباط -سلا -القنيطرة","القنيطرة","المكرن","888","14031","RNI","نجيب العردة","17512"
"الرباط -سلا -القنيطرة","القنيطرة","المكرن","888","14031","RNI","حياة جعوط","17561"
"الرباط -سلا -القنيطرة","القنيطرة","المكرن","888","14045","RNI","بوسلهام المسيح","63651"
"الرباط -سلا -القنيطرة","القنيطرة","المناصرة","886","14002","RNI","بوسلهام الديش","59831"
"الرباط -سلا -القنيطرة","القنيطرة","المناصرة","886","14002","RNI","مريم مغايتي","60032"
"الرباط -سلا -القنيطرة","القنيطرة","المناصرة","886","13988","RNI","عبد الرحيم شنكور","2338"
"الرباط -سلا -القنيطرة","القنيطرة","المناصرة","886","14009","RNI","علال خبيبي","2378"
"الرباط -سلا -القنيطرة","القنيطرة","المناصرة","886","13993","RNI","بنعاشر لحراسكة","3442"
"الرباط -سلا -القنيطرة","القنيطرة","المناصرة","886","13992","RNI","محمد الخطابي","24280"
"الرباط -سلا -القنيطرة","القنيطرة","المناصرة","886","13992","RNI","فتيحة بنبا","24310"
"الرباط -سلا -القنيطرة","القنيطرة","المناصرة","886","13999","RNI","عبد القادر بلخياطي","2513"
"الرباط -سلا -القنيطرة","القنيطرة","المناصرة","886","13995","RNI","ميلودي المعيزي","2494"
"الرباط -سلا -القنيطرة","القنيطرة","المناصرة","886","25447","RNI","نور الدين الحيمر","2293"
"الرباط -سلا -القنيطرة","القنيطرة","المناصرة","886","14001","RNI","يحيى عباز","2303"
"الرباط -سلا -القنيطرة","القنيطرة","المناصرة","886","14008","RNI","عبد القادر عويريكة","3641"
"الرباط -سلا -القنيطرة","القنيطرة","المناصرة","886","14007","RNI","الهاشمي بهلول","2506"
"الرباط -سلا -القنيطرة","القنيطرة","المناصرة","886","14000","RNI","قاسم خشان","2511"
"الرباط -سلا -القنيطرة","القنيطرة","المناصرة","886","14003","RNI","سعيد بنسوسي","3500"
"الرباط -سلا -القنيطرة","القنيطرة","المناصرة","886","13997","RNI","الهاشمي بسة","12668"
"الرباط -سلا -القنيطرة","القنيطرة","المناصرة","886","13998","RNI","احمد سحيسح","2356"
"الرباط -سلا -القنيطرة","القنيطرة","المناصرة","886","25446","RNI","عبد المجيد غزالي","2250"
"الرباط -سلا -القنيطرة","القنيطرة","المناصرة","886","14006","RNI","جمال عقات","3601"
"الرباط -سلا -القنيطرة","القنيطرة","المناصرة","886","14010","RNI","عبد السلام القدسي","75645"
"الرباط -سلا -القنيطرة","القنيطرة","المناصرة","886","13991","RNI","خالد بوطليعة","59433"
"الرباط -سلا -القنيطرة","القنيطرة","المناصرة","886","14004","PJD","منصور البزطيوي","3585"
"الرباط -سلا -القنيطرة","القنيطرة","المناصرة","886","14005","PJD","عبد الغني بليل","75729"
"الرباط -سلا -القنيطرة","القنيطرة","المناصرة","886","13994","PJD","بلخير اجرادي","106185"
"الرباط -سلا -القنيطرة","القنيطرة","المناصرة","886","13994","PJD","فاطمة الخبزة","106234"
"الرباط -سلا -القنيطرة","القنيطرة","المناصرة","886","13996","PJD","محمد الهداجي","58965"
"الرباط -سلا -القنيطرة","القنيطرة","المناصرة","886","13989","PI","عبد السلام فيزو","18150"
"الرباط -سلا -القنيطرة","القنيطرة","المناصرة","886","13989","PI","غيتة النحلي","18172"
"الرباط -سلا -القنيطرة","القنيطرة","المناصرة","886","13990","PI","محمد عوراتو","3678"
"الرباط -سلا -القنيطرة","القنيطرة","بحارة أولاد عياد","280","4225","UC","عبد السلام  الباز","26135"
"الرباط -سلا -القنيطرة","القنيطرة","بحارة أولاد عياد","280","4225","UC","فاطمة الباز","26142"
"الرباط -سلا -القنيطرة","القنيطرة","بحارة أولاد عياد","280","4213","UC","سلام الزهواني","4920"
"الرباط -سلا -القنيطرة","القنيطرة","بحارة أولاد عياد","280","4212","UC","سلام بلكبير","98655"
"الرباط -سلا -القنيطرة","القنيطرة","بحارة أولاد عياد","280","4214","UC","عبد القادر بن العربي","19258"
"الرباط -سلا -القنيطرة","القنيطرة","بحارة أولاد عياد","280","25432","UC","الشاهد الشرقي","9579"
"الرباط -سلا -القنيطرة","القنيطرة","بحارة أولاد عياد","280","4215","UC","احمد خرباش","19204"
"الرباط -سلا -القنيطرة","القنيطرة","بحارة أولاد عياد","280","4217","UC","احماد زنور","9695"
"الرباط -سلا -القنيطرة","القنيطرة","بحارة أولاد عياد","280","4219","UC","حميد عنيبي","9680"
"الرباط -سلا -القنيطرة","القنيطرة","بحارة أولاد عياد","280","4218","UC","محمد الغزواني","9923"
"الرباط -سلا -القنيطرة","القنيطرة","بحارة أولاد عياد","280","4211","UC","حميد بلغالي","98748"
"الرباط -سلا -القنيطرة","القنيطرة","بحارة أولاد عياد","280","4227","UC","عبد القادر بلعطار","9733"
"الرباط -سلا -القنيطرة","القنيطرة","بحارة أولاد عياد","280","4224","UC","محمد الباز","27205"
"الرباط -سلا -القنيطرة","القنيطرة","بحارة أولاد عياد","280","25433","UC","محمد علوي","19338"
"الرباط -سلا -القنيطرة","القنيطرة","بحارة أولاد عياد","280","4228","PJD","احمد نوار","9609"
"الرباط -سلا -القنيطرة","القنيطرة","بحارة أولاد عياد","280","4228","PJD","سعاد الياقوتي","9577"
"الرباط -سلا -القنيطرة","القنيطرة","بحارة أولاد عياد","280","4220","PJD","السعيد حجي","4885"
"الرباط -سلا -القنيطرة","القنيطرة","بحارة أولاد عياد","280","4210","PJD","عبد اللطيف بيضة","9686"
"الرباط -سلا -القنيطرة","القنيطرة","بحارة أولاد عياد","280","4210","PJD","خدوج الزفري","9905"
"الرباط -سلا -القنيطرة","القنيطرة","بحارة أولاد عياد","280","4226","PJD","احمد الجعفري","19314"
"الرباط -سلا -القنيطرة","القنيطرة","بحارة أولاد عياد","280","4206","PJD","سيدي حسن البحراوي","98591"
"الرباط -سلا -القنيطرة","القنيطرة","بحارة أولاد عياد","280","4221","PJD","بوسلهام الازعر","19050"
"الرباط -سلا -القنيطرة","القنيطرة","بحارة أولاد عياد","280","4221","PJD","نجاة البرناوي","19106"
"الرباط -سلا -القنيطرة","القنيطرة","بحارة أولاد عياد","280","4209","PJD","ادريس حجوب","4891"
"الرباط -سلا -القنيطرة","القنيطرة","بحارة أولاد عياد","280","4223","PJD","مصطفى الفلاح","19092"
"الرباط -سلا -القنيطرة","القنيطرة","بحارة أولاد عياد","280","4207","PJD","سلام الضعيف","56605"
"الرباط -سلا -القنيطرة","القنيطرة","بحارة أولاد عياد","280","4216","PJD","المسعي التشيش","9716"
"الرباط -سلا -القنيطرة","القنيطرة","بحارة أولاد عياد","280","4222","PI","بوسلهام شنيكر","9885"
"الرباط -سلا -القنيطرة","القنيطرة","بحارة أولاد عياد","280","4208","RNI","محمد عزوز","9640"
"الرباط -سلا -القنيطرة","القنيطرة","بنمنصور","293","26255","PAM","ميلود شليخ","121916"
"الرباط -سلا -القنيطرة","القنيطرة","بنمنصور","293","26255","PAM","الخليفية بنان","124299"
"الرباط -سلا -القنيطرة","القنيطرة","بنمنصور","293","26255","PAM","بوسلهام  حمو علال","122169"
"الرباط -سلا -القنيطرة","القنيطرة","بنمنصور","293","26255","PAM","نادية لبييض","124456"
"الرباط -سلا -القنيطرة","القنيطرة","بنمنصور","293","26255","PAM","سعيد الرويضي","122270"
"الرباط -سلا -القنيطرة","القنيطرة","بنمنصور","293","26255","PAM","فاطنة دعماشي","124598"
"الرباط -سلا -القنيطرة","القنيطرة","بنمنصور","293","26255","PAM","المصطفى كعيبر","122363"
"الرباط -سلا -القنيطرة","القنيطرة","بنمنصور","293","26255","PAM","محمد عضاض","122522"
"الرباط -سلا -القنيطرة","القنيطرة","بنمنصور","293","26255","PAM","محمد مكنسة","122660"
"الرباط -سلا -القنيطرة","القنيطرة","بنمنصور","293","26255","PAM","محمد الغماري","122794"
"الرباط -سلا -القنيطرة","القنيطرة","بنمنصور","293","26255","PAM","عبد الحق قليها","122943"
"الرباط -سلا -القنيطرة","القنيطرة","بنمنصور","293","26255","PAM","منصور الصاط","123040"
"الرباط -سلا -القنيطرة","القنيطرة","بنمنصور","293","26255","PAM","سلام العلام","123128"
"الرباط -سلا -القنيطرة","القنيطرة","بنمنصور","293","26255","UC","العربي الغراس","79570"
"الرباط -سلا -القنيطرة","القنيطرة","بنمنصور","293","26255","UC","لخليفية دعماش","82588"
"الرباط -سلا -القنيطرة","القنيطرة","بنمنصور","293","26255","UC","الهاشمي الهرش","79608"
"الرباط -سلا -القنيطرة","القنيطرة","بنمنصور","293","26255","UC","ادريس  بوشاشيات","79673"
"الرباط -سلا -القنيطرة","القنيطرة","بنمنصور","293","26255","UC","يحيى برار","79734"
"الرباط -سلا -القنيطرة","القنيطرة","بنمنصور","293","26255","UC","الهاشمي البادرة","80007"
"الرباط -سلا -القنيطرة","القنيطرة","بنمنصور","293","26255","MP","محمد الغراس","121620"
"الرباط -سلا -القنيطرة","القنيطرة","بنمنصور","293","26255","MP","حنان الشليخ","123430"
"الرباط -سلا -القنيطرة","القنيطرة","بنمنصور","293","26255","MP","احمد العسالي","121777"
"الرباط -سلا -القنيطرة","القنيطرة","بنمنصور","293","26255","MP","محمد المير","121850"
"الرباط -سلا -القنيطرة","القنيطرة","بنمنصور","293","26255","MP","العربي المعلم","121940"
"الرباط -سلا -القنيطرة","القنيطرة","بنمنصور","293","26255","PJD","الكبير الطاعلي","97377"
"الرباط -سلا -القنيطرة","القنيطرة","بنمنصور","293","26255","PJD","مليكة الحمدوشي","98164"
"الرباط -سلا -القنيطرة","القنيطرة","بنمنصور","293","26255","PJD","عبد الله الجاوي","97415"
"الرباط -سلا -القنيطرة","القنيطرة","بنمنصور","293","26255","PJD","احمد  نجارية","97448"
"الرباط -سلا -القنيطرة","القنيطرة","بنمنصور","293","26255","PJD","بوعيش زيت","97473"
"الرباط -سلا -القنيطرة","القنيطرة","بني مالك","291","26294","RNI","المصطفى عوادة","3141"
"الرباط -سلا -القنيطرة","القنيطرة","بني مالك","291","26300","RNI","عيسى الصويني","5472"
"الرباط -سلا -القنيطرة","القنيطرة","بني مالك","291","26300","RNI","السلامية المسكيني","5415"
"الرباط -سلا -القنيطرة","القنيطرة","بني مالك","291","26289","RNI","محمد الهلالي","2954"
"الرباط -سلا -القنيطرة","القنيطرة","بني مالك","291","26297","RNI","احمد الصبيحي  ","3214"
"الرباط -سلا -القنيطرة","القنيطرة","بني مالك","291","26295","RNI","احمد الطبيب","10239"
"الرباط -سلا -القنيطرة","القنيطرة","بني مالك","291","26298","RNI","نور الدين عويرة","5400"
"الرباط -سلا -القنيطرة","القنيطرة","بني مالك","291","26301","RNI","عبد السلام عيفوط","3169"
"الرباط -سلا -القنيطرة","القنيطرة","بني مالك","291","26292","RNI","محمد الغزات","3097"
"الرباط -سلا -القنيطرة","القنيطرة","بني مالك","291","26293","UC","مصطفى بن الشاوي","5252"
"الرباط -سلا -القنيطرة","القنيطرة","بني مالك","291","26285","UC","محمد البحي","5084"
"الرباط -سلا -القنيطرة","القنيطرة","بني مالك","291","26286","UC","عبد الله  مساري ","5143"
"الرباط -سلا -القنيطرة","القنيطرة","بني مالك","291","26282","UC","المصطفى الحيرش","5112"
"الرباط -سلا -القنيطرة","القنيطرة","بني مالك","291","26287","UC","عيسى بنعزوز","5172"
"الرباط -سلا -القنيطرة","القنيطرة","بني مالك","291","26296","UC","رضوان الحاطابي","5315"
"الرباط -سلا -القنيطرة","القنيطرة","بني مالك","291","26288","UC","نعيم لوديني","5187"
"الرباط -سلا -القنيطرة","القنيطرة","بني مالك","291","26281","UC","عزيز الجعافرة","5096"
"الرباط -سلا -القنيطرة","القنيطرة","بني مالك","291","26291","USFP","أحمد العمراني","2878"
"الرباط -سلا -القنيطرة","القنيطرة","بني مالك","291","26302","USFP","عبد الله حروش","5557"
"الرباط -سلا -القنيطرة","القنيطرة","بني مالك","291","26280","PAM","انوار الفلاحي","25804"
"الرباط -سلا -القنيطرة","القنيطرة","بني مالك","291","26280","PAM","عائشة  بلقاضي","25831"
"الرباط -سلا -القنيطرة","القنيطرة","بني مالك","291","27304","PAM","محمد اسمينة","26014"
"الرباط -سلا -القنيطرة","القنيطرة","بني مالك","291","26284","PJD","عبد الرزاق العطيوي","5028"
"الرباط -سلا -القنيطرة","القنيطرة","بني مالك","291","26284","PJD","فاطنة المغراوي","5041"
"الرباط -سلا -القنيطرة","القنيطرة","بني مالك","291","27305","PJD","عبدالالاه الوانزي","3077"
"الرباط -سلا -القنيطرة","القنيطرة","بني مالك","291","26299","PI","احميدو الزويتة","26092"
"الرباط -سلا -القنيطرة","القنيطرة","بني مالك","291","26299","PI","مليكة الشنوفي","26099"
"الرباط -سلا -القنيطرة","القنيطرة","بني مالك","291","26283","PI","احمد الناصري","10218"
"الرباط -سلا -القنيطرة","القنيطرة","بني مالك","291","26290","PI","محمد بلا","47157"
"الرباط -سلا -القنيطرة","القنيطرة","سوق  ثلاثاء الغرب","1301","20630","UC","عبد الرزاق بلحامدية","5261"
"الرباط -سلا -القنيطرة","القنيطرة","سوق  ثلاثاء الغرب","1301","20630","UC","زوليخة الداودي","5305"
"الرباط -سلا -القنيطرة","القنيطرة","سوق  ثلاثاء الغرب","1301","20626","UC","عبداللطيف زين","5144"
"الرباط -سلا -القنيطرة","القنيطرة","سوق  ثلاثاء الغرب","1301","20626","UC","وفاء ميموني","27128"
"الرباط -سلا -القنيطرة","القنيطرة","سوق  ثلاثاء الغرب","1301","20629","UC","منصور شهيد","5228"
"الرباط -سلا -القنيطرة","القنيطرة","سوق  ثلاثاء الغرب","1301","20623","UC","احمد النجاعي","4997"
"الرباط -سلا -القنيطرة","القنيطرة","سوق  ثلاثاء الغرب","1301","20624","UC","حميد لعبيشي","5019"
"الرباط -سلا -القنيطرة","القنيطرة","سوق  ثلاثاء الغرب","1301","20633","UC","الكبير لودييني","5366"
"الرباط -سلا -القنيطرة","القنيطرة","سوق  ثلاثاء الغرب","1301","20625","UC","محمد هدي","5076"
"الرباط -سلا -القنيطرة","القنيطرة","سوق  ثلاثاء الغرب","1301","20635","UC","عزيز عبادي","5381"
"الرباط -سلا -القنيطرة","القنيطرة","سوق  ثلاثاء الغرب","1301","20636","UC","عبدالرحمان هبولة","5424"
"الرباط -سلا -القنيطرة","القنيطرة","سوق  ثلاثاء الغرب","1301","20622","UC","الحاج قاسم الهالي","83769"
"الرباط -سلا -القنيطرة","القنيطرة","سوق  ثلاثاء الغرب","1301","20628","RNI","أحمد الرويش","5157"
"الرباط -سلا -القنيطرة","القنيطرة","سوق  ثلاثاء الغرب","1301","20638","RNI","احمد كريري","5661"
"الرباط -سلا -القنيطرة","القنيطرة","سوق  ثلاثاء الغرب","1301","20619","RNI","علال الشراج","18557"
"الرباط -سلا -القنيطرة","القنيطرة","سوق  ثلاثاء الغرب","1301","20637","RNI","بوسلهام العناية","5798"
"الرباط -سلا -القنيطرة","القنيطرة","سوق  ثلاثاء الغرب","1301","20627","RNI","عبدالعزيز دريوش","18458"
"الرباط -سلا -القنيطرة","القنيطرة","سوق  ثلاثاء الغرب","1301","20632","RNI","المصطفى بنعلة","5342"
"الرباط -سلا -القنيطرة","القنيطرة","سوق  ثلاثاء الغرب","1301","20618","PAM","خاليد الفقيهي","18763"
"الرباط -سلا -القنيطرة","القنيطرة","سوق  ثلاثاء الغرب","1301","20618","PAM","لطيفة الفلاق","18875"
"الرباط -سلا -القنيطرة","القنيطرة","سوق  ثلاثاء الغرب","1301","20620","PAM","عبد السلام الغازي","18070"
"الرباط -سلا -القنيطرة","القنيطرة","سوق  ثلاثاء الغرب","1301","20617","PAM","منصور الغزواني","18382"
"الرباط -سلا -القنيطرة","القنيطرة","سوق  ثلاثاء الغرب","1301","20634","PJD","المصطفى الزهيري","97689"
"الرباط -سلا -القنيطرة","القنيطرة","سوق  ثلاثاء الغرب","1301","20634","PJD","اسماء بوطواحن","97894"
"الرباط -سلا -القنيطرة","القنيطرة","سوق  ثلاثاء الغرب","1301","20621","PJD","السعدية النجاعي","56602"
"الرباط -سلا -القنيطرة","القنيطرة","سوق  ثلاثاء الغرب","1301","20631","MP","الميلودي عليلو","97489"
"الرباط -سلا -القنيطرة","القنيطرة","سوق  ثلاثاء الغرب","1301","20639","USFP","محمد عباد","27147"
"الرباط -سلا -القنيطرة","القنيطرة","سوق الاربعاء","1296","25077","RNI","جواد غريب","79844"
"الرباط -سلا -القنيطرة","القنيطرة","سوق الاربعاء","1296","25077","RNI","سمية الضيف","86992"
"الرباط -سلا -القنيطرة","القنيطرة","سوق الاربعاء","1296","25077","RNI","عبد الغفور الرحالي","79904"
"الرباط -سلا -القنيطرة","القنيطرة","سوق الاربعاء","1296","25077","RNI","فاطمة شقينف","87219"
"الرباط -سلا -القنيطرة","القنيطرة","سوق الاربعاء","1296","25077","RNI","فواد الكريمي","82067"
"الرباط -سلا -القنيطرة","القنيطرة","سوق الاربعاء","1296","25077","RNI","غيتة ميسرة","87407"
"الرباط -سلا -القنيطرة","القنيطرة","سوق الاربعاء","1296","25077","RNI","محمد دراب","82206"
"الرباط -سلا -القنيطرة","القنيطرة","سوق الاربعاء","1296","25077","RNI","عبد الكامل هبطي","82311"
"الرباط -سلا -القنيطرة","القنيطرة","سوق الاربعاء","1296","25077","RNI","ادريس المدني","82361"
"الرباط -سلا -القنيطرة","القنيطرة","سوق الاربعاء","1296","25077","RNI","عبدالسلام خبور","82414"
"الرباط -سلا -القنيطرة","القنيطرة","سوق الاربعاء","1296","25077","RNI","الخمالي الياسني","82580"
"الرباط -سلا -القنيطرة","القنيطرة","سوق الاربعاء","1296","25077","RNI","بنعيسى بلهوات","83368"
"الرباط -سلا -القنيطرة","القنيطرة","سوق الاربعاء","1296","25077","RNI","نور الدين بوضاوي","83492"
"الرباط -سلا -القنيطرة","القنيطرة","سوق الاربعاء","1296","25077","RNI","احمد بن اسعيد","83552"
"الرباط -سلا -القنيطرة","القنيطرة","سوق الاربعاء","1296","25077","RNI","محمد الادريسي","83638"
"الرباط -سلا -القنيطرة","القنيطرة","سوق الاربعاء","1296","25077","PI","عبد الحق بدوي","78552"
"الرباط -سلا -القنيطرة","القنيطرة","سوق الاربعاء","1296","25077","PI","لطيفة بوسلهام","79952"
"الرباط -سلا -القنيطرة","القنيطرة","سوق الاربعاء","1296","25077","PI","احمد كرارة","78583"
"الرباط -سلا -القنيطرة","القنيطرة","سوق الاربعاء","1296","25077","PI","سمية بوت","81096"
"الرباط -سلا -القنيطرة","القنيطرة","سوق الاربعاء","1296","25077","PI","منير التيس","78608"
"الرباط -سلا -القنيطرة","القنيطرة","سوق الاربعاء","1296","25077","PI","ادريس بلا","78649"
"الرباط -سلا -القنيطرة","القنيطرة","سوق الاربعاء","1296","25077","PI","بونعيم الخو","78680"
"الرباط -سلا -القنيطرة","القنيطرة","سوق الاربعاء","1296","25077","PI","امحمد الباتولي","78714"
"الرباط -سلا -القنيطرة","القنيطرة","سوق الاربعاء","1296","25077","PI","ابراهيم الدرك","78755"
"الرباط -سلا -القنيطرة","القنيطرة","سوق الاربعاء","1296","25077","PI","بوسلهام بنزهرة","78782"
"الرباط -سلا -القنيطرة","القنيطرة","سوق الاربعاء","1296","25077","PI","فضول الخدري","78805"
"الرباط -سلا -القنيطرة","القنيطرة","سوق الاربعاء","1296","25077","PJD","عبد الرزاق بوشنافة","59507"
"الرباط -سلا -القنيطرة","القنيطرة","سوق الاربعاء","1296","25077","PJD","ازهور القايسي","61027"
"الرباط -سلا -القنيطرة","القنيطرة","سوق الاربعاء","1296","25077","PJD","محمد السعيدي","59554"
"الرباط -سلا -القنيطرة","القنيطرة","سوق الاربعاء","1296","25077","PJD","عمار كليتي","59645"
"الرباط -سلا -القنيطرة","القنيطرة","سوق الاربعاء","1296","25077","PJD","رشيد بثقرافت","59768"
"الرباط -سلا -القنيطرة","القنيطرة","سوق الاربعاء","1296","25077","USFP","عبد الرحيم عميد","76400"
"الرباط -سلا -القنيطرة","القنيطرة","سوق الاربعاء","1296","25077","USFP","عيسى بوجهين","76574"
"الرباط -سلا -القنيطرة","القنيطرة","سوق الاربعاء","1296","25077","UC","طارق الزكاري","59257"
"الرباط -سلا -القنيطرة","القنيطرة","سوق الاربعاء","1296","25077","UC","لحمر لصفر","59434"
"الرباط -سلا -القنيطرة","القنيطرة","سيدي الطيبي","1275","20159","PJD","محمد المومني","81589"
"الرباط -سلا -القنيطرة","القنيطرة","سيدي الطيبي","1275","20159","PJD","سمية معواش","83776"
"الرباط -سلا -القنيطرة","القنيطرة","سيدي الطيبي","1275","20159","PJD","محمد بلهاس","81676"
"الرباط -سلا -القنيطرة","القنيطرة","سيدي الطيبي","1275","20159","PJD","يامنة بوعسرية","83871"
"الرباط -سلا -القنيطرة","القنيطرة","سيدي الطيبي","1275","20159","PJD","علال فقيهي","81868"
"الرباط -سلا -القنيطرة","القنيطرة","سيدي الطيبي","1275","20159","PJD","مصطفى لبسورة","81940"
"الرباط -سلا -القنيطرة","القنيطرة","سيدي الطيبي","1275","20159","PJD","خاليد غريب","81995"
"الرباط -سلا -القنيطرة","القنيطرة","سيدي الطيبي","1275","20159","PJD","الحسين العجيلي","82064"
"الرباط -سلا -القنيطرة","القنيطرة","سيدي الطيبي","1275","20159","PJD","خالد شهبي","82246"
"الرباط -سلا -القنيطرة","القنيطرة","سيدي الطيبي","1275","20159","PJD","محمد الحجري","82365"
"الرباط -سلا -القنيطرة","القنيطرة","سيدي الطيبي","1275","20159","PJD","عدي اوحى","82498"
"الرباط -سلا -القنيطرة","القنيطرة","سيدي الطيبي","1275","20159","UC","الغازي الغراربة","97184"
"الرباط -سلا -القنيطرة","القنيطرة","سيدي الطيبي","1275","20159","UC","العزيزة بايجو","103416"
"الرباط -سلا -القنيطرة","القنيطرة","سيدي الطيبي","1275","20159","UC","مصطفى المالكي","97230"
"الرباط -سلا -القنيطرة","القنيطرة","سيدي الطيبي","1275","20159","UC","هيبة افحيلي","103582"
"الرباط -سلا -القنيطرة","القنيطرة","سيدي الطيبي","1275","20159","UC","علال الصوافة","97420"
"الرباط -سلا -القنيطرة","القنيطرة","سيدي الطيبي","1275","20159","UC","عبد السلام الصاكر","97513"
"الرباط -سلا -القنيطرة","القنيطرة","سيدي الطيبي","1275","20159","UC","سعيد القادري","97582"
"الرباط -سلا -القنيطرة","القنيطرة","سيدي الطيبي","1275","20159","UC","احمد ايت علي وبل","97643"
"الرباط -سلا -القنيطرة","القنيطرة","سيدي الطيبي","1275","20159","UC","محمد عويشات","97684"
"الرباط -سلا -القنيطرة","القنيطرة","سيدي الطيبي","1275","20159","UC","مولاي عبدالسلام العلوي","98033"
"الرباط -سلا -القنيطرة","القنيطرة","سيدي الطيبي","1275","20159","MP","محمد كني","67393"
"الرباط -سلا -القنيطرة","القنيطرة","سيدي الطيبي","1275","20159","MP","لطيفة النشاط","68434"
"الرباط -سلا -القنيطرة","القنيطرة","سيدي الطيبي","1275","20159","MP","نور الدين   الماموني","67637"
"الرباط -سلا -القنيطرة","القنيطرة","سيدي الطيبي","1275","20159","MP","العربي خنوس","67829"
"الرباط -سلا -القنيطرة","القنيطرة","سيدي الطيبي","1275","20159","MP","علال عاون","68236"
"الرباط -سلا -القنيطرة","القنيطرة","سيدي الطيبي","1275","20159","MP","عبد الرحيم بوحاش","68351"
"الرباط -سلا -القنيطرة","القنيطرة","سيدي الطيبي","1275","20159","MP","فاطنة  الماموني","68315"
"الرباط -سلا -القنيطرة","القنيطرة","سيدي الطيبي","1275","20159","MP","عبد الكريم حداد","68377"
"الرباط -سلا -القنيطرة","القنيطرة","سيدي الطيبي","1275","20159","UMD","عزيز اعيوني","129304"
"الرباط -سلا -القنيطرة","القنيطرة","سيدي الطيبي","1275","20159","UMD","حبيبة الفكاكي","129538"
"الرباط -سلا -القنيطرة","القنيطرة","سيدي الطيبي","1275","20159","UMD","عبد الرحمان بومزوغ","129045"
"الرباط -سلا -القنيطرة","القنيطرة","سيدي الطيبي","1275","20159","UMD","عماد بنخرشة","129062"
"الرباط -سلا -القنيطرة","القنيطرة","سيدي الطيبي","1275","20159","PAM","لحسن العسقلاني","65734"
"الرباط -سلا -القنيطرة","القنيطرة","سيدي الطيبي","1275","20159","PAM","ميلود حداد","65793"
"الرباط -سلا -القنيطرة","القنيطرة","سيدي بوبكر الحاج","1197","18938","UC","عبد القادر البغيل","10312"
"الرباط -سلا -القنيطرة","القنيطرة","سيدي بوبكر الحاج","1197","18938","UC","منانة الشاهد","15523"
"الرباط -سلا -القنيطرة","القنيطرة","سيدي بوبكر الحاج","1197","18934","UC","حفيظ الفحصي","17196"
"الرباط -سلا -القنيطرة","القنيطرة","سيدي بوبكر الحاج","1197","18934","UC","فوزية بنعزالدين","17222"
"الرباط -سلا -القنيطرة","القنيطرة","سيدي بوبكر الحاج","1197","18945","UC","فؤاد القيسومي","78383"
"الرباط -سلا -القنيطرة","القنيطرة","سيدي بوبكر الحاج","1197","25470","UC","محمد العولة","6056"
"الرباط -سلا -القنيطرة","القنيطرة","سيدي بوبكر الحاج","1197","18947","UC","احمد العطار","2794"
"الرباط -سلا -القنيطرة","القنيطرة","سيدي بوبكر الحاج","1197","18944","UC","محمد بنزينة","3088"
"الرباط -سلا -القنيطرة","القنيطرة","سيدي بوبكر الحاج","1197","25469","UC","عبد الغاني القيسي","44561"
"الرباط -سلا -القنيطرة","القنيطرة","سيدي بوبكر الحاج","1197","18940","UC","الفظيل الاشهب","10283"
"الرباط -سلا -القنيطرة","القنيطرة","سيدي بوبكر الحاج","1197","18935","UC","بوسلهام الكيزة","77878"
"الرباط -سلا -القنيطرة","القنيطرة","سيدي بوبكر الحاج","1197","18941","UC","علال الصيباري","6023"
"الرباط -سلا -القنيطرة","القنيطرة","سيدي بوبكر الحاج","1197","25466","UC","نور الدين حبيبي","6072"
"الرباط -سلا -القنيطرة","القنيطرة","سيدي بوبكر الحاج","1197","25468","UC","سعيد البغيل","77970"
"الرباط -سلا -القنيطرة","القنيطرة","سيدي بوبكر الحاج","1197","25467","UC","محمد بوخر","6130"
"الرباط -سلا -القنيطرة","القنيطرة","سيدي بوبكر الحاج","1197","18942","PJD","عبد السلام كرنون","44514"
"الرباط -سلا -القنيطرة","القنيطرة","سيدي بوبكر الحاج","1197","18942","PJD","وفاء العنزي","44501"
"الرباط -سلا -القنيطرة","القنيطرة","سيدي بوبكر الحاج","1197","25471","PJD","احمد بنحادة","31150"
"الرباط -سلا -القنيطرة","القنيطرة","سيدي بوبكر الحاج","1197","25473","PJD","الخليل لغرودي","17560"
"الرباط -سلا -القنيطرة","القنيطرة","سيدي بوبكر الحاج","1197","18937","PJD","عبدالالاه الشاهد","78127"
"الرباط -سلا -القنيطرة","القنيطرة","سيدي بوبكر الحاج","1197","18937","PJD","حجيبة الكحيل","78161"
"الرباط -سلا -القنيطرة","القنيطرة","سيدي بوبكر الحاج","1197","18936","PJD","محمد حماني","25593"
"الرباط -سلا -القنيطرة","القنيطرة","سيدي بوبكر الحاج","1197","25472","PJD","التهامي شماخة","17439"
"الرباط -سلا -القنيطرة","القنيطرة","سيدي بوبكر الحاج","1197","18933","PJD","السعيد الاكحل","17290"
"الرباط -سلا -القنيطرة","القنيطرة","سيدي بوبكر الحاج","1197","18939","PAM","محمد بوحيى","44459"
"الرباط -سلا -القنيطرة","القنيطرة","سيدي بوبكر الحاج","1197","18943","USFP","محمد المشوك","17510"
"الرباط -سلا -القنيطرة","القنيطرة","سيدي بوبكر الحاج","1197","18946","RNI","الفاضل لغرودي","10337"
"الرباط -سلا -القنيطرة","القنيطرة","سيدي علال التازي","1181","18648","PI","يحي حيبوري","27923"
"الرباط -سلا -القنيطرة","القنيطرة","سيدي علال التازي","1181","18648","PI","زكية شعاب","27929"
"الرباط -سلا -القنيطرة","القنيطرة","سيدي علال التازي","1181","18656","PI","حسان الكرط","2139"
"الرباط -سلا -القنيطرة","القنيطرة","سيدي علال التازي","1181","18646","PI","بوسلهام فراع","9512"
"الرباط -سلا -القنيطرة","القنيطرة","سيدي علال التازي","1181","18646","PI","فتيحة بورزامة","9530"
"الرباط -سلا -القنيطرة","القنيطرة","سيدي علال التازي","1181","18659","PI","حاتم بن رقية","9546"
"الرباط -سلا -القنيطرة","القنيطرة","سيدي علال التازي","1181","18645","PI","ابراهيم الدمون","9625"
"الرباط -سلا -القنيطرة","القنيطرة","سيدي علال التازي","1181","18645","PI","حنان بنصحراوي","9634"
"الرباط -سلا -القنيطرة","القنيطرة","سيدي علال التازي","1181","18654","PI","منصور القلي","2060"
"الرباط -سلا -القنيطرة","القنيطرة","سيدي علال التازي","1181","25463","PI","الخليفي مكوكة","5416"
"الرباط -سلا -القنيطرة","القنيطرة","سيدي علال التازي","1181","18649","PI","التهامي السليماني","2158"
"الرباط -سلا -القنيطرة","القنيطرة","سيدي علال التازي","1181","25460","PI","مصطفى المخير","9610"
"الرباط -سلا -القنيطرة","القنيطرة","سيدي علال التازي","1181","25458","PI","محمد الصحراوي","2191"
"الرباط -سلا -القنيطرة","القنيطرة","سيدي علال التازي","1181","18657","PI","محمد الخوتاري","25932"
"الرباط -سلا -القنيطرة","القنيطرة","سيدي علال التازي","1181","25465","PI","محمد الفراع","27908"
"الرباط -سلا -القنيطرة","القنيطرة","سيدي علال التازي","1181","18658","PI","رضوان الدحيلي","25989"
"الرباط -سلا -القنيطرة","القنيطرة","سيدي علال التازي","1181","18655","PI","منصور الشواي","2095"
"الرباط -سلا -القنيطرة","القنيطرة","سيدي علال التازي","1181","18652","PI","هشام غازي","9580"
"الرباط -سلا -القنيطرة","القنيطرة","سيدي علال التازي","1181","25464","PI","ادريس ولد جدة","5535"
"الرباط -سلا -القنيطرة","القنيطرة","سيدي علال التازي","1181","18653","PJD","اليماني الحاتمي","25824"
"الرباط -سلا -القنيطرة","القنيطرة","سيدي علال التازي","1181","18653","PJD","دنيا بلغالية","25835"
"الرباط -سلا -القنيطرة","القنيطرة","سيدي علال التازي","1181","18651","PJD","يوسف صغيري","25805"
"الرباط -سلا -القنيطرة","القنيطرة","سيدي علال التازي","1181","18647","PJD","حميد حروري","25729"
"الرباط -سلا -القنيطرة","القنيطرة","سيدي علال التازي","1181","25459","RNI","محمد الشباني","65017"
"الرباط -سلا -القنيطرة","القنيطرة","سيدي علال التازي","1181","18650","PAM","مكة ردادي","25792"
"الرباط -سلا -القنيطرة","القنيطرة","سيدي علال التازي","1181","25461","PPS","حميد بلال","26065"
"الرباط -سلا -القنيطرة","القنيطرة","سيدي علال التازي","1181","25462","MP","بوسلهام خراب","26078"
"الرباط -سلا -القنيطرة","القنيطرة","سيدي محمد بنمنصور","1588","26696","PJD","محمد عربوش","66348"
"الرباط -سلا -القنيطرة","القنيطرة","سيدي محمد بنمنصور","1588","26693","PJD","خليد عباق","23946"
"الرباط -سلا -القنيطرة","القنيطرة","سيدي محمد بنمنصور","1588","26687","PJD","الكبير علو","9261"
"الرباط -سلا -القنيطرة","القنيطرة","سيدي محمد بنمنصور","1588","26701","PJD","يحيى بحوق","17370"
"الرباط -سلا -القنيطرة","القنيطرة","سيدي محمد بنمنصور","1588","26701","PJD","ليلى كرين","17418"
"الرباط -سلا -القنيطرة","القنيطرة","سيدي محمد بنمنصور","1588","26694","PJD","عبد الفتاح دبينيج","24022"
"الرباط -سلا -القنيطرة","القنيطرة","سيدي محمد بنمنصور","1588","26697","PJD","بنعيسى العيراقي","17252"
"الرباط -سلا -القنيطرة","القنيطرة","سيدي محمد بنمنصور","1588","26705","PJD","الميلودي الحاضي","24376"
"الرباط -سلا -القنيطرة","القنيطرة","سيدي محمد بنمنصور","1588","26685","PJD"," مالك البجاوي","24084"
"الرباط -سلا -القنيطرة","القنيطرة","سيدي محمد بنمنصور","1588","26692","PJD","احمد  كروعة","17122"
"الرباط -سلا -القنيطرة","القنيطرة","سيدي محمد بنمنصور","1588","26686","PJD","عبد الحليم الباز","9307"
"الرباط -سلا -القنيطرة","القنيطرة","سيدي محمد بنمنصور","1588","26688","PJD","محمد الجعواني","9371"
"الرباط -سلا -القنيطرة","القنيطرة","سيدي محمد بنمنصور","1588","26689","PJD","عبدالسلام القرشي","9340"
"الرباط -سلا -القنيطرة","القنيطرة","سيدي محمد بنمنصور","1588","26704","PAM","منير العربوشي","44234"
"الرباط -سلا -القنيطرة","القنيطرة","سيدي محمد بنمنصور","1588","26703","PAM","الهاشمي العربوشي","75304"
"الرباط -سلا -القنيطرة","القنيطرة","سيدي محمد بنمنصور","1588","26703","PAM","فوزية  العربوشي","75317"
"الرباط -سلا -القنيطرة","القنيطرة","سيدي محمد بنمنصور","1588","26702","PAM","احمد القضية","66452"
"الرباط -سلا -القنيطرة","القنيطرة","سيدي محمد بنمنصور","1588","26702","PAM","عائشة ايت بلال","66839"
"الرباط -سلا -القنيطرة","القنيطرة","سيدي محمد بنمنصور","1588","26684","PAM","محمد الشعير","65995"
"الرباط -سلا -القنيطرة","القنيطرة","سيدي محمد بنمنصور","1588","26699","PAM","عبد العزيز بادة","9959"
"الرباط -سلا -القنيطرة","القنيطرة","سيدي محمد بنمنصور","1588","26691","UC","فريد الهتاك","37257"
"الرباط -سلا -القنيطرة","القنيطرة","سيدي محمد بنمنصور","1588","26690","UC","محمد جبار","67500"
"الرباط -سلا -القنيطرة","القنيطرة","سيدي محمد بنمنصور","1588","26690","UC","تورية لعبوبي","67556"
"الرباط -سلا -القنيطرة","القنيطرة","سيدي محمد بنمنصور","1588","26695","UC","احمد  كيطة","24179"
"الرباط -سلا -القنيطرة","القنيطرة","سيدي محمد بنمنصور","1588","26706","UC","عبد المجيد حرودة","37077"
"الرباط -سلا -القنيطرة","القنيطرة","سيدي محمد بنمنصور","1588","26698","UC","عبد الله الصغير","67189"
"الرباط -سلا -القنيطرة","القنيطرة","سيدي محمد بنمنصور","1588","26700","PI","يحي حيرور","66267"
"الرباط -سلا -القنيطرة","القنيطرة","سيدي محمد لحمر","1255","25085","PI","سعيد بركة","96873"
"الرباط -سلا -القنيطرة","القنيطرة","سيدي محمد لحمر","1255","25085","PI","ربيعة زريدة","98090"
"الرباط -سلا -القنيطرة","القنيطرة","سيدي محمد لحمر","1255","25085","PI","احمد الباز","96898"
"الرباط -سلا -القنيطرة","القنيطرة","سيدي محمد لحمر","1255","25085","PI","حسن بنحجي","96918"
"الرباط -سلا -القنيطرة","القنيطرة","سيدي محمد لحمر","1255","25085","PI","خالد اخريخر","96946"
"الرباط -سلا -القنيطرة","القنيطرة","سيدي محمد لحمر","1255","25085","USFP","رشيد الهيتمي","98559"
"الرباط -سلا -القنيطرة","القنيطرة","سيدي محمد لحمر","1255","25085","USFP","سعاد الحريزي","101282"
"الرباط -سلا -القنيطرة","القنيطرة","سيدي محمد لحمر","1255","25085","USFP","الهاشمي حمو","98778"
"الرباط -سلا -القنيطرة","القنيطرة","سيدي محمد لحمر","1255","25085","USFP","عبد القادر زواع","98926"
"الرباط -سلا -القنيطرة","القنيطرة","سيدي محمد لحمر","1255","25085","USFP","عبد الاله الورضي","98989"
"الرباط -سلا -القنيطرة","القنيطرة","سيدي محمد لحمر","1255","25085","UC","عبدالمولى الحمياني","100731"
"الرباط -سلا -القنيطرة","القنيطرة","سيدي محمد لحمر","1255","25085","UC","خديجة الحمياني","103025"
"الرباط -سلا -القنيطرة","القنيطرة","سيدي محمد لحمر","1255","25085","UC","عمر الشواي","101005"
"الرباط -سلا -القنيطرة","القنيطرة","سيدي محمد لحمر","1255","25085","UC","الحاج السايب","101059"
"الرباط -سلا -القنيطرة","القنيطرة","سيدي محمد لحمر","1255","25085","RNI","محمد غريب","25614"
"الرباط -سلا -القنيطرة","القنيطرة","سيدي محمد لحمر","1255","25085","RNI","خديجة غريب","25836"
"الرباط -سلا -القنيطرة","القنيطرة","سيدي محمد لحمر","1255","25085","RNI","المصطفى السودي","25622"
"الرباط -سلا -القنيطرة","القنيطرة","سيدي محمد لحمر","1255","25085","RNI","محمد السوسي","25627"
"الرباط -سلا -القنيطرة","القنيطرة","سيدي محمد لحمر","1255","25085","PJD","المعروفي عسيكر","76891"
"الرباط -سلا -القنيطرة","القنيطرة","سيدي محمد لحمر","1255","25085","PJD","فاطمة فوزي","77620"
"الرباط -سلا -القنيطرة","القنيطرة","سيدي محمد لحمر","1255","25085","PJD","سلام النخلي","76915"
"الرباط -سلا -القنيطرة","القنيطرة","سيدي محمد لحمر","1255","25085","PJD","العياشي الخلفي","76938"
"الرباط -سلا -القنيطرة","القنيطرة","سيدي محمد لحمر","1255","25085","PAM","الطيب حميرة","75781"
"الرباط -سلا -القنيطرة","القنيطرة","سيدي محمد لحمر","1255","25085","PAM","سعاد لحرش","76718"
"الرباط -سلا -القنيطرة","القنيطرة","سيدي محمد لحمر","1255","25085","PAM","رشيد كرين","75853"
"الرباط -سلا -القنيطرة","القنيطرة","سيدي محمد لحمر","1255","25085","MP","محمد الحميدي","129992"
"الرباط -سلا -القنيطرة","القنيطرة","سيدي محمد لحمر","1255","25085","MP","محمد شحيمة","130001"
"الرباط -سلا -القنيطرة","القنيطرة","سيدي محمد لحمر","1255","25085","PPS","عبد الرحمان الزكاري","58410"
"الرباط -سلا -القنيطرة","القنيطرة","سيدي محمد لحمر","1255","25085","PPS","السعيد  التباندي","58381"
"الرباط -سلا -القنيطرة","القنيطرة","عامر السفلية","202","26210","UC","الحسين الرحوية ","24936"
"الرباط -سلا -القنيطرة","القنيطرة","عامر السفلية","202","26210","UC","مريم هبولة","25174"
"الرباط -سلا -القنيطرة","القنيطرة","عامر السفلية","202","26219","UC","يحيى اهباطة","19140"
"الرباط -سلا -القنيطرة","القنيطرة","عامر السفلية","202","26229","UC","محمد ديكة","30656"
"الرباط -سلا -القنيطرة","القنيطرة","عامر السفلية","202","26221","UC","احمد الهاوس","19168"
"الرباط -سلا -القنيطرة","القنيطرة","عامر السفلية","202","26216","UC","بنعاشر  صيكاك","19099"
"الرباط -سلا -القنيطرة","القنيطرة","عامر السفلية","202","26217","UC","محمد  حومة","19312"
"الرباط -سلا -القنيطرة","القنيطرة","عامر السفلية","202","27303","UC","عماد العرجة","30608"
"الرباط -سلا -القنيطرة","القنيطرة","عامر السفلية","202","26222","UC","محمد الزداك","19465"
"الرباط -سلا -القنيطرة","القنيطرة","عامر السفلية","202","26222","UC","نهى الكعوة","19508"
"الرباط -سلا -القنيطرة","القنيطرة","عامر السفلية","202","26207","UC","محمد  بنجدو","76468"
"الرباط -سلا -القنيطرة","القنيطرة","عامر السفلية","202","26207","UC","نجات سميدي","76511"
"الرباط -سلا -القنيطرة","القنيطرة","عامر السفلية","202","26208","UC","ابراهيم الس","19373"
"الرباط -سلا -القنيطرة","القنيطرة","عامر السفلية","202","26209","UC","رشيد حومية","19268"
"الرباط -سلا -القنيطرة","القنيطرة","عامر السفلية","202","26223","UC","محمد اموينة","19045"
"الرباط -سلا -القنيطرة","القنيطرة","عامر السفلية","202","26220","UC","محمد اخريط","19497"
"الرباط -سلا -القنيطرة","القنيطرة","عامر السفلية","202","26225","UC","ادريس  قبة","42354"
"الرباط -سلا -القنيطرة","القنيطرة","عامر السفلية","202","26211","UC","بوغابة الشقيرني","57401"
"الرباط -سلا -القنيطرة","القنيطرة","عامر السفلية","202","26215","UC","احمد اجناح","24728"
"الرباط -سلا -القنيطرة","القنيطرة","عامر السفلية","202","27302","UC","محمد الهراس","19555"
"الرباط -سلا -القنيطرة","القنيطرة","عامر السفلية","202","26214","UC","ادريس غانم","18966"
"الرباط -سلا -القنيطرة","القنيطرة","عامر السفلية","202","26228","UC","رشيد  الكيحل","19222"
"الرباط -سلا -القنيطرة","القنيطرة","عامر السفلية","202","26224","UC","محمد اكراطة","42038"
"الرباط -سلا -القنيطرة","القنيطرة","عامر السفلية","202","26212","PJD","محمد  هيلام","76247"
"الرباط -سلا -القنيطرة","القنيطرة","عامر السفلية","202","26213","PJD","بنعاشر  البيطح","57145"
"الرباط -سلا -القنيطرة","القنيطرة","عامر السفلية","202","26213","PJD","خديجة اسعيدات","57249"
"الرباط -سلا -القنيطرة","القنيطرة","عامر السفلية","202","26227","PJD","سعيد ابصيلة","100261"
"الرباط -سلا -القنيطرة","القنيطرة","عامر السفلية","202","26226","PJD","عبد الرحيم كعوة","76202"
"الرباط -سلا -القنيطرة","القنيطرة","عامر السفلية","202","26218","PRE","ادريس ميس","30751"
"الرباط -سلا -القنيطرة","القنيطرة","عرباوة","237","26248","MP","محمد  بومهدي","4864"
"الرباط -سلا -القنيطرة","القنيطرة","عرباوة","237","26234","MP","عبدالعزيز هميزة","2764"
"الرباط -سلا -القنيطرة","القنيطرة","عرباوة","237","26234","MP","حكيمة شميخو ","2782"
"الرباط -سلا -القنيطرة","القنيطرة","عرباوة","237","26230","MP","احمد الحرشي","2826"
"الرباط -سلا -القنيطرة","القنيطرة","عرباوة","237","26245","MP","علال الهلالي","3037"
"الرباط -سلا -القنيطرة","القنيطرة","عرباوة","237","26246","MP","محمد كطابى","3060"
"الرباط -سلا -القنيطرة","القنيطرة","عرباوة","237","26232","MP","بنعيسى العراش","2857"
"الرباط -سلا -القنيطرة","القنيطرة","عرباوة","237","26233","MP","فاطنة الكحيل","2900"
"الرباط -سلا -القنيطرة","القنيطرة","عرباوة","237","26253","MP","عمر زيتونى","3244"
"الرباط -سلا -القنيطرة","القنيطرة","عرباوة","237","26252","MP","الحسين الحراق","11142"
"الرباط -سلا -القنيطرة","القنيطرة","عرباوة","237","26251","MP","غيلان الزوين","3204"
"الرباط -سلا -القنيطرة","القنيطرة","عرباوة","237","26244","MP","حميد كوزة","3012"
"الرباط -سلا -القنيطرة","القنيطرة","عرباوة","237","26249","MP","عبدالاله اكحيلة","4878"
"الرباط -سلا -القنيطرة","القنيطرة","عرباوة","237","26250","MP","حسن ابلادي","3119"
"الرباط -سلا -القنيطرة","القنيطرة","عرباوة","237","26236","MP","قاسم كزار","2985"
"الرباط -سلا -القنيطرة","القنيطرة","عرباوة","237","26240","MP","محمد الكرايوي","3128"
"الرباط -سلا -القنيطرة","القنيطرة","عرباوة","237","26239","MP","السعيد عباد","3043"
"الرباط -سلا -القنيطرة","القنيطرة","عرباوة","237","26254","MP","العربي افطيش","4810"
"الرباط -سلا -القنيطرة","القنيطرة","عرباوة","237","26235","PAM","عبدالرزاق حريفة","31429"
"الرباط -سلا -القنيطرة","القنيطرة","عرباوة","237","26235","PAM","حورية طلبي","31452"
"الرباط -سلا -القنيطرة","القنيطرة","عرباوة","237","26242","PAM","عبد القادر بنيق","10488"
"الرباط -سلا -القنيطرة","القنيطرة","عرباوة","237","26247","PAM","مصطفى لبريصي","10440"
"الرباط -سلا -القنيطرة","القنيطرة","عرباوة","237","26241","PAM","رشيد فيتاس","10833"
"الرباط -سلا -القنيطرة","القنيطرة","عرباوة","237","26231","PAM","عبد السلام  حريفة","11214"
"الرباط -سلا -القنيطرة","القنيطرة","عرباوة","237","26243","PAM","خالد الجلالي","10511"
"الرباط -سلا -القنيطرة","القنيطرة","عرباوة","237","26238","PJD","عبد العزيز البخاري","3382"
"الرباط -سلا -القنيطرة","القنيطرة","عرباوة","237","26238","PJD","سميرة بوكطب","3335"
"الرباط -سلا -القنيطرة","القنيطرة","عرباوة","237","26237","UC","عبد العلى اليقوتي","31187"
"الرباط -سلا -القنيطرة","القنيطرة","عرباوة","237","26237","UC","ثورية الجباري","31218"
"الرباط -سلا -القنيطرة","القنيطرة","قرية بن عودة","698","10916","RNI","مول الباب برقية","10140"
"الرباط -سلا -القنيطرة","القنيطرة","قرية بن عودة","698","10910","RNI","البشير بنشالة","10053"
"الرباط -سلا -القنيطرة","القنيطرة","قرية بن عودة","698","10910","RNI","رشيدة بنشالة","10010"
"الرباط -سلا -القنيطرة","القنيطرة","قرية بن عودة","698","10908","RNI","احمد بوخنيف","5075"
"الرباط -سلا -القنيطرة","القنيطرة","قرية بن عودة","698","10908","RNI","رشيدة قاش","5108"
"الرباط -سلا -القنيطرة","القنيطرة","قرية بن عودة","698","10909","RNI","التهامي الكوشي","2789"
"الرباط -سلا -القنيطرة","القنيطرة","قرية بن عودة","698","10915","RNI","فضول البدوي","4981"
"الرباط -سلا -القنيطرة","القنيطرة","قرية بن عودة","698","10911","RNI","عبد النبي طويل","4823"
"الرباط -سلا -القنيطرة","القنيطرة","قرية بن عودة","698","10905","RNI","ادريس الصيباري","25644"
"الرباط -سلا -القنيطرة","القنيطرة","قرية بن عودة","698","10905","RNI","بوشرى البوخاري","25669"
"الرباط -سلا -القنيطرة","القنيطرة","قرية بن عودة","698","10912","RNI","حمان الفلاح","2867"
"الرباط -سلا -القنيطرة","القنيطرة","قرية بن عودة","698","10907","RNI","مصطفى الكرجي","2760"
"الرباط -سلا -القنيطرة","القنيطرة","قرية بن عودة","698","10913","RNI","نجيب بالمودن","4840"
"الرباط -سلا -القنيطرة","القنيطرة","قرية بن عودة","698","10906","PJD","محمد غلاب","17154"
"الرباط -سلا -القنيطرة","القنيطرة","قرية بن عودة","698","10906","PJD","نادية حبيبي","17164"
"الرباط -سلا -القنيطرة","القنيطرة","قرية بن عودة","698","10914","MP","احمد الحشلافي","4852"
"الرباط -سلا -القنيطرة","القنيطرة","قرية بن عودة","698","10904","MP","عبد العزيز الخميسي","5006"
"الرباط -سلا -القنيطرة","القنيطرة","للا ميمونة","773","12165","PJD","منعم الجراوي","5854"
"الرباط -سلا -القنيطرة","القنيطرة","للا ميمونة","773","12165","PJD","هند بنسوسي","5870"
"الرباط -سلا -القنيطرة","القنيطرة","للا ميمونة","773","12166","PJD","يسين النجاعي","44664"
"الرباط -سلا -القنيطرة","القنيطرة","للا ميمونة","773","12166","PJD","ثريا علوي","44694"
"الرباط -سلا -القنيطرة","القنيطرة","للا ميمونة","773","12171","PJD","محمد حيلية","5941"
"الرباط -سلا -القنيطرة","القنيطرة","للا ميمونة","773","12176","PJD","عبد السلام بن الزيانية","10336"
"الرباط -سلا -القنيطرة","القنيطرة","للا ميمونة","773","12169","PJD","محمد بغال","25522"
"الرباط -سلا -القنيطرة","القنيطرة","للا ميمونة","773","12169","PJD","خديجة الهداجي","25549"
"الرباط -سلا -القنيطرة","القنيطرة","للا ميمونة","773","12168","PJD","دليل المشوك","78778"
"الرباط -سلا -القنيطرة","القنيطرة","للا ميمونة","773","12168","PJD","نعيمة الدخيل","78806"
"الرباط -سلا -القنيطرة","القنيطرة","للا ميمونة","773","12177","PJD","محسن بلعريبي","6006"
"الرباط -سلا -القنيطرة","القنيطرة","للا ميمونة","773","27309","PJD","عبد السلام  الشاوي","78424"
"الرباط -سلا -القنيطرة","القنيطرة","للا ميمونة","773","12175","PJD","احمد الجمالي","2718"
"الرباط -سلا -القنيطرة","القنيطرة","للا ميمونة","773","12167","PJD","عبد السلام خبيش","5900"
"الرباط -سلا -القنيطرة","القنيطرة","للا ميمونة","773","12170","PJD","ابراهيم الشويخ","78519"
"الرباط -سلا -القنيطرة","القنيطرة","للا ميمونة","773","12185","PJD","بوسلهام لباري","44438"
"الرباط -سلا -القنيطرة","القنيطرة","للا ميمونة","773","12182","PJD","حسن بويركة","6076"
"الرباط -سلا -القنيطرة","القنيطرة","للا ميمونة","773","12186","PJD","احمد الفلاح","79449"
"الرباط -سلا -القنيطرة","القنيطرة","للا ميمونة","773","12173","UC","محمد عكراش","25452"
"الرباط -سلا -القنيطرة","القنيطرة","للا ميمونة","773","12180","UC","علال البدري","10207"
"الرباط -سلا -القنيطرة","القنيطرة","للا ميمونة","773","12183","UC","محمد كرين","10304"
"الرباط -سلا -القنيطرة","القنيطرة","للا ميمونة","773","12178","UC","بلحسن النجاعي","44533"
"الرباط -سلا -القنيطرة","القنيطرة","للا ميمونة","773","12181","UC","السعيد البدري","10246"
"الرباط -سلا -القنيطرة","القنيطرة","للا ميمونة","773","12187","UC","احميدة بكار","6099"
"الرباط -سلا -القنيطرة","القنيطرة","للا ميمونة","773","12184","UC","المصطفى زايد","6089"
"الرباط -سلا -القنيطرة","القنيطرة","للا ميمونة","773","27308","UC","العربي الحمري","6118"
"الرباط -سلا -القنيطرة","القنيطرة","للا ميمونة","773","12174","UC","محمد الصمود","44571"
"الرباط -سلا -القنيطرة","القنيطرة","للا ميمونة","773","12179","USFP","محمد بلعريبي","25426"
"الرباط -سلا -القنيطرة","القنيطرة","للا ميمونة","773","12172","PRV","التهامي الخالفي","44395"
"الرباط -سلا -القنيطرة","القنيطرة","مهدية","860","25438","PI","سعيد فنيش","26127"
"الرباط -سلا -القنيطرة","القنيطرة","مهدية","860","25438","PI","سومية الشامي","26120"
"الرباط -سلا -القنيطرة","القنيطرة","مهدية","860","13595","PI","عبد الرحيم بوراس","9997"
"الرباط -سلا -القنيطرة","القنيطرة","مهدية","860","13593","PI","خليل لحياوين","75626"
"الرباط -سلا -القنيطرة","القنيطرة","مهدية","860","13594","PI","عبد القادر لعشر","26136"
"الرباط -سلا -القنيطرة","القنيطرة","مهدية","860","13591","PI","الهاشمي لحمر","5140"
"الرباط -سلا -القنيطرة","القنيطرة","مهدية","860","25440","PI","بوغابة تويس","5368"
"الرباط -سلا -القنيطرة","القنيطرة","مهدية","860","25441","PI","محمد مهيدي","97529"
"الرباط -سلا -القنيطرة","القنيطرة","مهدية","860","25442","PI","عبد الكبير لمليح","10040"
"الرباط -سلا -القنيطرة","القنيطرة","مهدية","860","25442","PI","ندى لحياوين","10096"
"الرباط -سلا -القنيطرة","القنيطرة","مهدية","860","25436","PI","سعيدة الموساوي","5292"
"الرباط -سلا -القنيطرة","القنيطرة","مهدية","860","25434","PI","محمد بوكير","75695"
"الرباط -سلا -القنيطرة","القنيطرة","مهدية","860","27300","PI","محمد الحسني","2215"
"الرباط -سلا -القنيطرة","القنيطرة","مهدية","860","25435","PI","الغازي بدني","31613"
"الرباط -سلا -القنيطرة","القنيطرة","مهدية","860","13592","PI","نجيب لمعلم","5161"
"الرباط -سلا -القنيطرة","القنيطرة","مهدية","860","25439","PI","محمد عنيب","9982"
"الرباط -سلا -القنيطرة","القنيطرة","مهدية","860","13596","PI","عبدالواحد بنشيخ","2222"
"الرباط -سلا -القنيطرة","القنيطرة","مهدية","860","13588","PI","مصطفى مهيدي","5220"
"الرباط -سلا -القنيطرة","القنيطرة","مهدية","860","13586","PI","سعيد اكوزول","5347"
"الرباط -سلا -القنيطرة","القنيطرة","مهدية","860","25445","PJD","عبد السلام بحرية","27547"
"الرباط -سلا -القنيطرة","القنيطرة","مهدية","860","25445","PJD","زينب الكريضة","27566"
"الرباط -سلا -القنيطرة","القنيطرة","مهدية","860","25444","PJD","سمير بومدين","27520"
"الرباط -سلا -القنيطرة","القنيطرة","مهدية","860","25444","PJD","عائشة صبان","27533"
"الرباط -سلا -القنيطرة","القنيطرة","مهدية","860","13589","PJD","محمد شاح","27352"
"الرباط -سلا -القنيطرة","القنيطرة","مهدية","860","13587","PJD","جواد الخطاب","27332"
"الرباط -سلا -القنيطرة","القنيطرة","مهدية","860","27301","PJD","الصديق بونجوم","27607"
"الرباط -سلا -القنيطرة","القنيطرة","مهدية","860","25437","PJD","محمد حلحول","31595"
"الرباط -سلا -القنيطرة","القنيطرة","مهدية","860","13590","PJD","عبد العزيز  العنصري ","27368"
"الرباط -سلا -القنيطرة","القنيطرة","مهدية","860","25443","PJD","ياسين لمليح","97256"
"الرباط -سلا -القنيطرة","القنيطرة","مولاي بوسلهام","905","14321","UC","بلعسال شاوي","17142"
"الرباط -سلا -القنيطرة","القنيطرة","مولاي بوسلهام","905","14312","UC","منصور ضيف الله","31281"
"الرباط -سلا -القنيطرة","القنيطرة","مولاي بوسلهام","905","14312","UC","لطيفة الركادي","31310"
"الرباط -سلا -القنيطرة","القنيطرة","مولاي بوسلهام","905","14313","UC","السعيد الجعواني","10944"
"الرباط -سلا -القنيطرة","القنيطرة","مولاي بوسلهام","905","14323","UC","الصغير غاج","17503"
"الرباط -سلا -القنيطرة","القنيطرة","مولاي بوسلهام","905","14330","UC","بوسلهام السالمي","17371"
"الرباط -سلا -القنيطرة","القنيطرة","مولاي بوسلهام","905","14329","UC","ادريس مرواني","10912"
"الرباط -سلا -القنيطرة","القنيطرة","مولاي بوسلهام","905","14328","UC","ياسين عسى","17434"
"الرباط -سلا -القنيطرة","القنيطرة","مولاي بوسلهام","905","14326","UC","محمد  هرماش","17390"
"الرباط -سلا -القنيطرة","القنيطرة","مولاي بوسلهام","905","14332","UC","احميدة بنشرقي","10772"
"الرباط -سلا -القنيطرة","القنيطرة","مولاي بوسلهام","905","14333","UC","حسن العباسي","24432"
"الرباط -سلا -القنيطرة","القنيطرة","مولاي بوسلهام","905","14318","PJD","احمد الصاخي","17206"
"الرباط -سلا -القنيطرة","القنيطرة","مولاي بوسلهام","905","14318","PJD","فيروز بوسيف","17246"
"الرباط -سلا -القنيطرة","القنيطرة","مولاي بوسلهام","905","27307","PJD","ياسين بن عائشة","76862"
"الرباط -سلا -القنيطرة","القنيطرة","مولاي بوسلهام","905","14314","PJD","بوسلهام الخيراني","46859"
"الرباط -سلا -القنيطرة","القنيطرة","مولاي بوسلهام","905","14316","PJD","هشام   الركراكي ","63383"
"الرباط -سلا -القنيطرة","القنيطرة","مولاي بوسلهام","905","14319","PJD","رشيد السهلي","10374"
"الرباط -سلا -القنيطرة","القنيطرة","مولاي بوسلهام","905","14317","PJD","خالد الصيباري ","10759"
"الرباط -سلا -القنيطرة","القنيطرة","مولاي بوسلهام","905","14325","PJD","عبد الكريم بعاج","31178"
"الرباط -سلا -القنيطرة","القنيطرة","مولاي بوسلهام","905","14320","PJD","السعيد احميمو ","5980"
"الرباط -سلا -القنيطرة","القنيطرة","مولاي بوسلهام","905","14331","PAM","فواد النكة","129584"
"الرباط -سلا -القنيطرة","القنيطرة","مولاي بوسلهام","905","14324","PAM","بوسلهام الراكب","47281"
"الرباط -سلا -القنيطرة","القنيطرة","مولاي بوسلهام","905","14311","USFP","عبد السلام بومهيدي","46288"
"الرباط -سلا -القنيطرة","القنيطرة","مولاي بوسلهام","905","14311","USFP","حبيبة اطلسي","46412"
"الرباط -سلا -القنيطرة","القنيطرة","مولاي بوسلهام","905","27306","USFP","بن عزوز كميح","77106"
"الرباط -سلا -القنيطرة","القنيطرة","مولاي بوسلهام","905","14315","MDS","محمد برطني","120665"
"الرباط -سلا -القنيطرة","القنيطرة","مولاي بوسلهام","905","14315","MDS","نجات  خليفي","120757"
"الرباط -سلا -القنيطرة","القنيطرة","مولاي بوسلهام","905","14327","PI","محمد بن عائشة","76906"
"الرباط -سلا -القنيطرة","القنيطرة","مولاي بوسلهام","905","14322","PI","الطيب الفقير","31238"
"الرباط -سلا -القنيطرة","القنيطرة","وادي المخازن","950","14997","PAM","عبدالعزيز  بوحسيني","25988"
"الرباط -سلا -القنيطرة","القنيطرة","وادي المخازن","950","14998","PAM","عبد الصمد المصباحي","25721"
"الرباط -سلا -القنيطرة","القنيطرة","وادي المخازن","950","14998","PAM","زهرة بوحسني","25738"
"الرباط -سلا -القنيطرة","القنيطرة","وادي المخازن","950","14999","PAM","مصطفى جلولي","26116"
"الرباط -سلا -القنيطرة","القنيطرة","وادي المخازن","950","14999","PAM","الزهرة  الشادلي","26122"
"الرباط -سلا -القنيطرة","القنيطرة","وادي المخازن","950","14995","PAM","محمد كريمني","26129"
"الرباط -سلا -القنيطرة","القنيطرة","وادي المخازن","950","14995","PAM","رشيدة الرفاع ","26110"
"الرباط -سلا -القنيطرة","القنيطرة","وادي المخازن","950","15002","PAM","احمد بنطاطة","25939"
"الرباط -سلا -القنيطرة","القنيطرة","وادي المخازن","950","14994","PAM","عبد العزيز مغراوي","25613"
"الرباط -سلا -القنيطرة","القنيطرة","وادي المخازن","950","15000","PJD","العربي  المجدوبي ","25797"
"الرباط -سلا -القنيطرة","القنيطرة","وادي المخازن","950","15000","PJD","نورة البوزيدى","25808"
"الرباط -سلا -القنيطرة","القنيطرة","وادي المخازن","950","15004","PJD","عبد السلام  الخلفي","25869"
"الرباط -سلا -القنيطرة","القنيطرة","وادي المخازن","950","15001","PJD","جمال الحسيني","25830"
"الرباط -سلا -القنيطرة","القنيطرة","وادي المخازن","950","14996","PI","عبدالغنى زعري","57798"
"الرباط -سلا -القنيطرة","القنيطرة","وادي المخازن","950","15003","MP","احمد بوعودة","25915"
"الرباط -سلا -القنيطرة","سيدي قاسم","أحد كورت","586","9234","PPS","احمد بنحميمو","36445"
"الرباط -سلا -القنيطرة","سيدي قاسم","أحد كورت","586","9234","PPS","سكينة ليشير","36379"
"الرباط -سلا -القنيطرة","سيدي قاسم","أحد كورت","586","9240","PPS","قاسم السباعي","39501"
"الرباط -سلا -القنيطرة","سيدي قاسم","أحد كورت","586","9240","PPS","سناء الشريف","39520"
"الرباط -سلا -القنيطرة","سيدي قاسم","أحد كورت","586","9239","PPS","الشيخ رزقي","40130"
"الرباط -سلا -القنيطرة","سيدي قاسم","أحد كورت","586","9239","PPS","تريا الغربي","40375"
"الرباط -سلا -القنيطرة","سيدي قاسم","أحد كورت","586","9237","PPS","كمال دكى","39243"
"الرباط -سلا -القنيطرة","سيدي قاسم","أحد كورت","586","9237","PPS","اسماء مشتر","39281"
"الرباط -سلا -القنيطرة","سيدي قاسم","أحد كورت","586","9231","PPS","المصطفى الغزوي","36111"
"الرباط -سلا -القنيطرة","سيدي قاسم","أحد كورت","586","9238","PPS","علال الهسكوري","39338"
"الرباط -سلا -القنيطرة","سيدي قاسم","أحد كورت","586","9233","PPS","محمد العناية","36342"
"الرباط -سلا -القنيطرة","سيدي قاسم","أحد كورت","586","27322","PPS","سعيد حمو زين","40207"
"الرباط -سلا -القنيطرة","سيدي قاسم","أحد كورت","586","9230","PPS","ادريس اكميح","35994"
"الرباط -سلا -القنيطرة","سيدي قاسم","أحد كورت","586","27323","UC","فؤاد الراجي","39120"
"الرباط -سلا -القنيطرة","سيدي قاسم","أحد كورت","586","9235","UC","احمد بن مختار","39147"
"الرباط -سلا -القنيطرة","سيدي قاسم","أحد كورت","586","9236","CNI","حميد اودينة","39178"
"الرباط -سلا -القنيطرة","سيدي قاسم","أحد كورت","586","9232","USFP","ادريس التهامي","36289"
"الرباط -سلا -القنيطرة","سيدي قاسم","أولاد نوال","1020","15987","MP","امحمد الكارة","27528"
"الرباط -سلا -القنيطرة","سيدي قاسم","أولاد نوال","1020","15987","MP","سعيدة غيني ","27552"
"الرباط -سلا -القنيطرة","سيدي قاسم","أولاد نوال","1020","15998","MP","ادريس اوسفار","67444"
"الرباط -سلا -القنيطرة","سيدي قاسم","أولاد نوال","1020","15998","MP","نجاة الركراكي","67490"
"الرباط -سلا -القنيطرة","سيدي قاسم","أولاد نوال","1020","15991","MP","كمال الكرافس ","28112"
"الرباط -سلا -القنيطرة","سيدي قاسم","أولاد نوال","1020","15993","MP","احمد كمال","16411"
"الرباط -سلا -القنيطرة","سيدي قاسم","أولاد نوال","1020","15994","MP","حميد الطويل","64985"
"الرباط -سلا -القنيطرة","سيدي قاسم","أولاد نوال","1020","15994","MP","فاطمة المصباحي","65040"
"الرباط -سلا -القنيطرة","سيدي قاسم","أولاد نوال","1020","15990","MP","بوشتى الشطيني","16360"
"الرباط -سلا -القنيطرة","سيدي قاسم","أولاد نوال","1020","15986","MP","بوشعيب بن الصبان","27940"
"الرباط -سلا -القنيطرة","سيدي قاسم","أولاد نوال","1020","15986","MP","نادية الجلد","27948"
"الرباط -سلا -القنيطرة","سيدي قاسم","أولاد نوال","1020","15989","MP","حميد الخطابي","28088"
"الرباط -سلا -القنيطرة","سيدي قاسم","أولاد نوال","1020","15992","MP","محمود حمومي","28122"
"الرباط -سلا -القنيطرة","سيدي قاسم","أولاد نوال","1020","15988","MP","العربي بلعولي","33147"
"الرباط -سلا -القنيطرة","سيدي قاسم","أولاد نوال","1020","15995","MP","يوسف حنيشة","64321"
"الرباط -سلا -القنيطرة","سيدي قاسم","أولاد نوال","1020","15997","UC","كريم المالكي","89410"
"الرباط -سلا -القنيطرة","سيدي قاسم","أولاد نوال","1020","15996","PI","احمد عياد","16900"
"الرباط -سلا -القنيطرة","سيدي قاسم","ارميلات","1101","17283","USFP","محمد بغاري","15262"
"الرباط -سلا -القنيطرة","سيدي قاسم","ارميلات","1101","17283","USFP","ربيعة زحلوف","15275"
"الرباط -سلا -القنيطرة","سيدي قاسم","ارميلات","1101","17292","USFP","ادريس نونح","9775"
"الرباط -سلا -القنيطرة","سيدي قاسم","ارميلات","1101","17291","USFP","احميدة الحوم","9851"
"الرباط -سلا -القنيطرة","سيدي قاسم","ارميلات","1101","17290","USFP","محمد امينات ","9768"
"الرباط -سلا -القنيطرة","سيدي قاسم","ارميلات","1101","25506","USFP","حميد مجعوط","15684"
"الرباط -سلا -القنيطرة","سيدي قاسم","ارميلات","1101","25507","USFP","محمد الزوين","9902"
"الرباط -سلا -القنيطرة","سيدي قاسم","ارميلات","1101","25509","USFP","ادريس كروم","9955"
"الرباط -سلا -القنيطرة","سيدي قاسم","ارميلات","1101","17287","PI","احمد صابر","57427"
"الرباط -سلا -القنيطرة","سيدي قاسم","ارميلات","1101","17287","PI","عتيقة لحرش","57551"
"الرباط -سلا -القنيطرة","سيدي قاسم","ارميلات","1101","17284","PI","ادريس فتاح","33611"
"الرباط -سلا -القنيطرة","سيدي قاسم","ارميلات","1101","25505","PI","محمد تهوم","15260"
"الرباط -سلا -القنيطرة","سيدي قاسم","ارميلات","1101","17294","PI","احمد بالعمورية","21876"
"الرباط -سلا -القنيطرة","سيدي قاسم","ارميلات","1101","25503","PI","محمد خويلي","9822"
"الرباط -سلا -القنيطرة","سيدي قاسم","ارميلات","1101","25508","PI","ميلود بنعامر","21797"
"الرباط -سلا -القنيطرة","سيدي قاسم","ارميلات","1101","17286","PI","محمد الزيدي","33633"
"الرباط -سلا -القنيطرة","سيدي قاسم","ارميلات","1101","17295","PI","محمد الحوزي","33569"
"الرباط -سلا -القنيطرة","سيدي قاسم","ارميلات","1101","17289","UC","ادريس لبيض","28800"
"الرباط -سلا -القنيطرة","سيدي قاسم","ارميلات","1101","25502","UC","موسى لقنيني","21929"
"الرباط -سلا -القنيطرة","سيدي قاسم","ارميلات","1101","17293","PJD","عبد الله نهري","42790"
"الرباط -سلا -القنيطرة","سيدي قاسم","ارميلات","1101","17288","PJD","كريم اللويز","5244"
"الرباط -سلا -القنيطرة","سيدي قاسم","ارميلات","1101","17282","PJD","محمد بالعرعار","21518"
"الرباط -سلا -القنيطرة","سيدي قاسم","ارميلات","1101","17281","PAM","بنعيسى غياتي","28911"
"الرباط -سلا -القنيطرة","سيدي قاسم","ارميلات","1101","17281","PAM","الدريسية بالعيدي","28924"
"الرباط -سلا -القنيطرة","سيدي قاسم","ارميلات","1101","17285","RNI","بنعيسى حميرات","81746"
"الرباط -سلا -القنيطرة","سيدي قاسم","ارميلات","1101","17285","RNI","فاطنة القرفة","81784"
"الرباط -سلا -القنيطرة","سيدي قاسم","ارميلات","1101","25504","RNI","عبداللطيف شمراخي","95036"
"الرباط -سلا -القنيطرة","سيدي قاسم","اشبانات","436","6751","USFP","احمد الضفيرة","44133"
"الرباط -سلا -القنيطرة","سيدي قاسم","اشبانات","436","6751","USFP","مينة صمبا","44193"
"الرباط -سلا -القنيطرة","سيدي قاسم","اشبانات","436","6755","USFP","محمد صلي","6281"
"الرباط -سلا -القنيطرة","سيدي قاسم","اشبانات","436","6752","USFP","عبد الرحمان الشحايمة","6305"
"الرباط -سلا -القنيطرة","سيدي قاسم","اشبانات","436","6758","USFP","نور الدين اللحياني","15261"
"الرباط -سلا -القنيطرة","سيدي قاسم","اشبانات","436","6754","USFP","عباس طانطو","6293"
"الرباط -سلا -القنيطرة","سيدي قاسم","اشبانات","436","6756","USFP","ميلود بنكروم","6274"
"الرباط -سلا -القنيطرة","سيدي قاسم","اشبانات","436","6750","PAM","محمد القطبي","90981"
"الرباط -سلا -القنيطرة","سيدي قاسم","اشبانات","436","6750","PAM","مينة مسكوري","91048"
"الرباط -سلا -القنيطرة","سيدي قاسم","اشبانات","436","6760","PAM","عبد النبي خيي","91658"
"الرباط -سلا -القنيطرة","سيدي قاسم","اشبانات","436","6761","PAM","الحسين لمراق","71191"
"الرباط -سلا -القنيطرة","سيدي قاسم","اشبانات","436","6761","PAM","عائشة خلافة","71293"
"الرباط -سلا -القنيطرة","سيدي قاسم","اشبانات","436","6757","PAM","علي مزان","70696"
"الرباط -سلا -القنيطرة","سيدي قاسم","اشبانات","436","6762","PAM","عمر الفايق","70867"
"الرباط -سلا -القنيطرة","سيدي قاسم","اشبانات","436","6759","PI","الحسن لمخنت","60085"
"الرباط -سلا -القنيطرة","سيدي قاسم","اشبانات","436","6753","PJD","هشام بن عجال","91363"
"الرباط -سلا -القنيطرة","سيدي قاسم","اشبانات","436","6753","PJD","سعيدة صلي","91429"
"الرباط -سلا -القنيطرة","سيدي قاسم","الحوافات","183","2653","PEDD","المصطفى الخضر","134287"
"الرباط -سلا -القنيطرة","سيدي قاسم","الحوافات","183","2653","PEDD","زهور المرجاوي","134288"
"الرباط -سلا -القنيطرة","سيدي قاسم","الحوافات","183","2654","PEDD","روان الجابري","34272"
"الرباط -سلا -القنيطرة","سيدي قاسم","الحوافات","183","2655","PEDD","عبد النبي عيدودي","17732"
"الرباط -سلا -القنيطرة","سيدي قاسم","الحوافات","183","2656","PEDD","بنعيسى طيق","17342"
"الرباط -سلا -القنيطرة","سيدي قاسم","الحوافات","183","2663","PEDD","العربي امشبرك","17691"
"الرباط -سلا -القنيطرة","سيدي قاسم","الحوافات","183","2651","PEDD","ادريس الحجوي","34294"
"الرباط -سلا -القنيطرة","سيدي قاسم","الحوافات","183","2664","PEDD","خالد الجبوري","17318"
"الرباط -سلا -القنيطرة","سيدي قاسم","الحوافات","183","2649","USFP","موسى نيطو","81904"
"الرباط -سلا -القنيطرة","سيدي قاسم","الحوافات","183","2660","USFP","جواد بن الواتي","74935"
"الرباط -سلا -القنيطرة","سيدي قاسم","الحوافات","183","2667","USFP","عبد السلام جاوي","75011"
"الرباط -سلا -القنيطرة","سيدي قاسم","الحوافات","183","2662","USFP","ادريس  المنور","74962"
"الرباط -سلا -القنيطرة","سيدي قاسم","الحوافات","183","2647","USFP","العربي العربي","43567"
"الرباط -سلا -القنيطرة","سيدي قاسم","الحوافات","183","2666","USFP","عبد العالي الرتبي","17623"
"الرباط -سلا -القنيطرة","سيدي قاسم","الحوافات","183","2661","USFP","سعيد برقية","74951"
"الرباط -سلا -القنيطرة","سيدي قاسم","الحوافات","183","2657","PI","حسن الامين","43771"
"الرباط -سلا -القنيطرة","سيدي قاسم","الحوافات","183","2658","PI","رشيد فحصي","43326"
"الرباط -سلا -القنيطرة","سيدي قاسم","الحوافات","183","2652","PI","قاسم بعينة","92242"
"الرباط -سلا -القنيطرة","سيدي قاسم","الحوافات","183","2652","PI","فاطمة كريمو","92938"
"الرباط -سلا -القنيطرة","سيدي قاسم","الحوافات","183","2648","PI","عبد الاله مفتاح","34174"
"الرباط -سلا -القنيطرة","سيدي قاسم","الحوافات","183","2665","PI","محمد قرماط","59967"
"الرباط -سلا -القنيطرة","سيدي قاسم","الحوافات","183","2669","PJD","محمد احميشان","78650"
"الرباط -سلا -القنيطرة","سيدي قاسم","الحوافات","183","2669","PJD","حدهم الموالدة","82684"
"الرباط -سلا -القنيطرة","سيدي قاسم","الحوافات","183","2668","PJD","الهادي بنرابح","78975"
"الرباط -سلا -القنيطرة","سيدي قاسم","الحوافات","183","2668","PJD","عائشة بوجييا","79017"
"الرباط -سلا -القنيطرة","سيدي قاسم","الحوافات","183","2659","PJD","مونير بطيط","82826"
"الرباط -سلا -القنيطرة","سيدي قاسم","الحوافات","183","2650","PPS","محمد زياني","17517"
"الرباط -سلا -القنيطرة","سيدي قاسم","الخنيشات","718","11269","UC","احمد نميري","16957"
"الرباط -سلا -القنيطرة","سيدي قاسم","الخنيشات","718","11269","UC","نجية الكرادي","16964"
"الرباط -سلا -القنيطرة","سيدي قاسم","الخنيشات","718","11275","UC","بوعبيد بوعبيد","5764"
"الرباط -سلا -القنيطرة","سيدي قاسم","الخنيشات","718","11271","UC","محمد الكرماشي","5771"
"الرباط -سلا -القنيطرة","سيدي قاسم","الخنيشات","718","11281","UC","العربي جراح","5825"
"الرباط -سلا -القنيطرة","سيدي قاسم","الخنيشات","718","11278","UC","العربي احميمو","5837"
"الرباط -سلا -القنيطرة","سيدي قاسم","الخنيشات","718","11264","UC","احمد لشهب","5718"
"الرباط -سلا -القنيطرة","سيدي قاسم","الخنيشات","718","11272","UC","حميد بوعبيد","92404"
"الرباط -سلا -القنيطرة","سيدي قاسم","الخنيشات","718","11282","UC","ادريس بلخدير","63121"
"الرباط -سلا -القنيطرة","سيدي قاسم","الخنيشات","718","11274","UC","محمد بنحمزة","5740"
"الرباط -سلا -القنيطرة","سيدي قاسم","الخنيشات","718","11276","UC","الحسان الحددي","5810"
"الرباط -سلا -القنيطرة","سيدي قاسم","الخنيشات","718","11266","PI","سلام الكحلاوي","33241"
"الرباط -سلا -القنيطرة","سيدي قاسم","الخنيشات","718","11266","PI","نادية عداوي","33275"
"الرباط -سلا -القنيطرة","سيدي قاسم","الخنيشات","718","11279","PI","البشير السملالي","92065"
"الرباط -سلا -القنيطرة","سيدي قاسم","الخنيشات","718","11267","PI","احمد مبروك ","91916"
"الرباط -سلا -القنيطرة","سيدي قاسم","الخنيشات","718","11267","PI","خديجة كمون","91949"
"الرباط -سلا -القنيطرة","سيدي قاسم","الخنيشات","718","11265","PI","نجيب بلعولى","92522"
"الرباط -سلا -القنيطرة","سيدي قاسم","الخنيشات","718","11265","PI","رحيمة اربوح","92571"
"الرباط -سلا -القنيطرة","سيدي قاسم","الخنيشات","718","11280","PI","احمد الخباء","33900"
"الرباط -سلا -القنيطرة","سيدي قاسم","الخنيشات","718","11268","PI","عبد الجبار الحافظ","129889"
"الرباط -سلا -القنيطرة","سيدي قاسم","الخنيشات","718","11284","PI","الحسان قلاشة","34118"
"الرباط -سلا -القنيطرة","سيدي قاسم","الخنيشات","718","11273","PI","محمد البحراوي","33602"
"الرباط -سلا -القنيطرة","سيدي قاسم","الخنيشات","718","11283","PPS","عبد اللطيف الحوزي","17043"
"الرباط -سلا -القنيطرة","سيدي قاسم","الخنيشات","718","11285","PPS","بنعيسى المسعودي","100288"
"الرباط -سلا -القنيطرة","سيدي قاسم","الخنيشات","718","11286","PPS","فواد كريني","34142"
"الرباط -سلا -القنيطرة","سيدي قاسم","الخنيشات","718","11277","USFP","المصطفى الهواسي","100355"
"الرباط -سلا -القنيطرة","سيدي قاسم","الخنيشات","718","11270","PAM","عبد العالي بوخالف","100563"
"الرباط -سلا -القنيطرة","سيدي قاسم","انويرات","933","14767","P Al Ahd Addimocrati","محمد اكميل","36184"
"الرباط -سلا -القنيطرة","سيدي قاسم","انويرات","933","14767","P Al Ahd Addimocrati","فاطنة اكميل","36243"
"الرباط -سلا -القنيطرة","سيدي قاسم","انويرات","933","14760","P Al Ahd Addimocrati","رشيد لزعر","26999"
"الرباط -سلا -القنيطرة","سيدي قاسم","انويرات","933","14762","P Al Ahd Addimocrati","بوسلهام جيللت","37409"
"الرباط -سلا -القنيطرة","سيدي قاسم","انويرات","933","14762","P Al Ahd Addimocrati","سوكينة الصويني","37710"
"الرباط -سلا -القنيطرة","سيدي قاسم","انويرات","933","14763","P Al Ahd Addimocrati","قاسم السايغ","35877"
"الرباط -سلا -القنيطرة","سيدي قاسم","انويرات","933","14761","P Al Ahd Addimocrati","عبد الواحد بوعريب","27183"
"الرباط -سلا -القنيطرة","سيدي قاسم","انويرات","933","14757","P Al Ahd Addimocrati","الجلالي الهواس","27300"
"الرباط -سلا -القنيطرة","سيدي قاسم","انويرات","933","14771","P Al Ahd Addimocrati","حسن الفرنة","27047"
"الرباط -سلا -القنيطرة","سيدي قاسم","انويرات","933","14773","P Al Ahd Addimocrati","المصطفى عكدي","36290"
"الرباط -سلا -القنيطرة","سيدي قاسم","انويرات","933","14772","P Al Ahd Addimocrati","عبد الحق الكص","27415"
"الرباط -سلا -القنيطرة","سيدي قاسم","انويرات","933","14758","P Al Ahd Addimocrati","قاسم بلصفر","43036"
"الرباط -سلا -القنيطرة","سيدي قاسم","انويرات","933","14755","P Al Ahd Addimocrati","البشير مرجان","58144"
"الرباط -سلا -القنيطرة","سيدي قاسم","انويرات","933","14754","P Al Ahd Addimocrati","محمد ادريوش","35980"
"الرباط -سلا -القنيطرة","سيدي قاسم","انويرات","933","14774","P Al Ahd Addimocrati","سليمان حطاب","76678"
"الرباط -سلا -القنيطرة","سيدي قاسم","انويرات","933","14770","P Al Ahd Addimocrati","هشام لعسل","76984"
"الرباط -سلا -القنيطرة","سيدي قاسم","انويرات","933","14766","P Al Ahd Addimocrati","الكبير الغيلاني","35679"
"الرباط -سلا -القنيطرة","سيدي قاسم","انويرات","933","14765","USFP","عبد الوهاب   الشراط","27438"
"الرباط -سلا -القنيطرة","سيدي قاسم","انويرات","933","14765","USFP","لوبنا احريش","27455"
"الرباط -سلا -القنيطرة","سيدي قاسم","انويرات","933","14764","USFP","احمد الحيمر","36935"
"الرباط -سلا -القنيطرة","سيدي قاسم","انويرات","933","14764","USFP","سعاد الشايط","37038"
"الرباط -سلا -القنيطرة","سيدي قاسم","انويرات","933","14768","USFP","محمد الغرباوي","27041"
"الرباط -سلا -القنيطرة","سيدي قاسم","انويرات","933","14769","PJD","محمد قاوبع","125671"
"الرباط -سلا -القنيطرة","سيدي قاسم","انويرات","933","14775","PJD","خليد ا��ركراكي","37947"
"الرباط -سلا -القنيطرة","سيدي قاسم","انويرات","933","14753","PJD","محمد عالي مصطافي","58223"
"الرباط -سلا -القنيطرة","سيدي قاسم","انويرات","933","14756","PPS","محمد بالفرشي","27220"
"الرباط -سلا -القنيطرة","سيدي قاسم","انويرات","933","14759","UC","محمد الفريخي","57848"
"الرباط -سلا -القنيطرة","سيدي قاسم","باب  تيوكا","279","4205","PI","رضوان العامري","93182"
"الرباط -سلا -القنيطرة","سيدي قاسم","باب  تيوكا","279","4205","PI","خديجة بنعزوز","93105"
"الرباط -سلا -القنيطرة","سيدي قاسم","باب  تيوكا","279","4195","PI","عبد العالي الشباب","15562"
"الرباط -سلا -القنيطرة","سيدي قاسم","باب  تيوكا","279","4195","PI","فاطمة  اشباب","15636"
"الرباط -سلا -القنيطرة","سيدي قاسم","باب  تيوكا","279","4201","PI","سعيد خيرة","5215"
"الرباط -سلا -القنيطرة","سيدي قاسم","باب  تيوكا","279","4201","PI","الغالية الفكروني","5229"
"الرباط -سلا -القنيطرة","سيدي قاسم","باب  تيوكا","279","4202","PI","محمد  كرومي","15353"
"الرباط -سلا -القنيطرة","سيدي قاسم","باب  تيوكا","279","4199","PI","الحسن شرود","93264"
"الرباط -سلا -القنيطرة","سيدي قاسم","باب  تيوكا","279","4196","PI","عبد الخالق بونعوج","18521"
"الرباط -سلا -القنيطرة","سيدي قاسم","باب  تيوكا","279","4194","PI","عبد النبي محي","15458"
"الرباط -سلا -القنيطرة","سيدي قاسم","باب  تيوكا","279","4197","PI","محمد اطويمو","70550"
"الرباط -سلا -القنيطرة","سيدي قاسم","باب  تيوكا","279","4198","PAM","نور الدين ماكيني","65666"
"الرباط -سلا -القنيطرة","سيدي قاسم","باب  تيوكا","279","4198","PAM","حبيبة بوزيد","65710"
"الرباط -سلا -القنيطرة","سيدي قاسم","باب  تيوكا","279","4204","PAM","عبد النبي الفايق","93442"
"الرباط -سلا -القنيطرة","سيدي قاسم","باب  تيوكا","279","4200","PAM","مصطفى لحويدك","44040"
"الرباط -سلا -القنيطرة","سيدي قاسم","باب  تيوكا","279","4193","PAM","محمد حجاج","43544"
"الرباط -سلا -القنيطرة","سيدي قاسم","باب  تيوكا","279","4203","PAM","المصطفى الفكري","44089"
"الرباط -سلا -القنيطرة","سيدي قاسم","بني وال","356","5477","PPS","المصطفى العروسي","87770"
"الرباط -سلا -القنيطرة","سيدي قاسم","بني وال","356","5473","PPS","عزيز حلباط","39228"
"الرباط -سلا -القنيطرة","سيدي قاسم","بني وال","356","5473","PPS","الغالية المجدوب","39268"
"الرباط -سلا -القنيطرة","سيدي قاسم","بني وال","356","5481","PPS","مصطفى دريوش","15852"
"الرباط -سلا -القنيطرة","سيدي قاسم","بني وال","356","5479","PPS","ادريس الشاكري","51265"
"الرباط -سلا -القنيطرة","سيدي قاسم","بني وال","356","5480","PPS","جواد لحلو","15818"
"الرباط -سلا -القنيطرة","سيدي قاسم","بني وال","356","5472","UC","عبد السلام العفاني","64936"
"الرباط -سلا -القنيطرة","سيدي قاسم","بني وال","356","5476","UC","محمد  لمودن","64794"
"الرباط -سلا -القنيطرة","سيدي قاسم","بني وال","356","5476","UC","شريفة الحجاجي","64845"
"الرباط -سلا -القنيطرة","سيدي قاسم","بني وال","356","5475","UC","عبد المجيد اليملي","50154"
"الرباط -سلا -القنيطرة","سيدي قاسم","بني وال","356","5475","UC","حفيظة الغطاس","50208"
"الرباط -سلا -القنيطرة","سيدي قاسم","بني وال","356","5478","UC","عبد السلام بنكدور","27312"
"الرباط -سلا -القنيطرة","سيدي قاسم","بني وال","356","5474","UC","مصطفى سمانة","23657"
"الرباط -سلا -القنيطرة","سيدي قاسم","بني وال","356","5482","PJD","عبد الرزاق شيكر","64399"
"الرباط -سلا -القنيطرة","سيدي قاسم","بني وال","356","5482","PJD","رحيمة شرفي","134126"
"الرباط -سلا -القنيطرة","سيدي قاسم","بير الطالب","307","4742","PAM","السعد ابن زروال","83759"
"الرباط -سلا -القنيطرة","سيدي قاسم","بير الطالب","307","4743","PAM","عزيز عرورو","97863"
"الرباط -سلا -القنيطرة","سيدي قاسم","بير الطالب","307","4743","PAM","حياة حجيب","97777"
"الرباط -سلا -القنيطرة","سيدي قاسم","بير الطالب","307","4745","PAM","السعيد قرشية","61733"
"الرباط -سلا -القنيطرة","سيدي قاسم","بير الطالب","307","4753","PAM","عبد اللطيف القرقوري","61802"
"الرباط -سلا -القنيطرة","سيدي قاسم","بير الطالب","307","4747","PAM","عبد الرحمان الخلطي","83379"
"الرباط -سلا -القنيطرة","سيدي قاسم","بير الطالب","307","4747","PAM","خديجة البوعتلاوي","88510"
"الرباط -سلا -القنيطرة","سيدي قاسم","بير الطالب","307","4744","PAM","عبدالخالق بلفقيه","97646"
"الرباط -سلا -القنيطرة","سيدي قاسم","بير الطالب","307","4749","PAM","عبد الرحمان بلكاملة","61623"
"الرباط -سلا -القنيطرة","سيدي قاسم","بير الطالب","307","4741","PAM","احمد البوعزاوي","119489"
"الرباط -سلا -القنيطرة","سيدي قاسم","بير الطالب","307","4752","PAM","الحسن النيوة","61578"
"الرباط -سلا -القنيطرة","سيدي قاسم","بير الطالب","307","4750","PI","ادريس بلعامري","84312"
"الرباط -سلا -القنيطرة","سيدي قاسم","بير الطالب","307","4746","PI","ادريس لمباركي","97583"
"الرباط -سلا -القنيطرة","سيدي قاسم","بير الطالب","307","4746","PI","خديجة جليل","97537"
"الرباط -سلا -القنيطرة","سيدي قاسم","بير الطالب","307","4751","PI","عبدالكريم الحجام","97426"
"الرباط -سلا -القنيطرة","سيدي قاسم","بير الطالب","307","4748","PI","ادريس بلعياشي","85423"
"الرباط -سلا -القنيطرة","سيدي قاسم","بير الطالب","307","4748","PI","عائشة الحجوي","85539"
"الرباط -سلا -القنيطرة","سيدي قاسم","توغيلت","1382","21766","UC","بخدة الفيلة","15920"
"الرباط -سلا -القنيطرة","سيدي قاسم","توغيلت","1382","25512","UC","محمد الراجي","5369"
"الرباط -سلا -القنيطرة","سيدي قاسم","توغيلت","1382","21772","MP","رشيد الكزولي","16078"
"الرباط -سلا -القنيطرة","سيدي قاسم","توغيلت","1382","21772","MP","رحمة اشعيبي","16096"
"الرباط -سلا -القنيطرة","سيدي قاسم","توغيلت","1382","25513","MP","بنعيسى الكنوني","33202"
"الرباط -سلا -القنيطرة","سيدي قاسم","توغيلت","1382","21774","MP","عبد الهادي لهراوي","78669"
"الرباط -سلا -القنيطرة","سيدي قاسم","توغيلت","1382","21768","MP","عبد الحق شكير","77674"
"الرباط -سلا -القنيطرة","سيدي قاسم","توغيلت","1382","21770","MP","رشيد برحيمو","33297"
"الرباط -سلا -القنيطرة","سيدي قاسم","توغيلت","1382","21776","MP","احمد التيهامي","78733"
"الرباط -سلا -القنيطرة","سيدي قاسم","توغيلت","1382","21777","MP","علال الخلفي","33153"
"الرباط -سلا -القنيطرة","سيدي قاسم","توغيلت","1382","21771","MP","عبد القادر الوردغي","33269"
"الرباط -سلا -القنيطرة","سيدي قاسم","توغيلت","1382","21778","PPS","عبد العزيز الراجي","16278"
"الرباط -سلا -القنيطرة","سيدي قاسم","توغيلت","1382","21778","PPS","فوزية القرشي","16296"
"الرباط -سلا -القنيطرة","سيدي قاسم","توغيلت","1382","21773","PPS","عبد اللطيف فرييخ","16241"
"الرباط -سلا -القنيطرة","سيدي قاسم","توغيلت","1382","21773","PPS","حنان الطنيجي","16258"
"الرباط -سلا -القنيطرة","سيدي قاسم","توغيلت","1382","21769","PI","عبد الواحد مستقيم","99816"
"الرباط -سلا -القنيطرة","سيدي قاسم","توغيلت","1382","21769","PI","وديان اليحياوي","99886"
"الرباط -سلا -القنيطرة","سيدي قاسم","توغيلت","1382","21775","PI","أحمد  الخدير","33138"
"الرباط -سلا -القنيطرة","سيدي قاسم","توغيلت","1382","21767","PAM","خاليد بالمهدي","33379"
"الرباط -سلا -القنيطرة","سيدي قاسم","ثكنة","1415","22271","PI","رشيد البياض","134125"
"الرباط -سلا -القنيطرة","سيدي قاسم","ثكنة","1415","22271","PI","ليلى فتحي","99539"
"الرباط -سلا -القنيطرة","سيدي قاسم","ثكنة","1415","22269","PI","قاسم  الرقبة","99386"
"الرباط -سلا -القنيطرة","سيدي قاسم","ثكنة","1415","22277","PI","ادريس زويتين","64444"
"الرباط -سلا -القنيطرة","سيدي قاسم","ثكنة","1415","22277","PI","رشيدة  الراشدي ","64269"
"الرباط -سلا -القنيطرة","سيدي قاسم","ثكنة","1415","22267","PI","بوسلهام الصغير","99068"
"الرباط -سلا -القنيطرة","سيدي قاسم","ثكنة","1415","22273","PI","خالد بلميلودي","98722"
"الرباط -سلا -القنيطرة","سيدي قاسم","ثكنة","1415","22270","PI","محمد الخرباشي","63878"
"الرباط -سلا -القنيطرة","سيدي قاسم","ثكنة","1415","22270","PI","سميرة فتحي","63975"
"الرباط -سلا -القنيطرة","سيدي قاسم","ثكنة","1415","22273","PI","ايمان الرقبة","98874"
"الرباط -سلا -القنيطرة","سيدي قاسم","ثكنة","1415","22274","PI","نورالدين بوهيا","98463"
"الرباط -سلا -القنيطرة","سيدي قاسم","ثكنة","1415","22268","PI","ابراهيم زيزوني","64092"
"الرباط -سلا -القنيطرة","سيدي قاسم","ثكنة","1415","22275","PI","مراد الفقير","99189"
"الرباط -سلا -القنيطرة","سيدي قاسم","ثكنة","1415","22272","PAM","عبد الله خي","118437"
"الرباط -سلا -القنيطرة","سيدي قاسم","ثكنة","1415","22276","MP","يوسف ابن زروال","117940"
"الرباط -سلا -القنيطرة","سيدي قاسم","جرف الملحة","688","25494","PPS","عبد العزيز الصادق","49499"
"الرباط -سلا -القنيطرة","سيدي قاسم","جرف الملحة","688","25494","PPS","نزهة نيكرو","49452"
"الرباط -سلا -القنيطرة","سيدي قاسم","جرف الملحة","688","25495","PPS","محمد العروسي","25837"
"الرباط -سلا -القنيطرة","سيدي قاسم","جرف الملحة","688","10771","PPS","عزيز الغواطي","102240"
"الرباط -سلا -القنيطرة","سيدي قاسم","جرف الملحة","688","10770","PPS","المصطفى بوليقين","49782"
"الرباط -سلا -القنيطرة","سيدي قاسم","جرف الملحة","688","25491","PPS","عادل بنعدي","95051"
"الرباط -سلا -القنيطرة","سيدي قاسم","جرف الملحة","688","25489","PPS","جمال اقروش","109202"
"الرباط -سلا -القنيطرة","سيدي قاسم","جرف الملحة","688","25489","PPS","فدوى ابعيون","109383"
"الرباط -سلا -القنيطرة","سيدي قاسم","جرف الملحة","688","10769","PPS","سعيد عزوزي","95197"
"الرباط -سلا -القنيطرة","سيدي قاسم","جرف الملحة","688","25496","PPS","هشام اودينة","34610"
"الرباط -سلا -القنيطرة","سيدي قاسم","جرف الملحة","688","25492","PPS","عبد الله بوقدور","108422"
"الرباط -سلا -القنيطرة","سيدي قاسم","جرف الملحة","688","10762","PPS","احمد شرويط","34875"
"الرباط -سلا -القنيطرة","سيدي قاسم","جرف الملحة","688","10768","PPS","بدر الدين العمراوي","35188"
"الرباط -سلا -القنيطرة","سيدي قاسم","جرف الملحة","688","25493","PPS","فؤاد بلعولى","94230"
"الرباط -سلا -القنيطرة","سيدي قاسم","جرف الملحة","688","25493","PPS","ابتسام بنموسى","94267"
"الرباط -سلا -القنيطرة","سيدي قاسم","جرف الملحة","688","10772","PPS","خالد الصباغي","109856"
"الرباط -سلا -القنيطرة","سيدي قاسم","جرف الملحة","688","10761","PPS","عبدالوهاب بوخاري","35012"
"الرباط -سلا -القنيطرة","سيدي قاسم","جرف الملحة","688","25490","PPS","عبد الكريم العصيفري","34831"
"الرباط -سلا -القنيطرة","سيدي قاسم","جرف الملحة","688","10763","PPS","وائل العباسي","35367"
"الرباط -سلا -القنيطرة","سيدي قاسم","جرف الملحة","688","25488","PPS","محمد البروزي","111772"
"الرباط -سلا -القنيطرة","سيدي قاسم","جرف الملحة","688","25488","PPS","سكينة لحرش","112036"
"الرباط -سلا -القنيطرة","سيدي قاسم","جرف الملحة","688","10764","PPS","زهور بن الشيخ","113260"
"الرباط -سلا -القنيطرة","سيدي قاسم","جرف الملحة","688","10767","PPS","فؤاد بونوار","35270"
"الرباط -سلا -القنيطرة","سيدي قاسم","جرف الملحة","688","27326","UC","الهاشمي البعلوك","34502"
"الرباط -سلا -القنيطرة","سيدي قاسم","جرف الملحة","688","27327","UC","محمد الشباب","25879"
"الرباط -سلا -القنيطرة","سيدي قاسم","جرف الملحة","688","10766","UC","عبد الله لحيق","35439"
"الرباط -سلا -القنيطرة","سيدي قاسم","جرف الملحة","688","10760","UC","فريد حرفي","35374"
"الرباط -سلا -القنيطرة","سيدي قاسم","جرف الملحة","688","10765","UC","حسن البحتوري","35483"
"الرباط -سلا -القنيطرة","سيدي قاسم","جرف الملحة","688","25497","PJD","عبد المنعم البوعيادي","95303"
"الرباط -سلا -القنيطرة","سيدي قاسم","دار العسلوجي","458","7112","USFP","سلام الضيفي","91231"
"الرباط -سلا -القنيطرة","سيدي قاسم","دار العسلوجي","458","7112","USFP","حبيبة زوان","91295"
"الرباط -سلا -القنيطرة","سيدي قاسم","دار العسلوجي","458","7118","USFP","بنعيسى ازطية","95275"
"الرباط -سلا -القنيطرة","سيدي قاسم","دار العسلوجي","458","7111","USFP","عبد السلام اعميمي","91019"
"الرباط -سلا -القنيطرة","سيدي قاسم","دار العسلوجي","458","7111","USFP","الكبيرة بيشة","91110"
"الرباط -سلا -القنيطرة","سيدي قاسم","دار العسلوجي","458","7126","USFP","سعيد الهيداني","36062"
"الرباط -سلا -القنيطرة","سيدي قاسم","دار العسلوجي","458","7121","USFP","ادريس الكيسي ","47034"
"الرباط -سلا -القنيطرة","سيدي قاسم","دار العسلوجي","458","7117","USFP","ادريس الشباني","47231"
"الرباط -سلا -القنيطرة","سيدي قاسم","دار العسلوجي","458","7120","USFP","ادريس شومة","91636"
"الرباط -سلا -القنيطرة","سيدي قاسم","دار العسلوجي","458","25487","USFP","امحمد شهيد","94996"
"الرباط -سلا -القنيطرة","سيدي قاسم","دار العسلوجي","458","7108","USFP","بوقنادل رزاق","90216"
"الرباط -سلا -القنيطرة","سيدي قاسم","دار العسلوجي","458","7108","USFP","الدريسية عريان الراس","90320"
"الرباط -سلا -القنيطرة","سيدي قاسم","دار العسلوجي","458","7124","USFP","الحسين لعرج","32349"
"الرباط -سلا -القنيطرة","سيدي قاسم","دار العسلوجي","458","7115","UC","عبد السلام ازباط","32727"
"الرباط -سلا -القنيطرة","سيدي قاسم","دار العسلوجي","458","7114","UC","بوسلهام احبيش","5507"
"الرباط -سلا -القنيطرة","سيدي قاسم","دار العسلوجي","458","7104","UC","بنقاسم مساعيف","27313"
"الرباط -سلا -القنيطرة","سيدي قاسم","دار العسلوجي","458","25486","UC","ادريس المستاري","27127"
"الرباط -سلا -القنيطرة","سيدي قاسم","دار العسلوجي","458","7106","UC","عبد الله الغائب","32279"
"الرباط -سلا -القنيطرة","سيدي قاسم","دار العسلوجي","458","7113","UC","عبد القادر هيبو","32631"
"الرباط -سلا -القنيطرة","سيدي قاسم","دار العسلوجي","458","7125","UC","قاسم الحمداوي","36130"
"الرباط -سلا -القنيطرة","سيدي قاسم","دار العسلوجي","458","7122","UC","احمد الخميري","32313"
"الرباط -سلا -القنيطرة","سيدي قاسم","دار العسلوجي","458","7123","PEDD","ادريس اعبيدة","6892"
"الرباط -سلا -القنيطرة","سيدي قاسم","دار العسلوجي","458","7119","PEDD","رضوان قطاسي","91385"
"الرباط -سلا -القنيطرة","سيدي قاسم","دار العسلوجي","458","7119","PEDD","ليلى ازباط","91445"
"الرباط -سلا -القنيطرة","سيدي قاسم","دار العسلوجي","458","7105","PJD","عبد الله بنعلي","68865"
"الرباط -سلا -القنيطرة","سيدي قاسم","دار العسلوجي","458","7109","PJD","رشيد بردي","90562"
"الرباط -سلا -القنيطرة","سيدي قاسم","دار العسلوجي","458","7110","PJD","يونس بوودن","94708"
"الرباط -سلا -القنيطرة","سيدي قاسم","دار العسلوجي","458","7107","PAM","ميلود امريفك","94464"
"الرباط -سلا -القنيطرة","سيدي قاسم","دار العسلوجي","458","7116","PPS","عبد المنعم الواد","116698"
"الرباط -سلا -القنيطرة","سيدي قاسم","دارالكداري","456","7083","USFP","عبد العزيز لعلج","42200"
"الرباط -سلا -القنيطرة","سيدي قاسم","دارالكداري","456","7083","USFP","عائشة كورة","42234"
"الرباط -سلا -القنيطرة","سيدي قاسم","دارالكداري","456","7087","USFP","بنعيسى بباص","32398"
"الرباط -سلا -القنيطرة","سيدي قاسم","دارالكداري","456","7089","USFP","خليل لهلالية","18182"
"الرباط -سلا -القنيطرة","سيدي قاسم","دارالكداري","456","7092","USFP","التهامي سيكوك","18398"
"الرباط -سلا -القنيطرة","سيدي قاسم","دارالكداري","456","7091","USFP","حسن مزون","18355"
"الرباط -سلا -القنيطرة","سيدي قاسم","دارالكداري","456","7084","PJD","العربي اربينة","33960"
"الرباط -سلا -القنيطرة","سيدي قاسم","دارالكداري","456","7084","PJD","كلثوم كانون","33980"
"الرباط -سلا -القنيطرة","سيدي قاسم","دارالكداري","456","7090","PJD","الكبير القادري","33921"
"الرباط -سلا -القنيطرة","سيدي قاسم","دارالكداري","456","7090","PJD","سميرة ناجم","33933"
"الرباط -سلا -القنيطرة","سيدي قاسم","دارالكداري","456","7085","PJD","محمد السيبة","34003"
"الرباط -سلا -القنيطرة","سيدي قاسم","دارالكداري","456","7085","PJD","وفاء حكاش","34029"
"الرباط -سلا -القنيطرة","سيدي قاسم","دارالكداري","456","7086","PJD","فاطمة الذهبي","42971"
"الرباط -سلا -القنيطرة","سيدي قاسم","دارالكداري","456","7082","PJD","محمد العلجي","32388"
"الرباط -سلا -القنيطرة","سيدي قاسم","دارالكداري","456","7088","PJD","احمد الحبز","18145"
"الرباط -سلا -القنيطرة","سيدي قاسم","زكوطة","1513","23674","PAM","الهاشمي زيفر","44356"
"الرباط -سلا -القنيطرة","سيدي قاسم","زكوطة","1513","23674","PAM","فتيحة الخلوقي","44396"
"الرباط -سلا -القنيطرة","سيدي قاسم","زكوطة","1513","23665","PAM","عبد الفتاح بورزمة","61572"
"الرباط -سلا -القنيطرة","سيدي قاسم","زكوطة","1513","23673","PAM","عبد اللطيف الشبيهي","27243"
"الرباط -سلا -القنيطرة","سيدي قاسم","زكوطة","1513","23676","PAM","نور الدين المرزوقي","61703"
"الرباط -سلا -القنيطرة","سيدي قاسم","زكوطة","1513","23676","PAM","اسماء غاريب","61676"
"الرباط -سلا -القنيطرة","سيدي قاسم","زكوطة","1513","23668","PAM","عبد النبي كنون","32493"
"الرباط -سلا -القنيطرة","سيدي قاسم","زكوطة","1513","23672","PAM","عبد النبي سليكان","61457"
"الرباط -سلا -القنيطرة","سيدي قاسم","زكوطة","1513","23666","PAM","حميد بهيجة","27261"
"الرباط -سلا -القنيطرة","سيدي قاسم","زكوطة","1513","23677","PAM","امحمد لحمادي","101960"
"الرباط -سلا -القنيطرة","سيدي قاسم","زكوطة","1513","23670","PAM","عبد الواحد لسحم","44683"
"الرباط -سلا -القنيطرة","سيدي قاسم","زكوطة","1513","23675","PI","عبد العالي الحمن","61811"
"الرباط -سلا -القنيطرة","سيدي قاسم","زكوطة","1513","23675","PI","نورة شيكري","61788"
"الرباط -سلا -القنيطرة","سيدي قاسم","زكوطة","1513","23669","PI","اعلي العوباق","32530"
"الرباط -سلا -القنيطرة","سيدي قاسم","زكوطة","1513","23669","PI","عتيقة البرنوصي","32542"
"الرباط -سلا -القنيطرة","سيدي قاسم","زكوطة","1513","23667","PI","سمير مهيدية","61654"
"الرباط -سلا -القنيطرة","سيدي قاسم","زكوطة","1513","23671","PI","احمد الشهبة","11225"
"الرباط -سلا -القنيطرة","سيدي قاسم","زيرارة","1539","24094","PPS","ادريس كناه","44780"
"الرباط -سلا -القنيطرة","سيدي قاسم","زيرارة","1539","24094","PPS","حنان سلهامي","44840"
"الرباط -سلا -القنيطرة","سيدي قاسم","زيرارة","1539","24103","PPS","الطيب عزاوي","6572"
"الرباط -سلا -القنيطرة","سيدي قاسم","زيرارة","1539","24093","PPS","فؤاد زويهرة","25698"
"الرباط -سلا -القنيطرة","سيدي قاسم","زيرارة","1539","24093","PPS","نعيمة برحلي","25709"
"الرباط -سلا -القنيطرة","سيدي قاسم","زيرارة","1539","24102","PPS","محمد ناصيري","25696"
"الرباط -سلا -القنيطرة","سيدي قاسم","زيرارة","1539","24091","PPS","يوسف حميش","25659"
"الرباط -سلا -القنيطرة","سيدي قاسم","زيرارة","1539","24091","PPS","سميرة العسري","25673"
"الرباط -سلا -القنيطرة","سيدي قاسم","زيرارة","1539","24095","PPS","محمد بلحسن","9555"
"الرباط -سلا -القنيطرة","سيدي قاسم","زيرارة","1539","24095","PPS","مليكة مويح","9575"
"الرباط -سلا -القنيطرة","سيدي قاسم","زيرارة","1539","24092","PPS","الزاكي الطالب","6576"
"الرباط -سلا -القنيطرة","سيدي قاسم","زيرارة","1539","24101","PPS","رشيد كمال","15309"
"الرباط -سلا -القنيطرة","سيدي قاسم","زيرارة","1539","24099","PPS","رشيد اسعيدي","6593"
"الرباط -سلا -القنيطرة","سيدي قاسم","زيرارة","1539","24105","PPS","فارس الفريسي","3414"
"الرباط -سلا -القنيطرة","سيدي قاسم","زيرارة","1539","24098","PPS","يوسف عطاط","15655"
"الرباط -سلا -القنيطرة","سيدي قاسم","زيرارة","1539","25517","PPS","حسن السيفر","15930"
"الرباط -سلا -القنيطرة","سيدي قاسم","زيرارة","1539","25523","PPS","ابراهيم البودالي","15427"
"الرباط -سلا -القنيطرة","سيدي قاسم","زيرارة","1539","25522","PPS","الخليفي لعظم","33191"
"الرباط -سلا -القنيطرة","سيدي قاسم","زيرارة","1539","24100","PI","عبد الخالق الزكلامي","25640"
"الرباط -سلا -القنيطرة","سيدي قاسم","زيرارة","1539","25521","PI","ادريس الحراتي","9498"
"الرباط -سلا -القنيطرة","سيدي قاسم","زيرارة","1539","24096","PI","طارق الزبيري","65252"
"الرباط -سلا -القنيطرة","سيدي قاسم","زيرارة","1539","25516","PI","احمد الداودي","15886"
"الرباط -سلا -القنيطرة","سيدي قاسم","زيرارة","1539","25518","PI","عزيز الهاشمي","9912"
"الرباط -سلا -القنيطرة","سيدي قاسم","زيرارة","1539","24097","PI","عبدالحق البرحلي","99029"
"الرباط -سلا -القنيطرة","سيدي قاسم","زيرارة","1539","25519","PI","عزيز حومير","44987"
"الرباط -سلا -القنيطرة","سيدي قاسم","زيرارة","1539","24104","PAM","عبد الواحد الكيحل","15882"
"الرباط -سلا -القنيطرة","سيدي قاسم","زيرارة","1539","25520","PAM","عبد المجيد الموغري","34412"
"الرباط -سلا -القنيطرة","سيدي قاسم","سلفات","1134","17943","PAM","هشام بنهلال","27129"
"الرباط -سلا -القنيطرة","سيدي قاسم","سلفات","1134","17943","PAM","سعاد الخولي","27154"
"الرباط -سلا -القنيطرة","سيدي قاسم","سلفات","1134","17949","PAM","عزيز لبيض","27057"
"الرباط -سلا -القنيطرة","سيدي قاسم","سلفات","1134","17949","PAM","ابتسام الصوفي","27076"
"الرباط -سلا -القنيطرة","سيدي قاسم","سلفات","1134","17944","PAM","عبدالله قرواش","27090"
"الرباط -سلا -القنيطرة","سيدي قاسم","سلفات","1134","17944","PAM","سعيدة قرباشة","27109"
"الرباط -سلا -القنيطرة","سيدي قاسم","سلفات","1134","17950","PAM","رشيد الهلالي","44816"
"الرباط -سلا -القنيطرة","سيدي قاسم","سلفات","1134","17939","PAM","احمد الكامل","27174"
"الرباط -سلا -القنيطرة","سيدي قاسم","سلفات","1134","17947","PAM","عبد الخالق العطافي","32464"
"الرباط -سلا -القنيطرة","سيدي قاسم","سلفات","1134","17948","PAM","حميد كلواز","106190"
"الرباط -سلا -القنيطرة","سيدي قاسم","سلفات","1134","17945","PI","الحسين علالي","101156"
"الرباط -سلا -القنيطرة","سيدي قاسم","سلفات","1134","17938","PI","عبد الرحمان الوقيد","17866"
"الرباط -سلا -القنيطرة","سيدي قاسم","سلفات","1134","17946","PI","رشيد الحافظ","32451"
"الرباط -سلا -القنيطرة","سيدي قاسم","سلفات","1134","17940","PI","عبد الفتاح بوطة","44907"
"الرباط -سلا -القنيطرة","سيدي قاسم","سلفات","1134","17941","PI","عبد المولى  عاقل","60314"
"الرباط -سلا -القنيطرة","سيدي قاسم","سلفات","1134","17942","UC","السعيد الراوي","101832"
"الرباط -سلا -القنيطرة","سيدي قاسم","سلفات","1134","17942","UC","الضاوية لشهب","102049"
"الرباط -سلا -القنيطرة","سيدي قاسم","سيدي احمد بنعيسى","1160","18345","PPS","علال الجى محمد","11188"
"الرباط -سلا -القنيطرة","سيدي قاسم","سيدي احمد بنعيسى","1160","18348","PPS","محمد البكراوي","11249"
"الرباط -سلا -القنيطرة","سيدي قاسم","سيدي احمد بنعيسى","1160","18348","PPS","عزيزة الشرقاوي","11318"
"الرباط -سلا -القنيطرة","سيدي قاسم","سيدي احمد بنعيسى","1160","18344","PPS","بوسلهام بوحاجة","11117"
"الرباط -سلا -القنيطرة","سيدي قاسم","سيدي احمد بنعيسى","1160","18356","PPS","الحبيب اخليل","11445"
"الرباط -سلا -القنيطرة","سيدي قاسم","سيدي احمد بنعيسى","1160","18353","PPS","محمد الهلالي","11386"
"الرباط -سلا -القنيطرة","سيدي قاسم","سيدي احمد بنعيسى","1160","18353","PPS","نعيمة عابد","11415"
"الرباط -سلا -القنيطرة","سيدي قاسم","سيدي احمد بنعيسى","1160","18354","PPS","محمد الهداوي","11380"
"الرباط -سلا -القنيطرة","سيدي قاسم","سيدي احمد بنعيسى","1160","18355","PPS","عزوز الهيرور","11263"
"الرباط -سلا -القنيطرة","سيدي قاسم","سيدي احمد بنعيسى","1160","18350","PJD","عبدالقادر الشعيبي","34255"
"الرباط -سلا -القنيطرة","سيدي قاسم","سيدي احمد بنعيسى","1160","18350","PJD","بوشرى الدومي","34263"
"الرباط -سلا -القنيطرة","سيدي قاسم","سيدي احمد بنعيسى","1160","18346","PJD","علي العلالي","35357"
"الرباط -سلا -القنيطرة","سيدي قاسم","سيدي احمد بنعيسى","1160","18351","PJD","المجيد مامونات","34243"
"الرباط -سلا -القنيطرة","سيدي قاسم","سيدي احمد بنعيسى","1160","18347","UC","الحبيب ابنحمد","34310"
"الرباط -سلا -القنيطرة","سيدي قاسم","سيدي احمد بنعيسى","1160","18347","UC","رقية الخلوفي","34318"
"الرباط -سلا -القنيطرة","سيدي قاسم","سيدي احمد بنعيسى","1160","18349","UC","الحسن بنطاهر","34295"
"الرباط -سلا -القنيطرة","سيدي قاسم","سيدي احمد بنعيسى","1160","18352","UC","محمد زرود","34221"
"الرباط -سلا -القنيطرة","سيدي قاسم","سيدي اعمر الحاضي","1183","18671","PJD","علال بلى","76378"
"الرباط -سلا -القنيطرة","سيدي قاسم","سيدي اعمر الحاضي","1183","18671","PJD","بشرى كليز","76450"
"الرباط -سلا -القنيطرة","سيدي قاسم","سيدي اعمر الحاضي","1183","18674","PJD","عبد الاله اكريش","92717"
"الرباط -سلا -القنيطرة","سيدي قاسم","سيدي اعمر الحاضي","1183","18676","PJD","احمد بلعادل","43822"
"الرباط -سلا -القنيطرة","سيدي قاسم","سيدي اعمر الحاضي","1183","18676","PJD","فاطمة   ركام","43918"
"الرباط -سلا -القنيطرة","سيدي قاسم","سيدي اعمر الحاضي","1183","18675","PJD","فؤاد قصور","58359"
"الرباط -سلا -القنيطرة","سيدي قاسم","سيدي اعمر الحاضي","1183","18673","PJD","عبد العزيز السعيدي","34195"
"الرباط -سلا -القنيطرة","سيدي قاسم","سيدي اعمر الحاضي","1183","18679","PJD","بوشتى العنصلي","44244"
"الرباط -سلا -القنيطرة","سيدي قاسم","سيدي اعمر الحاضي","1183","18677","PPS","عبد السلام المعيتيق","92577"
"الرباط -سلا -القنيطرة","سيدي قاسم","سيدي اعمر الحاضي","1183","18677","PPS","ازهور المعيتيق","134128"
"الرباط -سلا -القنيطرة","سيدي قاسم","سيدي اعمر الحاضي","1183","18681","PPS","محمد ايوب","34417"
"الرباط -سلا -القنيطرة","سيدي قاسم","سيدي اعمر الحاضي","1183","18681","PPS","سعاد ايوب","34451"
"الرباط -سلا -القنيطرة","سيدي قاسم","سيدي اعمر الحاضي","1183","18682","PPS","عبد الله ابو العينين","34490"
"الرباط -سلا -القنيطرة","سيدي قاسم","سيدي اعمر الحاضي","1183","18678","PPS","التهامي بنخيرة","34236"
"الرباط -سلا -القنيطرة","سيدي قاسم","سيدي اعمر الحاضي","1183","18683","PPS","محمد زيزون","34540"
"الرباط -سلا -القنيطرة","سيدي قاسم","سيدي اعمر الحاضي","1183","18680","PPS","الحاضي بنجمل","41581"
"الرباط -سلا -القنيطرة","سيدي قاسم","سيدي اعمر الحاضي","1183","18672","PPS","احمد الدحموني","34186"
"الرباط -سلا -القنيطرة","سيدي قاسم","سيدي الكامل","1172","18516","PJD","عبد اللطيف لحرش","42709"
"الرباط -سلا -القنيطرة","سيدي قاسم","سيدي الكامل","1172","18516","PJD","وجدان لعبيد","42733"
"الرباط -سلا -القنيطرة","سيدي قاسم","سيدي الكامل","1172","18526","PJD","التهامي الفلاحي","15715"
"الرباط -سلا -القنيطرة","سيدي قاسم","سيدي الكامل","1172","18526","PJD"," رجاء  كريكر","15743"
"الرباط -سلا -القنيطرة","سيدي قاسم","سيدي الكامل","1172","18525","PJD"," عيسى  المصباحي","15652"
"الرباط -سلا -القنيطرة","سيدي قاسم","سيدي الكامل","1172","18513","PJD","عبد الكامل لكحل","21215"
"الرباط -سلا -القنيطرة","سيدي قاسم","سيدي الكامل","1172","18527","PJD","سعيد كريكر","15632"
"الرباط -سلا -القنيطرة","سيدي قاسم","سيدي الكامل","1172","18534","PJD","عبد الرحمان الشتيوي","15993"
"الرباط -سلا -القنيطرة","سيدي قاسم","سيدي الكامل","1172","18521","PJD","المصطفى دقايش","16249"
"الرباط -سلا -القنيطرة","سيدي قاسم","سيدي الكامل","1172","18531","RNI","المصطفى بوعلالي","9660"
"الرباط -سلا -القنيطرة","سيدي قاسم","سيدي الكامل","1172","18520","RNI","امحمد الحراتي","9662"
"الرباط -سلا -القنيطرة","سيدي قاسم","سيدي الكامل","1172","18533","RNI","لحبيب العبد","9669"
"الرباط -سلا -القنيطرة","سيدي قاسم","سيدي الكامل","1172","25510","RNI","احمد نونح","16093"
"الرباط -سلا -القنيطرة","سيدي قاسم","سيدي الكامل","1172","18515","USFP","محمد عريبة","21283"
"الرباط -سلا -القنيطرة","سيدي قاسم","سيدي الكامل","1172","18519","USFP","عبد السلام اقميش","21335"
"الرباط -سلا -القنيطرة","سيدي قاسم","سيدي الكامل","1172","18528","USFP","محمد العسلاني","120365"
"الرباط -سلا -القنيطرة","سيدي قاسم","سيدي الكامل","1172","18528","USFP","سليمة برامي","120513"
"الرباط -سلا -القنيطرة","سيدي قاسم","سيدي الكامل","1172","18532","USFP","عبد الله عكرود","43606"
"الرباط -سلا -القنيطرة","سيدي قاسم","سيدي الكامل","1172","18514","USFP","ادريس القادري","26976"
"الرباط -سلا -القنيطرة","سيدي قاسم","سيدي الكامل","1172","18517","PEDD","الحاج اجغيدر","15670"
"الرباط -سلا -القنيطرة","سيدي قاسم","سيدي الكامل","1172","18512","PEDD","عبدالله كالة","26944"
"الرباط -سلا -القنيطرة","سيدي قاسم","سيدي الكامل","1172","18522","PEDD","محمد لحمر","42782"
"الرباط -سلا -القنيطرة","سيدي قاسم","سيدي الكامل","1172","18522","PEDD","راضية كرين","42840"
"الرباط -سلا -القنيطرة","سيدي قاسم","سيدي الكامل","1172","18524","PEDD","مراد اشلبيط","32402"
"الرباط -سلا -القنيطرة","سيدي قاسم","سيدي الكامل","1172","18523","PEDD","محمد دعبوز","5581"
"الرباط -سلا -القنيطرة","سيدي قاسم","سيدي الكامل","1172","18518","PEDD","يونس كودت","26994"
"الرباط -سلا -القنيطرة","سيدي قاسم","سيدي الكامل","1172","18530","PEDD","الميلودي الكيواني","21241"
"الرباط -سلا -القنيطرة","سيدي قاسم","سيدي الكامل","1172","25511","PEDD","التهامي المسعودي","21269"
"الرباط -سلا -القنيطرة","سيدي قاسم","سيدي الكامل","1172","18529","PAM","نور الدين المومن","43572"
"الرباط -سلا -القنيطرة","سيدي قاسم","سيدي امحمد الشلح","1250","19732","MP","عبد السلام معروف","67313"
"الرباط -سلا -القنيطرة","سيدي قاسم","سيدي امحمد الشلح","1250","19732","MP","زازية البويحياوي الادريسي","67356"
"الرباط -سلا -القنيطرة","سيدي قاسم","سيدي امحمد الشلح","1250","19725","MP","منعم كرافسي","9720"
"الرباط -سلا -القنيطرة","سيدي قاسم","سيدي امحمد الشلح","1250","27324","MP","عبد السلام الصطيلي","28745"
"الرباط -سلا -القنيطرة","سيدي قاسم","سيدي امحمد الشلح","1250","19734","MP","نور الدين العيطور","28767"
"الرباط -سلا -القنيطرة","سيدي قاسم","سيدي امحمد الشلح","1250","27325","MP","عزيز البوق","29339"
"الرباط -سلا -القنيطرة","سيدي قاسم","سيدي امحمد الشلح","1250","19734","MP","فاطمة  القطاري","28786"
"الرباط -سلا -القنيطرة","سيدي قاسم","سيدي امحمد الشلح","1250","19727","MP","رشيد اسحيسح","9702"
"الرباط -سلا -القنيطرة","سيدي قاسم","سيدي امحمد الشلح","1250","19731","PI","عبد الله الركيلي","119916"
"الرباط -سلا -القنيطرة","سيدي قاسم","سيدي امحمد الشلح","1250","19731","PI","مليكة احمامة","119983"
"الرباط -سلا -القنيطرة","سيدي قاسم","سيدي امحمد الشلح","1250","19729","PI","يوسف بندام","88991"
"الرباط -سلا -القنيطرة","سيدي قاسم","سيدي امحمد الشلح","1250","19729","PI","كريمة البحراوي","89061"
"الرباط -سلا -القنيطرة","سيدي قاسم","سيدي امحمد الشلح","1250","19730","PI","عبد الموجيب شفيق","64766"
"الرباط -سلا -القنيطرة","سيدي قاسم","سيدي امحمد الشلح","1250","19733","PI","حفيظ الشبابي","64809"
"الرباط -سلا -القنيطرة","سيدي قاسم","سيدي امحمد الشلح","1250","19728","PI","الحسان الراية ","64715"
"الرباط -سلا -القنيطرة","سيدي قاسم","سيدي امحمد الشلح","1250","19726","PI","هشام غراف","88735"
"الرباط -سلا -القنيطرة","سيدي قاسم","سيدي امحمد الشلح","1250","19724","PI","احمد بوشيخي","64411"
"الرباط -سلا -القنيطرة","سيدي قاسم","سيدي عزوز","1184","18690","PPS","عبد اللطيف اقويدر","39289"
"الرباط -سلا -القنيطرة","سيدي قاسم","سيدي عزوز","1184","18690","PPS","سكينة العزري","39383"
"الرباط -سلا -القنيطرة","سيدي قاسم","سيدي عزوز","1184","18684","PPS","عصام اليديني","39714"
"الرباط -سلا -القنيطرة","سيدي قاسم","سيدي عزوز","1184","18684","PPS","فطيمة لبراري","39770"
"الرباط -سلا -القنيطرة","سيدي قاسم","سيدي عزوز","1184","18691","PPS","قاسم بونوار","93881"
"الرباط -سلا -القنيطرة","سيدي قاسم","سيدي عزوز","1184","18695","PPS","عبد الاله رمان","39801"
"الرباط -سلا -القنيطرة","سيدي قاسم","سيدي عزوز","1184","18695","PPS","حيات مشاط","39834"
"الرباط -سلا -القنيطرة","سيدي قاسم","سيدي عزوز","1184","18696","PPS","الحسين بعليط","79304"
"الرباط -سلا -القنيطرة","سيدي قاسم","سيدي عزوز","1184","18698","PPS","احمد زعبول","39972"
"الرباط -سلا -القنيطرة","سيدي قاسم","سيدي عزوز","1184","18686","PPS","بوشتى القطبي","40009"
"الرباط -سلا -القنيطرة","سيدي قاسم","سيدي عزوز","1184","18693","PPS","عبد اللطيف شهيد","39431"
"الرباط -سلا -القنيطرة","سيدي قاسم","سيدي عزوز","1184","18692","PPS","محمد حلومة","39484"
"الرباط -سلا -القنيطرة","سيدي قاسم","سيدي عزوز","1184","18688","PPS","حميد العمراني","40083"
"الرباط -سلا -القنيطرة","سيدي قاسم","سيدي عزوز","1184","18689","PPS","عبد الله صبري","39150"
"الرباط -سلا -القنيطرة","سيدي قاسم","سيدي عزوز","1184","18685","UC","جمال  الكراح","39456"
"الرباط -سلا -القنيطرة","سيدي قاسم","سيدي عزوز","1184","18694","PJD","ميلود المنتصر","66243"
"الرباط -سلا -القنيطرة","سيدي قاسم","سيدي عزوز","1184","18694","PJD","نجية انوار","66289"
"الرباط -سلا -القنيطرة","سيدي قاسم","سيدي عزوز","1184","18697","PJD","ادريس بنصر","39912"
"الرباط -سلا -القنيطرة","سيدي قاسم","سيدي عزوز","1184","18687","PJD","احمد بوية","67511"
"الرباط -سلا -القنيطرة","سيدي قاسم","سيدي قاسم","1241","25086","PI","محمد الحافظ","109262"
"الرباط -سلا -القنيطرة","سيدي قاسم","سيدي قاسم","1241","25086","PI","مونية هراوي","112444"
"الرباط -سلا -القنيطرة","سيدي قاسم","سيدي قاسم","1241","25086","PI","محمد البويحياوي","109349"
"الرباط -سلا -القنيطرة","سيدي قاسم","سيدي قاسم","1241","25086","PI","للامكة الزهاني","112487"
"الرباط -سلا -القنيطرة","سيدي قاسم","سيدي قاسم","1241","25086","PI","عبد الخالق مزان","109419"
"الرباط -سلا -القنيطرة","سيدي قاسم","سيدي قاسم","1241","25086","PI","حميد شوقي","109544"
"الرباط -سلا -القنيطرة","سيدي قاسم","سيدي قاسم","1241","25086","PI","عبد اللطيف الحياني","109599"
"الرباط -سلا -القنيطرة","سيدي قاسم","سيدي قاسم","1241","25086","PI","محمد بلفيلالي","109742"
"الرباط -سلا -القنيطرة","سيدي قاسم","سيدي قاسم","1241","25086","PI","بنعيسى نكوطي","109821"
"الرباط -سلا -القنيطرة","سيدي قاسم","سيدي قاسم","1241","25086","PI","احمد العبدالي","109896"
"الرباط -سلا -القنيطرة","سيدي قاسم","سيدي قاسم","1241","25086","PI","عبد الحنين باب الناس","109971"
"الرباط -سلا -القنيطرة","سيدي قاسم","سيدي قاسم","1241","25086","PI","ادريس لخفي","110067"
"الرباط -سلا -القنيطرة","سيدي قاسم","سيدي قاسم","1241","25086","PI","شكيب الهاشمي","110299"
"الرباط -سلا -القنيطرة","سيدي قاسم","سيدي قاسم","1241","25086","PI","خليل علام","110389"
"الرباط -سلا -القنيطرة","سيدي قاسم","سيدي قاسم","1241","25086","PAM","بنعيسى ابن زروال","110997"
"الرباط -سلا -القنيطرة","سيدي قاسم","سيدي قاسم","1241","25086","PAM","اخناتة حجيب","115799"
"الرباط -سلا -القنيطرة","سيدي قاسم","سيدي قاسم","1241","25086","PAM","عزيز مزراوي","111169"
"الرباط -سلا -القنيطرة","سيدي قاسم","سيدي قاسم","1241","25086","PAM","فاطمة عزيزي","116188"
"الرباط -سلا -القنيطرة","سيدي قاسم","سيدي قاسم","1241","25086","PAM","محمد حواش","111253"
"الرباط -سلا -القنيطرة","سيدي قاسم","سيدي قاسم","1241","25086","PAM","احمد حجاج","111378"
"الرباط -سلا -القنيطرة","سيدي قاسم","سيدي قاسم","1241","25086","PAM","علي العشعوش ","111634"
"الرباط -سلا -القنيطرة","سيدي قاسم","سيدي قاسم","1241","25086","PAM","عالي غوتي","111747"
"الرباط -سلا -القنيطرة","سيدي قاسم","سيدي قاسم","1241","25086","PAM","محمد لمغاري","111953"
"الرباط -سلا -القنيطرة","سيدي قاسم","سيدي قاسم","1241","25086","PAM","عز الدين العباق","112032"
"الرباط -سلا -القنيطرة","سيدي قاسم","سيدي قاسم","1241","25086","PAM","المصطفى زواق","112107"
"الرباط -سلا -القنيطرة","سيدي قاسم","سيدي قاسم","1241","25086","PJD","قاسم العبيد","43813"
"الرباط -سلا -القنيطرة","سيدي قاسم","سيدي قاسم","1241","25086","PJD","بوشرى صحراوي","45210"
"الرباط -سلا -القنيطرة","سيدي قاسم","سيدي قاسم","1241","25086","PJD","عبد الاله دحمان","43927"
"الرباط -سلا -القنيطرة","سيدي قاسم","سيدي قاسم","1241","25086","PJD","عادل بنحيمود","44163"
"الرباط -سلا -القنيطرة","سيدي قاسم","سيدي قاسم","1241","25086","PJD","حسن اهدون","44197"
"الرباط -سلا -القنيطرة","سيدي قاسم","سيدي قاسم","1241","25086","PPS","قاسم بالفلاح","106532"
"الرباط -سلا -القنيطرة","سيدي قاسم","سيدي قاسم","1241","25086","PPS","حياة الدوماني","108089"
"الرباط -سلا -القنيطرة","سيدي قاسم","سيدي قاسم","1241","25086","PPS","العرب الكرطيط","106594"
"الرباط -سلا -القنيطرة","سيدي قاسم","سيدي قاسم","1241","25086","CNI","الحسن ابن فراجي","56939"
"الرباط -سلا -القنيطرة","سيدي قاسم","سيدي قاسم","1241","25086","CNI","جواد لكريم","57052"
"الرباط -سلا -القنيطرة","سيدي قاسم","صفصاف","1133","17921","PI","قاسم السهلي","5471"
"الرباط -سلا -القنيطرة","سيدي قاسم","صفصاف","1133","17921","PI","الشايطة حرضان","5490"
"الرباط -سلا -القنيطرة","سيدي قاسم","صفصاف","1133","17929","PI","محمد النيصة","2876"
"الرباط -سلا -القنيطرة","سيدي قاسم","صفصاف","1133","17923","PI","قاسم شافع","5478"
"الرباط -سلا -القنيطرة","سيدي قاسم","صفصاف","1133","17923","PI","فاطمة اقريطل","5512"
"الرباط -سلا -القنيطرة","سيدي قاسم","صفصاف","1133","17936","PI","عبد السلام شمش","3090"
"الرباط -سلا -القنيطرة","سيدي قاسم","صفصاف","1133","17932","PI","حميد بوسرحان","2955"
"الرباط -سلا -القنيطرة","سيدي قاسم","صفصاف","1133","17935","PI","الهادي العساوي","2978"
"الرباط -سلا -القنيطرة","سيدي قاسم","صفصاف","1133","17934","PI","المصطفى عريبو","5461"
"الرباط -سلا -القنيطرة","سيدي قاسم","صفصاف","1133","27328","PI","ميلود بوعلام","15282"
"الرباط -سلا -القنيطرة","سيدي قاسم","صفصاف","1133","17934","PI","مينة ساحب","5483"
"الرباط -سلا -القنيطرة","سيدي قاسم","صفصاف","1133","17926","PI","التهامي قيشاش","2882"
"الرباط -سلا -القنيطرة","سيدي قاسم","صفصاف","1133","17920","PI","حميد الترباخ","2852"
"الرباط -سلا -القنيطرة","سيدي قاسم","صفصاف","1133","27329","PI","عبد السلام العماري","15310"
"الرباط -سلا -القنيطرة","سيدي قاسم","صفصاف","1133","17933","PI","الهواري ميجو","2992"
"الرباط -سلا -القنيطرة","سيدي قاسم","صفصاف","1133","17930","PI","بوجمعة ادغار","2905"
"الرباط -سلا -القنيطرة","سيدي قاسم","صفصاف","1133","17916","PI","عبد الحفيظ الشهيبي","2817"
"الرباط -سلا -القنيطرة","سيدي قاسم","صفصاف","1133","17928","PEDD","خليد هرماتي","34352"
"الرباط -سلا -القنيطرة","سيدي قاسم","صفصاف","1133","17918","PEDD","الحارتي العلجي","23235"
"الرباط -سلا -القنيطرة","سيدي قاسم","صفصاف","1133","17927","PEDD","الناجي بلاق","32361"
"الرباط -سلا -القنيطرة","سيدي قاسم","صفصاف","1133","17931","PEDD","اعمر الرد","47507"
"الرباط -سلا -القنيطرة","سيدي قاسم","صفصاف","1133","17931","PEDD","خديجة بن الحمينية","47562"
"الرباط -سلا -القنيطرة","سيدي قاسم","صفصاف","1133","17924","PEDD","محمد اشويطة","6140"
"الرباط -سلا -القنيطرة","سيدي قاسم","صفصاف","1133","17937","PEDD","عبد الله العباسي","3329"
"الرباط -سلا -القنيطرة","سيدي قاسم","صفصاف","1133","17922","PEDD","ميلود عدوي","23266"
"الرباط -سلا -القنيطرة","سيدي قاسم","صفصاف","1133","17915","PEDD","حسن تابت","70387"
"الرباط -سلا -القنيطرة","سيدي قاسم","صفصاف","1133","17917","USFP","موسى النح","15201"
"الرباط -سلا -القنيطرة","سيدي قاسم","صفصاف","1133","17919","USFP","علال السويكت","23252"
"الرباط -سلا -القنيطرة","سيدي قاسم","صفصاف","1133","17925","P Al Ahd Addimocrati","ياسين العمرية","47441"
"الرباط -سلا -القنيطرة","سيدي قاسم","عين الدفالي","66","994","UC","المهدي  السعدي","107795"
"الرباط -سلا -القنيطرة","سيدي قاسم","عين الدفالي","66","994","UC","وفاء نجيب","107906"
"الرباط -سلا -القنيطرة","سيدي قاسم","عين الدفالي","66","1014","UC","احمد الرحماني","93163"
"الرباط -سلا -القنيطرة","سيدي قاسم","عين الدفالي","66","997","UC","محمد الفكرون","7042"
"الرباط -سلا -القنيطرة","سيدي قاسم","عين الدفالي","66","996","UC","احمد بن جلول","7023"
"الرباط -سلا -القنيطرة","سيدي قاسم","عين الدفالي","66","995","UC","محمد سلال","7000"
"الرباط -سلا -القنيطرة","سيدي قاسم","عين الدفالي","66","993","UC","محمد سكيل","7026"
"الرباط -سلا -القنيطرة","سيدي قاسم","عين الدفالي","66","993","UC","نجمة بنحسنة","7045"
"الرباط -سلا -القنيطرة","سيدي قاسم","عين الدفالي","66","998","UC","خليد سفياني","7062"
"الرباط -سلا -القنيطرة","سيدي قاسم","عين الدفالي","66","1013","UC","التهامي حميشو","8635"
"الرباط -سلا -القنيطرة","سيدي قاسم","عين الدفالي","66","999","UC","حسان بنحمو","51850"
"الرباط -سلا -القنيطرة","سيدي قاسم","عين الدفالي","66","1002","UC","احمد ليلي","8588"
"الرباط -سلا -القنيطرة","سيدي قاسم","عين الدفالي","66","1000","UC","بوعز حجي","7091"
"الرباط -سلا -القنيطرة","سيدي قاسم","عين الدفالي","66","1008","UC","بوشتى بوجعفر","51523"
"الرباط -سلا -القنيطرة","سيدي قاسم","عين الدفالي","66","1004","UC","المصطفى الحربة","8654"
"الرباط -سلا -القنيطرة","سيدي قاسم","عين الدفالي","66","1007","UC","دكير حاجي","24640"
"الرباط -سلا -القنيطرة","سيدي قاسم","عين الدفالي","66","1006","UC","يوسف حاجي","123564"
"الرباط -سلا -القنيطرة","سيدي قاسم","عين الدفالي","66","992","PJD","عبد الله بنعبد السلام","92356"
"الرباط -سلا -القنيطرة","سيدي قاسم","عين الدفالي","66","992","PJD","نادية دني","92394"
"الرباط -سلا -القنيطرة","سيدي قاسم","عين الدفالي","66","1005","PJD","الشريف الكرعة","103467"
"الرباط -سلا -القنيطرة","سيدي قاسم","عين الدفالي","66","1009","PJD","الشريف الروسي","103072"
"الرباط -سلا -القنيطرة","سيدي قاسم","عين الدفالي","66","1010","PPS","موعاد المياز","24599"
"الرباط -سلا -القنيطرة","سيدي قاسم","عين الدفالي","66","1001","PPS","قدور الشاوي","8575"
"الرباط -سلا -القنيطرة","سيدي قاسم","عين الدفالي","66","1003","PI","عبد المنعم حلى","107121"
"الرباط -سلا -القنيطرة","سيدي قاسم","عين الدفالي","66","1003","PI","السعدية حلى","107171"
"الرباط -سلا -القنيطرة","سيدي قاسم","عين الدفالي","66","1012","PI","عبد الغفور اليزيدي","93016"
"الرباط -سلا -القنيطرة","سيدي قاسم","عين الدفالي","66","1011","PI","فؤاد معروف","51322"
"الرباط -سلا -القنيطرة","سيدي قاسم","لمرابيح","783","12339","UC","نجيب عبد المولى","34787"
"الرباط -سلا -القنيطرة","سيدي قاسم","لمرابيح","783","12339","UC","فاطمة بوجلام","34753"
"الرباط -سلا -القنيطرة","سيدي قاسم","لمرابيح","783","12325","UC","عزوز الهيضوري","11863"
"الرباط -سلا -القنيطرة","سيدي قاسم","لمرابيح","783","12342","UC","فؤاد الدرعاوي","46489"
"الرباط -سلا -القنيطرة","سيدي قاسم","لمرابيح","783","12329","UC","عبد المولى عبد المولى","34519"
"الرباط -سلا -القنيطرة","سيدي قاسم","لمرابيح","783","12329","UC","حنان عبدالمولى","34537"
"الرباط -سلا -القنيطرة","سيدي قاسم","لمرابيح","783","12334","UC","الخمار القرشي","10753"
"الرباط -سلا -القنيطرة","سيدي قاسم","لمرابيح","783","12341","UC","امحمد النايم","5479"
"الرباط -سلا -القنيطرة","سيدي قاسم","لمرابيح","783","12324","UC","الشريف الوراشي","11971"
"الرباط -سلا -القنيطرة","سيدي قاسم","لمرابيح","783","12326","UC","عبد الكريم الحاكمي","11992"
"الرباط -سلا -القنيطرة","سيدي قاسم","لمرابيح","783","12333","UC","عبد الرحمان شنقاب","34453"
"الرباط -سلا -القنيطرة","سيدي قاسم","لمرابيح","783","12338","UC","عبد العالي محيب","11595"
"الرباط -سلا -القنيطرة","سيدي قاسم","لمرابيح","783","12327","UC","عبد العالي العمراني","11549"
"الرباط -سلا -القنيطرة","سيدي قاسم","لمرابيح","783","12343","UC"," عبدالحق والي علمي","10700"
"الرباط -سلا -القنيطرة","سيدي قاسم","لمرابيح","783","12337","PAM","احمد المتوكل","46644"
"الرباط -سلا -القنيطرة","سيدي قاسم","لمرابيح","783","12337","PAM","حياة عزوزي","46591"
"الرباط -سلا -القنيطرة","سيدي قاسم","لمرابيح","783","12332","PAM","الشريف فريتح","12774"
"الرباط -سلا -القنيطرة","سيدي قاسم","لمرابيح","783","12332","PAM","كوكب عداد","12792"
"الرباط -سلا -القنيطرة","سيدي قاسم","لمرابيح","783","12335","PAM","عبد الله  الذهاب","11846"
"الرباط -سلا -القنيطرة","سيدي قاسم","لمرابيح","783","12322","PAM","اليزيد العقيلي","25439"
"الرباط -سلا -القنيطرة","سيدي قاسم","لمرابيح","783","12323","PAM","محمد شقار","10773"
"الرباط -سلا -القنيطرة","سيدي قاسم","لمرابيح","783","12336","PAM","عبد الرحيم نعاش","66858"
"الرباط -سلا -القنيطرة","سيدي قاسم","لمرابيح","783","12331","PAM","عبد الكريم السبديوي","11781"
"الرباط -سلا -القنيطرة","سيدي قاسم","لمرابيح","783","12328","PAM","ادريس الحويطي","25488"
"الرباط -سلا -القنيطرة","سيدي قاسم","لمرابيح","783","12340","PPS","رشيد معروفي","25538"
"الرباط -سلا -القنيطرة","سيدي قاسم","لمرابيح","783","12321","USFP","الحسن ابن الخمار","46882"
"الرباط -سلا -القنيطرة","سيدي قاسم","لمرابيح","783","12330","FFD","علال الوانزي","118442"
"الرباط -سلا -القنيطرة","سيدي قاسم","مشرع بلقصيري","857","13543","PPS","حسن بيطة","33419"
"الرباط -سلا -القنيطرة","سيدي قاسم","مشرع بلقصيري","857","13543","PPS","هند بنزهيرو","33447"
"الرباط -سلا -القنيطرة","سيدي قاسم","مشرع بلقصيري","857","13551","PPS","لحسن الزبيرالكزار","9732"
"الرباط -سلا -القنيطرة","سيدي قاسم","مشرع بلقصيري","857","13549","PPS","الدريويش العيناقي","10885"
"الرباط -سلا -القنيطرة","سيدي قاسم","مشرع بلقصيري","857","13542","PPS","بنعيسى بنشراك","18881"
"الرباط -سلا -القنيطرة","سيدي قاسم","مشرع بلقصيري","857","13542","PPS","فاطمة بلا","18935"
"الرباط -سلا -القنيطرة","سيدي قاسم","مشرع بلقصيري","857","13556","PPS","حميد بوعينين","11002"
"الرباط -سلا -القنيطرة","سيدي قاسم","مشرع بلقصيري","857","13559","PPS","مجيد بوراس","33291"
"الرباط -سلا -القنيطرة","سيدي قاسم","مشرع بلقصيري","857","13559","PPS","فوزية الحنوني","33358"
"الرباط -سلا -القنيطرة","سيدي قاسم","مشرع بلقصيري","857","13546","PPS","محمد كسوس","122703"
"الرباط -سلا -القنيطرة","سيدي قاسم","مشرع بلقصيري","857","13557","PPS","جلال كريمو","18769"
"الرباط -سلا -القنيطرة","سيدي قاسم","مشرع بلقصيري","857","13555","PPS","محمد الزياري","10954"
"الرباط -سلا -القنيطرة","سيدي قاسم","مشرع بلقصيري","857","25499","PPS","عبد الرحمان الحنافي","124295"
"الرباط -سلا -القنيطرة","سيدي قاسم","مشرع بلقصيري","857","13550","P Al Ahd Addimocrati","احمد الخولخ","33663"
"الرباط -سلا -القنيطرة","سيدي قاسم","مشرع بلقصيري","857","13550","P Al Ahd Addimocrati","سميرة شهبون","33685"
"الرباط -سلا -القنيطرة","سيدي قاسم","مشرع بلقصيري","857","13547","P Al Ahd Addimocrati","حميد بومزيودات","99152"
"الرباط -سلا -القنيطرة","سيدي قاسم","مشرع بلقصيري","857","13541","P Al Ahd Addimocrati","عبد السلام مهير","79733"
"الرباط -سلا -القنيطرة","سيدي قاسم","مشرع بلقصيري","857","25498","P Al Ahd Addimocrati","عبد اللطيف نهرو","39865"
"الرباط -سلا -القنيطرة","سيدي قاسم","مشرع بلقصيري","857","13538","P Al Ahd Addimocrati","محمد لعسل","108158"
"الرباط -سلا -القنيطرة","سيدي قاسم","مشرع بلقصيري","857","13544","P Al Ahd Addimocrati","الرياحي السلك","51380"
"الرباط -سلا -القنيطرة","سيدي قاسم","مشرع بلقصيري","857","13558","P Al Ahd Addimocrati","عبد الرحيم نظير","18803"
"الرباط -سلا -القنيطرة","سيدي قاسم","مشرع بلقصيري","857","13552","P Al Ahd Addimocrati","ادريس روداح","33583"
"الرباط -سلا -القنيطرة","سيدي قاسم","مشرع بلقصيري","857","13539","P Al Ahd Addimocrati","المصطفى لفغاني","33600"
"الرباط -سلا -القنيطرة","سيدي قاسم","مشرع بلقصيري","857","13545","RNI","محمد ابن الصغير","49792"
"الرباط -سلا -القنيطرة","سيدي قاسم","مشرع بلقصيري","857","13554","PJD","مليكة لباخ","18710"
"الرباط -سلا -القنيطرة","سيدي قاسم","مشرع بلقصيري","857","13553","PJD","سلام البدوي","18677"
"الرباط -سلا -القنيطرة","سيدي قاسم","مشرع بلقصيري","857","13540","PEDD","سليمان جو","9675"
"الرباط -سلا -القنيطرة","سيدي قاسم","مشرع بلقصيري","857","13548","USFP","محمد بدوي","33207"
"الرباط -سلا -القنيطرة","سيدي قاسم","مشرع بلقصيري","857","13537","MP","عبد الله بودمام","18637"
"الرباط -سلا -القنيطرة","سيدي قاسم","مولاي عبد القادر","898","14212","PJD","فهد اجليدي","88373"
"الرباط -سلا -القنيطرة","سيدي قاسم","مولاي عبد القادر","898","14205","PJD","قاسم الخو","66734"
"الرباط -سلا -القنيطرة","سيدي قاسم","مولاي عبد القادر","898","14205","PJD","فدوى مفتاح","66832"
"الرباط -سلا -القنيطرة","سيدي قاسم","مولاي عبد القادر","898","14204","PJD","محمد بندريس","97703"
"الرباط -سلا -القنيطرة","سيدي قاسم","مولاي عبد القادر","898","14204","PJD","الزهرة الشعبي","97614"
"الرباط -سلا -القنيطرة","سيدي قاسم","مولاي عبد القادر","898","14207","PJD","التهامي بنعروب","86797"
"الرباط -سلا -القنيطرة","سيدي قاسم","مولاي عبد القادر","898","14207","PJD","مليكة الخيار","86950"
"الرباط -سلا -القنيطرة","سيدي قاسم","مولاي عبد القادر","898","14206","PJD","عبد الحق قسوم","68229"
"الرباط -سلا -القنيطرة","سيدي قاسم","مولاي عبد القادر","898","14206","PJD","رجاء البوط","68386"
"الرباط -سلا -القنيطرة","سيدي قاسم","مولاي عبد القادر","898","14210","PJD","ادريس المكاوي","69298"
"الرباط -سلا -القنيطرة","سيدي قاسم","مولاي عبد القادر","898","14202","PJD","بنعاشر الشرقي","69479"
"الرباط -سلا -القنيطرة","سيدي قاسم","مولاي عبد القادر","898","14203","PJD","محمد البدوي  ","68767"
"الرباط -سلا -القنيطرة","سيدي قاسم","مولاي عبد القادر","898","14209","PJD","لحسن معروفي","69576"
"الرباط -سلا -القنيطرة","سيدي قاسم","مولاي عبد القادر","898","14201","PJD","بوجمعة بنزيات","69344"
"الرباط -سلا -القنيطرة","سيدي قاسم","مولاي عبد القادر","898","14200","PAM","حسان الغزوي","88203"
"الرباط -سلا -القنيطرة","سيدي قاسم","مولاي عبد القادر","898","14211","PAM","عبد الحفيظ العلوي","98234"
"الرباط -سلا -القنيطرة","سيدي قاسم","مولاي عبد القادر","898","14208","UC","محمد الغليش","98123"