region,province,commune,id_commune,circ,parti,candidat,id_candidat
"فاس- مكناس","الحاجب","إقدار","659","10351","PPS","عبدالعزيز حجري","2788"
"فاس- مكناس","الحاجب","إقدار","659","10351","PPS","نادية اكرام","2801"
"فاس- مكناس","الحاجب","إقدار","659","10348","PPS","كريم علاوي","6810"
"فاس- مكناس","الحاجب","إقدار","659","10348","PPS","سميرة امباركي","6797"
"فاس- مكناس","الحاجب","إقدار","659","10353","PPS","المصطفى باعمو","2424"
"فاس- مكناس","الحاجب","إقدار","659","10344","PPS","حدو العزوي","387"
"فاس- مكناس","الحاجب","إقدار","659","10346","PPS","محمد العسري","36902"
"فاس- مكناس","الحاجب","إقدار","659","10341","PPS","عبدالواحد فران","599"
"فاس- مكناس","الحاجب","إقدار","659","10350","PPS","محمد احجو","423"
"فاس- مكناس","الحاجب","إقدار","659","10342","PPS","حميد بولحيمص","353"
"فاس- مكناس","الحاجب","إقدار","659","10345","PJD","محمد اعراب","3461"
"فاس- مكناس","الحاجب","إقدار","659","10343","PJD","بنسالم  افود","32966"
"فاس- مكناس","الحاجب","إقدار","659","10347","USFP","محمد  زوهري ","44966"
"فاس- مكناس","الحاجب","إقدار","659","10347","USFP","مونية الوتيق","44995"
"فاس- مكناس","الحاجب","إقدار","659","10352","USFP","رشيد مسعودي","36286"
"فاس- مكناس","الحاجب","إقدار","659","10352","USFP","خديجة الكرافس","36344"
"فاس- مكناس","الحاجب","إقدار","659","10349","MP","حمو عطابة","5891"
"فاس- مكناس","الحاجب","أكوراي","38","550","PI","الحسن بنعياد","65669"
"فاس- مكناس","الحاجب","أكوراي","38","550","PI","حنان هرمة","65736"
"فاس- مكناس","الحاجب","أكوراي","38","549","PI","يوسف  المسيلي","61961"
"فاس- مكناس","الحاجب","أكوراي","38","559","PI","خليد بن الرادي","65391"
"فاس- مكناس","الحاجب","أكوراي","38","559","PI","لوبنى اوفقيه","65453"
"فاس- مكناس","الحاجب","أكوراي","38","548","PI","بنيوسف اكناوي","85494"
"فاس- مكناس","الحاجب","أكوراي","38","548","PI","سعيدة خيي","85556"
"فاس- مكناس","الحاجب","أكوراي","38","557","PI","عبد الحفيظ وعشي","83959"
"فاس- مكناس","الحاجب","أكوراي","38","27191","PI","عبد الرحمان ايت احساين","65695"
"فاس- مكناس","الحاجب","أكوراي","38","27187","PI","كمال اغرابي","58825"
"فاس- مكناس","الحاجب","أكوراي","38","558","PI","محمد عوشان","61667"
"فاس- مكناس","الحاجب","أكوراي","38","552","PI","ميمون بومنيش","26753"
"فاس- مكناس","الحاجب","أكوراي","38","25608","PI","الطيب صبار","61773"
"فاس- مكناس","الحاجب","أكوراي","38","25608","PI","نورة باسو","61801"
"فاس- مكناس","الحاجب","أكوراي","38","560","PI","حسان المصطفاوي","61652"
"فاس- مكناس","الحاجب","أكوراي","38","25609","PI","علي الكرامي","46141"
"فاس- مكناس","الحاجب","أكوراي","38","555","PI","حميد انعينيع","61661"
"فاس- مكناس","الحاجب","أكوراي","38","27186","PI","محمد شراط","76953"
"فاس- مكناس","الحاجب","أكوراي","38","551","PI","حفيظ الهيدى","77290"
"فاس- مكناس","الحاجب","أكوراي","38","554","PI","محمد مساعيد","57778"
"فاس- مكناس","الحاجب","أكوراي","38","556","PI","ابراهيم افقير","49445"
"فاس- مكناس","الحاجب","أكوراي","38","27189","PI","انوار المطيشي","59803"
"فاس- مكناس","الحاجب","أكوراي","38","27184","PI","محمد ايت بوعزة","45969"
"فاس- مكناس","الحاجب","أكوراي","38","553","PJD","نجيم العزوزي","57967"
"فاس- مكناس","الحاجب","أكوراي","38","27188","PJD","الحبيب تغزة","17028"
"فاس- مكناس","الحاجب","أكوراي","38","27190","PJD","ادريس الهيدى","48395"
"فاس- مكناس","الحاجب","أكوراي","38","27185","USFP","الخمار الشركي","22338"
"فاس- مكناس","الحاجب","آيت  بورزوين","109","1598","USFP","ملود افكوح","37333"
"فاس- مكناس","الحاجب","آيت  بورزوين","109","1598","USFP","حبيبة النخلي","37396"
"فاس- مكناس","الحاجب","آيت  بورزوين","109","1595","USFP","عادل ابراو","12643"
"فاس- مكناس","الحاجب","آيت  بورزوين","109","25619","USFP","محمد اغبال","6445"
"فاس- مكناس","الحاجب","آيت  بورزوين","109","25619","USFP","هدى عكيوي","6465"
"فاس- مكناس","الحاجب","آيت  بورزوين","109","1593","USFP","حسن اكوب","12174"
"فاس- مكناس","الحاجب","آيت  بورزوين","109","25618","USFP","لحسن امجاهد","37917"
"فاس- مكناس","الحاجب","آيت  بورزوين","109","1602","PI","المصطفى خياطي","62802"
"فاس- مكناس","الحاجب","آيت  بورزوين","109","1602","PI","اسماء ادردور","62857"
"فاس- مكناس","الحاجب","آيت  بورزوين","109","1603","PI","الحسن احرشاو","33488"
"فاس- مكناس","الحاجب","آيت  بورزوين","109","1603","PI","يطو بحمي","33516"
"فاس- مكناس","الحاجب","آيت  بورزوين","109","1600","PI","سمير ازكاغ","7244"
"فاس- مكناس","الحاجب","آيت  بورزوين","109","1594","PI","محمد اخديم","49081"
"فاس- مكناس","الحاجب","آيت  بورزوين","109","1601","PI","حسن لبلاصة","63551"
"فاس- مكناس","الحاجب","آيت  بورزوين","109","1599","PJD","عبد الرحيم باعدي","10475"
"فاس- مكناس","الحاجب","آيت  بورزوين","109","1597","PAM","المصطفى  المصطفاوي ","33274"
"فاس- مكناس","الحاجب","آيت  بورزوين","109","1596","MP","الغازي والغازي","102259"
"فاس- مكناس","الحاجب","آيت بوبيدمان","106","1563","PAM","الحسان الجراري","26582"
"فاس- مكناس","الحاجب","آيت بوبيدمان","106","1563","PAM","حليمة الجراري","26605"
"فاس- مكناس","الحاجب","آيت بوبيدمان","106","1568","PAM","محمد  اوراغ ","59744"
"فاس- مكناس","الحاجب","آيت بوبيدمان","106","1568","PAM","ملودة ورشاكو","59885"
"فاس- مكناس","الحاجب","آيت بوبيدمان","106","25613","PAM","خالد العتماني","3882"
"فاس- مكناس","الحاجب","آيت بوبيدمان","106","1560","PAM","محمد لكناوي","5932"
"فاس- مكناس","الحاجب","آيت بوبيدمان","106","1567","PAM","عبد الرحمان  الغوتي ","34651"
"فاس- مكناس","الحاجب","آيت بوبيدمان","106","1556","PAM","عبد الحق عمي ادريس","3908"
"فاس- مكناس","الحاجب","آيت بوبيدمان","106","25611","PAM","ادريس  اعلام ","6705"
"فاس- مكناس","الحاجب","آيت بوبيدمان","106","1558","PAM","عبدالحق  الشيدي ","6269"
"فاس- مكناس","الحاجب","آيت بوبيدمان","106","25610","PAM","عبداللـه لشهب ","106647"
"فاس- مكناس","الحاجب","آيت بوبيدمان","106","1557","PAM","ادريس مزوارة","11114"
"فاس- مكناس","الحاجب","آيت بوبيدمان","106","25617","PI","ادريس صدق","10421"
"فاس- مكناس","الحاجب","آيت بوبيدمان","106","25617","PI","دنيا الفاضلي","10408"
"فاس- مكناس","الحاجب","آيت بوبيدمان","106","25612","PI","حكيم كوتي","11464"
"فاس- مكناس","الحاجب","آيت بوبيدمان","106","1570","PI","عزيز مكراش","58349"
"فاس- مكناس","الحاجب","آيت بوبيدمان","106","1565","PI","الحسان الحوتي","10326"
"فاس- مكناس","الحاجب","آيت بوبيدمان","106","1559","PI","خالد العروصى","62943"
"فاس- مكناس","الحاجب","آيت بوبيدمان","106","1561","PI","رشيد الحيمر","11531"
"فاس- مكناس","الحاجب","آيت بوبيدمان","106","25615","PI","الطيب المبروك","13000"
"فاس- مكناس","الحاجب","آيت بوبيدمان","106","25616","PI","عبد السلام علابو","10480"
"فاس- مكناس","الحاجب","آيت بوبيدمان","106","1569","PI","احمد الكور","16380"
"فاس- مكناس","الحاجب","آيت بوبيدمان","106","1562","PJD","خالد دامو","10561"
"فاس- مكناس","الحاجب","آيت بوبيدمان","106","1564","PJD","جمال بويمج","6203"
"فاس- مكناس","الحاجب","آيت بوبيدمان","106","25614","USFP","لحسن العمود","98434"
"فاس- مكناس","الحاجب","آيت بوبيدمان","106","25614","USFP","سناء اعلاطن","98569"
"فاس- مكناس","الحاجب","آيت بوبيدمان","106","1566","USFP","عزيز العمود","99826"
"فاس- مكناس","الحاجب","آيت حرز الله","119","1716","USFP","محسين رضوان","2412"
"فاس- مكناس","الحاجب","آيت حرز الله","119","1723","USFP","بناصر اشباخ","9696"
"فاس- مكناس","الحاجب","آيت حرز الله","119","1727","USFP","نور الدين عبديش","44330"
"فاس- مكناس","الحاجب","آيت حرز الله","119","1721","USFP","لحسن قزيزان","2780"
"فاس- مكناس","الحاجب","آيت حرز الله","119","1721","USFP","وفاء وحيدة","2812"
"فاس- مكناس","الحاجب","آيت حرز الله","119","25620","USFP","ادريس مشهور","7286"
"فاس- مكناس","الحاجب","آيت حرز الله","119","25621","USFP","المصطفى وحسين","2757"
"فاس- مكناس","الحاجب","آيت حرز الله","119","1726","USFP","لحسن القرشى","2532"
"فاس- مكناس","الحاجب","آيت حرز الله","119","1718","USFP","محمد جدوبة","2514"
"فاس- مكناس","الحاجب","آيت حرز الله","119","1720","USFP","ابراهيم الحمزاوي","3578"
"فاس- مكناس","الحاجب","آيت حرز الله","119","1717","USFP","محمد افضيل","78213"
"فاس- مكناس","الحاجب","آيت حرز الله","119","1717","USFP","مينة اوعربية","78270"
"فاس- مكناس","الحاجب","آيت حرز الله","119","1715","USFP","احمد بومهراز","22326"
"فاس- مكناس","الحاجب","آيت حرز الله","119","1724","USFP","ادريس بونبع","2781"
"فاس- مكناس","الحاجب","آيت حرز الله","119","1725","USFP","عبد الرحيم الفحصي","61688"
"فاس- مكناس","الحاجب","آيت حرز الله","119","1722","PJD","المحجوب بوشوي","2713"
"فاس- مكناس","الحاجب","آيت حرز الله","119","1722","PJD","رشيدة بوشوي","2728"
"فاس- مكناس","الحاجب","آيت حرز الله","119","1719","PAM","سعيد وسمين","12627"
"فاس- مكناس","الحاجب","آيت حرز الله","119","1719","PAM","نزهة بوهو","12586"
"فاس- مكناس","الحاجب","آيت نعمان","139","2007","PPS","بنعيسى بن البكرية","543"
"فاس- مكناس","الحاجب","آيت نعمان","139","2007","PPS","مليكة العلوي","535"
"فاس- مكناس","الحاجب","آيت نعمان","139","1999","PPS","ميمون مشهور","23226"
"فاس- مكناس","الحاجب","آيت نعمان","139","1999","PPS","حسناء وهنانو","23195"
"فاس- مكناس","الحاجب","آيت نعمان","139","2006","PPS","الحسين  قاسمي ","771"
"فاس- مكناس","الحاجب","آيت نعمان","139","1997","PPS","ميمون شتوان","724"
"فاس- مكناس","الحاجب","آيت نعمان","139","2003","PPS","عبداللـه بوشطاط","61345"
"فاس- مكناس","الحاجب","آيت نعمان","139","2002","PI","بناصر  اقسو","10332"
"فاس- مكناس","الحاجب","آيت نعمان","139","2002","PI","حياة سرغيني","10347"
"فاس- مكناس","الحاجب","آيت نعمان","139","2001","PI","ابراهيم فاتحي","16985"
"فاس- مكناس","الحاجب","آيت نعمان","139","2001","PI","الشريفة  زهير","17001"
"فاس- مكناس","الحاجب","آيت نعمان","139","2005","PI","عزيز حاجي","49976"
"فاس- مكناس","الحاجب","آيت نعمان","139","2004","PI","الحسين  قرقيبو","34778"
"فاس- مكناس","الحاجب","آيت نعمان","139","1998","PCS","زوهير امرعوش","33695"
"فاس- مكناس","الحاجب","آيت نعمان","139","2000","MP","محمد بوستة","99929"
"فاس- مكناس","الحاجب","آيت ويخلفن","147","2089","PJD","عزيز قرموش","28931"
"فاس- مكناس","الحاجب","آيت ويخلفن","147","2089","PJD","عتيقة حبينة","28975"
"فاس- مكناس","الحاجب","آيت ويخلفن","147","2098","PJD","ميمون اوعيشة","33479"
"فاس- مكناس","الحاجب","آيت ويخلفن","147","2098","PJD","نعيمة  اعدوش ","33515"
"فاس- مكناس","الحاجب","آيت ويخلفن","147","2094","PJD","الحسين ويغيل","38276"
"فاس- مكناس","الحاجب","آيت ويخلفن","147","2093","USFP","حسن ايت يدين","38202"
"فاس- مكناس","الحاجب","آيت ويخلفن","147","2093","USFP","فاطمة كادير","38264"
"فاس- مكناس","الحاجب","آيت ويخلفن","147","2096","USFP","محمد بنصاط","46279"
"فاس- مكناس","الحاجب","آيت ويخلفن","147","2091","USFP","الجيلالي بوجليل","34633"
"فاس- مكناس","الحاجب","آيت ويخلفن","147","2092","USFP","الحسن عوشان","23537"
"فاس- مكناس","الحاجب","آيت ويخلفن","147","2097","USFP","المصطفى جمالي","38838"
"فاس- مكناس","الحاجب","آيت ويخلفن","147","2090","RNI","عزيز زخمام","37165"
"فاس- مكناس","الحاجب","آيت ويخلفن","147","2090","RNI","جمعة وعزة","37240"
"فاس- مكناس","الحاجب","آيت ويخلفن","147","2095","RNI","يوسف عكي","10348"
"فاس- مكناس","الحاجب","آيت ويخلفن","147","2099","RNI","سميح العباري","10334"
"فاس- مكناس","الحاجب","آيت يعزم","165","27194","USFP","رشيد اوصديق","34603"
"فاس- مكناس","الحاجب","آيت يعزم","165","2359","USFP","الحسين عمراوي","2425"
"فاس- مكناس","الحاجب","آيت يعزم","165","2353","USFP","الكبير ايت عزيز","21852"
"فاس- مكناس","الحاجب","آيت يعزم","165","2353","USFP","تورية طليبو","21885"
"فاس- مكناس","الحاجب","آيت يعزم","165","2350","USFP","عبد السلام اوبجة","50145"
"فاس- مكناس","الحاجب","آيت يعزم","165","2360","USFP","عزيز ايت زايد","22735"
"فاس- مكناس","الحاجب","آيت يعزم","165","27196","USFP","علي ابداع","12219"
"فاس- مكناس","الحاجب","آيت يعزم","165","2361","USFP","محمد افقير","12122"
"فاس- مكناس","الحاجب","آيت يعزم","165","2362","PJD","حميدو وعليه","50136"
"فاس- مكناس","الحاجب","آيت يعزم","165","2363","PJD","محمد الغماري","11078"
"فاس- مكناس","الحاجب","آيت يعزم","165","2351","PJD","لحسن المحمدي","22695"
"فاس- مكناس","الحاجب","آيت يعزم","165","2351","PJD","نوال حراز","22708"
"فاس- مكناس","الحاجب","آيت يعزم","165","27192","PJD","الكبير العقاوي","7251"
"فاس- مكناس","الحاجب","آيت يعزم","165","2357","PAM","بن الصديق سدهم","37209"
"فاس- مكناس","الحاجب","آيت يعزم","165","2357","PAM","فاطمة معمر","37434"
"فاس- مكناس","الحاجب","آيت يعزم","165","27195","PAM","خالد لخمسي","27857"
"فاس- مكناس","الحاجب","آيت يعزم","165","2356","PAM","احميدو الطاوس","5998"
"فاس- مكناس","الحاجب","آيت يعزم","165","2354","PAM","حميد سعيد","33289"
"فاس- مكناس","الحاجب","آيت يعزم","165","2355","PI","عبد اللطيف ابلال","33476"
"فاس- مكناس","الحاجب","آيت يعزم","165","27193","PI","علي كبوزي","17276"
"فاس- مكناس","الحاجب","آيت يعزم","165","2349","MDS","المحجوب اقشار","36132"
"فاس- مكناس","الحاجب","آيت يعزم","165","2349","MDS","امال الركيك","36186"
"فاس- مكناس","الحاجب","آيت يعزم","165","2352","MDS","كريم اعمو","37711"
"فاس- مكناس","الحاجب","آيت يعزم","165","27197","RNI","احمد داودي","38035"
"فاس- مكناس","الحاجب","آيت يعزم","165","27198","RNI","حسن بلعساري","23731"
"فاس- مكناس","الحاجب","آيت يعزم","165","27199","RNI","عبد المجيد الحنويشي","23847"
"فاس- مكناس","الحاجب","آيت يعزم","165","2358","MP","محمد الهلالي","27951"
"فاس- مكناس","الحاجب","الحاجب","480","7490","MP","وحيد حكيم","35360"
"فاس- مكناس","الحاجب","الحاجب","480","7490","MP","لال لعزيزة بوحاس","35830"
"فاس- مكناس","الحاجب","الحاجب","480","7490","MP","المصطفى حكيم","35458"
"فاس- مكناس","الحاجب","الحاجب","480","7490","MP","عزيزة اشهبون","35781"
"فاس- مكناس","الحاجب","الحاجب","480","7490","MP","الناجيم ايت موحتا","35470"
"فاس- مكناس","الحاجب","الحاجب","480","7490","MP","ادريسية خروبي ","36182"
"فاس- مكناس","الحاجب","الحاجب","480","7490","MP","محمد احريزي","35509"
"فاس- مكناس","الحاجب","الحاجب","480","7490","MP","محمد ياسين زجاري","35589"
"فاس- مكناس","الحاجب","الحاجب","480","7490","MP","المصطفى علاوي","35644"
"فاس- مكناس","الحاجب","الحاجب","480","7490","MP","عادل بغداد","35457"
"فاس- مكناس","الحاجب","الحاجب","480","7490","MP","التهامي اعراب","35495"
"فاس- مكناس","الحاجب","الحاجب","480","7490","MP","الكبير حزيوا","35558"
"فاس- مكناس","الحاجب","الحاجب","480","7490","MP","عزيز غرباوي","35562"
"فاس- مكناس","الحاجب","الحاجب","480","7490","PJD","ادريس بوسمينة","34126"
"فاس- مكناس","الحاجب","الحاجب","480","7490","PJD","نادية  القرقوري","34223"
"فاس- مكناس","الحاجب","الحاجب","480","7490","PJD","الحسين المسحت","34137"
"فاس- مكناس","الحاجب","الحاجب","480","7490","PJD","رشيد البوكيلي","34153"
"فاس- مكناس","الحاجب","الحاجب","480","7490","PJD","لحسن قشيقش","34169"
"فاس- مكناس","الحاجب","الحاجب","480","7490","PI","بناصر ولحرير","47462"
"فاس- مكناس","الحاجب","الحاجب","480","7490","PI","تورية اوبري","47625"
"فاس- مكناس","الحاجب","الحاجب","480","7490","PI","محمد اكزيو","47591"
"فاس- مكناس","الحاجب","الحاجب","480","7490","PI","عبد العزيز ارزق","47769"
"فاس- مكناس","الحاجب","الحاجب","480","7490","PI","رشيد ازوكاغ","47819"
"فاس- مكناس","الحاجب","الحاجب","480","7490","PPS","رشيد اشنينق","50468"
"فاس- مكناس","الحاجب","الحاجب","480","7490","PPS","نعيمة موراضي","50830"
"فاس- مكناس","الحاجب","الحاجب","480","7490","PPS","علي اجباري","50684"
"فاس- مكناس","الحاجب","الحاجب","480","7490","PPS","الحسين شرو","50767"
"فاس- مكناس","الحاجب","الحاجب","480","7490","PUD","سعيد حركاتي","88963"
"فاس- مكناس","الحاجب","الحاجب","480","7490","PUD","رشيد حمادو","89145"
"فاس- مكناس","الحاجب","بطيط","309","4771","PI","حميد اسعيدو","28670"
"فاس- مكناس","الحاجب","بطيط","309","4770","PI","محمد محا","35787"
"فاس- مكناس","الحاجب","بطيط","309","4773","PI","عبد الغني بوعلام","35534"
"فاس- مكناس","الحاجب","بطيط","309","4769","PI","محمد ابويعلى","29047"
"فاس- مكناس","الحاجب","بطيط","309","4768","PI","رشيد اكير","29213"
"فاس- مكناس","الحاجب","بطيط","309","4774","PI","بنعيسى العباسي","46696"
"فاس- مكناس","الحاجب","بطيط","309","4775","PI","عبد العزيز  بوعلام","28784"
"فاس- مكناس","الحاجب","بطيط","309","4778","MP","خالد والحاج","59965"
"فاس- مكناس","الحاجب","بطيط","309","4778","MP","فاطمة الزهراء المراوي","60040"
"فاس- مكناس","الحاجب","بطيط","309","4776","MP","الحسين احمان","46047"
"فاس- مكناس","الحاجب","بطيط","309","4777","MP","محمد  والحاج","62678"
"فاس- مكناس","الحاجب","بطيط","309","4777","MP","جميلة النعيمي","62775"
"فاس- مكناس","الحاجب","بطيط","309","4767","RNI","حدو الشرقي","63601"
"فاس- مكناس","الحاجب","بطيط","309","4779","RNI","دحو ركراكي","6872"
"فاس- مكناس","الحاجب","بطيط","309","25622","CNI","الميلود احسايني","65781"
"فاس- مكناس","الحاجب","بطيط","309","25622","CNI","سوكينة الحاج","65858"
"فاس- مكناس","الحاجب","بطيط","309","25623","CNI","التجاني العميم","65610"
"فاس- مكناس","الحاجب","بطيط","309","25623","CNI","سهام  افقير","65664"
"فاس- مكناس","الحاجب","بطيط","309","4772","PJD","لحسن باعلا","49888"
"فاس- مكناس","الحاجب","تامشاشاط","1362","21433","PJD","عمر الزراري","16667"
"فاس- مكناس","الحاجب","تامشاشاط","1362","21433","PJD","بوشرا الزراري","16679"
"فاس- مكناس","الحاجب","تامشاشاط","1362","21438","PJD","علي ازايد","16618"
"فاس- مكناس","الحاجب","تامشاشاط","1362","21438","PJD","حنان املوش","16641"
"فاس- مكناس","الحاجب","تامشاشاط","1362","21442","PJD","ادريس اعزوز","15997"
"فاس- مكناس","الحاجب","تامشاشاط","1362","21442","PJD","سعيدة قزو","16050"
"فاس- مكناس","الحاجب","تامشاشاط","1362","21436","PJD","علي زايد","7299"
"فاس- مكناس","الحاجب","تامشاشاط","1362","21437","PJD","جواد وحماد","37110"
"فاس- مكناس","الحاجب","تامشاشاط","1362","21434","PJD","الحسين باحجي","15281"
"فاس- مكناس","الحاجب","تامشاشاط","1362","21432","PJD","ادريس ايت قراش","23192"
"فاس- مكناس","الحاجب","تامشاشاط","1362","21435","PAM","ادريس وعبي","7694"
"فاس- مكناس","الحاجب","تامشاشاط","1362","21439","PAM","حسن عبادي","32921"
"فاس- مكناس","الحاجب","تامشاشاط","1362","21440","PAM","موحى خيي","15440"
"فاس- مكناس","الحاجب","تامشاشاط","1362","21441","USFP","فريد رزوقي","79339"
"فاس- مكناس","الحاجب","تامشاشاط","1362","21441","USFP","حفيظة ايت الغازي","79386"
"فاس- مكناس","الحاجب","جحجوح","674","10544","PI","مولود الدكيكة","6811"
"فاس- مكناس","الحاجب","جحجوح","674","10544","PI","نادية اولحاج","6850"
"فاس- مكناس","الحاجب","جحجوح","674","10539","PI","العالمي الغريسي","6998"
"فاس- مكناس","الحاجب","جحجوح","674","10545","PI","موحى ايت ويزة","6767"
"فاس- مكناس","الحاجب","جحجوح","674","10543","PI","حميد اجبيلو","9684"
"فاس- مكناس","الحاجب","جحجوح","674","10543","PI","حورية بلمداني","9699"
"فاس- مكناس","الحاجب","جحجوح","674","10542","PI","جمال والحاج","6598"
"فاس- مكناس","الحاجب","جحجوح","674","10547","PJD","ادريس بتاس","36478"
"فاس- مكناس","الحاجب","جحجوح","674","10547","PJD","عزيزة اوحسين","36528"
"فاس- مكناس","الحاجب","جحجوح","674","10546","PJD","حكيم كرايشي","35179"
"فاس- مكناس","الحاجب","جحجوح","674","10541","PJD","سليمان لعزيب","16661"
"فاس- مكناس","الحاجب","جحجوح","674","10548","PJD","لحسن ايت غانم","61593"
"فاس- مكناس","الحاجب","جحجوح","674","10540","USFP","التجاني البطاني","60665"
"فاس- مكناس","الحاجب","جحجوح","674","10540","USFP","امينة عمري","61547"
"فاس- مكناس","الحاجب","جحجوح","674","10538","PAM","العربي وعمو","82092"
"فاس- مكناس","الحاجب","راس إيجيري","1083","17050","RNI","عبداللـه سوسان","37069"
"فاس- مكناس","الحاجب","راس إيجيري","1083","17050","RNI","حورية رملي ","37130"
"فاس- مكناس","الحاجب","راس إيجيري","1083","17049","RNI","عبد الغني عساوة","38576"
"فاس- مكناس","الحاجب","راس إيجيري","1083","17044","RNI","حسان مزوز","35211"
"فاس- مكناس","الحاجب","راس إيجيري","1083","17047","RNI","ادريس بلحاج","34523"
"فاس- مكناس","الحاجب","راس إيجيري","1083","17047","RNI","رحمة بوالزين","34566"
"فاس- مكناس","الحاجب","راس إيجيري","1083","17044","RNI","منية امزيان","35318"
"فاس- مكناس","الحاجب","راس إيجيري","1083","17048","RNI","رشيد اوراس","37680"
"فاس- مكناس","الحاجب","راس إيجيري","1083","17048","RNI","حنان علي خيي","37740"
"فاس- مكناس","الحاجب","راس إيجيري","1083","17051","RNI","ادريس العمراوي","28720"
"فاس- مكناس","الحاجب","راس إيجيري","1083","17052","RNI","سعيد  الوافي","17711"
"فاس- مكناس","الحاجب","راس إيجيري","1083","17043","RNI","اسامة والقايد","10384"
"فاس- مكناس","الحاجب","راس إيجيري","1083","17053","RNI","عزوز الامراني","22483"
"فاس- مكناس","الحاجب","راس إيجيري","1083","17045","PI","عبداللـه عزوز","46585"
"فاس- مكناس","الحاجب","راس إيجيري","1083","17046","MP","لحسن اوعسو","103604"
"فاس- مكناس","الحاجب","سبع عيون","1107","17385","PI","محمد بوراي","27905"
"فاس- مكناس","الحاجب","سبع عيون","1107","17385","PI","سميرة الحديوي","14291"
"فاس- مكناس","الحاجب","سبع عيون","1107","17377","PI","عبداللطيف التايك","7513"
"فاس- مكناس","الحاجب","سبع عيون","1107","17379","PI","محمد احيزون","16350"
"فاس- مكناس","الحاجب","سبع عيون","1107","17383","PI","عبد الحي  المراضي ","14104"
"فاس- مكناس","الحاجب","سبع عيون","1107","17371","PI","ادريس بوراي","45894"
"فاس- مكناس","الحاجب","سبع عيون","1107","17371","PI","شميسة كروم","45930"
"فاس- مكناس","الحاجب","سبع عيون","1107","17389","PI","حسن التاغي","15555"
"فاس- مكناس","الحاجب","سبع عيون","1107","17389","PI","فطيمة بلعلام","15573"
"فاس- مكناس","الحاجب","سبع عيون","1107","17374","PI","ابراهيم دامو","16988"
"فاس- مكناس","الحاجب","سبع عيون","1107","17375","PI","نورالدين قويدر","7248"
"فاس- مكناس","الحاجب","سبع عيون","1107","17378","PI","المصطفى زهري","45138"
"فاس- مكناس","الحاجب","سبع عيون","1107","17376","PI","محمد اعبي قلا","12633"
"فاس- مكناس","الحاجب","سبع عيون","1107","17376","PI","نجية هلا","12669"
"فاس- مكناس","الحاجب","سبع عيون","1107","17392","PI","العربي دحو","8072"
"فاس- مكناس","الحاجب","سبع عيون","1107","17381","PAM","حميد دورار","35381"
"فاس- مكناس","الحاجب","سبع عيون","1107","17382","PAM","علي زربان","14123"
"فاس- مكناس","الحاجب","سبع عيون","1107","17387","PAM","المصطفى الكارتي","7201"
"فاس- مكناس","الحاجب","سبع عيون","1107","17391","PAM","احماد بوجنان","7764"
"فاس- مكناس","الحاجب","سبع عيون","1107","17384","PAM","محمد القهوايجي","49335"
"فاس- مكناس","الحاجب","سبع عيون","1107","17380","PAM","نور الدين عبادي","13989"
"فاس- مكناس","الحاجب","سبع عيون","1107","17386","PJD","يوسف فرحات","2464"
"فاس- مكناس","الحاجب","سبع عيون","1107","17390","PJD","ادريس لحميدي","3574"
"فاس- مكناس","الحاجب","سبع عيون","1107","27201","PJD","عادل بن الشيخ","17903"
"فاس- مكناس","الحاجب","سبع عيون","1107","27200","PJD","منير العكعاك","49204"
"فاس- مكناس","الحاجب","سبع عيون","1107","17388","PJD","الجلالي كروم","28891"
"فاس- مكناس","الحاجب","سبع عيون","1107","17373","PJD","مراد  صحصح ","33878"
"فاس- مكناس","الحاجب","سبع عيون","1107","17393","PJD","محمد اشويط","3325"
"فاس- مكناس","الحاجب","سبع عيون","1107","17372","MP","عادل سرسور","13083"
"فاس- مكناس","الحاجب","عين تاوجطات","84","1286","PJD","يوسف  الهرمسي ","568"
"فاس- مكناس","الحاجب","عين تاوجطات","84","1290","PJD","حوسة عزيزي","280"
"فاس- مكناس","الحاجب","عين تاوجطات","84","1290","PJD","فاطمة الطرقي","310"
"فاس- مكناس","الحاجب","عين تاوجطات","84","1275","PJD","كمال بن الحاج","39266"
"فاس- مكناس","الحاجب","عين تاوجطات","84","27202","PJD","سعيد لخضر","1010"
"فاس- مكناس","الحاجب","عين تاوجطات","84","27202","PJD","فاطمة الزهراء محمادي","1028"
"فاس- مكناس","الحاجب","عين تاوجطات","84","1289","PJD","محمد امزيان","579"
"فاس- مكناس","الحاجب","عين تاوجطات","84","1295","PJD","عبد العزيز حتانى","3980"
"فاس- مكناس","الحاجب","عين تاوجطات","84","1278","RNI","عبد الغني بوزياني","47083"
"فاس- مكناس","الحاجب","عين تاوجطات","84","1292","RNI","هشام ابوالكرام","23062"
"فاس- مكناس","الحاجب","عين تاوجطات","84","1293","RNI","المصطفى زخنيني","45819"
"فاس- مكناس","الحاجب","عين تاوجطات","84","1293","RNI","نجوى الصياد","45852"
"فاس- مكناس","الحاجب","عين تاوجطات","84","1288","RNI","اسعيد ريس","10358"
"فاس- مكناس","الحاجب","عين تاوجطات","84","1287","RNI","محمد الوردي","12143"
"فاس- مكناس","الحاجب","عين تاوجطات","84","1281","RNI","محمد الادريسي غولي","5269"
"فاس- مكناس","الحاجب","عين تاوجطات","84","1283","RNI","حميد الغنيمي","18238"
"فاس- مكناس","الحاجب","عين تاوجطات","84","1282","RNI","سعيد مسكوكوح","60628"
"فاس- مكناس","الحاجب","عين تاوجطات","84","1279","RNI","ادريس امين الحسني","44750"
"فاس- مكناس","الحاجب","عين تاوجطات","84","1294","PAM","عبد الحق الودغيري","2448"
"فاس- مكناس","الحاجب","عين تاوجطات","84","1277","PAM","خالد العمراني","3338"
"فاس- مكناس","الحاجب","عين تاوجطات","84","27203","PAM","ادريس مرزوق","2430"
"فاس- مكناس","الحاجب","عين تاوجطات","84","1291","PAM","الحسن الطويل","3459"
"فاس- مكناس","الحاجب","عين تاوجطات","84","1291","PAM","حيات الزعيم","3436"
"فاس- مكناس","الحاجب","عين تاوجطات","84","1296","PAM","يونس ابن بوشتى","34682"
"فاس- مكناس","الحاجب","عين تاوجطات","84","1285","PAM","ادريس حادى","3407"
"فاس- مكناس","الحاجب","عين تاوجطات","84","1276","PI","احمد الدقاقي","106"
"فاس- مكناس","الحاجب","عين تاوجطات","84","1280","PI","نجيب الدكالي","2470"
"فاس- مكناس","الحاجب","عين تاوجطات","84","1284","PI","احمد برشاق","6213"
"فاس- مكناس","الحاجب","عين تاوجطات","84","1274","MP","حميد اعوين","2394"
"فاس- مكناس","الحاجب","لقصير","792","12496","PJD","فؤاد السالمي","2493"
"فاس- مكناس","الحاجب","لقصير","792","12485","PJD","الغازي يحيى","9713"
"فاس- مكناس","الحاجب","لقصير","792","12486","PJD","احمد بن السبع","11000"
"فاس- مكناس","الحاجب","لقصير","792","12486","PJD","سكينة الصابر","11025"
"فاس- مكناس","الحاجب","لقصير","792","12498","PJD","محمد ابن علي","528"
"فاس- مكناس","الحاجب","لقصير","792","12478","PJD","محمد الزهري","540"
"فاس- مكناس","الحاجب","لقصير","792","12490","PJD","احمد ناصر","2487"
"فاس- مكناس","الحاجب","لقصير","792","12488","PJD","حوسى احنانا","3535"
"فاس- مكناس","الحاجب","لقصير","792","12477","PJD","بن يوسف تغبلوت","502"
"فاس- مكناس","الحاجب","لقصير","792","12484","PJD","لحسن بوخاتم","2446"
"فاس- مكناس","الحاجب","لقصير","792","12483","RNI","محمد باحسي","33870"
"فاس- مكناس","الحاجب","لقصير","792","12497","RNI","محمد بالرمضان","35077"
"فاس- مكناس","الحاجب","لقصير","792","12497","RNI","يزة الناصري","35144"
"فاس- مكناس","الحاجب","لقصير","792","12482","RNI","حكيم المحمدي","1810"
"فاس- مكناس","الحاجب","لقصير","792","12481","RNI","الحسين الحفيظي","6307"
"فاس- مكناس","الحاجب","لقصير","792","27204","RNI","الطيب نماسي","2408"
"فاس- مكناس","الحاجب","لقصير","792","12492","MP","عزيز باخي","2754"
"فاس- مكناس","الحاجب","لقصير","792","12492","MP","مليكة محا ","2766"
"فاس- مكناس","الحاجب","لقصير","792","12491","MP","محمد ابصيلة","42967"
"فاس- مكناس","الحاجب","لقصير","792","12491","MP","حليمة قرداش","43032"
"فاس- مكناس","الحاجب","لقصير","792","12480","PAM","عبد السلام بوزيان","22195"
"فاس- مكناس","الحاجب","لقصير","792","12495","PAM","خالد  جزولي ","10451"
"فاس- مكناس","الحاجب","لقصير","792","12476","PAM","رشيد بيدو","16642"
"فاس- مكناس","الحاجب","لقصير","792","12479","PAM","نجيب اهنو","99523"
"فاس- مكناس","الحاجب","لقصير","792","27205","MDS","عزيز الحوزي","63731"
"فاس- مكناس","الحاجب","لقصير","792","12489","MDS","الطيب الشرقي","2525"
"فاس- مكناس","الحاجب","لقصير","792","12493","MDS","مراد نعمجان","346"
"فاس- مكناس","الحاجب","لقصير","792","12487","MDS","مصطفى حماني","10926"
"فاس- مكناس","الحاجب","لقصير","792","12494","MDS","محمد عدولي","10897"
"فاس- مكناس","ايفران","أزرو","272","25095","PJD","اعمر اجبري","58058"
"فاس- مكناس","ايفران","أزرو","272","25095","PJD","نعيمة السعودي","58710"
"فاس- مكناس","ايفران","أزرو","272","25095","PJD","احمد الانصاري","58073"
"فاس- مكناس","ايفران","أزرو","272","25095","PJD","عبد السلام نهضي","58116"
"فاس- مكناس","ايفران","أزرو","272","25095","PJD","محمد افردو","58128"
"فاس- مكناس","ايفران","أزرو","272","25095","PJD"," جمال  مداني ","58153"
"فاس- مكناس","ايفران","أزرو","272","25095","PJD","خدوج بومليك","58170"
"فاس- مكناس","ايفران","أزرو","272","25095","PJD","يوسف رفيق","58189"
"فاس- مكناس","ايفران","أزرو","272","25095","PPS","حسن  السعودي ","103387"
"فاس- مكناس","ايفران","أزرو","272","25095","PPS","سلوى  الصافي ","104563"
"فاس- مكناس","ايفران","أزرو","272","25095","PPS","عبد المجيد قندوسي","103470"
"فاس- مكناس","ايفران","أزرو","272","25095","PPS","بوعزى ازكزى","103520"
"فاس- مكناس","ايفران","أزرو","272","25095","PPS","عبد العالي فرحي","103640"
"فاس- مكناس","ايفران","أزرو","272","25095","PPS","المصطفى مومن","103693"
"فاس- مكناس","ايفران","أزرو","272","25095","PAM","عبد الرزاق هاشيمي","42980"
"فاس- مكناس","ايفران","أزرو","272","25095","PAM","ليلى شابو","44564"
"فاس- مكناس","ايفران","أزرو","272","25095","PAM","حميد بقدير","43390"
"فاس- مكناس","ايفران","أزرو","272","25095","PAM","مولاي العربي حسني","43520"
"فاس- مكناس","ايفران","أزرو","272","25095","PAM","المصطفى الماحي علوي","43582"
"فاس- مكناس","ايفران","أزرو","272","25095","MP","الحسين لمحمدي","102378"
"فاس- مكناس","ايفران","أزرو","272","25095","MP","فوزية برغة","103955"
"فاس- مكناس","ايفران","أزرو","272","25095","MP","بدر رجي","102449"
"فاس- مكناس","ايفران","أزرو","272","25095","MP","محمد سانكول","102496"
"فاس- مكناس","ايفران","أزرو","272","25095","MP","عبد الغني الحرش","102586"
"فاس- مكناس","ايفران","أزرو","272","25095","RNI","نبيل بن الخياط بنعمر","46483"
"فاس- مكناس","ايفران","أزرو","272","25095","RNI","خديجة عزيزي علوي","47219"
"فاس- مكناس","ايفران","أزرو","272","25095","RNI","سعيد مرشيش","46512"
"فاس- مكناس","ايفران","أزرو","272","25095","RNI","عبد الرزاق سعادي","46541"
"فاس- مكناس","ايفران","أزرو","272","25095","PI","الحسن اباء","97152"
"فاس- مكناس","ايفران","أزرو","272","25095","PI","فاطمة بوشهدة","98594"
"فاس- مكناس","ايفران","أزرو","272","25095","PI","هشام  بوشعال ","97193"
"فاس- مكناس","ايفران","أزرو","272","25095","UC","هشام قريشي","76988"
"فاس- مكناس","ايفران","أزرو","272","25095","UC","جمال المالكي","77040"
"فاس- مكناس","ايفران","أزرو","272","25095","P Al Ahd Addimocrati","محمد اقشتول","42521"
"فاس- مكناس","ايفران","أزرو","272","25095","P Al Ahd Addimocrati","سعيد الصدقي","42543"
"فاس- مكناس","ايفران","إفران","619","9761","PI","عبد الرحيم العصير","13151"
"فاس- مكناس","ايفران","إفران","619","25631","PI","حسن جيد","38842"
"فاس- مكناس","ايفران","إفران","619","9759","MP","هشام عفيفي","78472"
"فاس- مكناس","ايفران","إفران","619","9752","MP","علي بنعاشور","78576"
"فاس- مكناس","ايفران","إفران","619","9752","MP","أسماء طارق","78615"
"فاس- مكناس","ايفران","إفران","619","9751","MP","عزيز يوسف","66598"
"فاس- مكناس","ايفران","إفران","619","9751","MP","اكرام  الموساوي ","66633"
"فاس- مكناس","ايفران","إفران","619","9760","USFP","امبارك الجوهر","45417"
"فاس- مكناس","ايفران","إفران","619","9760","USFP","فوزية  هويرة ","45955"
"فاس- مكناس","ايفران","إفران","619","9762","USFP","ثورية ازوانية","58426"
"فاس- مكناس","ايفران","إفران","619","9757","USFP","عبد الله عفوت","7273"
"فاس- مكناس","ايفران","إفران","619","9763","USFP","الحسين البخوشي","45979"
"فاس- مكناس","ايفران","إفران","619","25630","USFP","كريم جرادي","46013"
"فاس- مكناس","ايفران","إفران","619","9756","PAM","عبد الخالق البطو","18503"
"فاس- مكناس","ايفران","إفران","619","9755","PAM","عبد اللطيف ابقلة","7243"
"فاس- مكناس","ايفران","إفران","619","9758","PAM","حسام ابدوا","13207"
"فاس- مكناس","ايفران","إفران","619","9754","PPS","عبد السلام بولحبيب","12930"
"فاس- مكناس","ايفران","إفران","619","9753","RNI","الجيلالي الساهل","39105"
"فاس- مكناس","ايفران","إفران","619","9753","RNI","حجيبة  وبيح ","39134"
"فاس- مكناس","ايفران","بن صميم","289","4409","USFP","عاشور لحسيني","68252"
"فاس- مكناس","ايفران","بن صميم","289","4401","USFP","الحسن بوكرين","47824"
"فاس- مكناس","ايفران","بن صميم","289","4401","USFP","يامنة حسيوة","47900"
"فاس- مكناس","ايفران","بن صميم","289","4411","USFP","موحى  عطيوي","68427"
"فاس- مكناس","ايفران","بن صميم","289","4404","USFP","عبد العالي منصوري","103899"
"فاس- مكناس","ايفران","بن صميم","289","4407","PJD","محمد كساني","70466"
"فاس- مكناس","ايفران","بن صميم","289","4406","PJD","واحماد زروال","70610"
"فاس- مكناس","ايفران","بن صميم","289","4406","PJD","غزلان زروال","70651"
"فاس- مكناس","ايفران","بن صميم","289","4408","PJD","عبد الاله احوري","69056"
"فاس- مكناس","ايفران","بن صميم","289","4402","PAM","بنعيسى كرومي","312"
"فاس- مكناس","ايفران","بن صميم","289","4402","PAM","سعدية زغاري","324"
"فاس- مكناس","ايفران","بن صميم","289","4403","PAM","مصطفى اوزير","106404"
"فاس- مكناس","ايفران","بن صميم","289","4405","PAM","وحيد ولامين","6365"
"فاس- مكناس","ايفران","بن صميم","289","4410","PPS","عبدالهادي المرسي","68945"
"فاس- مكناس","ايفران","بن صميم","289","4410","PPS","فاطمة الزبدي","69000"
"فاس- مكناس","ايفران","تزكيت","1476","23157","MP","اهبات ايبرعاز","12851"
"فاس- مكناس","ايفران","تزكيت","1476","23158","MP","محمد حسيوي","13747"
"فاس- مكناس","ايفران","تزكيت","1476","23155","MP","حدو بعلا","29240"
"فاس- مكناس","ايفران","تزكيت","1476","23163","MP","عمر واحمد","7419"
"فاس- مكناس","ايفران","تزكيت","1476","23154","MP","الحسين حسيوي","13708"
"فاس- مكناس","ايفران","تزكيت","1476","23156","MP","عمار السراج","103744"
"فاس- مكناس","ايفران","تزكيت","1476","23156","MP","حكيمة امعظور","103798"
"فاس- مكناس","ايفران","تزكيت","1476","23152","MP","محمد فتي","103519"
"فاس- مكناس","ايفران","تزكيت","1476","23164","MP","سعيد  لصفر ","34613"
"فاس- مكناس","ايفران","تزكيت","1476","23159","RNI","محمد الشياضمي","67563"
"فاس- مكناس","ايفران","تزكيت","1476","23159","RNI","سناء ايت عقى","67604"
"فاس- مكناس","ايفران","تزكيت","1476","23161","RNI","محمد اوتايوفت","67561"
"فاس- مكناس","ايفران","تزكيت","1476","23161","RNI","فاطمة  الطويل ","67594"
"فاس- مكناس","ايفران","تزكيت","1476","23162","RNI","ميمون  ايت المجدوب ","82615"
"فاس- مكناس","ايفران","تزكيت","1476","23160","PJD","ابراهيم بن جدي","48846"
"فاس- مكناس","ايفران","تزكيت","1476","23160","PJD","فاطمة  غينوس ","48891"
"فاس- مكناس","ايفران","تزكيت","1476","23153","MDS","نبيل محفوظ","49020"
"فاس- مكناس","ايفران","تكريكرة","1444","22748","PI","المصطفى يعكوبي","76140"
"فاس- مكناس","ايفران","تكريكرة","1444","22748","PI","كريمة  علوش","76156"
"فاس- مكناس","ايفران","تكريكرة","1444","22758","PI","ادريس بداوي","46051"
"فاس- مكناس","ايفران","تكريكرة","1444","22758","PI","نورة   شرو ","50276"
"فاس- مكناس","ايفران","تكريكرة","1444","22749","PI","حسان لحلو","76074"
"فاس- مكناس","ايفران","تكريكرة","1444","22749","PI","فاطمة نونو","76095"
"فاس- مكناس","ايفران","تكريكرة","1444","22750","PI","حسن اولاد عيس","68798"
"فاس- مكناس","ايفران","تكريكرة","1444","22751","PI","الحسين طعوش","33884"
"فاس- مكناس","ايفران","تكريكرة","1444","22746","PI","عبد العزيز عرارة","17921"
"فاس- مكناس","ايفران","تكريكرة","1444","22754","PI","رشيد انبري","75977"
"فاس- مكناس","ايفران","تكريكرة","1444","22757","PI","موحى قساوي","17131"
"فاس- مكناس","ايفران","تكريكرة","1444","22753","PI","رشيد موني اليوسفي","85156"
"فاس- مكناس","ايفران","تكريكرة","1444","22747","PI","حدو واعلي ازورار","85088"
"فاس- مكناس","ايفران","تكريكرة","1444","22755","PJD","المكي اعميري","34426"
"فاس- مكناس","ايفران","تكريكرة","1444","22756","MP","الحسين حمداوي","68860"
"فاس- مكناس","ايفران","تكريكرة","1444","22756","MP","كنزة سمراني","68897"
"فاس- مكناس","ايفران","تكريكرة","1444","22752","PPS","رضوان بنعدجو","76923"
"فاس- مكناس","ايفران","تمحضيت","1450","22832","RNI","محمد وقيدة","66796"
"فاس- مكناس","ايفران","تمحضيت","1450","22832","RNI","العزيزة حداوي","66668"
"فاس- مكناس","ايفران","تمحضيت","1450","22840","RNI","لحسن ململوش","36702"
"فاس- مكناس","ايفران","تمحضيت","1450","22839","RNI","موحى وبوعزة حموجان","101590"
"فاس- مكناس","ايفران","تمحضيت","1450","22834","RNI","امبارك مرواني","66392"
"فاس- مكناس","ايفران","تمحضيت","1450","22837","RNI","محى مفيدي","66178"
"فاس- مكناس","ايفران","تمحضيت","1450","22835","PAM","عبد الله وحدة","99607"
"فاس- مكناس","ايفران","تمحضيت","1450","22844","PAM","محمد وحدة","99512"
"فاس- مكناس","ايفران","تمحضيت","1450","22836","PI","موحى عرجوني","66551"
"فاس- مكناس","ايفران","تمحضيت","1450","22836","PI","رابحة كنيزي","66224"
"فاس- مكناس","ايفران","تمحضيت","1450","22842","PI","ادريس باوحماد","86280"
"فاس- مكناس","ايفران","تمحضيت","1450","22842","PI","مريم  علاوي ","86330"
"فاس- مكناس","ايفران","تمحضيت","1450","22843","P Al Ahd Addimocrati","ميمون اقشتول","47406"
"فاس- مكناس","ايفران","تمحضيت","1450","22843","P Al Ahd Addimocrati","يامنة وحود","47328"
"فاس- مكناس","ايفران","تمحضيت","1450","22833","P Al Ahd Addimocrati","يونس وبجة","47239"
"فاس- مكناس","ايفران","تمحضيت","1450","22838","PJD","محمد سمعاني","47756"
"فاس- مكناس","ايفران","تمحضيت","1450","22841","UC","فريد مساوي","82534"
"فاس- مكناس","ايفران","سيدي المخفي","1221","25633","PI","موحى  معمو ","58210"
"فاس- مكناس","ايفران","سيدي المخفي","1221","19275","PI","رشيد الحمدي العلوي","81611"
"فاس- مكناس","ايفران","سيدي المخفي","1221","19275","PI","حنان العلام","81642"
"فاس- مكناس","ايفران","سيدي المخفي","1221","25635","PI","محمد بن زايد","13309"
"فاس- مكناس","ايفران","سيدي المخفي","1221","19276","PI","بوجمعة تنتيم","6808"
"فاس- مكناس","ايفران","سيدي المخفي","1221","19285","PI","محمد اوحجا ","37881"
"فاس- مكناس","ايفران","سيدي المخفي","1221","25634","RNI","المصطفى عصيم","37790"
"فاس- مكناس","ايفران","سيدي المخفي","1221","25634","RNI","سعاد عليوي","37821"
"فاس- مكناس","ايفران","سيدي المخفي","1221","25638","RNI","محمد دمامي","48689"
"فاس- مكناس","ايفران","سيدي المخفي","1221","25638","RNI","بديعة ابراهيمي","48727"
"فاس- مكناس","ايفران","سيدي المخفي","1221","19289","RNI","محمد العسري","48180"
"فاس- مكناس","ايفران","سيدي المخفي","1221","19288","RNI","محمد عثماني","24257"
"فاس- مكناس","ايفران","سيدي المخفي","1221","19277","RNI","جمال دادي","67070"
"فاس- مكناس","ايفران","سيدي المخفي","1221","25632","MP","عزيز عناسي","58118"
"فاس- مكناس","ايفران","سيدي المخفي","1221","25636","MP","ادريس اعوالي","60416"
"فاس- مكناس","ايفران","سيدي المخفي","1221","25637","MP","حسن اغشوي","60569"
"فاس- مكناس","ايفران","سيدي المخفي","1221","19286","MP","محمد عبيد","44389"
"فاس- مكناس","ايفران","سيدي المخفي","1221","19287","MP","محمد وغنو","64258"
"فاس- مكناس","ايفران","سيدي المخفي","1221","19284","PJD","محمد حدوني","64465"
"فاس- مكناس","ايفران","سيدي المخفي","1221","19283","PJD","محمد ايت بولعلام","38931"
"فاس- مكناس","ايفران","سيدي المخفي","1221","19281","PJD","خليد يزيدي","37487"
"فاس- مكناس","ايفران","سيدي المخفي","1221","19282","PJD","بوشرى عياش","101785"
"فاس- مكناس","ايفران","سيدي المخفي","1221","19279","PJD","ميمون  بوخاري ","37455"
"فاس- مكناس","ايفران","سيدي المخفي","1221","19280","PPS","وعلي بوزيان","29522"
"فاس- مكناس","ايفران","سيدي المخفي","1221","19278","PPS","ساعيد عبيدي","63591"
"فاس- مكناس","ايفران","سيدي المخفي","1221","19278","PPS","فاطمة احاجة","63629"
"فاس- مكناس","ايفران","سيدي المخفي","1221","25639","PAM","عزيز هادي","67280"
"فاس- مكناس","ايفران","ضاية عوا","462","7176","PPS","محمد والطالب","101363"
"فاس- مكناس","ايفران","ضاية عوا","462","7176","PPS","يطو قزي","101111"
"فاس- مكناس","ايفران","ضاية عوا","462","7177","PPS","ادريس يحيا","13584"
"فاس- مكناس","ايفران","ضاية عوا","462","7178","PPS"," الحسين بوضار","17532"
"فاس- مكناس","ايفران","ضاية عوا","462","7178","PPS","عائشة  خجو","17583"
"فاس- مكناس","ايفران","ضاية عوا","462","7179","PPS","سعيد اجعواني","13606"
"فاس- مكناس","ايفران","ضاية عوا","462","7179","PPS","فطومة اجداد","13625"
"فاس- مكناس","ايفران","ضاية عوا","462","7180","PPS","محمد بنعبي","43624"
"فاس- مكناس","ايفران","ضاية عوا","462","7180","PPS","فطومة ابوعو","43667"
"فاس- مكناس","ايفران","ضاية عوا","462","7183","PPS","سعيد بوحنة","43814"
"فاس- مكناس","ايفران","ضاية عوا","462","7184","PPS","محمد قلوش","44010"
"فاس- مكناس","ايفران","ضاية عوا","462","25628","PPS","محمد الهواري","60732"
"فاس- مكناس","ايفران","ضاية عوا","462","7181","PAM","عبد القادر مدوارى","6419"
"فاس- مكناس","ايفران","ضاية عوا","462","25629","PAM","لحسن اسعيد","45298"
"فاس- مكناس","ايفران","ضاية عوا","462","7182","PJD","محمد يوسفي","60264"
"فاس- مكناس","ايفران","ضاية عوا","462","7186","PJD","حميد  اشطوان ","101180"
"فاس- مكناس","ايفران","ضاية عوا","462","7185","MP","محمد جبار","78398"
"فاس- مكناس","ايفران","عين اللوح","55","803","MP","حمو اوحلي","48393"
"فاس- مكناس","ايفران","عين اللوح","55","803","MP","سعاد السدادي","48450"
"فاس- مكناس","ايفران","عين اللوح","55","806","MP","صادق اعماري","102233"
"فاس- مكناس","ايفران","عين اللوح","55","806","MP","فاطمة هموشي","102530"
"فاس- مكناس","ايفران","عين اللوح","55","796","MP","الحسن زاقا","47833"
"فاس- مكناس","ايفران","عين اللوح","55","807","MP","محمد  ميموني","103689"
"فاس- مكناس","ايفران","عين اللوح","55","799","MP","محمد موبارك","102087"
"فاس- مكناس","ايفران","عين اللوح","55","800","MP","حدو  زايدي ","104250"
"فاس- مكناس","ايفران","عين اللوح","55","795","PI","محمد باحسين","64639"
"فاس- مكناس","ايفران","عين اللوح","55","795","PI","تورية زريف","64710"
"فاس- مكناس","ايفران","عين اللوح","55","797","PI","محمد بويملال","48755"
"فاس- مكناس","ايفران","عين اللوح","55","805","USFP","جمال ملالى","13438"
"فاس- مكناس","ايفران","عين اللوح","55","805","USFP","زكية بوعصيم","13493"
"فاس- مكناس","ايفران","عين اللوح","55","804","USFP","عبد المومن عمي ادريس","84278"
"فاس- مكناس","ايفران","عين اللوح","55","801","RNI","بلعيد باحوس","65049"
"فاس- مكناس","ايفران","عين اللوح","55","802","RNI","الحسين علاوي","48711"
"فاس- مكناس","ايفران","عين اللوح","55","798","PAM","محمد هوات","84115"
"فاس- مكناس","ايفران","واد إفران","953","15079","MP","وبناصر خرموشي","49012"
"فاس- مكناس","ايفران","واد إفران","953","15079","MP","فاطمة جاوي","49113"
"فاس- مكناس","ايفران","واد إفران","953","15075","MP","حميد وسكور","24108"
"فاس- مكناس","ايفران","واد إفران","953","15075","MP","فاطمة عرباوي","24137"
"فاس- مكناس","ايفران","واد إفران","953","15071","MP","بن يوسف الياسي","6496"
"فاس- مكناس","ايفران","واد إفران","953","15077","MP","محمد غانم","47700"
"فاس- مكناس","ايفران","واد إفران","953","15078","MP","الغازي اباراو","100624"
"فاس- مكناس","ايفران","واد إفران","953","15074","MP","موحى كوش","35876"
"فاس- مكناس","ايفران","واد إفران","953","15068","RNI","مهدي حفصي","79064"
"فاس- مكناس","ايفران","واد إفران","953","15068","RNI","حسناء حداوي","79091"
"فاس- مكناس","ايفران","واد إفران","953","15072","RNI","حسن بلقاسم","63476"
"فاس- مكناس","ايفران","واد إفران","953","15073","RNI","اسماعيل زهراوي","34643"
"فاس- مكناس","ايفران","واد إفران","953","15067","USFP","هيشام لعروسي","47606"
"فاس- مكناس","ايفران","واد إفران","953","15067","USFP","حبيبة بوخرواعة","47656"
"فاس- مكناس","ايفران","واد إفران","953","15069","USFP","سعيد كريم","47815"
"فاس- مكناس","ايفران","واد إفران","953","15070","USFP","المهدي فخيم الامراني","47859"
"فاس- مكناس","ايفران","واد إفران","953","15076","PAM","باخيي  ناصيري ","100749"
"فاس- مكناس","بولمان","أوطاط الحاج","1072","16860","RNI","محمد لمو","67684"
"فاس- مكناس","بولمان","أوطاط الحاج","1072","16860","RNI","عائشة  لخليلي ","67747"
"فاس- مكناس","بولمان","أوطاط الحاج","1072","16862","RNI","مولاي عبد العزيز الحافضي العلوي","1244"
"فاس- مكناس","بولمان","أوطاط الحاج","1072","16862","RNI","لطيفة الحمومي","1251"
"فاس- مكناس","بولمان","أوطاط الحاج","1072","25412","RNI","احمد لمسلك","1267"
"فاس- مكناس","بولمان","أوطاط الحاج","1072","16866","RNI","محمد لمغاري","49253"
"فاس- مكناس","بولمان","أوطاط الحاج","1072","16866","RNI","فريدة هرموش","49317"
"فاس- مكناس","بولمان","أوطاط الحاج","1072","16859","RNI","ابراهيم اهريوي","3711"
"فاس- مكناس","بولمان","أوطاط الحاج","1072","27233","RNI","حمو اوعلي بونني","49621"
"فاس- مكناس","بولمان","أوطاط الحاج","1072","27229","RNI","احمد لحلو","29474"
"فاس- مكناس","بولمان","أوطاط الحاج","1072","16865","RNI","محمد ايت عمي هدي","49192"
"فاس- مكناس","بولمان","أوطاط الحاج","1072","16856","RNI","محمد اصويلح","10632"
"فاس- مكناس","بولمان","أوطاط الحاج","1072","16857","RNI","ادريس البراك","4397"
"فاس- مكناس","بولمان","أوطاط الحاج","1072","27228","PSU","احمد دحماني","12368"
"فاس- مكناس","بولمان","أوطاط الحاج","1072","16858","PSU","امحمد الحاجي","3673"
"فاس- مكناس","بولمان","أوطاط الحاج","1072","27230","PSU","عبد القادر كمو","3654"
"فاس- مكناس","بولمان","أوطاط الحاج","1072","27231","PSU","سفيان سهلي","53379"
"فاس- مكناس","بولمان","أوطاط الحاج","1072","16863","PSU","علي اقبابو","37811"
"فاس- مكناس","بولمان","أوطاط الحاج","1072","25413","PSU","سيدي محمد ادرغيل","69012"
"فاس- مكناس","بولمان","أوطاط الحاج","1072","27226","MP","محمد حمزة","10635"
"فاس- مكناس","بولمان","أوطاط الحاج","1072","27227","MP","محمد بكري","29377"
"فاس- مكناس","بولمان","أوطاط الحاج","1072","16867","FFD","محمد بنسعاد","49875"
"فاس- مكناس","بولمان","أوطاط الحاج","1072","27232","FFD","محمد يوسي","49687"
"فاس- مكناس","بولمان","أوطاط الحاج","1072","16864","PJD","محمد المحروك","25712"
"فاس- مكناس","بولمان","أوطاط الحاج","1072","16864","PJD","مريم ليتيم","25725"
"فاس- مكناس","بولمان","أوطاط الحاج","1072","16861","USFP","عبد القادر الزاوري","10647"
"فاس- مكناس","بولمان","أوطاط الحاج","1072","16868","USFP","محمد تيمي","68116"
"فاس- مكناس","بولمان","أولاد علي يوسف","981","15508","PAM","امحمد بهدي","34364"
"فاس- مكناس","بولمان","أولاد علي يوسف","981","15508","PAM","اكرام الطاهري","34374"
"فاس- مكناس","بولمان","أولاد علي يوسف","981","15499","PAM","علي قربيش","45563"
"فاس- مكناس","بولمان","أولاد علي يوسف","981","15499","PAM","جهاد قربيش","45576"
"فاس- مكناس","بولمان","أولاد علي يوسف","981","15503","PAM","علي اكاوي","65847"
"فاس- مكناس","بولمان","أولاد علي يوسف","981","15507","PAM","محمد اقبلي","30346"
"فاس- مكناس","بولمان","أولاد علي يوسف","981","15507","PAM","عائشة عملي","30363"
"فاس- مكناس","بولمان","أولاد علي يوسف","981","15501","PAM","محمد بوخموين","30194"
"فاس- مكناس","بولمان","أولاد علي يوسف","981","15509","PAM","علي تيرسين","66016"
"فاس- مكناس","بولمان","أولاد علي يوسف","981","15504","MP","بلقسم تفرنين","102287"
"فاس- مكناس","بولمان","أولاد علي يوسف","981","15505","MP","محمد بختري","66893"
"فاس- مكناس","بولمان","أولاد علي يوسف","981","15506","MP","ميمون اجرت","45640"
"فاس- مكناس","بولمان","أولاد علي يوسف","981","15502","MP","حدين تمورت","65745"
"فاس- مكناس","بولمان","أولاد علي يوسف","981","15502","MP","فاطمة تمورت","65777"
"فاس- مكناس","بولمان","أولاد علي يوسف","981","15500","MP","عبد الله مزار","17514"
"فاس- مكناس","بولمان","آيت المان","113","1637","PAM","محمد اوعقى افتيس","13008"
"فاس- مكناس","بولمان","آيت المان","113","1637","PAM","مريم حماموش","26161"
"فاس- مكناس","بولمان","آيت المان","113","1646","PAM","ادريس عزوز","13035"
"فاس- مكناس","بولمان","آيت المان","113","1646","PAM","رقية بن زيدان","26154"
"فاس- مكناس","بولمان","آيت المان","113","1639","PAM","  محمد  برحو","77533"
"فاس- مكناس","بولمان","آيت المان","113","1645","PAM","محمد حاجي","101750"
"فاس- مكناس","بولمان","آيت المان","113","1644","PAM","عبد النبي جحا","77864"
"فاس- مكناس","بولمان","آيت المان","113","1647","PAM","محمد ادمر","102005"
"فاس- مكناس","بولمان","آيت المان","113","1638","MP","احمد السغيار","77316"
"فاس- مكناس","بولمان","آيت المان","113","1638","MP","زهرة بن حمدان","77374"
"فاس- مكناس","بولمان","آيت المان","113","1643","MP","عمر اوعقى افلو","38474"
"فاس- مكناس","بولمان","آيت المان","113","1641","PI","عقى شعو","101199"
"فاس- مكناس","بولمان","آيت المان","113","1641","PI","تشفة بركراك","101317"
"فاس- مكناس","بولمان","آيت المان","113","1640","PI","ميمون فود","38442"
"فاس- مكناس","بولمان","آيت المان","113","1642","PI","حسن السباعي","101528"
"فاس- مكناس","بولمان","آيت بازة","101","1506","MP","امحمد أعبيد","25917"
"فاس- مكناس","بولمان","آيت بازة","101","1506","MP","زهراء عاشور","25984"
"فاس- مكناس","بولمان","آيت بازة","101","1499","MP","محمد اهروش","30500"
"فاس- مكناس","بولمان","آيت بازة","101","1499","MP","نهيد صالح","30529"
"فاس- مكناس","بولمان","آيت بازة","101","1505","MP","سعيد المعطي","30436"
"فاس- مكناس","بولمان","آيت بازة","101","1505","MP","فاطمة  الزروالي ","30449"
"فاس- مكناس","بولمان","آيت بازة","101","1507","MP","عزيز  مومني","76787"
"فاس- مكناس","بولمان","آيت بازة","101","1507","MP","خديجة شرو","76833"
"فاس- مكناس","بولمان","آيت بازة","101","1508","MP","سعيد الصابر","94360"
"فاس- مكناس","بولمان","آيت بازة","101","1509","MP","مصطفى ايشن","77981"
"فاس- مكناس","بولمان","آيت بازة","101","1501","MP","سعيد اسبعي","78090"
"فاس- مكناس","بولمان","آيت بازة","101","1502","PAM","محمد اشبور","78141"
"فاس- مكناس","بولمان","آيت بازة","101","1500","PAM","محمد حركاتي ","76724"
"فاس- مكناس","بولمان","آيت بازة","101","1503","PAM","هشام اجظيظ","78181"
"فاس- مكناس","بولمان","آيت بازة","101","1504","PAM","لحسن المخليصي","78568"
"فاس- مكناس","بولمان","إيموزار مرموشة","649","10173","MP","لحسن متوكل","35884"
"فاس- مكناس","بولمان","إيموزار مرموشة","649","10173","MP","زهرة سعيد","35907"
"فاس- مكناس","بولمان","إيموزار مرموشة","649","10175","MP","محمد خشي","77712"
"فاس- مكناس","بولمان","إيموزار مرموشة","649","10175","MP","فاطمة اهروش","64595"
"فاس- مكناس","بولمان","إيموزار مرموشة","649","10170","MP","احمد رحيم","86749"
"فاس- مكناس","بولمان","إيموزار مرموشة","649","10170","MP","زهرة تقليت","86492"
"فاس- مكناس","بولمان","إيموزار مرموشة","649","10174","MP","لحسن احسيسين","93742"
"فاس- مكناس","بولمان","إيموزار مرموشة","649","10174","MP","سعاد كروش","93796"
"فاس- مكناس","بولمان","إيموزار مرموشة","649","10166","MP","عبد الرحيم عروش","101381"
"فاس- مكناس","بولمان","إيموزار مرموشة","649","10171","MP","محمد رزوق","64177"
"فاس- مكناس","بولمان","إيموزار مرموشة","649","10172","MP","لحسن العيادي","35632"
"فاس- مكناس","بولمان","إيموزار مرموشة","649","10167","MP","محمد موجب","94388"
"فاس- مكناس","بولمان","إيموزار مرموشة","649","10169","PAM","عبد اللطيف القشتول","17563"
"فاس- مكناس","بولمان","إيموزار مرموشة","649","10168","PAM","حسن منهوش","47733"
"فاس- مكناس","بولمان","إيموزار مرموشة","649","10165","PI","احمد اوجر","94346"
"فاس- مكناس","بولمان","افريطيسة","557","8771","PI","محمد بلحاجي","26039"
"فاس- مكناس","بولمان","افريطيسة","557","25402","PI","عبد العزيز  الطالب","33000"
"فاس- مكناس","بولمان","افريطيسة","557","8766","PI","عبد العالي البهاك","6923"
"فاس- مكناس","بولمان","افريطيسة","557","8782","PI","عزيز حمداوي","45627"
"فاس- مكناس","بولمان","افريطيسة","557","8777","PI","امحمد بن لطرش","47925"
"فاس- مكناس","بولمان","افريطيسة","557","25403","PI","رشيد بلمكي","26075"
"فاس- مكناس","بولمان","افريطيسة","557","8765","PI","محمد  المحجوبي ","115171"
"فاس- مكناس","بولمان","افريطيسة","557","8765","PI","لطيفة العسراوي","115333"
"فاس- مكناس","بولمان","افريطيسة","557","8763","PI","عزيز عثماني","17828"
"فاس- مكناس","بولمان","افريطيسة","557","8767","PI","احمد المحبوبي","26155"
"فاس- مكناس","بولمان","افريطيسة","557","8780","PI","محمد لفقيري","19936"
"فاس- مكناس","بولمان","افريطيسة","557","8775","PI","العربي المحجوبي","101643"
"فاس- مكناس","بولمان","افريطيسة","557","8769","RNI","عبد القادر بغدادي","24172"
"فاس- مكناس","بولمان","افريطيسة","557","8769","RNI","يامنة شعو","24197"
"فاس- مكناس","بولمان","افريطيسة","557","8778","RNI","الجلالي حلي","2837"
"فاس- مكناس","بولمان","افريطيسة","557","8761","RNI","علي العيساوي","26051"
"فاس- مكناس","بولمان","افريطيسة","557","8774","RNI","احمد اسلي","1184"
"فاس- مكناس","بولمان","افريطيسة","557","8762","RNI","محمد الفضلاوي","22803"
"فاس- مكناس","بولمان","افريطيسة","557","8783","RNI","علال محبوبي","35698"
"فاس- مكناس","بولمان","افريطيسة","557","8772","RNI","عبد الرحيم التهامي","2866"
"فاس- مكناس","بولمان","افريطيسة","557","8764","RNI","عبد القادر شركي","121003"
"فاس- مكناس","بولمان","افريطيسة","557","8768","RNI","عبد الله ملوكي","7022"
"فاس- مكناس","بولمان","افريطيسة","557","8779","PAM","محمد الخضر","33031"
"فاس- مكناس","بولمان","افريطيسة","557","8776","PAM","محمدين مزياني","34825"
"فاس- مكناس","بولمان","افريطيسة","557","8773","PSU","محمد قاسمي","68800"
"فاس- مكناس","بولمان","افريطيسة","557","8773","PSU","كريمة قاسمي","69261"
"فاس- مكناس","بولمان","افريطيسة","557","8781","PSU","محمد لعرج","10880"
"فاس- مكناس","بولمان","افريطيسة","557","8770","PSU","حميد بوكريني","65797"
"فاس- مكناس","بولمان","افريطيسة","557","8770","PSU","يامنة الدحماني","65897"
"فاس- مكناس","بولمان","الرميلة","522","8189","PSU","محمد شيبان","18122"
"فاس- مكناس","بولمان","الرميلة","522","8189","PSU","فاطنة بوزياني","18171"
"فاس- مكناس","بولمان","الرميلة","522","8188","PSU","مصطفى لفضيلي","48168"
"فاس- مكناس","بولمان","الرميلة","522","8188","PSU","زبيدة الحجام","48295"
"فاس- مكناس","بولمان","الرميلة","522","8182","PSU","محمد دحماني","67609"
"فاس- مكناس","بولمان","الرميلة","522","8190","PSU","فواد لمغاري","3036"
"فاس- مكناس","بولمان","الرميلة","522","27224","PI","احمد  عبد للوي","67930"
"فاس- مكناس","بولمان","الرميلة","522","27225","PI","عزيز مزيغ","67993"
"فاس- مكناس","بولمان","الرميلة","522","8183","PJD","عبد الالاه شادلي","92762"
"فاس- مكناس","بولمان","الرميلة","522","8183","PJD","خديجة محجوبي","92796"
"فاس- مكناس","بولمان","الرميلة","522","8184","PJD","عبد الكريم الصديق","92945"
"فاس- مكناس","بولمان","الرميلة","522","8184","PJD","حياة عسو","93273"
"فاس- مكناس","بولمان","الرميلة","522","8180","USFP","قاسم  سهلي ","36160"
"فاس- مكناس","بولمان","الرميلة","522","8181","USFP","لحسن الزاوري","7139"
"فاس- مكناس","بولمان","الرميلة","522","8185","USFP","لكبير الرحماوي","36872"
"فاس- مكناس","بولمان","الرميلة","522","8186","PAM","احمد موساوي","10762"
"فاس- مكناس","بولمان","الرميلة","522","8187","FFD","محمد الحجام","17628"
"فاس- مكناس","بولمان","العرجان","513","8041","PAM","ابراهيم الشليح","30086"
"فاس- مكناس","بولمان","العرجان","513","8041","PAM","محجوبة لهزيل","30110"
"فاس- مكناس","بولمان","العرجان","513","8038","PAM","محمد  لعرج","30193"
"فاس- مكناس","بولمان","العرجان","513","25401","PAM","الشريف  كعبوش ","66344"
"فاس- مكناس","بولمان","العرجان","513","8040","PAM","محمد الشهيلي","30222"
"فاس- مكناس","بولمان","العرجان","513","8035","PAM","عبد العزيز محجوبي","30163"
"فاس- مكناس","بولمان","العرجان","513","8037","PAM","عبد الله حاديني","37261"
"فاس- مكناس","بولمان","العرجان","513","8032","PI","محمد الطهري","25648"
"فاس- مكناس","بولمان","العرجان","513","8032","PI","ابتسام سليماني","25671"
"فاس- مكناس","بولمان","العرجان","513","8034","PI","عبد القادر  منصوري ","29906"
"فاس- مكناس","بولمان","العرجان","513","8034","PI","نجوى منصوري ","29982"
"فاس- مكناس","بولمان","العرجان","513","8031","PI","الطيب  بن حمو","10638"
"فاس- مكناس","بولمان","العرجان","513","8033","PI","احمد اعراب","10686"
"فاس- مكناس","بولمان","العرجان","513","25400","PI","محمد الدرقاوي","7442"
"فاس- مكناس","بولمان","العرجان","513","8039","PJD","ابراهيم بعبو","37088"
"فاس- مكناس","بولمان","العرجان","513","8039","PJD","الزهراء ناجي","37149"
"فاس- مكناس","بولمان","العرجان","513","8036","PJD","محمد ربيع","11090"
"فاس- مكناس","بولمان","القصابي - ملوية","727","11450","MP","احمد قاسمي","18242"
"فاس- مكناس","بولمان","القصابي - ملوية","727","11450","MP","غزلان اصلع","18283"
"فاس- مكناس","بولمان","القصابي - ملوية","727","11445","MP","لحسن بولعلام","51133"
"فاس- مكناس","بولمان","القصابي - ملوية","727","11439","MP","علال عقل","61634"
"فاس- مكناس","بولمان","القصابي - ملوية","727","11440","MP","عبد الرحمان كراط","117871"
"فاس- مكناس","بولمان","القصابي - ملوية","727","11444","MP","علي عباسي","18365"
"فاس- مكناس","بولمان","القصابي - ملوية","727","11443","MP","محمد بوداني","10673"
"فاس- مكناس","بولمان","القصابي - ملوية","727","11441","MP","عبد الرحمان كزة","35305"
"فاس- مكناس","بولمان","القصابي - ملوية","727","11441","MP","نورة العبادي","35335"
"فاس- مكناس","بولمان","القصابي - ملوية","727","11447","MP","عبد الله المرابطي","117615"
"فاس- مكناس","بولمان","القصابي - ملوية","727","11451","PJD","لحسن بن العربي","22915"
"فاس- مكناس","بولمان","القصابي - ملوية","727","11451","PJD","مريم  لحبيبي","22924"
"فاس- مكناس","بولمان","القصابي - ملوية","727","11448","PJD","المهدي درقاوي","63290"
"فاس- مكناس","بولمان","القصابي - ملوية","727","11442","PJD","الهاشمي بوعبيدي","7387"
"فاس- مكناس","بولمان","القصابي - ملوية","727","11446","PJD","لحسن بويسيلة","71464"
"فاس- مكناس","بولمان","القصابي - ملوية","727","11449","PAM","عبد الله أعزوزو","50915"
"فاس- مكناس","بولمان","القصابي - ملوية","727","11449","PAM","فوزية  جعجاعني","50961"
"فاس- مكناس","بولمان","المرس","512","8023","PAM","محمد بومايس","49256"
"فاس- مكناس","بولمان","المرس","512","8023","PAM","حياة اضرضور","49345"
"فاس- مكناس","بولمان","المرس","512","8025","PAM","الحسين ازكاغ والن","115432"
"فاس- مكناس","بولمان","المرس","512","8028","PAM","لحسن اوالطالب","34387"
"فاس- مكناس","بولمان","المرس","512","8029","MP","محمد اومغار","115922"
"فاس- مكناس","بولمان","المرس","512","8024","MP","محمد  اوخليفة ","34459"
"فاس- مكناس","بولمان","المرس","512","8027","MP","حسن اشياخ","45706"
"فاس- مكناس","بولمان","المرس","512","8022","MP","رحو ساكا","113999"
"فاس- مكناس","بولمان","المرس","512","8026","PJD","الحسين اوعقى","68809"
"فاس- مكناس","بولمان","المرس","512","8026","PJD","امينة امجران","68937"
"فاس- مكناس","بولمان","المرس","512","8030","PJD","مصطفى امقران","34402"
"فاس- مكناس","بولمان","المرس","512","8030","PJD","نعيمة  اوبابا ","34406"
"فاس- مكناس","بولمان","المرس","512","8020","PJD","محمد العمراني","116586"
"فاس- مكناس","بولمان","المرس","512","8020","PJD","امينة اهادي","116843"
"فاس- مكناس","بولمان","المرس","512","8021","PI","عبد الله اوالباشا","45658"
"فاس- مكناس","بولمان","الميس مرموشة","195","2884","MP","علي اخلف","114947"
"فاس- مكناس","بولمان","الميس مرموشة","195","2884","MP","رشيدة اخموش","115212"
"فاس- مكناس","بولمان","الميس مرموشة","195","2880","MP","ادريس بوبكر","99725"
"فاس- مكناس","بولمان","الميس مرموشة","195","2880","MP","عائشة فاضل","99776"
"فاس- مكناس","بولمان","الميس مرموشة","195","2885","MP","الحسين الوافي","94750"
"فاس- مكناس","بولمان","الميس مرموشة","195","2879","MP","مصطفى برنان ","99241"
"فاس- مكناس","بولمان","الميس مرموشة","195","2881","MP","محمد اعبابوش","38196"
"فاس- مكناس","بولمان","الميس مرموشة","195","2883","MP","الحسين لعكوبي","126329"
"فاس- مكناس","بولمان","الميس مرموشة","195","2877","PAM","سعيد  ورغي ","38078"
"فاس- مكناس","بولمان","الميس مرموشة","195","2877","PAM","سومية  الورغي","38130"
"فاس- مكناس","بولمان","الميس مرموشة","195","2886","PAM","ميمون  سرار","94824"
"فاس- مكناس","بولمان","الميس مرموشة","195","2887","PAM","محمد اجدير","94855"
"فاس- مكناس","بولمان","الميس مرموشة","195","2878","PSU","المصطفى  حركات","116598"
"فاس- مكناس","بولمان","الميس مرموشة","195","2878","PSU","فاطمة الصادقي","116781"
"فاس- مكناس","بولمان","الميس مرموشة","195","2882","PI","سعيد ابناي","77064"
"فاس- مكناس","بولمان","انجيل","518","8140","PAM","لكبير امرار","85436"
"فاس- مكناس","بولمان","انجيل","518","8140","PAM","عزيزة املال","85531"
"فاس- مكناس","بولمان","انجيل","518","8131","PAM","هشام بويدرى","77903"
"فاس- مكناس","بولمان","انجيل","518","8136","PAM","مولاي الحسن عبيدي","78409"
"فاس- مكناس","بولمان","انجيل","518","8130","PAM","عبد المجيد ياسين","77852"
"فاس- مكناس","بولمان","انجيل","518","8128","MP","الحسين بنهمي","77645"
"فاس- مكناس","بولمان","انجيل","518","8128","MP","حفيظة رماني","77685"
"فاس- مكناس","بولمان","انجيل","518","8139","MP","الحسين عبوش","85257"
"فاس- مكناس","بولمان","انجيل","518","8132","MP","حسان حمي","22837"
"فاس- مكناس","بولمان","انجيل","518","8135","MP","سعيد مناع","53264"
"فاس- مكناس","بولمان","انجيل","518","8134","MP","يسين بن اعمر","53592"
"فاس- مكناس","بولمان","انجيل","518","8137","PI","مولاي عبد الله بنصر","22858"
"فاس- مكناس","بولمان","انجيل","518","8137","PI","يامنة ابوش","22871"
"فاس- مكناس","بولمان","انجيل","518","8129","PI","الحسين لمنعي","77732"
"فاس- مكناس","بولمان","انجيل","518","8133","PJD","لحسن عقلي","87980"
"فاس- مكناس","بولمان","انجيل","518","8133","PJD","سعيدة  عقلي","88041"
"فاس- مكناس","بولمان","انجيل","518","8138","PPS","حمو اخنيك","87636"
"فاس- مكناس","بولمان","بولمان","406","6306","PAM","الحسين ميموني","64978"
"فاس- مكناس","بولمان","بولمان","406","6306","PAM","حنان لعفو","65046"
"فاس- مكناس","بولمان","بولمان","406","6301","PAM","عزيز الشادلي","64244"
"فاس- مكناس","بولمان","بولمان","406","6304","PAM","محمد امهاوش","65976"
"فاس- مكناس","بولمان","بولمان","406","6304","PAM","فاطمة العمراني","66014"
"فاس- مكناس","بولمان","بولمان","406","6298","PAM","حسن كاسم","50177"
"فاس- مكناس","بولمان","بولمان","406","6303","PAM","عبد الله الرقاسي","95186"
"فاس- مكناس","بولمان","بولمان","406","6303","PAM","فاطمة اشطوان","95212"
"فاس- مكناس","بولمان","بولمان","406","6300","PAM","  حسن  حاجي","64370"
"فاس- مكناس","بولمان","بولمان","406","6305","MP","محمد اعاس الحرار","47809"
"فاس- مكناس","بولمان","بولمان","406","6305","MP","فاطمة الحاج","47865"
"فاس- مكناس","بولمان","بولمان","406","6299","MP","سعيد تغروت","26169"
"فاس- مكناس","بولمان","بولمان","406","6307","MP","لحسن كريش","50108"
"فاس- مكناس","بولمان","بولمان","406","6302","RNI","مولاي عبد الواحد عبيدي","30058"
"فاس- مكناس","بولمان","بولمان","406","6308","RNI","سيدي حسن ابو القاسم","95132"
"فاس- مكناس","بولمان","تالزمت","1354","21338","PAM","ادريس مزي","77246"
"فاس- مكناس","بولمان","تالزمت","1354","21338","PAM","عائشة الحسناوي","77301"
"فاس- مكناس","بولمان","تالزمت","1354","21340","PAM","الحسين اوعياض","8764"
"فاس- مكناس","بولمان","تالزمت","1354","21340","PAM","الهام بوهلال","26175"
"فاس- مكناس","بولمان","تالزمت","1354","21342","PAM","لحسن احسايني","77538"
"فاس- مكناس","بولمان","تالزمت","1354","21342","PAM","صفية اويحيى","77597"
"فاس- مكناس","بولمان","تالزمت","1354","21336","PAM","علي فاتح","77147"
"فاس- مكناس","بولمان","تالزمت","1354","21336","PAM","يامنة  عزيز","77202"
"فاس- مكناس","بولمان","تالزمت","1354","21341","PAM","لحسن خلوقي","18646"
"فاس- مكناس","بولمان","تالزمت","1354","21332","PAM","احمد شوكي","12827"
"فاس- مكناس","بولمان","تالزمت","1354","21339","PAM","عسو الملودي","4483"
"فاس- مكناس","بولمان","تالزمت","1354","21337","PAM","عبد الكريم كمون","4498"
"فاس- مكناس","بولمان","تالزمت","1354","21333","MP","فاطمة اسكور المحرزي الادريسي","77057"
"فاس- مكناس","بولمان","تالزمت","1354","21335","PI","الحسين مرياني","38521"
"فاس- مكناس","بولمان","تالزمت","1354","21334","PI","سعيد اضرضور","30297"
"فاس- مكناس","بولمان","تيساف","1470","23089","PPS","الحسين الشارفي","30033"
"فاس- مكناس","بولمان","تيساف","1470","23086","PPS","قدور  زنودي","123259"
"فاس- مكناس","بولمان","تيساف","1470","23086","PPS","سعيدة زنودي","123308"
"فاس- مكناس","بولمان","تيساف","1470","23087","PPS","الميلود الادريسي","36644"
"فاس- مكناس","بولمان","تيساف","1470","23083","PPS","الحاج عامرون","17918"
"فاس- مكناس","بولمان","تيساف","1470","23090","PPS","زروال الزياني","70506"
"فاس- مكناس","بولمان","تيساف","1470","25414","RNI","موحى واعلي لعبيدي","36078"
"فاس- مكناس","بولمان","تيساف","1470","25414","RNI","يامنة احسين","36104"
"فاس- مكناس","بولمان","تيساف","1470","25415","RNI","لخضر شقوري","94717"
"فاس- مكناس","بولمان","تيساف","1470","23085","RNI","عبد القادر  بشتاوي","36820"
"فاس- مكناس","بولمان","تيساف","1470","23084","RNI","ولد علي احميدوش","36207"
"فاس- مكناس","بولمان","تيساف","1470","23091","PSU","كرشال بنعاشور","94798"
"فاس- مكناس","بولمان","تيساف","1470","23091","PSU","فاطمة الادريسي","94818"
"فاس- مكناس","بولمان","تيساف","1470","23092","PSU","لصلع شملال","47665"
"فاس- مكناس","بولمان","تيساف","1470","23088","MP","محمد الادريسي","18035"
"فاس- مكناس","بولمان","تيساف","1470","23082","PJD","بنعلي الادريسي","36257"
"فاس- مكناس","بولمان","تيساف","1470","23082","PJD","فاطمة الزهراء بشتاوي","36291"
"فاس- مكناس","بولمان","سرغينة","1138","18004","PAM","اعمر احداف","39121"
"فاس- مكناس","بولمان","سرغينة","1138","18004","PAM","قمار ملوكي","39167"
"فاس- مكناس","بولمان","سرغينة","1138","18007","PAM","محمد زاهي","39305"
"فاس- مكناس","بولمان","سرغينة","1138","18002","PAM","عبد القادر مللوكي","39364"
"فاس- مكناس","بولمان","سرغينة","1138","18002","PAM","سعيدة ملوكي","39432"
"فاس- مكناس","بولمان","سرغينة","1138","18001","PAM","لحسن ناجحي","39146"
"فاس- مكناس","بولمان","سرغينة","1138","18003","PAM","علي موجان","6976"
"فاس- مكناس","بولمان","سرغينة","1138","18008","PAM","محمد نبيل","39068"
"فاس- مكناس","بولمان","سرغينة","1138","18009","MP","محمد بودين","53430"
"فاس- مكناس","بولمان","سرغينة","1138","18010","MP","سعيد باري","11905"
"فاس- مكناس","بولمان","سرغينة","1138","18006","MP","الحسين  المقدم","7533"
"فاس- مكناس","بولمان","سرغينة","1138","18005","PI","المصطفى محميح","53304"
"فاس- مكناس","بولمان","سرغينة","1138","18005","PI","عائشة الباجي","53326"
"فاس- مكناس","بولمان","سرغينة","1138","18000","USFP","محمد اوراغ","87245"
"فاس- مكناس","بولمان","سرغينة","1138","18000","USFP","عائشة امسغرو","87392"
"فاس- مكناس","بولمان","سكورة - مداز","1288","20395","PJD","محمد البويلولي","116975"
"فاس- مكناس","بولمان","سكورة - مداز","1288","20395","PJD","رقية  تردوست","117152"
"فاس- مكناس","بولمان","سكورة - مداز","1288","20402","PJD","لحسن امنغلاز","100566"
"فاس- مكناس","بولمان","سكورة - مداز","1288","20402","PJD","يامنة بوحربة","100655"
"فاس- مكناس","بولمان","سكورة - مداز","1288","20405","PJD","احمد بويحلال","102025"
"فاس- مكناس","بولمان","سكورة - مداز","1288","20404","PJD","الحسين اجرضاون","49570"
"فاس- مكناس","بولمان","سكورة - مداز","1288","20406","PJD","اعلي العدناني","24644"
"فاس- مكناس","بولمان","سكورة - مداز","1288","20394","PAM","لحسن اقبوب","99175"
"فاس- مكناس","بولمان","سكورة - مداز","1288","20394","PAM","فطيمة الراشد","99257"
"فاس- مكناس","بولمان","سكورة - مداز","1288","20398","PAM","محمد بويصدان ","99717"
"فاس- مكناس","بولمان","سكورة - مداز","1288","20398","PAM","فتيحة بوافري","99761"
"فاس- مكناس","بولمان","سكورة - مداز","1288","20401","PAM","ملود العباس","114860"
"فاس- مكناس","بولمان","سكورة - مداز","1288","20396","PAM","ادريس نعزة","99590"
"فاس- مكناس","بولمان","سكورة - مداز","1288","20397","MP","لحسن ازلماد","68655"
"فاس- مكناس","بولمان","سكورة - مداز","1288","20400","MP","عبد القادر الزاوي السغروشني","86000"
"فاس- مكناس","بولمان","سكورة - مداز","1288","20399","PPS","اعلي الادريسي","62104"
"فاس- مكناس","بولمان","سكورة - مداز","1288","20403","RNI","عمر ابعلي","35990"
"فاس- مكناس","بولمان","سيدي بوطيب","1208","19081","CNI","محمد عساوي","86163"
"فاس- مكناس","بولمان","سيدي بوطيب","1208","19081","CNI","فتيحة الصغير","86314"
"فاس- مكناس","بولمان","سيدي بوطيب","1208","19084","CNI","عبد القادر بولعلام","66046"
"فاس- مكناس","بولمان","سيدي بوطيب","1208","19089","CNI","منير الغزوي","66106"
"فاس- مكناس","بولمان","سيدي بوطيب","1208","19089","CNI","فاطمة شاكري","66209"
"فاس- مكناس","بولمان","سيدي بوطيب","1208","19086","CNI","الطاهر الزين","34670"
"فاس- مكناس","بولمان","سيدي بوطيب","1208","19085","CNI","عبد القادر صغير","27647"
"فاس- مكناس","بولمان","سيدي بوطيب","1208","19080","CNI","الطيبي  برودي","87036"
"فاس- مكناس","بولمان","سيدي بوطيب","1208","19082","PAM","عبد المولى الحرشي","7407"
"فاس- مكناس","بولمان","سيدي بوطيب","1208","19090","PAM","علي  العايدي","117723"
"فاس- مكناس","بولمان","سيدي بوطيب","1208","19087","PAM","لحسن العماري","35539"
"فاس- مكناس","بولمان","سيدي بوطيب","1208","19092","PAM","محمد زروالي","62847"
"فاس- مكناس","بولمان","سيدي بوطيب","1208","19088","PPS","السي موح الصدقي","87666"
"فاس- مكناس","بولمان","سيدي بوطيب","1208","19088","PPS","مليكة الهلالي","87716"
"فاس- مكناس","بولمان","سيدي بوطيب","1208","19091","PI","احمد بركادي","19890"
"فاس- مكناس","بولمان","سيدي بوطيب","1208","19091","PI","رشيدة بوعرف","19911"
"فاس- مكناس","بولمان","سيدي بوطيب","1208","19083","PI","محمد اليحياوي","26013"
"فاس- مكناس","بولمان","كيكو","578","9113","MP","محمد شوكري","125028"
"فاس- مكناس","بولمان","كيكو","578","9119","MP","محمد الحيمر","126006"
"فاس- مكناس","بولمان","كيكو","578","9126","MP","رشيد شوكري","125958"
"فاس- مكناس","بولمان","كيكو","578","9116","MP","محمد شراي","66580"
"فاس- مكناس","بولمان","كيكو","578","9128","MP","محمد الكون","70668"
"فاس- مكناس","بولمان","كيكو","578","9125","MP","احمد احرشي","61524"
"فاس- مكناس","بولمان","كيكو","578","9121","MP","لحسن  حلمي ","100519"
"فاس- مكناس","بولمان","كيكو","578","9120","MP","عبد القادر الغزواني","126064"
"فاس- مكناس","بولمان","كيكو","578","9124","PJD","لحسن الشافعي","51358"
"فاس- مكناس","بولمان","كيكو","578","9124","PJD","نادية البهير","51424"
"فاس- مكناس","بولمان","كيكو","578","9118","PJD","عبد الله علوان","70354"
"فاس- مكناس","بولمان","كيكو","578","9118","PJD","زهرة  برحيوي","70292"
"فاس- مكناس","بولمان","كيكو","578","9127","PJD","الغازي اوشريف","125798"
"فاس- مكناس","بولمان","كيكو","578","9123","PJD","حسن اضرضور","70178"
"فاس- مكناس","بولمان","كيكو","578","9110","PJD","محمد الخياطي","50452"
"فاس- مكناس","بولمان","كيكو","578","9112","PAM","لحسن  بنعلي","125138"
"فاس- مكناس","بولمان","كيكو","578","9112","PAM","عائشة شليح","125219"
"فاس- مكناس","بولمان","كيكو","578","9114","PAM","محمد ابلغوش","100115"
"فاس- مكناس","بولمان","كيكو","578","9122","PAM","لحسن بوحنون","22818"
"فاس- مكناس","بولمان","كيكو","578","9117","PAM","لهبوب بنحمي","126110"
"فاس- مكناس","بولمان","كيكو","578","9115","PAM","المصطفى بنتيو","61466"
"فاس- مكناس","بولمان","كيكو","578","9111","PI","يوسف العياشي","37920"
"فاس- مكناس","بولمان","كيكو","578","9111","PI","فاطمة البحري","37708"
"فاس- مكناس","بولمان","كيكو","578","9106","PI","الحسين بويكدور","51242"
"فاس- مكناس","بولمان","كيكو","578","9108","RNI","مولاي امحمد الجرموني","36929"
"فاس- مكناس","بولمان","كيكو","578","9107","RNI","المصطفى المرضي","51086"
"فاس- مكناس","بولمان","كيكو","578","9109","PSU","محمد اوغجي","50565"
"فاس- مكناس","بولمان","ميسور","884","25409","PJD","حسن الفاضلي","7936"
"فاس- مكناس","بولمان","ميسور","884","25409","PJD","مليكة السبع","7957"
"فاس- مكناس","بولمان","ميسور","884","25410","PJD","محمد ازهار","3312"
"فاس- مكناس","بولمان","ميسور","884","25410","PJD","حبيبة بوعبيد","3334"
"فاس- مكناس","بولمان","ميسور","884","25408","PJD","محمد دريسي","3377"
"فاس- مكناس","بولمان","ميسور","884","25407","PJD","امحمد مامو","102478"
"فاس- مكناس","بولمان","ميسور","884","25407","PJD","حورية زهر","102574"
"فاس- مكناس","بولمان","ميسور","884","13957","PJD","عزيز خربوش","18777"
"فاس- مكناس","بولمان","ميسور","884","25411","PJD","محمد رمضان","26043"
"فاس- مكناس","بولمان","ميسور","884","13958","PJD","نور الدين بوعجاجي","7818"
"فاس- مكناس","بولمان","ميسور","884","13950","PJD","السي موح دديح","13294"
"فاس- مكناس","بولمان","ميسور","884","13950","PJD","كبيرة المفعوشي","13330"
"فاس- مكناس","بولمان","ميسور","884","13964","PJD","مصطفى بلفضيل","47282"
"فاس- مكناس","بولمان","ميسور","884","25406","PJD","محمد شطيطة","34422"
"فاس- مكناس","بولمان","ميسور","884","13963","PJD","عادل خشمان","7879"
"فاس- مكناس","بولمان","ميسور","884","13956","MP","عبد الكريم ملوكي","113562"
"فاس- مكناس","بولمان","ميسور","884","13962","MP","عزيز السبع","29292"
"فاس- مكناس","بولمان","ميسور","884","13959","MP","مصطفى بوعجاج","13419"
"فاس- مكناس","بولمان","ميسور","884","13952","MP","محمد عبد الهادي","89534"
"فاس- مكناس","بولمان","ميسور","884","13951","MP","محمد بنساسا","22396"
"فاس- مكناس","بولمان","ميسور","884","25405","MP","عبد العزيز مهاجر","89463"
"فاس- مكناس","بولمان","ميسور","884","13961","USFP","عبد القادر السنوسي","38073"
"فاس- مكناس","بولمان","ميسور","884","27235","USFP","بوطيب بولولاد","123887"
"فاس- مكناس","بولمان","ميسور","884","13955","PAM","عماد بنزيان","13360"
"فاس- مكناس","بولمان","ميسور","884","27234","PAM","محسن الحمداوي","13501"
"فاس- مكناس","بولمان","ميسور","884","13960","PAM","عبد الرحمان العرابي","13509"
"فاس- مكناس","بولمان","ميسور","884","13954","RNI","رشيد غازي","62296"
"فاس- مكناس","بولمان","ميسور","884","13953","RNI","امحمد بوضاهير","122604"
"فاس- مكناس","بولمان","ميسور","884","25404","PPS","عادل بوفتي","63155"
"فاس- مكناس","بولمان","ويزغت","967","15310","PI","علي بناصر","25814"
"فاس- مكناس","بولمان","ويزغت","967","15310","PI","فتيحة المير","25828"
"فاس- مكناس","بولمان","ويزغت","967","15306","PI","عبد الرحمان  باخيي","19688"
"فاس- مكناس","بولمان","ويزغت","967","15306","PI","فتيحة امسون","19714"
"فاس- مكناس","بولمان","ويزغت","967","15303","PI","محمد قدوري","19529"
"فاس- مكناس","بولمان","ويزغت","967","15301","PI","محمد بوعرفة","19482"
"فاس- مكناس","بولمان","ويزغت","967","15307","PI","علال يعكوبي","19762"
"فاس- مكناس","بولمان","ويزغت","967","15308","PI","محمد السبع","19790"
"فاس- مكناس","بولمان","ويزغت","967","15304","PI","حسن محمادي","19638"
"فاس- مكناس","بولمان","ويزغت","967","15311","PAM","علي كرو","62686"
"فاس- مكناس","بولمان","ويزغت","967","15311","PAM","يطو ازلماض","62747"
"فاس- مكناس","بولمان","ويزغت","967","15309","PAM","دريس اوالكرماض","7202"
"فاس- مكناس","بولمان","ويزغت","967","15305","PAM","محمد  جلولي","29973"
"فاس- مكناس","بولمان","ويزغت","967","15305","PAM","خديجة جلولي","29992"
"فاس- مكناس","بولمان","ويزغت","967","15302","PJD","لحسن موسى","62367"
"فاس- مكناس","تازة","أجدير","170","2435","RNI","ميمون الادريسي","64602"
"فاس- مكناس","تازة","أجدير","170","2435","RNI","سعيدة ازوكاغ","64785"
"فاس- مكناس","تازة","أجدير","170","2434","RNI","حسين بودروز","54920"
"فاس- مكناس","تازة","أجدير","170","2434","RNI","خدوج اشمال","54931"
"فاس- مكناس","تازة","أجدير","170","2436","RNI","محمادي حبو","36346"
"فاس- مكناس","تازة","أجدير","170","2446","RNI","عبد الرحمان زريويل","61798"
"فاس- مكناس","تازة","أجدير","170","2440","RNI","امحمد سهالة","36418"
"فاس- مكناس","تازة","أجدير","170","2442","RNI","محمد المومني","38216"
"فاس- مكناس","تازة","أجدير","170","2439","PAM","احمد العيري","29734"
"فاس- مكناس","تازة","أجدير","170","2439","PAM","امينة مناش","29755"
"فاس- مكناس","تازة","أجدير","170","2438","PAM","محمد بوزلماط","65226"
"فاس- مكناس","تازة","أجدير","170","2438","PAM","ناصيرة بودشار","65241"
"فاس- مكناس","تازة","أجدير","170","2437","PAM","ميمون بوقيوع","65531"
"فاس- مكناس","تازة","أجدير","170","2441","PAM","عبد العزيز بقيش","36382"
"فاس- مكناس","تازة","أجدير","170","2445","PAM","رشيد رواني","61567"
"فاس- مكناس","تازة","أجدير","170","2444","PI","الهادي اقنوش","22587"
"فاس- مكناس","تازة","أجدير","170","2443","PI","حسن لبياض","39449"
"فاس- مكناس","تازة","أكنول","176","2509","PAM","عبد الحفيض الرشيدي","90713"
"فاس- مكناس","تازة","أكنول","176","2509","PAM","حبيبة بورايس","90799"
"فاس- مكناس","تازة","أكنول","176","2507","PAM","عبد المجيد بوحوت","84596"
"فاس- مكناس","تازة","أكنول","176","2515","PAM","عبد الكريم الهمس","90132"
"فاس- مكناس","تازة","أكنول","176","2515","PAM","حنان برابح","90194"
"فاس- مكناس","تازة","أكنول","176","2512","PAM","عبد الله نجيد","83179"
"فاس- مكناس","تازة","أكنول","176","2508","PAM","عبد السلام مطروح","89137"
"فاس- مكناس","تازة","أكنول","176","2514","PAM","محمد امهاش","90932"
"فاس- مكناس","تازة","أكنول","176","2516","PAM","علي تزمرت","80295"
"فاس- مكناس","تازة","أكنول","176","2516","PAM","الادريسية تغزرتي","80353"
"فاس- مكناس","تازة","أكنول","176","2511","RNI","عبد الكريم  زريوحي","107066"
"فاس- مكناس","تازة","أكنول","176","2511","RNI","كريمة قرقاش","107173"
"فاس- مكناس","تازة","أكنول","176","2506","RNI","خالد الزيرق","37779"
"فاس- مكناس","تازة","أكنول","176","2513","RNI","جمال اقضاض","104003"
"فاس- مكناس","تازة","أكنول","176","2510","RNI","سعيد مصغار","103893"
"فاس- مكناس","تازة","أولاد ازباير","1037","16265","PI","التهامي كوشو","8958"
"فاس- مكناس","تازة","أولاد ازباير","1037","16265","PI","رجاء السكاك","8960"
"فاس- مكناس","تازة","أولاد ازباير","1037","16263","PI","علال كوشو","3666"
"فاس- مكناس","تازة","أولاد ازباير","1037","16269","PI","محمد خراطة","26692"
"فاس- مكناس","تازة","أولاد ازباير","1037","16277","PI","احمد كوشو","81403"
"فاس- مكناس","تازة","أولاد ازباير","1037","16277","PI","فاطمة الزهراء الزيواني","70588"
"فاس- مكناس","تازة","أولاد ازباير","1037","16278","PI","فيصل كوشو","70516"
"فاس- مكناس","تازة","أولاد ازباير","1037","16278","PI","فاطمة بلمير","70539"
"فاس- مكناس","تازة","أولاد ازباير","1037","16273","PI","احمد زروقي","55672"
"فاس- مكناس","تازة","أولاد ازباير","1037","16275","PI","محمد بوطيبي","8950"
"فاس- مكناس","تازة","أولاد ازباير","1037","16279","PI","حاميد بلحسن","70625"
"فاس- مكناس","تازة","أولاد ازباير","1037","16279","PI","سهام هكور","70643"
"فاس- مكناس","تازة","أولاد ازباير","1037","16274","PI","مصطفى الفطري","8968"
"فاس- مكناس","تازة","أولاد ازباير","1037","16264","PI","محمد الحسن كوشو","26782"
"فاس- مكناس","تازة","أولاد ازباير","1037","16271","PI","لحسن الطيبي","55643"
"فاس- مكناس","تازة","أولاد ازباير","1037","16261","PI","سعيد  طحطوح","3543"
"فاس- مكناس","تازة","أولاد ازباير","1037","16259","PI","ادريس  بلحاج ","26759"
"فاس- مكناس","تازة","أولاد ازباير","1037","16257","PI","عبدالرفيع ستيتل","39584"
"فاس- مكناس","تازة","أولاد ازباير","1037","16262","PI","عبد اللطيف  بومعاز","114526"
"فاس- مكناس","تازة","أولاد ازباير","1037","16258","PI","ادريس عاشير","97648"
"فاس- مكناس","تازة","أولاد ازباير","1037","16267","PI","لحسن بنصالح","15513"
"فاس- مكناس","تازة","أولاد ازباير","1037","16266","PJD","عبد الله  ديدون","114881"
"فاس- مكناس","تازة","أولاد ازباير","1037","16270","PJD","عبد الله  الدباب","7375"
"فاس- مكناس","تازة","أولاد ازباير","1037","16272","PJD","احمد العجوري","71256"
"فاس- مكناس","تازة","أولاد ازباير","1037","16276","PUD","العربي بلحبيب","3502"
"فاس- مكناس","تازة","أولاد ازباير","1037","16268","PUD","عز الدين المجاهد","26789"
"فاس- مكناس","تازة","أولاد ازباير","1037","16260","FFD","محمد كريط","70834"
"فاس- مكناس","تازة","أولاد الشريف","996","15691","PUD","عبد الله دحة","49839"
"فاس- مكناس","تازة","أولاد الشريف","996","15693","PUD","شفيق الوزاني الشاهدي","50329"
"فاس- مكناس","تازة","أولاد الشريف","996","15687","PUD","عبد الله ابكيرة ","48917"
"فاس- مكناس","تازة","أولاد الشريف","996","15687","PUD","سلوى الوزاني الشهدي","49044"
"فاس- مكناس","تازة","أولاد الشريف","996","15694","PUD","عبد السلام حميداش","54483"
"فاس- مكناس","تازة","أولاد الشريف","996","15682","PRV","عبد العزيز لمسياح","68918"
"فاس- مكناس","تازة","أولاد الشريف","996","15682","PRV","زكية لمسيح","72935"
"فاس- مكناس","تازة","أولاد الشريف","996","15688","PRV","عمرو فحشوش","39699"
"فاس- مكناس","تازة","أولاد الشريف","996","15688","PRV","فوزية الروينب","39726"
"فاس- مكناس","تازة","أولاد الشريف","996","15684","PRV","محمد  زريوح","69742"
"فاس- مكناس","تازة","أولاد الشريف","996","15684","PRV","خليصة الدخيسي","69761"
"فاس- مكناس","تازة","أولاد الشريف","996","15689","PRV","يوسف الناجح","41325"
"فاس- مكناس","تازة","أولاد الشريف","996","15690","PRV","محمد الزين","39043"
"فاس- مكناس","تازة","أولاد الشريف","996","15692","MP","محمد ابزيز","50084"
"فاس- مكناس","تازة","أولاد الشريف","996","15685","RNI","مجيد الحران","97773"
"فاس- مكناس","تازة","أولاد الشريف","996","15683","RNI","بوشتى مجعيط","113779"
"فاس- مكناس","تازة","أولاد الشريف","996","15686","RNI","سعيد طامة","69963"
"فاس- مكناس","تازة","آيت سغروشن","153","2169","RNI","عبد الرحمان الخلفوني","3314"
"فاس- مكناس","تازة","آيت سغروشن","153","2182","RNI","احمد  المودن","3268"
"فاس- مكناس","تازة","آيت سغروشن","153","2174","RNI","لحسن  راجي","49737"
"فاس- مكناس","تازة","آيت سغروشن","153","2178","RNI","علي  عوين","15798"
"فاس- مكناس","تازة","آيت سغروشن","153","2180","RNI","علي  عطاف","21588"
"فاس- مكناس","تازة","آيت سغروشن","153","2175","RNI","احمد هيشمين","7540"
"فاس- مكناس","تازة","آيت سغروشن","153","2166","RNI","سعيد ازيرار","7476"
"فاس- مكناس","تازة","آيت سغروشن","153","2176","RNI","اسماعيل الزيتوني","15780"
"فاس- مكناس","تازة","آيت سغروشن","153","2181","RNI","عبد الرحيم بهناس","7626"
"فاس- مكناس","تازة","آيت سغروشن","153","2170","RNI","ادريس السليمي","21694"
"فاس- مكناس","تازة","آيت سغروشن","153","2170","RNI","يامنة  خواف","21615"
"فاس- مكناس","تازة","آيت سغروشن","153","2177","RNI","الحسين السعيد","55143"
"فاس- مكناس","تازة","آيت سغروشن","153","2172","RNI","محمد   مقدوف","12018"
"فاس- مكناس","تازة","آيت سغروشن","153","2171","RNI","عبد القادر غنضور","75325"
"فاس- مكناس","تازة","آيت سغروشن","153","2179","RNI","لحسن  قنطوس","21370"
"فاس- مكناس","تازة","آيت سغروشن","153","2167","PJD","ادريس ايشن","75418"
"فاس- مكناس","تازة","آيت سغروشن","153","2167","PJD","فاطمة بوراس","75436"
"فاس- مكناس","تازة","آيت سغروشن","153","2173","PAM","لحسن  حليم","82467"
"فاس- مكناس","تازة","آيت سغروشن","153","2173","PAM","خديجة صبار","82493"
"فاس- مكناس","تازة","آيت سغروشن","153","2165","PAM","لحسن مشهور","75471"
"فاس- مكناس","تازة","آيت سغروشن","153","2183","PAM","محمد الوديني","75253"
"فاس- مكناس","تازة","آيت سغروشن","153","2185","MP","نبيل حمنيش","96049"
"فاس- مكناس","تازة","آيت سغروشن","153","2184","MP","علي الوافي","75243"
"فاس- مكناس","تازة","آيت سغروشن","153","2168","PI","محمد بوغرس","7437"
"فاس- مكناس","تازة","آيت سغروشن","153","2164","PI","اسماعيل العموري","49430"
"فاس- مكناس","تازة","آيت سغروشن","153","2163","UMD","الحسن بوراس","88405"
"فاس- مكناس","تازة","آيت سغروشن","153","2163","UMD","فوزية زرهوني","133600"
"فاس- مكناس","تازة","اترايبة","1506","23535","MP","الحسن بن سالم","30085"
"فاس- مكناس","تازة","اترايبة","1506","23535","MP","صفاء بن سالم","30104"
"فاس- مكناس","تازة","اترايبة","1506","23540","MP","الحوسين المراحي","50688"
"فاس- مكناس","تازة","اترايبة","1506","23532","MP","احمد  الحسني","37594"
"فاس- مكناس","تازة","اترايبة","1506","23532","MP","حورية الحسني","37609"
"فاس- مكناس","تازة","اترايبة","1506","23534","MP","علال بن سالم","30022"
"فاس- مكناس","تازة","اترايبة","1506","23537","MP","محمادي شفيرة","45399"
"فاس- مكناس","تازة","اترايبة","1506","23539","PI","عبد الرحمان بومعاوي","65289"
"فاس- مكناس","تازة","اترايبة","1506","23542","PI","منصور بنعلي","67895"
"فاس- مكناس","تازة","اترايبة","1506","23542","PI","حياة البوعلايي","67922"
"فاس- مكناس","تازة","اترايبة","1506","23538","PI","محمد الهرنان","64424"
"فاس- مكناس","تازة","اترايبة","1506","23536","PI","عبد الله  الرحماني","68618"
"فاس- مكناس","تازة","اترايبة","1506","23533","PJD","الحسن  الرحموني","45010"
"فاس- مكناس","تازة","اترايبة","1506","23541","PPS","عزيز حموش","49579"
"فاس- مكناس","تازة","اترايبة","1506","23541","PPS","محجوبة حموش","49619"
"فاس- مكناس","تازة","اجبارنة","679","10620","PAM","عمرو كريمي","54563"
"فاس- مكناس","تازة","اجبارنة","679","10616","PAM","محمادي بوزيد","56888"
"فاس- مكناس","تازة","اجبارنة","679","10616","PAM","زهور بوزيد","56981"
"فاس- مكناس","تازة","اجبارنة","679","10614","PAM","محمد البقال","54468"
"فاس- مكناس","تازة","اجبارنة","679","10622","PAM","عبد الالاه امحيندات","54585"
"فاس- مكناس","تازة","اجبارنة","679","10621","PAM","عمرو حمزاوي","72585"
"فاس- مكناس","تازة","اجبارنة","679","10615","PAM","عبد السلام العبدلاوي","36288"
"فاس- مكناس","تازة","اجبارنة","679","10613","PAM","احمد اكورشن","54441"
"فاس- مكناس","تازة","اجبارنة","679","10619","RNI","الهادي اوراغ","54519"
"فاس- مكناس","تازة","اجبارنة","679","10617","RNI","محمد موساوي","73205"
"فاس- مكناس","تازة","اجبارنة","679","10617","RNI","وفاء حريتي","73328"
"فاس- مكناس","تازة","اجبارنة","679","10623","RNI","احمد سلاك","97527"
"فاس- مكناس","تازة","اجبارنة","679","10623","RNI","انيسة حمزاوي","97544"
"فاس- مكناس","تازة","اجبارنة","679","10618","RNI","الحسن بطاهير","54801"
"فاس- مكناس","تازة","اجبارنة","679","10618","RNI","عادلة بوعواد","54810"
"فاس- مكناس","تازة","اكزناية الجنوبية","581","9162","PAM","حسن قنوش","108339"
"فاس- مكناس","تازة","اكزناية الجنوبية","581","9162","PAM","فاطمة سفير","108386"
"فاس- مكناس","تازة","اكزناية الجنوبية","581","9159","PAM","محمد اخبيزة","56822"
"فاس- مكناس","تازة","اكزناية الجنوبية","581","9159","PAM","هالة بوراس","56853"
"فاس- مكناس","تازة","اكزناية الجنوبية","581","9153","PAM","محمد سعدوني","72439"
"فاس- مكناس","تازة","اكزناية الجنوبية","581","9158","PAM","احمد علمي","37935"
"فاس- مكناس","تازة","اكزناية الجنوبية","581","9164","PAM","عبد الرزاق ابوالغازي","97304"
"فاس- مكناس","تازة","اكزناية الجنوبية","581","9164","PAM","فاطمة العمروشي","97316"
"فاس- مكناس","تازة","اكزناية الجنوبية","581","9161","PAM","عبد الله دعموش","41330"
"فاس- مكناس","تازة","اكزناية الجنوبية","581","9154","PAM","عبد العزيز خباش","56760"
"فاس- مكناس","تازة","اكزناية الجنوبية","581","9154","PAM","سمية دلاج","56784"
"فاس- مكناس","تازة","اكزناية الجنوبية","581","9157","PAM","عبد السلام بزيو","38355"
"فاس- مكناس","تازة","اكزناية الجنوبية","581","9165","PAM","محمد الدهبي","38169"
"فاس- مكناس","تازة","اكزناية الجنوبية","581","9156","PAM","موسى بوعرقاب","38194"
"فاس- مكناس","تازة","اكزناية الجنوبية","581","9160","PAM","فريد بويردان","72254"
"فاس- مكناس","تازة","اكزناية الجنوبية","581","9155","PAM","عبد السلام اقمقام","39020"
"فاس- مكناس","تازة","اكزناية الجنوبية","581","9163","PAM","محمد اليعكوبي","37667"
"فاس- مكناس","تازة","الربع الفوقي","1088","17113","PUD","احمد بدلاحة","57108"
"فاس- مكناس","تازة","الربع الفوقي","1088","17113","PUD","يامنة بودلاحة","133335"
"فاس- مكناس","تازة","الربع الفوقي","1088","17112","PUD","عبد الله البلدي","95853"
"فاس- مكناس","تازة","الربع الفوقي","1088","17112","PUD","رحمة الخبازي","95859"
"فاس- مكناس","تازة","الربع الفوقي","1088","17111","PUD","محمد العرعاري","15375"
"فاس- مكناس","تازة","الربع الفوقي","1088","17105","PUD","أحمد  لوديني","40220"
"فاس- مكناس","تازة","الربع الفوقي","1088","17104","UC","علي السبراري","57456"
"فاس- مكناس","تازة","الربع الفوقي","1088","17104","UC","كريمة لشهب","57475"
"فاس- مكناس","تازة","الربع الفوقي","1088","17108","UC","علي فريكل","75911"
"فاس- مكناس","تازة","الربع الفوقي","1088","17107","UC","احمد التابتي","29942"
"فاس- مكناس","تازة","الربع الفوقي","1088","17110","USFP","محمد بوشنة","72101"
"فاس- مكناس","تازة","الربع الفوقي","1088","17106","USFP","عبد اللطيف الكربوبي ","75894"
"فاس- مكناس","تازة","الربع الفوقي","1088","17109","USFP","جمال عبد الناصر لشخم","72041"
"فاس- مكناس","تازة","الربع الفوقي","1088","17109","USFP","ضحى لشخم","72053"
"فاس- مكناس","تازة","الربع الفوقي","1088","17114","MP","احمد العروسي","2845"
"فاس- مكناس","تازة","الزراردة","1546","24235","PAM","علي اوفريد","103720"
"فاس- مكناس","تازة","الزراردة","1546","24239","PAM","الحسن بويزرو","61729"
"فاس- مكناس","تازة","الزراردة","1546","24232","PAM","بوجمعة قميشو","83616"
"فاس- مكناس","تازة","الزراردة","1546","24230","PAM","محمد اكرداد","43891"
"فاس- مكناس","تازة","الزراردة","1546","24240","PAM","الحسن الخياري","61104"
"فاس- مكناس","تازة","الزراردة","1546","24240","PAM","سميرة بيكيس","61215"
"فاس- مكناس","تازة","الزراردة","1546","24231","PAM","محمد عراش","65190"
"فاس- مكناس","تازة","الزراردة","1546","24229","PAM","احمد التجاني","44041"
"فاس- مكناس","تازة","الزراردة","1546","24233","RNI","محمد الغرنوق","81224"
"فاس- مكناس","تازة","الزراردة","1546","24233","RNI","زهرة  فارس","81237"
"فاس- مكناس","تازة","الزراردة","1546","24238","RNI","احمد كرواد","84085"
"فاس- مكناس","تازة","الزراردة","1546","24238","RNI","مونة بشليلو","84146"
"فاس- مكناس","تازة","الزراردة","1546","24228","RNI","احمد املال ","103786"
"فاس- مكناس","تازة","الزراردة","1546","24234","PJD","الحسين غورا","37647"
"فاس- مكناس","تازة","الزراردة","1546","24237","PI","سعيد احردوش","83918"
"فاس- مكناس","تازة","الزراردة","1546","24237","PI","خديجة غورا","95961"
"فاس- مكناس","تازة","الزراردة","1546","24236","USFP","علي اصباب","65833"
"فاس- مكناس","تازة","الصميعة","1291","20451","MP","عبد الله غدو","22631"
"فاس- مكناس","تازة","الصميعة","1291","20444","MP","بلقاسم تغزاز","22636"
"فاس- مكناس","تازة","الصميعة","1291","20444","MP","غزلان زعيم","22640"
"فاس- مكناس","تازة","الصميعة","1291","20448","MP","احمد  العسري","38227"
"فاس- مكناس","تازة","الصميعة","1291","20448","MP","فاطمة غلام","38407"
"فاس- مكناس","تازة","الصميعة","1291","20453","MP","عبد العزيز كوسكوس","2538"
"فاس- مكناس","تازة","الصميعة","1291","20443","MP","محمد برحو","17124"
"فاس- مكناس","تازة","الصميعة","1291","20443","MP","فاطمة الزهراء بازين","17130"
"فاس- مكناس","تازة","الصميعة","1291","20447","MP","لحسن اشتوي","30053"
"فاس- مكناس","تازة","الصميعة","1291","20447","MP","حنان بوعبيد","30040"
"فاس- مكناس","تازة","الصميعة","1291","20445","MP","بوكرين بوغور","22610"
"فاس- مكناس","تازة","الصميعة","1291","20450","MP","ميمونة زحفير","10186"
"فاس- مكناس","تازة","الصميعة","1291","20452","MP","علي حنين","67732"
"فاس- مكناس","تازة","الصميعة","1291","20446","MP","لحسن التشيم","22614"
"فاس- مكناس","تازة","الصميعة","1291","20449","MP","سعيد بنعشور","42861"
"فاس- مكناس","تازة","الطايفة","1341","21180","PI","عبد السلام المنصوري","29839"
"فاس- مكناس","تازة","الطايفة","1341","21178","PI","محمد  مرشوح","84281"
"فاس- مكناس","تازة","الطايفة","1341","21178","PI","فريدة الخشني","84310"
"فاس- مكناس","تازة","الطايفة","1341","21184","PI","محمد كريفي","36824"
"فاس- مكناس","تازة","الطايفة","1341","21179","PI","عبدالعالي الشايب","29927"
"فاس- مكناس","تازة","الطايفة","1341","21187","PI","نورالدين عليلو","29907"
"فاس- مكناس","تازة","الطايفة","1341","21181","PI","محمد التوينسي","29891"
"فاس- مكناس","تازة","الطايفة","1341","21186","USFP","محمد الحمداني","55071"
"فاس- مكناس","تازة","الطايفة","1341","21186","USFP","حفيظة الحمداني","55168"
"فاس- مكناس","تازة","الطايفة","1341","21177","USFP","محمد العرج","86230"
"فاس- مكناس","تازة","الطايفة","1341","21177","USFP","رشيدة العرج","86251"
"فاس- مكناس","تازة","الطايفة","1341","21183","USFP","بوبكر الحراني","38299"
"فاس- مكناس","تازة","الطايفة","1341","21185","MP","كمال الودي","55095"
"فاس- مكناس","تازة","الطايفة","1341","21185","MP","نصيرة طريبق","55108"
"فاس- مكناس","تازة","الطايفة","1341","21182","PPS","رضوان بيدادة ","43831"
"فاس- مكناس","تازة","الكوزات","497","7761","USFP","محمد بوطاسا","87797"
"فاس- مكناس","تازة","الكوزات","497","7762","USFP","احمد بوجوال","87895"
"فاس- مكناس","تازة","الكوزات","497","7764","USFP","المختار طبازة","73854"
"فاس- مكناس","تازة","الكوزات","497","7764","USFP","عائشة لطرش","73857"
"فاس- مكناس","تازة","الكوزات","497","7769","PI","احمد الدامي","38923"
"فاس- مكناس","تازة","الكوزات","497","7760","PI","عبد الكريم زروال","39028"
"فاس- مكناس","تازة","الكوزات","497","7759","RNI","عبد المنعم قدوري","48651"
"فاس- مكناس","تازة","الكوزات","497","7759","RNI","ءاسية العدوني","48729"
"فاس- مكناس","تازة","الكوزات","497","7767","RNI","احمد التابتي","37220"
"فاس- مكناس","تازة","الكوزات","497","7767","RNI","كريمة  الطنة","37238"
"فاس- مكناس","تازة","الكوزات","497","7765","MP","علال دجوغل","66884"
"فاس- مكناس","تازة","الكوزات","497","7766","MP","عبد الكريم الطيبي","37263"
"فاس- مكناس","تازة","الكوزات","497","7768","PPS","عبد القادر الصالح","87948"
"فاس- مكناس","تازة","الكوزات","497","7768","PPS","فاطمة شاما","87983"
"فاس- مكناس","تازة","الكوزات","497","7763","PJD","عبد العزيز الطابخ","54148"
"فاس- مكناس","تازة","امسيلة","915","14491","PI","بوجمعة البريقا","10369"
"فاس- مكناس","تازة","امسيلة","915","14491","PI","سميرة بجاج","10362"
"فاس- مكناس","تازة","امسيلة","915","14501","PI","عزوز الحطان","29972"
"فاس- مكناس","تازة","امسيلة","915","14497","PI","محمد الكراري","32924"
"فاس- مكناس","تازة","امسيلة","915","14497","PI","فاطمة نضامة","32930"
"فاس- مكناس","تازة","امسيلة","915","14496","PPS","عبد الحكيم احميمش","39586"
"فاس- مكناس","تازة","امسيلة","915","14496","PPS","نعيمة خرباش","39601"
"فاس- مكناس","تازة","امسيلة","915","14494","PPS","بوجمعة اقويقة","18409"
"فاس- مكناس","تازة","امسيلة","915","14503","PPS","عزوز هنوش","18393"
"فاس- مكناس","تازة","امسيلة","915","14495","USFP","احمد الشعشوعي","29954"
"فاس- مكناس","تازة","امسيلة","915","14499","USFP","عبد اللطيف اصوييط","21802"
"فاس- مكناس","تازة","امسيلة","915","14500","USFP","عبد السلام الشقرافي","73295"
"فاس- مكناس","تازة","امسيلة","915","14492","MP","حميد الغبلة","55033"
"فاس- مكناس","تازة","امسيلة","915","14492","MP","رشيدة الغبلة","55046"
"فاس- مكناس","تازة","امسيلة","915","14498","MP","محمد البراك","6354"
"فاس- مكناس","تازة","امسيلة","915","14493","MP","احمد حيدة","65651"
"فاس- مكناس","تازة","امسيلة","915","14502","PAM","محمد  صدوق","24925"
"فاس- مكناس","تازة","باب بودر","276","4137","MP","محمد البشاري","17018"
"فاس- مكناس","تازة","باب بودر","276","4137","MP","كلثوم الشلياح","17022"
"فاس- مكناس","تازة","باب بودر","276","4146","MP","محمد كويغاط","18449"
"فاس- مكناس","تازة","باب بودر","276","4146","MP","نجاح كوسكوس","18461"
"فاس- مكناس","تازة","باب بودر","276","4142","MP","عبد المجيد بن كمرة","17636"
"فاس- مكناس","تازة","باب بودر","276","4145","MP","محمد امحرف","17597"
"فاس- مكناس","تازة","باب بودر","276","4145","MP","لطيفة حياتي","17613"
"فاس- مكناس","تازة","باب بودر","276","4136","MP","محمد الدواية","17032"
"فاس- مكناس","تازة","باب بودر","276","4136","MP","صوفية القديم","17033"
"فاس- مكناس","تازة","باب بودر","276","4140","MP","عبد اللطيف بركاش","84423"
"فاس- مكناس","تازة","باب بودر","276","4143","MP","اسماعيل السلاسي","12021"
"فاس- مكناس","تازة","باب بودر","276","4141","MP","عبدالله الكدية","15628"
"فاس- مكناس","تازة","باب بودر","276","4144","MP","عامر الشطير","10984"
"فاس- مكناس","تازة","باب بودر","276","4139","P Annahda","محمد المرابط","45444"
"فاس- مكناس","تازة","باب بودر","276","4138","PPS","محمد مزديد","45789"
"فاس- مكناس","تازة","باب مرزوقة","277","4149","RNI","عبد اللطيف بنغموش","6050"
"فاس- مكناس","تازة","باب مرزوقة","277","4151","RNI","علي الرابيط","10176"
"فاس- مكناس","تازة","باب مرزوقة","277","4150","RNI","عبد السلام اهموط","61383"
"فاس- مكناس","تازة","باب مرزوقة","277","4147","RNI","احمد  العرايش ","2575"
"فاس- مكناس","تازة","باب مرزوقة","277","4158","RNI","محمد  الاقرع ","11882"
"فاس- مكناس","تازة","باب مرزوقة","277","4167","RNI","عزوز  السلاسي","37384"
"فاس- مكناس","تازة","باب مرزوقة","277","4160","MP","محمد لصفر","7147"
"فاس- مكناس","تازة","باب مرزوقة","277","4155","MP","محمد  الباز","10538"
"فاس- مكناس","تازة","باب مرزوقة","277","4152","MP","محمادين خونة","67038"
"فاس- مكناس","تازة","باب مرزوقة","277","4161","MP","عبد الرحمان بوجط","37054"
"فاس- مكناس","تازة","باب مرزوقة","277","4154","MP","حكيم  السبع","22620"
"فاس- مكناس","تازة","باب مرزوقة","277","4148","MP","بوشتى طواش","61487"
"فاس- مكناس","تازة","باب مرزوقة","277","4157","MP","محمد اكريد","61532"
"فاس- مكناس","تازة","باب مرزوقة","277","4159","MP","عادل  شخطونة","3402"
"فاس- مكناس","تازة","باب مرزوقة","277","4165","MP","رضوان زيتوني","10381"
"فاس- مكناس","تازة","باب مرزوقة","277","4169","MP","العربي  بن الحاجي","36997"
"فاس- مكناس","تازة","باب مرزوقة","277","4166","PJD","أحمد بودرة","345"
"فاس- مكناس","تازة","باب مرزوقة","277","4166","PJD","حنان بوضرة","358"
"فاس- مكناس","تازة","باب مرزوقة","277","4162","PJD","عبد القادر اجوادري","10923"
"فاس- مكناس","تازة","باب مرزوقة","277","4162","PJD","عتيقة  الخاوا","10935"
"فاس- مكناس","تازة","باب مرزوقة","277","4163","PJD","محمد  الفرطوط ","81383"
"فاس- مكناس","تازة","باب مرزوقة","277","4163","PJD","فتيحة الهيري","81393"
"فاس- مكناس","تازة","باب مرزوقة","277","4168","PJD","سمير بوطاهر","30003"
"فاس- مكناس","تازة","باب مرزوقة","277","4164","PJD","عبد الرزاق الكرماط","49686"
"فاس- مكناس","تازة","باب مرزوقة","277","4164","PJD","امنة بلحاج","49731"
"فاس- مكناس","تازة","باب مرزوقة","277","4156","PJD","هاشم السحات","131567"
"فاس- مكناس","تازة","باب مرزوقة","277","4153","PJD","موسى خونة","38554"
"فاس- مكناس","تازة","برارحة","427","6611","PI","نوفل شباط","61783"
"فاس- مكناس","تازة","برارحة","427","6602","PI","عبد المجيد ستاوت","75815"
"فاس- مكناس","تازة","برارحة","427","6602","PI","آمنة الصبري","75832"
"فاس- مكناس","تازة","برارحة","427","6601","PI","محمد الهيري","80670"
"فاس- مكناس","تازة","برارحة","427","6601","PI","رشيدة بن داوود","80683"
"فاس- مكناس","تازة","برارحة","427","6610","PI","محمد سحيساح","61870"
"فاس- مكناس","تازة","برارحة","427","6609","PI","محمد موسى","68520"
"فاس- مكناس","تازة","برارحة","427","6603","PI","محمد براتلي","45351"
"فاس- مكناس","تازة","برارحة","427","6605","PI","عبد القادر بوهركاسة","75850"
"فاس- مكناس","تازة","برارحة","427","6607","RNI","عامر بوصباطة","68167"
"فاس- مكناس","تازة","برارحة","427","6607","RNI","فاطمة بزيط","68186"
"فاس- مكناس","تازة","برارحة","427","6604","RNI","محمد العمراني","56425"
"فاس- مكناس","تازة","برارحة","427","6606","RNI","عبدالرحيم لزرق","39754"
"فاس- مكناس","تازة","برارحة","427","6608","PAM","ذاكير الوجدي","64991"
"فاس- مكناس","تازة","برارحة","427","6608","PAM","حفيظة شفرة","65008"
"فاس- مكناس","تازة","بني افتح","337","5171","PAM","محمد الهداجي","64866"
"فاس- مكناس","تازة","بني افتح","337","5171","PAM","لوبنة زيو","64894"
"فاس- مكناس","تازة","بني افتح","337","5173","PAM","محمد حموشي ","38089"
"فاس- مكناس","تازة","بني افتح","337","5174","PAM","رشيد الهيسوفي","36884"
"فاس- مكناس","تازة","بني افتح","337","5167","PAM","محمادي الرفاس","36732"
"فاس- مكناس","تازة","بني افتح","337","5179","PAM","عبد الله صالح","88861"
"فاس- مكناس","تازة","بني افتح","337","5175","PAM","عبد السلام السوسي","10154"
"فاس- مكناس","تازة","بني افتح","337","5176","PAM","حميد صرور","80922"
"فاس- مكناس","تازة","بني افتح","337","5177","PI","رشيد الزايري","45436"
"فاس- مكناس","تازة","بني افتح","337","5178","PI","احمد بن صيور","10226"
"فاس- مكناس","تازة","بني افتح","337","5170","MP","بوجمعة احمداش","11904"
"فاس- مكناس","تازة","بني افتح","337","5170","MP","حبيبة دحو","11942"
"فاس- مكناس","تازة","بني افتح","337","5168","MP","محمد الهداجي","45685"
"فاس- مكناس","تازة","بني افتح","337","5168","MP","فاطمة زركط","45701"
"فاس- مكناس","تازة","بني افتح","337","5172","PJD","احمد الشواي","38248"
"فاس- مكناس","تازة","بني افتح","337","5169","RNI","محمد العلمي","66593"
"فاس- مكناس","تازة","بني افتح","337","5169","RNI","حبيبة الحراق ","66606"
"فاس- مكناس","تازة","بني فراسن","336","26059","PUD","محمد  اجطيو","18800"
"فاس- مكناس","تازة","بني فراسن","336","26062","PUD","محمد بلعتيق","25306"
"فاس- مكناس","تازة","بني فراسن","336","26062","PUD","كنزة لمقدم","25317"
"فاس- مكناس","تازة","بني فراسن","336","26061","PUD","ادريس  البورقادي الادريسي","6839"
"فاس- مكناس","تازة","بني فراسن","336","26061","PUD","فتيحة السلماني","6852"
"فاس- مكناس","تازة","بني فراسن","336","26060","PUD","كريم اجطيو","15205"
"فاس- مكناس","تازة","بني فراسن","336","26076","PUD","فواد الشميل","6865"
"فاس- مكناس","تازة","بني فراسن","336","26076","PUD","سعاد المودن العلمي","6876"
"فاس- مكناس","تازة","بني فراسن","336","26073","PUD","جواد لبراهمي","2737"
"فاس- مكناس","تازة","بني فراسن","336","26066","PUD","عبد الحفيظ السلماني","18853"
"فاس- مكناس","تازة","بني فراسن","336","26065","PUD","الحسن كريعش","41306"
"فاس- مكناس","تازة","بني فراسن","336","26079","PUD","عبد الرزاق الشادلي","18749"
"فاس- مكناس","تازة","بني فراسن","336","26078","PUD","محمد الفلاقي","41289"
"فاس- مكناس","تازة","بني فراسن","336","26064","PUD","محمد لكحل","40187"
"فاس- مكناس","تازة","بني فراسن","336","26067","PUD","عبد السلام لقراع","15231"
"فاس- مكناس","تازة","بني فراسن","336","26063","PUD","عبد السلام السلماني","119195"
"فاس- مكناس","تازة","بني فراسن","336","26058","PUD","الغازي  اجطيو","95792"
"فاس- مكناس","تازة","بني فراسن","336","26057","PUD","عامر اطريرش","95885"
"فاس- مكناس","تازة","بني فراسن","336","26072","PUD","احمد الفزيقي","56615"
"فاس- مكناس","تازة","بني فراسن","336","26074","PI","عبد الله الصغيوري الادريسي","15165"
"فاس- مكناس","تازة","بني فراسن","336","26075","PI","علي ارميش","25232"
"فاس- مكناس","تازة","بني فراسن","336","26069","UC","احمد الشاهدي الوزاني","41299"
"فاس- مكناس","تازة","بني فراسن","336","26069","UC","شمس الضحة الشاهدي الوزاني","41302"
"فاس- مكناس","تازة","بني فراسن","336","26077","UC","علي  العزري","40271"
"فاس- مكناس","تازة","بني فراسن","336","26071","UC","محمد لبراهمي","27807"
"فاس- مكناس","تازة","بني فراسن","336","26070","MP","عبد النبي البريمشي","6890"
"فاس- مكناس","تازة","بني فراسن","336","26068","USFP","خاليد راشد اليوبي","40213"
"فاس- مكناس","تازة","بني لنث","350","5355","PI","عبد القادر اليوبي","54761"
"فاس- مكناس","تازة","بني لنث","350","5355","PI","سميرة  لشهب ","54770"
"فاس- مكناس","تازة","بني لنث","350","5356","PI","احمد الزوخ","69718"
"فاس- مكناس","تازة","بني لنث","350","5352","PI","محمد  برحو","69547"
"فاس- مكناس","تازة","بني لنث","350","5352","PI","حبيبة حماني","69570"
"فاس- مكناس","تازة","بني لنث","350","5360","PI","عبد الاله ادريبل","50180"
"فاس- مكناس","تازة","بني لنث","350","5358","PI","عبد السلام لدهم","69915"
"فاس- مكناس","تازة","بني لنث","350","5354","MP","عزوز الصنهاجي","69821"
"فاس- مكناس","تازة","بني لنث","350","5353","MP","عبد الكريم صانبة","54614"
"فاس- مكناس","تازة","بني لنث","350","5363","MP","قدور السويط","54286"
"فاس- مكناس","تازة","بني لنث","350","5362","MP","محمد العبار","69849"
"فاس- مكناس","تازة","بني لنث","350","5359","PJD","المصطفى الاكحل","55121"
"فاس- مكناس","تازة","بني لنث","350","5359","PJD","فاطمة لعرج","55126"
"فاس- مكناس","تازة","بني لنث","350","5361","PPS","عبد الحميد البوجادي","95660"
"فاس- مكناس","تازة","بني لنث","350","5361","PPS","رجاء البوجادي","95672"
"فاس- مكناس","تازة","بني لنث","350","5364","RNI","التهامي النويصر","118794"
"فاس- مكناس","تازة","بني لنث","350","5357","PAM","محمد عباس","69896"
"فاس- مكناس","تازة","بوحلو","395","6115","USFP","عبد الملك الادريسي","121398"
"فاس- مكناس","تازة","بوحلو","395","6120","USFP","ادريس الجهاني","37382"
"فاس- مكناس","تازة","بوحلو","395","6116","USFP","عمار بنعيسي","52082"
"فاس- مكناس","تازة","بوحلو","395","6116","USFP","صفية لبيض","52130"
"فاس- مكناس","تازة","بوحلو","395","6123","FFD","محمد بيبح","21874"
"فاس- مكناس","تازة","بوحلو","395","6124","FFD","عبد الله بوسلهام","95810"
"فاس- مكناس","تازة","بوحلو","395","6121","FFD","عبد المالك لدرع","21853"
"فاس- مكناس","تازة","بوحلو","395","6113","FFD","الحسن توزي","15645"
"فاس- مكناس","تازة","بوحلو","395","6113","FFD","زهور تاكراكرا","15657"
"فاس- مكناس","تازة","بوحلو","395","6125","FFD","أحمد كارمة","24639"
"فاس- مكناس","تازة","بوحلو","395","6122","FFD","ادريس بلهيص","28015"
"فاس- مكناس","تازة","بوحلو","395","6118","PI","عبد الحق زريول","72729"
"فاس- مكناس","تازة","بوحلو","395","6119","PI","محمد الغشتول","72969"
"فاس- مكناس","تازة","بوحلو","395","6119","PI","مارية همساس","72977"
"فاس- مكناس","تازة","بوحلو","395","6117","RNI","عبد العالي كعواش","95891"
"فاس- مكناس","تازة","بوحلو","395","6117","RNI","يامنة العنيزي","95900"
"فاس- مكناس","تازة","بوحلو","395","6114","PJD","الحسين العسري","72746"
"فاس- مكناس","تازة","بورد","414","6415","PAM","عبد الله الوعزيزي","69222"
"فاس- مكناس","تازة","بورد","414","6415","PAM","فاطمة احمادوش","69238"
"فاس- مكناس","تازة","بورد","414","6412","PAM","ميمون  المسعودي","70003"
"فاس- مكناس","تازة","بورد","414","6414","PAM","عيسى المنصوري","108924"
"فاس- مكناس","تازة","بورد","414","6414","PAM","زينب بولمكول","109007"
"فاس- مكناس","تازة","بورد","414","6411","PAM","محمد يعلاطن","68411"
"فاس- مكناس","تازة","بورد","414","6409","PAM","سعيد بوتزنت","68254"
"فاس- مكناس","تازة","بورد","414","6406","PAM","عبد الكريم هونشو","88126"
"فاس- مكناس","تازة","بورد","414","6413","PAM","عبد السلام دحدوح","65260"
"فاس- مكناس","تازة","بورد","414","6410","PAM","منصور حرباش","84508"
"فاس- مكناس","تازة","بورد","414","6418","PJD","الحسين علوش","65057"
"فاس- مكناس","تازة","بورد","414","6418","PJD","سعيدة بوعيادي","65079"
"فاس- مكناس","تازة","بورد","414","6407","PJD","عبد الله ودوه","50857"
"فاس- مكناس","تازة","بورد","414","6408","PJD","عبد القادر هراس","88064"
"فاس- مكناس","تازة","بورد","414","6408","PJD","حنان موسوي","88084"
"فاس- مكناس","تازة","بورد","414","6417","RNI","ادريس الرامي","42682"
"فاس- مكناس","تازة","بورد","414","6416","PPS","ادريس يحياوي","68679"
"فاس- مكناس","تازة","بوشفاعة","388","6016","USFP","علي المزازي","5052"
"فاس- مكناس","تازة","بوشفاعة","388","6015","USFP","ادريس الحمزاوي","33104"
"فاس- مكناس","تازة","بوشفاعة","388","6009","USFP","عزوز الصاديق","15600"
"فاس- مكناس","تازة","بوشفاعة","388","6008","USFP","الحسن الكريش","4990"
"فاس- مكناس","تازة","بوشفاعة","388","6013","USFP","احمد التيش","9006"
"فاس- مكناس","تازة","بوشفاعة","388","6011","PPS","محمد  العبدايمي","37305"
"فاس- مكناس","تازة","بوشفاعة","388","6011","PPS","مونية الزاكي","37321"
"فاس- مكناس","تازة","بوشفاعة","388","6012","PPS","محمد  بن داود","56884"
"فاس- مكناس","تازة","بوشفاعة","388","6014","PPS","عزوز كريمة","54112"
"فاس- مكناس","تازة","بوشفاعة","388","6010","PPS","الحسين الغريب","54175"
"فاس- مكناس","تازة","بوشفاعة","388","6004","PJD","احمد البراهيمي","38703"
"فاس- مكناس","تازة","بوشفاعة","388","6004","PJD","رجاء البراهيمي","38720"
"فاس- مكناس","تازة","بوشفاعة","388","6005","PJD","عامر  زريق","38032"
"فاس- مكناس","تازة","بوشفاعة","388","6005","PJD","هاجر زريق","38063"
"فاس- مكناس","تازة","بوشفاعة","388","6006","PJD","محمد لحرش","73237"
"فاس- مكناس","تازة","بوشفاعة","388","6006","PJD","صفاء زريق","73243"
"فاس- مكناس","تازة","بوشفاعة","388","6007","PJD","قدور التوزاني","33712"
"فاس- مكناس","تازة","بويبلان","420","6492","MP","محمد أوراغ","15771"
"فاس- مكناس","تازة","بويبلان","420","6500","MP","محمد  جوطي","6400"
"فاس- مكناس","تازة","بويبلان","420","6500","MP","فاطمة الزهراء الطاهري","6406"
"فاس- مكناس","تازة","بويبلان","420","6499","MP","علي بوطاهر","6414"
"فاس- مكناس","تازة","بويبلان","420","6499","MP","عائشة  الطاهري","6421"
"فاس- مكناس","تازة","بويبلان","420","6493","MP","محمد  غلام","6079"
"فاس- مكناس","تازة","بويبلان","420","6491","MP","عبد الرحمان القوح","75724"
"فاس- مكناس","تازة","بويبلان","420","6494","MP","ميمون ازكاغ","75743"
"فاس- مكناس","تازة","بويبلان","420","6494","MP","مسعودة ازكاغ","75757"
"فاس- مكناس","تازة","بويبلان","420","6490","MP","احمد سلاو","15757"
"فاس- مكناس","تازة","بويبلان","420","6498","MP","بلقاسم فارس","33203"
"فاس- مكناس","تازة","بويبلان","420","6495","UMD","محمد بوغلال","55901"
"فاس- مكناس","تازة","بويبلان","420","6495","UMD","نجاة بوغلال","55921"
"فاس- مكناس","تازة","بويبلان","420","6497","UMD","محمد بعلي","97819"
"فاس- مكناس","تازة","بويبلان","420","6496","PI","عبد الحميد اعراب","97969"
"فاس- مكناس","تازة","تازارين","1409","22199","PAM","عبد الله مخلص","31060"
"فاس- مكناس","تازة","تازارين","1409","22199","PAM","فاطمة حيلي","31339"
"فاس- مكناس","تازة","تازارين","1409","22207","PAM","عبد الله ارقطي","15691"
"فاس- مكناس","تازة","تازارين","1409","22205","PAM","الحسن كعبوش","31406"
"فاس- مكناس","تازة","تازارين","1409","22205","PAM","خديجة حسناوي","31427"
"فاس- مكناس","تازة","تازارين","1409","22206","PAM","محمد الهدروبي","15742"
"فاس- مكناس","تازة","تازارين","1409","22197","PI","حمو الصديق","21480"
"فاس- مكناس","تازة","تازارين","1409","22197","PI","عائشة مقران","21485"
"فاس- مكناس","تازة","تازارين","1409","22200","PI","الحسين ابغور","21552"
"فاس- مكناس","تازة","تازارين","1409","22202","USFP","محمد يونس","39546"
"فاس- مكناس","تازة","تازارين","1409","22203","USFP","محمد مربوح","15733"
"فاس- مكناس","تازة","تازارين","1409","22201","RNI","المصطفى الكونيني","21536"
"فاس- مكناس","تازة","تازارين","1409","22204","PJD","محمد سعيد","55860"
"فاس- مكناس","تازة","تازارين","1409","22204","PJD","عائشة  سعيد ","55870"
"فاس- مكناس","تازة","تازارين","1409","22198","PPS","محمد اعسري","15716"
"فاس- مكناس","تازة","تازة","1564","25033","PJD","جمال مسعودي","56061"
"فاس- مكناس","تازة","تازة","1564","25033","PJD","ابتسام الشرتى","57015"
"فاس- مكناس","تازة","تازة","1564","25033","PJD","محمد ابو الغازي","56092"
"فاس- مكناس","تازة","تازة","1564","25033","PJD","حفيظة بورزيكي","57191"
"فاس- مكناس","تازة","تازة","1564","25033","PJD","مهدي  العصامي ","56123"
"فاس- مكناس","تازة","تازة","1564","25033","PJD","يوسف  بوقرعي ","56143"
"فاس- مكناس","تازة","تازة","1564","25033","PJD","مروان شكوح","56169"
"فاس- مكناس","تازة","تازة","1564","25033","PJD","احمد اليندوزي","56222"
"فاس- مكناس","تازة","تازة","1564","25033","PJD","عبدالكريم نعمان","56257"
"فاس- مكناس","تازة","تازة","1564","25033","PJD","طارق مزيان مطالسي","56356"
"فاس- مكناس","تازة","تازة","1564","25033","MP","حميد كوسكوس","97287"
"فاس- مكناس","تازة","تازة","1564","25033","MP","عهد دياني","98861"
"فاس- مكناس","تازة","تازة","1564","25033","MP","خليل الصديقي","97312"
"فاس- مكناس","تازة","تازة","1564","25033","MP","يونس الملح","97322"
"فاس- مكناس","تازة","تازة","1564","25033","MP","سعيد دحو","97348"
"فاس- مكناس","تازة","تازة","1564","25033","MP","محمد بورداية","97375"
"فاس- مكناس","تازة","تازة","1564","25033","MP","خالد الصنهاجي","97401"
"فاس- مكناس","تازة","تازة","1564","25033","MP","ميلود حبلال","97416"
"فاس- مكناس","تازة","تازة","1564","25033","PAM","عبد الواحد المسعودي","57132"
"فاس- مكناس","تازة","تازة","1564","25033","PAM","جميلة الحلواط","58063"
"فاس- مكناس","تازة","تازة","1564","25033","PAM","عبد العزيز بلة","57193"
"فاس- مكناس","تازة","تازة","1564","25033","PAM","خالد حجاج","57236"
"فاس- مكناس","تازة","تازة","1564","25033","PAM","رشيد العياشي","57267"
"فاس- مكناس","تازة","تازة","1564","25033","PAM","عمر بالي","58010"
"فاس- مكناس","تازة","تازة","1564","25033","PAM","عبد السلام حجاج","57309"
"فاس- مكناس","تازة","تازة","1564","25033","PAM","يوسف حاجي","57348"
"فاس- مكناس","تازة","تازة","1564","25033","PI","محمد بودس","76114"
"فاس- مكناس","تازة","تازة","1564","25033","PI","سارة ارشيدي","76642"
"فاس- مكناس","تازة","تازة","1564","25033","PI","ايوب ابوحفص","76186"
"فاس- مكناس","تازة","تازة","1564","25033","PI","مصطفى بودس","76208"
"فاس- مكناس","تازة","تازة","1564","25033","PI","فؤاد الحلواط","76220"
"فاس- مكناس","تازة","تازة","1564","25033","PI","نور الدين بنحدو","111370"
"فاس- مكناس","تازة","تازة","1564","25033","PI","مهدي ازرق","76246"
"فاس- مكناس","تازة","تازة","1564","25033","PI","إدريس الوجدي","76267"
"فاس- مكناس","تازة","تازة","1564","25033","RNI","منير شنتير","124021"
"فاس- مكناس","تازة","تازة","1564","25033","RNI","العاليا هيشام","123634"
"فاس- مكناس","تازة","تازة","1564","25033","RNI","محمد السويط","124103"
"فاس- مكناس","تازة","تازة","1564","25033","PPS","محمد الصديقي","79142"
"فاس- مكناس","تازة","تازة","1564","25033","PPS","احمد بنصغير ","79208"
"فاس- مكناس","تازة","تاهلة","1340","21174","USFP","الحسين  فليو","84988"
"فاس- مكناس","تازة","تاهلة","1340","21163","USFP","سعيد زالغي","102737"
"فاس- مكناس","تازة","تاهلة","1340","21164","USFP","نجيب اليعقوبي","86914"
"فاس- مكناس","تازة","تاهلة","1340","25297","USFP","محمد  بوطاهر","61853"
"فاس- مكناس","تازة","تاهلة","1340","25297","USFP","عزيزة غيلاط","61859"
"فاس- مكناس","تازة","تاهلة","1340","21176","USFP","بالقاسم صبار","8978"
"فاس- مكناس","تازة","تاهلة","1340","21162","USFP","رفيق زالغي","48200"
"فاس- مكناس","تازة","تاهلة","1340","21156","USFP","حسن  بنشهيبة","61837"
"فاس- مكناس","تازة","تاهلة","1340","21167","USFP","سمير أمزاد","6298"
"فاس- مكناس","تازة","تاهلة","1340","21157","USFP"," محمد زوبير","36828"
"فاس- مكناس","تازة","تاهلة","1340","25296","USFP","محمد لشقر","44749"
"فاس- مكناس","تازة","تاهلة","1340","21166","USFP","علي سلبوك","6314"
"فاس- مكناس","تازة","تاهلة","1340","21165","USFP","علي بورزيزة","9880"
"فاس- مكناس","تازة","تاهلة","1340","21155","PJD","محمد امغار","101088"
"فاس- مكناس","تازة","تاهلة","1340","21175","PJD","محمد بوساف","45043"
"فاس- مكناس","تازة","تاهلة","1340","21173","PJD","حسن المتوكل","38065"
"فاس- مكناس","تازة","تاهلة","1340","21158","PJD","عبيد امزيان","101827"
"فاس- مكناس","تازة","تاهلة","1340","21154","PI","سعيد  الوكيلي","9810"
"فاس- مكناس","تازة","تاهلة","1340","21160","PI","عبد الرزاق  المنصوري ","101755"
"فاس- مكناس","تازة","تاهلة","1340","21160","PI","حليمة عدي","101781"
"فاس- مكناس","تازة","تاهلة","1340","21169","PI","حمو  بوتييب","18663"
"فاس- مكناس","تازة","تاهلة","1340","21168","PI","حسن بورو","18621"
"فاس- مكناس","تازة","تاهلة","1340","21168","PI","فاطمة العسوي","18636"
"فاس- مكناس","تازة","تاهلة","1340","21159","RNI","عياد ازهر","24415"
"فاس- مكناس","تازة","تاهلة","1340","21171","RNI","علي برغوت","24344"
"فاس- مكناس","تازة","تاهلة","1340","21172","RNI","محمد بوهروز","24367"
"فاس- مكناس","تازة","تاهلة","1340","21161","PAM","لحسن امزيان","96127"
"فاس- مكناس","تازة","تاهلة","1340","21161","PAM","السعدية ازيتون","96136"
"فاس- مكناس","تازة","تاهلة","1340","21170","PAM","محمد بوزردة","9956"
"فاس- مكناس","تازة","تيزي وسلي","1482","23223","PPS","عبد السلام شلاح","15442"
"فاس- مكناس","تازة","تيزي وسلي","1482","23223","PPS","عيادة ابركان","15472"
"فاس- مكناس","تازة","تيزي وسلي","1482","23220","PPS","عمر شلاح","17062"
"فاس- مكناس","تازة","تيزي وسلي","1482","23224","PPS","علي اشملال","16894"
"فاس- مكناس","تازة","تيزي وسلي","1482","23226","PPS","عبد الله هموت","72951"
"فاس- مكناس","تازة","تيزي وسلي","1482","23226","PPS","فاطمة اسعيدي","72961"
"فاس- مكناس","تازة","تيزي وسلي","1482","23229","PPS","عبد الخالق خليفة","15825"
"فاس- مكناس","تازة","تيزي وسلي","1482","23227","PPS","اعمروش العجوري","15668"
"فاس- مكناس","تازة","تيزي وسلي","1482","23222","PJD","احمد فارس","70063"
"فاس- مكناس","تازة","تيزي وسلي","1482","23230","PJD","ميمون اشملال","71826"
"فاس- مكناس","تازة","تيزي وسلي","1482","23221","RNI","بلال خواخي","97077"
"فاس- مكناس","تازة","تيزي وسلي","1482","23221","RNI","فاطمة خواخي","97101"
"فاس- مكناس","تازة","تيزي وسلي","1482","23225","RNI","عبد الفتاح والهاني","88366"
"فاس- مكناس","تازة","تيزي وسلي","1482","23225","RNI","اسماء خواخي","88394"
"فاس- مكناس","تازة","تيزي وسلي","1482","23228","RNI","بوجمعة الدرازي","54356"
"فاس- مكناس","تازة","تيناست","1342","21202","PPS","محمد قبطى","6757"
"فاس- مكناس","تازة","تيناست","1342","21202","PPS","رشيدة اعويدات","6788"
"فاس- مكناس","تازة","تيناست","1342","21198","PPS","عبد العزيز الادريسي","27782"
"فاس- مكناس","تازة","تيناست","1342","21194","PPS","احمد لقرع","54243"
"فاس- مكناس","تازة","تيناست","1342","21196","PPS","عبدالرزاق المنصور","6818"
"فاس- مكناس","تازة","تيناست","1342","21200","PPS","الحسن عليلو","27602"
"فاس- مكناس","تازة","تيناست","1342","21200","PPS","نزيهة الكوش","27764"
"فاس- مكناس","تازة","تيناست","1342","21199","PPS","امحمد  الهديدي","23706"
"فاس- مكناس","تازة","تيناست","1342","21197","PPS","احمد الربلى","6749"
"فاس- مكناس","تازة","تيناست","1342","21192","PPS","محمد لشهب","3247"
"فاس- مكناس","تازة","تيناست","1342","21193","PI","علي البرودي","37123"
"فاس- مكناس","تازة","تيناست","1342","21193","PI","السعدية  البرودي ","37140"
"فاس- مكناس","تازة","تيناست","1342","21190","PI","عزوز جطاوي","37081"
"فاس- مكناس","تازة","تيناست","1342","21201","PAM","محمد المزازي","66538"
"فاس- مكناس","تازة","تيناست","1342","21201","PAM","نعمة العوادي","66562"
"فاس- مكناس","تازة","تيناست","1342","21195","PAM","محمد الملالي","27097"
"فاس- مكناس","تازة","تيناست","1342","21191","RNI","محمد لعرج ","37196"
"فاس- مكناس","تازة","سيدي علي بورقبة","1176","18582","PPS","صالح الحمداوي","36174"
"فاس- مكناس","تازة","سيدي علي بورقبة","1176","18582","PPS","بشرى بورقبة","36197"
"فاس- مكناس","تازة","سيدي علي بورقبة","1176","18592","PPS","عبد الخالق حمامي","16933"
"فاس- مكناس","تازة","سيدي علي بورقبة","1176","18593","PPS","احمد العزوزي","16920"
"فاس- مكناس","تازة","سيدي علي بورقبة","1176","18594","PPS","الطاهر بودى","16940"
"فاس- مكناس","تازة","سيدي علي بورقبة","1176","18586","PPS","محمد لوكيلي","38707"
"فاس- مكناس","تازة","سيدي علي بورقبة","1176","18590","RNI","سعيد اخياط","15925"
"فاس- مكناس","تازة","سيدي علي بورقبة","1176","18584","RNI","عالي ازحاف","38042"
"فاس- مكناس","تازة","سيدي علي بورقبة","1176","18587","RNI","ميمون توفيق","55139"
"فاس- مكناس","تازة","سيدي علي بورقبة","1176","18587","RNI","فطوش الخواني","55144"
"فاس- مكناس","تازة","سيدي علي بورقبة","1176","18585","RNI","احمد نجيم","51881"
"فاس- مكناس","تازة","سيدي علي بورقبة","1176","18585","RNI","نادية اليعقوبي","51921"
"فاس- مكناس","تازة","سيدي علي بورقبة","1176","18588","RNI","عبد العزيز  قاسمي ","41314"
"فاس- مكناس","تازة","سيدي علي بورقبة","1176","18588","RNI","صوفية ياسين","41318"
"فاس- مكناس","تازة","سيدي علي بورقبة","1176","18583","PAM","احمد مالح","54505"
"فاس- مكناس","تازة","سيدي علي بورقبة","1176","18591","PAM","عمرو عزوزي","55635"
"فاس- مكناس","تازة","سيدي علي بورقبة","1176","18589","PI","عمر اقضاض","54373"
"فاس- مكناس","تازة","غياثة الغربية","565","8909","USFP","خالد جابر","87805"
"فاس- مكناس","تازة","غياثة الغربية","565","8909","USFP","فاطيمة كهكوه","87935"
"فاس- مكناس","تازة","غياثة الغربية","565","8904","USFP","حماد لشهب","29921"
"فاس- مكناس","تازة","غياثة الغربية","565","8908","USFP","احمد الطيبة","101222"
"فاس- مكناس","تازة","غياثة الغربية","565","8908","USFP","مريم  لعبييد","108176"
"فاس- مكناس","تازة","غياثة الغربية","565","8911","USFP","امحمد العاتي","29862"
"فاس- مكناس","تازة","غياثة الغربية","565","8911","USFP","خيرة  اشحيما ","29879"
"فاس- مكناس","تازة","غياثة الغربية","565","8905","USFP","محمد بيوض","47468"
"فاس- مكناس","تازة","غياثة الغربية","565","8900","USFP","بلقاسم الشنوف","8977"
"فاس- مكناس","تازة","غياثة الغربية","565","8907","USFP","الحسين القروطي","18722"
"فاس- مكناس","تازة","غياثة الغربية","565","8897","USFP","الحسين لزعر","6822"
"فاس- مكناس","تازة","غياثة الغربية","565","8913","USFP","عبدالقادر  بوعسرية","71657"
"فاس- مكناس","تازة","غياثة الغربية","565","8894","USFP","عزوز  جعواني","36857"
"فاس- مكناس","تازة","غياثة الغربية","565","8896","FFD","محمد البزيزي","69780"
"فاس- مكناس","تازة","غياثة الغربية","565","8898","FFD","ابراهيم البزيزي","71554"
"فاس- مكناس","تازة","غياثة الغربية","565","8912","FFD","محمد  قبو","18179"
"فاس- مكناس","تازة","غياثة الغربية","565","8912","FFD","ربيعة  لقرع ","18184"
"فاس- مكناس","تازة","غياثة الغربية","565","8892","FFD","علي موسى","24452"
"فاس- مكناس","تازة","غياثة الغربية","565","8903","FFD","عبد الله بركاش","18775"
"فاس- مكناس","تازة","غياثة الغربية","565","8901","FFD","محمد حميدو","18218"
"فاس- مكناس","تازة","غياثة الغربية","565","8893","FFD","عبد العزيز البزيزي","71345"
"فاس- مكناس","تازة","غياثة الغربية","565","8906","FFD","مولود هكاشة","15556"
"فاس- مكناس","تازة","غياثة الغربية","565","8902","FFD","محمد مغار","18204"
"فاس- مكناس","تازة","غياثة الغربية","565","8899","FFD","محمد  كواني","18277"
"فاس- مكناس","تازة","غياثة الغربية","565","8910","FFD","عامر زريق","15544"
"فاس- مكناس","تازة","غياثة الغربية","565","8895","FFD","عبد الله البعوش","18314"
"فاس- مكناس","تازة","غياثة الغربية","565","8891","FFD","بوجمعة دراجو","71461"
"فاس- مكناس","تازة","كاف الغار","692","10808","PAM","بوجمع اسطيب","99798"
"فاس- مكناس","تازة","كاف الغار","692","10808","PAM","نادية الخطري","99830"
"فاس- مكناس","تازة","كاف الغار","692","10816","PAM","محمد  حافيظ","39982"
"فاس- مكناس","تازة","كاف الغار","692","10812","PAM","محمد  اشقيربني ","99285"
"فاس- مكناس","تازة","كاف الغار","692","10815","PJD","إدريس الحسناوي","99122"
"فاس- مكناس","تازة","كاف الغار","692","10815","PJD","نادية الزبوغي","99145"
"فاس- مكناس","تازة","كاف الغار","692","10817","PJD","محمد بن جدي","99018"
"فاس- مكناس","تازة","كاف الغار","692","10813","PJD","ادريس طاب اللوز","54040"
"فاس- مكناس","تازة","كاف الغار","692","10814","MP","عبد القادر  قريوط","54005"
"فاس- مكناس","تازة","كاف الغار","692","10819","USFP","عبد العزيز التازي","51698"
"فاس- مكناس","تازة","كاف الغار","692","10819","USFP","سعاد الغرناجي","51738"
"فاس- مكناس","تازة","كاف الغار","692","10810","USFP","محمد  بولويحة","99513"
"فاس- مكناس","تازة","كاف الغار","692","10810","USFP","رجاء بوالويحة","132973"
"فاس- مكناس","تازة","كاف الغار","692","10820","USFP","علي الغرناجي","132957"
"فاس- مكناس","تازة","كاف الغار","692","10818","USFP","الصغير سعودي","53739"
"فاس- مكناس","تازة","كاف الغار","692","10811","PI","محمد  بلعربي","53967"
"فاس- مكناس","تازة","كاف الغار","692","10809","RNI","محمد  بقلول ","99689"
"فاس- مكناس","تازة","كلدمان","560","8831","PJD","احمد العبادي","32965"
"فاس- مكناس","تازة","كلدمان","560","8837","PJD","محمد الفرطاس","16991"
"فاس- مكناس","تازة","كلدمان","560","8839","PJD","احمد  بنيما","73593"
"فاس- مكناس","تازة","كلدمان","560","8828","PJD","عبد العزيز  الشلياح","16979"
"فاس- مكناس","تازة","كلدمان","560","8828","PJD","رشيدة الديش","16982"
"فاس- مكناس","تازة","كلدمان","560","8833","PJD","جواد لفلاكي","6263"
"فاس- مكناس","تازة","كلدمان","560","8833","PJD","صفية بلهيص","6231"
"فاس- مكناس","تازة","كلدمان","560","8838","PJD","عمر العنتري","95171"
"فاس- مكناس","تازة","كلدمان","560","8830","PJD","رشيد بادة","95266"
"فاس- مكناس","تازة","كلدمان","560","8830","PJD","فطيمة الكحل","95332"
"فاس- مكناس","تازة","كلدمان","560","8829","PJD","أحمد إفاخ","6244"
"فاس- مكناس","تازة","كلدمان","560","8827","PJD","فؤاد الرطال","10571"
"فاس- مكناس","تازة","كلدمان","560","8827","PJD","جمعة البيوسفي","10584"
"فاس- مكناس","تازة","كلدمان","560","8824","MP","عبد العزيز مومح","11823"
"فاس- مكناس","تازة","كلدمان","560","8819","MP","محمد زعراوي","73659"
"فاس- مكناس","تازة","كلدمان","560","8840","MP","محمد العنتري","11852"
"فاس- مكناس","تازة","كلدمان","560","8823","MP","عبدالعزيز  عصو","73670"
"فاس- مكناس","تازة","كلدمان","560","8825","MP","عبد النبي فرطيط","39818"
"فاس- مكناس","تازة","كلدمان","560","8818","MP","فتاح بلحاج","39866"
"فاس- مكناس","تازة","كلدمان","560","8835","MP","عبد الرحيم لغليظ","94888"
"فاس- مكناس","تازة","كلدمان","560","8834","MP","عبد اللطيف الساعيد","94944"
"فاس- مكناس","تازة","كلدمان","560","8832","RNI","محمد بلحاج","94815"
"فاس- مكناس","تازة","كلدمان","560","8821","RNI","جمال بنكمرة","73554"
"فاس- مكناس","تازة","كلدمان","560","8820","RNI","عبد الكريم هواري","73391"
"فاس- مكناس","تازة","كلدمان","560","8826","RNI","محمد الشليح","94766"
"فاس- مكناس","تازة","كلدمان","560","8822","P Annahda","فريد شهبون","24486"
"فاس- مكناس","تازة","كلدمان","560","8836","PRV","حافظ بن حرود","10390"
"فاس- مكناس","تازة","مطماطة","851","13440","PAM","عبد الله لهلالي","23425"
"فاس- مكناس","تازة","مطماطة","851","13438","PAM","عبد السلام الكارتي","26638"
"فاس- مكناس","تازة","مطماطة","851","13445","PAM","مولود سخان","37432"
"فاس- مكناس","تازة","مطماطة","851","13445","PAM","نعيمة بطاحي","37448"
"فاس- مكناس","تازة","مطماطة","851","13438","PAM","ميمونة القدرة","26647"
"فاس- مكناس","تازة","مطماطة","851","13443","PAM","عبد الحكيم فرعون","32913"
"فاس- مكناس","تازة","مطماطة","851","13443","PAM","حبيبة مغيس","32891"
"فاس- مكناس","تازة","مطماطة","851","13447","PAM","عبد الله بوكبش","37651"
"فاس- مكناس","تازة","مطماطة","851","13448","PAM","حسن اخصاص ","38770"
"فاس- مكناس","تازة","مطماطة","851","13441","PAM","ابراهيم لزعر","44821"
"فاس- مكناس","تازة","مطماطة","851","13446","PAM","عبد القادر لحنين","47823"
"فاس- مكناس","تازة","مطماطة","851","13442","PAM","الخمار سماوي","45363"
"فاس- مكناس","تازة","مطماطة","851","13439","PAM","توفيق لغريبي","29999"
"فاس- مكناس","تازة","مطماطة","851","13437","PAM","منير مفتاح","26651"
"فاس- مكناس","تازة","مطماطة","851","13444","PI","جمال الدين اشساس","65350"
"فاس- مكناس","تازة","مطماطة","851","13444","PI","فاطمة اقروط","65368"
"فاس- مكناس","تازة","مطماطة","851","13449","MP","علي مشكور","9938"
"فاس- مكناس","تازة","مغراوة","836","13173","PAM","محمد حميد","66704"
"فاس- مكناس","تازة","مغراوة","836","13173","PAM","فاطمة الزهراء تيغانيم","66721"
"فاس- مكناس","تازة","مغراوة","836","13178","PAM","فريد اعيوني","90811"
"فاس- مكناس","تازة","مغراوة","836","13171","PAM","محمد ازروال","89437"
"فاس- مكناس","تازة","مغراوة","836","13175","PAM","محمد زاهي","81355"
"فاس- مكناس","تازة","مغراوة","836","13167","RNI","عبد الكريم قيبوس","80865"
"فاس- مكناس","تازة","مغراوة","836","13167","RNI","فتيحة حياتي","80875"
"فاس- مكناس","تازة","مغراوة","836","13166","RNI","ادريس بوهدة","45792"
"فاس- مكناس","تازة","مغراوة","836","13166","RNI","الزهرة كردول","45808"
"فاس- مكناس","تازة","مغراوة","836","13174","RNI","الحسين سمور","67805"
"فاس- مكناس","تازة","مغراوة","836","13169","PJD","سعيد كروط","45497"
"فاس- مكناس","تازة","مغراوة","836","13170","PJD","ميمون الهوز","11040"
"فاس- مكناس","تازة","مغراوة","836","13168","PJD","احمد ازباير","67859"
"فاس- مكناس","تازة","مغراوة","836","13172","USFP","الحسين اديل","81307"
"فاس- مكناس","تازة","مغراوة","836","13172","USFP","حسناء قروط","81325"
"فاس- مكناس","تازة","مغراوة","836","13176","USFP","حدو محفوظ","61680"
"فاس- مكناس","تازة","مغراوة","836","13177","PPS","بلعباس باعبوع","81063"
"فاس- مكناس","تازة","مكناسة الشرقية","840","13224","RNI","محمد برقي","45624"
"فاس- مكناس","تازة","مكناسة الشرقية","840","13224","RNI","فاطمة كنبيب","45632"
"فاس- مكناس","تازة","مكناسة الشرقية","840","13226","RNI","حكيم لخليلي","17109"
"فاس- مكناس","تازة","مكناسة الشرقية","840","13226","RNI","رجاء الصالحي","17113"
"فاس- مكناس","تازة","مكناسة الشرقية","840","13227","RNI","قدور نهض","10146"
"فاس- مكناس","تازة","مكناسة الشرقية","840","13223","RNI","ادريس لستت","11976"
"فاس- مكناس","تازة","مكناسة الشرقية","840","13223","RNI","مينة شعيري","12002"
"فاس- مكناس","تازة","مكناسة الشرقية","840","13229","PJD","خالد الحسني","62037"
"فاس- مكناس","تازة","مكناسة الشرقية","840","13229","PJD","فريدة الكرامي","62067"
"فاس- مكناس","تازة","مكناسة الشرقية","840","13228","PJD","خالد الغوباشي","119355"
"فاس- مكناس","تازة","مكناسة الشرقية","840","13221","MP","محمد رامي","10217"
"فاس- مكناس","تازة","مكناسة الشرقية","840","13220","MP","عزوز جبلي","10349"
"فاس- مكناس","تازة","مكناسة الشرقية","840","13222","MP","مصطفى جيهاني","65487"
"فاس- مكناس","تازة","مكناسة الشرقية","840","13230","MP","عبد القادر بن امريد","61885"
"فاس- مكناس","تازة","مكناسة الشرقية","840","13225","PI","بوشتى  العلوي ","15142"
"فاس- مكناس","تازة","مكناسة الغربية","841","13239","PAM","المختار المغايل","119782"
"فاس- مكناس","تازة","مكناسة الغربية","841","13234","PAM","فؤاد الغريب","102709"
"فاس- مكناس","تازة","مكناسة الغربية","841","13233","PAM","حميد  الشارف","88462"
"فاس- مكناس","تازة","مكناسة الغربية","841","13233","PAM","لطيفة حقيق","88520"
"فاس- مكناس","تازة","مكناسة الغربية","841","13241","PAM","احمد اليوسفي","108427"
"فاس- مكناس","تازة","مكناسة الغربية","841","13241","PAM","ليلى منى","106276"
"فاس- مكناس","تازة","مكناسة الغربية","841","13235","MP","بوجمعة  بن الموجود","37416"
"فاس- مكناس","تازة","مكناسة الغربية","841","13237","MP","علي بوغودة","24201"
"فاس- مكناس","تازة","مكناسة الغربية","841","13240","MP","حميد  غرباج","85511"
"فاس- مكناس","تازة","مكناسة الغربية","841","13240","MP","سناء غرباج","85532"
"فاس- مكناس","تازة","مكناسة الغربية","841","13242","MP","عزوز داموس","83665"
"فاس- مكناس","تازة","مكناسة الغربية","841","13242","MP","سناء الشراط","83685"
"فاس- مكناس","تازة","مكناسة الغربية","841","13236","MP","علي بوكروط","83097"
"فاس- مكناس","تازة","مكناسة الغربية","841","13238","USFP","عياد بن جمة","80551"
"فاس- مكناس","تازة","مكناسة الغربية","841","13243","USFP","محمد  اجنياح","80566"
"فاس- مكناس","تازة","واد امليل","935","14791","USFP","محمد التشيش","28656"
"فاس- مكناس","تازة","واد امليل","935","14791","USFP","نعيمة التشيش","28669"
"فاس- مكناس","تازة","واد امليل","935","14792","USFP","عبد الخالق القروطي","10974"
"فاس- مكناس","تازة","واد امليل","935","25294","USFP","أحمد بيوض","36498"
"فاس- مكناس","تازة","واد امليل","935","25294","USFP","سعيدة حصي","36235"
"فاس- مكناس","تازة","واد امليل","935","14796","USFP","خالد زلاتي","17090"
"فاس- مكناس","تازة","واد امليل","935","14796","USFP","زكية الفيلالي","17097"
"فاس- مكناس","تازة","واد امليل","935","14795","USFP","علي الزولاتي","36063"
"فاس- مكناس","تازة","واد امليل","935","14797","USFP","محمد لعوينة","9849"
"فاس- مكناس","تازة","واد امليل","935","25295","USFP","مصطفى الحطحاط","22597"
"فاس- مكناس","تازة","واد امليل","935","14798","USFP","فريد نعمان","9925"
"فاس- مكناس","تازة","واد امليل","935","14798","USFP","رجاء جعدور","9947"
"فاس- مكناس","تازة","واد امليل","935","14789","USFP","عبد السلام الشاوي","27028"
"فاس- مكناس","تازة","واد امليل","935","14799","USFP","محمد  احماموش","22606"
"فاس- مكناس","تازة","واد امليل","935","14790","USFP","محمد اغزيل","27015"
"فاس- مكناس","تازة","واد امليل","935","14793","USFP","محمد بوطحان","45376"
"فاس- مكناس","تازة","واد امليل","935","14794","USFP","احمد الغدير","132476"
"فاس- مكناس","تاونات","أورتزاغ","1070","16832","PI","الخدير محفوض","41157"
"فاس- مكناس","تاونات","أورتزاغ","1070","16832","PI","نزهة مالح","41162"
"فاس- مكناس","تاونات","أورتزاغ","1070","16831","PI","عبد الرحمن بريول","25952"
"فاس- مكناس","تاونات","أورتزاغ","1070","16826","PI","المفضل ابن سباحو","55278"
"فاس- مكناس","تاونات","أورتزاغ","1070","16826","PI","حفيظة  كناش","55284"
"فاس- مكناس","تاونات","أورتزاغ","1070","16821","PI","رشيد بكوري","25930"
"فاس- مكناس","تاونات","أورتزاغ","1070","16824","PI","محمد  لكحال","32155"
"فاس- مكناس","تاونات","أورتزاغ","1070","16824","PI","سارة الاوربي","32156"
"فاس- مكناس","تاونات","أورتزاغ","1070","16825","PI","توفيق احماموشي","55349"
"فاس- مكناس","تاونات","أورتزاغ","1070","16822","PI","بوشتى الطايق","41287"
"فاس- مكناس","تاونات","أورتزاغ","1070","16833","PI","عبد الحافظ اضادي","41092"
"فاس- مكناس","تاونات","أورتزاغ","1070","16823","USFP","نبيل لحليمي","32153"
"فاس- مكناس","تاونات","أورتزاغ","1070","16828","USFP","توفيق بنطالب","41174"
"فاس- مكناس","تاونات","أورتزاغ","1070","16834","USFP","محمد مزيان","95762"
"فاس- مكناس","تاونات","أورتزاغ","1070","16827","USFP","محمد الرحيوي","41196"
"فاس- مكناس","تاونات","أورتزاغ","1070","16830","USFP","الحسن مالح","95856"
"فاس- مكناس","تاونات","أورتزاغ","1070","16820","PAM","فواد يزرور","55320"
"فاس- مكناس","تاونات","أوطابوعبان","1071","16850","PI","محمد الاكحل","14844"
"فاس- مكناس","تاونات","أوطابوعبان","1071","16850","PI","سميرة البزاري","14850"
"فاس- مكناس","تاونات","أوطابوعبان","1071","16843","PI","احمد اعويناتي","14845"
"فاس- مكناس","تاونات","أوطابوعبان","1071","16843","PI","فتيحة العيوني","14848"
"فاس- مكناس","تاونات","أوطابوعبان","1071","16855","PI","الحسن ابادة","55276"
"فاس- مكناس","تاونات","أوطابوعبان","1071","16855","PI","فاتيحة ابادة","55281"
"فاس- مكناس","تاونات","أوطابوعبان","1071","16853","PI","محمد الفلاح","20759"
"فاس- مكناس","تاونات","أوطابوعبان","1071","16852","PI","منير الركيبي","41409"
"فاس- مكناس","تاونات","أوطابوعبان","1071","16846","PI","العربي الادريسي","14840"
"فاس- مكناس","تاونات","أوطابوعبان","1071","16851","PI","دحمان الزروقي","41412"
"فاس- مكناس","تاونات","أوطابوعبان","1071","16849","PI","عبد الكريم هرماك","14851"
"فاس- مكناس","تاونات","أوطابوعبان","1071","16854","RNI","محمد الاقرع","32125"
"فاس- مكناس","تاونات","أوطابوعبان","1071","16854","RNI","دنيا زاهي","32127"
"فاس- مكناس","تاونات","أوطابوعبان","1071","16845","RNI","ابودر خريباش","32131"
"فاس- مكناس","تاونات","أوطابوعبان","1071","16844","MP","عبدالعالي بن عبو","74131"
"فاس- مكناس","تاونات","أوطابوعبان","1071","16848","USFP","مونير القلعي","14849"
"فاس- مكناس","تاونات","أوطابوعبان","1071","16847","USFP","احمد صويلح","74063"
"فاس- مكناس","تاونات","أولاد داود","998","15708","USFP","سعيد البوش","92386"
"فاس- مكناس","تاونات","أولاد داود","998","15708","USFP","شادية التزاني","92417"
"فاس- مكناس","تاونات","أولاد داود","998","15709","USFP","احمد الحمداني","14125"
"فاس- مكناس","تاونات","أولاد داود","998","15709","USFP","غيتة  التزاني","14153"
"فاس- مكناس","تاونات","أولاد داود","998","15712","USFP","حمان نحاس","14324"
"فاس- مكناس","تاونات","أولاد داود","998","15719","USFP","التهامي بن احدش","92724"
"فاس- مكناس","تاونات","أولاد داود","998","15714","USFP","محمد الكرامي","40583"
"فاس- مكناس","تاونات","أولاد داود","998","15717","USFP","عبدالواحد المنصوري","14244"
"فاس- مكناس","تاونات","أولاد داود","998","15717","USFP","فوزية الفرحان","14235"
"فاس- مكناس","تاونات","أولاد داود","998","15711","USFP","الخمار زركان","40572"
"فاس- مكناس","تاونات","أولاد داود","998","15710","USFP","عبد الوهاب  العمومري","14206"
"فاس- مكناس","تاونات","أولاد داود","998","15716","USFP","محمد الصياد","1059"
"فاس- مكناس","تاونات","أولاد داود","998","15720","USFP","احمد الغدوسي","70791"
"فاس- مكناس","تاونات","أولاد داود","998","15713","USFP","الحسن المنكاد","92478"
"فاس- مكناس","تاونات","أولاد داود","998","15713","USFP","حكيمة المنكاد","92505"
"فاس- مكناس","تاونات","أولاد داود","998","15718","USFP","سعيد  بوعبيد","14177"
"فاس- مكناس","تاونات","أولاد داود","998","15715","PI","محمد  زخوني","53310"
"فاس- مكناس","تاونات","أولاد عياد","985","15547","PPS","محمد محبوب","55356"
"فاس- مكناس","تاونات","أولاد عياد","985","15547","PPS","حورية لكريك","55368"
"فاس- مكناس","تاونات","أولاد عياد","985","15558","PPS","عبد النبي امسياح","32010"
"فاس- مكناس","تاونات","أولاد عياد","985","15558","PPS","سهام بومواس","32012"
"فاس- مكناس","تاونات","أولاد عياد","985","15548","PPS","ادريس بوصفيحة","31986"
"فاس- مكناس","تاونات","أولاد عياد","985","15548","PPS","هناء القدرة","31987"
"فاس- مكناس","تاونات","أولاد عياد","985","15553","PPS","يوسف الطايع","31996"
"فاس- مكناس","تاونات","أولاد عياد","985","15559","PPS","أكرم قربع","31994"
"فاس- مكناس","تاونات","أولاد عياد","985","15552","PPS","يوسف العمراني","55377"
"فاس- مكناس","تاونات","أولاد عياد","985","15549","PI","عبد الواحد السرحاني","91234"
"فاس- مكناس","تاونات","أولاد عياد","985","15550","PI","عبد الحق خطيني","91141"
"فاس- مكناس","تاونات","أولاد عياد","985","15556","PI","سعيد الدمراوي","74676"
"فاس- مكناس","تاونات","أولاد عياد","985","15556","PI","لبنى حبشاش","74688"
"فاس- مكناس","تاونات","أولاد عياد","985","15557","RNI","عبد السلام الخدري","32016"
"فاس- مكناس","تاونات","أولاد عياد","985","15554","RNI","احمد الوصيف","55345"
"فاس- مكناس","تاونات","أولاد عياد","985","15555","RNI","محمد شعشوعي","55336"
"فاس- مكناس","تاونات","أولاد عياد","985","15551","MP","عبد الجبار الحمدادي","55395"
"فاس- مكناس","تاونات","اجبابرة","678","10612","PI","سعيد الراشقي","126354"
"فاس- مكناس","تاونات","اجبابرة","678","10596","PI","عبد الرحيم بوزيان ","41242"
"فاس- مكناس","تاونات","اجبابرة","678","10596","PI","اكرام بن الطاهر","41253"
"فاس- مكناس","تاونات","اجبابرة","678","10592","PI","سي محمد بن الفقير","91967"
"فاس- مكناس","تاونات","اجبابرة","678","10593","PI","حميد  بن الطاهر","54596"
"فاس- مكناس","تاونات","اجبابرة","678","10590","PI","بوشتى الصموح","41297"
"فاس- مكناس","تاونات","اجبابرة","678","10590","PI","امال  الصموح","41304"
"فاس- مكناس","تاونات","اجبابرة","678","10606","PI","محمد اليقين","41160"
"فاس- مكناس","تاونات","اجبابرة","678","10609","FFD","عبد اللـه حلحول","32037"
"فاس- مكناس","تاونات","اجبابرة","678","10605","FFD","سعيد اسبيعة","41177"
"فاس- مكناس","تاونات","اجبابرة","678","10605","FFD","فاطمة الزهراء النوري","41180"
"فاس- مكناس","تاونات","اجبابرة","678","10599","FFD","حميد السبيعة","32066"
"فاس- مكناس","تاونات","اجبابرة","678","10607","FFD","كمال الراشقي","126384"
"فاس- مكناس","تاونات","اجبابرة","678","10601","FFD","ادريس غزلان","41203"
"فاس- مكناس","تاونات","اجبابرة","678","10611","FFD","أحمد فردوس","41125"
"فاس- مكناس","تاونات","اجبابرة","678","10602","FFD","امحمد خلوطة","32070"
"فاس- مكناس","تاونات","اجبابرة","678","10604","USFP","عبد السلام لمعاند","41190"
"فاس- مكناس","تاونات","اجبابرة","678","10595","USFP","بوشتى الكعابي","74132"
"فاس- مكناس","تاونات","اجبابرة","678","10595","USFP","مريم الحجوجي","74138"
"فاس- مكناس","تاونات","اجبابرة","678","10610","USFP","شرف عليطو","41130"
"فاس- مكناس","تاونات","اجبابرة","678","10608","USFP","كريم العوني","41145"
"فاس- مكناس","تاونات","اجبابرة","678","10597","USFP","عبد الكريم الوردي","41228"
"فاس- مكناس","تاونات","اجبابرة","678","10598","RNI","الهادي حجوجي","91879"
"فاس- مكناس","تاونات","اجبابرة","678","10594","RNI","عبد القادر النهاري","41279"
"فاس- مكناس","تاونات","اجبابرة","678","10591","RNI","بوشتى العماري","92017"
"فاس- مكناس","تاونات","اجبابرة","678","10603","RNI","عبد السلام الوردي","74213"
"فاس- مكناس","تاونات","اجبابرة","678","10600","RNI","علال معلام","55131"
"فاس- مكناس","تاونات","ارغيوة","1092","17158","RNI","بوشتى الخضير","53898"
"فاس- مكناس","تاونات","ارغيوة","1092","17158","RNI","سهام البراهمي","53935"
"فاس- مكناس","تاونات","ارغيوة","1092","17157","RNI","ادريس الكبيري","8969"
"فاس- مكناس","تاونات","ارغيوة","1092","17157","RNI","فاطمة اجحيلل","37853"
"فاس- مكناس","تاونات","ارغيوة","1092","17166","RNI","احمد الدهاري","12308"
"فاس- مكناس","تاونات","ارغيوة","1092","17166","RNI","عفاف دحماني","12347"
"فاس- مكناس","تاونات","ارغيوة","1092","17164","RNI","حميد اتباتو","39457"
"فاس- مكناس","تاونات","ارغيوة","1092","17165","RNI","عبد العزيز الزجاري","25844"
"فاس- مكناس","تاونات","ارغيوة","1092","17163","PAM","عبد الرزاق الفحفوحي","65601"
"فاس- مكناس","تاونات","ارغيوة","1092","17156","PJD","مراد الزجاري","95901"
"فاس- مكناس","تاونات","ارغيوة","1092","17156","PJD","اسماء الزجاري","95905"
"فاس- مكناس","تاونات","ارغيوة","1092","17160","PPS","العربي  المنصوري ","95929"
"فاس- مكناس","تاونات","ارغيوة","1092","17162","USFP","عبد الغني اتباتو","53840"
"فاس- مكناس","تاونات","ارغيوة","1092","17159","P Néo-Démocrates","جمال التودي","95922"
"فاس- مكناس","تاونات","ارغيوة","1092","17161","PI","عبدالرحيم  قدوري ","53807"
"فاس- مكناس","تاونات","البسابسا","489","7633","RNI","محمد مومن","54662"
"فاس- مكناس","تاونات","البسابسا","489","7627","RNI","عبد الحق اشعيب","84103"
"فاس- مكناس","تاونات","البسابسا","489","7631","RNI","حميد المزياتي","84457"
"فاس- مكناس","تاونات","البسابسا","489","7631","RNI","نجية الزناكي","84533"
"فاس- مكناس","تاونات","البسابسا","489","7624","RNI","الحسين الدرة","55029"
"فاس- مكناس","تاونات","البسابسا","489","7629","RNI","احمد الحاج حدوش","41425"
"فاس- مكناس","تاونات","البسابسا","489","7623","RNI","محمد وزاني تهامي","55015"
"فاس- مكناس","تاونات","البسابسا","489","7635","USFP","ربيع المباركي","31210"
"فاس- مكناس","تاونات","البسابسا","489","7635","USFP","زينب المباركي","31217"
"فاس- مكناس","تاونات","البسابسا","489","7626","USFP","ميلود الصبار","31184"
"فاس- مكناس","تاونات","البسابسا","489","7626","USFP","سعيدة  درويش ","31196"
"فاس- مكناس","تاونات","البسابسا","489","7628","USFP","الفاطمي البوسعدني","20636"
"فاس- مكناس","تاونات","البسابسا","489","7625","PI","رشيد الهيري","54845"
"فاس- مكناس","تاونات","البسابسا","489","7625","PI","لطيفة الهيري","54857"
"فاس- مكناس","تاونات","البسابسا","489","7630","PI","عبد الالاه الشويرف","20659"
"فاس- مكناس","تاونات","البسابسا","489","7632","PAM","محمد بن الحاج","84363"
"فاس- مكناس","تاونات","البسابسا","489","7634","PPS","عز الدين اليزناسني","96250"
"فاس- مكناس","تاونات","البيبان","486","7587","PI","يوسف بغالب","93381"
"فاس- مكناس","تاونات","البيبان","486","7587","PI","شرفة  السبكي ","93406"
"فاس- مكناس","تاونات","البيبان","486","7592","PI","عبد المنعم  الظاهري","55487"
"فاس- مكناس","تاونات","البيبان","486","7596","PI","عبد الرحيم الضاوي","41097"
"فاس- مكناس","تاونات","البيبان","486","7595","PI","عز الدين العاجي","74454"
"فاس- مكناس","تاونات","البيبان","486","7595","PI","عتيقة بليط","74464"
"فاس- مكناس","تاونات","البيبان","486","7593","PI","سعيد نبيه","55472"
"فاس- مكناس","تاونات","البيبان","486","7593","PI","فطيمة العادلي","55475"
"فاس- مكناس","تاونات","البيبان","486","7589","PI","فاطمة بوبكر","74533"
"فاس- مكناس","تاونات","البيبان","486","7594","PI","عمر ابطي","55463"
"فاس- مكناس","تاونات","البيبان","486","7594","PI","مريم البقالي","55468"
"فاس- مكناس","تاونات","البيبان","486","7591","PI","عبد اللـه رويوق","74510"
"فاس- مكناس","تاونات","البيبان","486","7590","PI","عبد الحي بوهطاطي","74522"
"فاس- مكناس","تاونات","البيبان","486","7588","PI","محمد الغالي السوني","55497"
"فاس- مكناس","تاونات","البيبان","486","7586","PPS","محمد  عريبو","55493"
"فاس- مكناس","تاونات","الخلالفة","716","11245","PAM","عبد السلام مخلفي","20710"
"فاس- مكناس","تاونات","الخلالفة","716","11248","PAM","احمد ابا حنيني","20713"
"فاس- مكناس","تاونات","الخلالفة","716","11251","PAM","عبد الحق البكوري","31756"
"فاس- مكناس","تاونات","الخلالفة","716","11249","PAM","عبدالعالي الطيري","20716"
"فاس- مكناس","تاونات","الخلالفة","716","11249","PAM","فطيمة العطاري","20717"
"فاس- مكناس","تاونات","الخلالفة","716","11247","PAM","علي العسري","14156"
"فاس- مكناس","تاونات","الخلالفة","716","11241","RNI","احمد اطريطاح","8334"
"فاس- مكناس","تاونات","الخلالفة","716","11241","RNI","رحمة اطريطاح","8402"
"فاس- مكناس","تاونات","الخلالفة","716","11246","RNI","عبد الرحيم البودالي","121345"
"فاس- مكناس","تاونات","الخلالفة","716","11250","RNI","بوشتى الزنايدي","20721"
"فاس- مكناس","تاونات","الخلالفة","716","11250","RNI","اكرام المستغيت","20722"
"فاس- مكناس","تاونات","الخلالفة","716","11252","RNI","محمد الداودي ","73597"
"فاس- مكناس","تاونات","الخلالفة","716","11252","RNI","فوزية  الداودي","73664"
"فاس- مكناس","تاونات","الخلالفة","716","11243","RNI","سعيد الدخيسي","73723"
"فاس- مكناس","تاونات","الخلالفة","716","11240","RNI","مجيد عزوزي","20705"
"فاس- مكناس","تاونات","الخلالفة","716","25311","PI","عمرو الهرزا","14242"
"فاس- مكناس","تاونات","الخلالفة","716","25310","PI","محمد احريفاش","20728"
"فاس- مكناس","تاونات","الخلالفة","716","11242","PPS","عبد اللـه بوشكارة","14070"
"فاس- مكناس","تاونات","الخلالفة","716","11244","PPS","محمد بودكارة","40560"
"فاس- مكناس","تاونات","الرتبة","1087","17098","PPS","محمد  المعلمي ","14813"
"فاس- مكناس","تاونات","الرتبة","1087","17098","PPS","اسية طاورطي","14809"
"فاس- مكناس","تاونات","الرتبة","1087","17102","PPS","المختار الخضراوي","25579"
"فاس- مكناس","تاونات","الرتبة","1087","17090","PPS","عبد الحق ابو سالم","49866"
"فاس- مكناس","تاونات","الرتبة","1087","17102","PPS","اكرام الخضراوي","25594"
"فاس- مكناس","تاونات","الرتبة","1087","17101","PPS","الحسن هنو","25647"
"فاس- مكناس","تاونات","الرتبة","1087","25320","PPS","عبد السلام الشوني","14816"
"فاس- مكناس","تاونات","الرتبة","1087","17091","PPS","عبد العزيز ابو سالم","126190"
"فاس- مكناس","تاونات","الرتبة","1087","25314","PPS","عبد اللطيف البقالي القاسمي","25664"
"فاس- مكناس","تاونات","الرتبة","1087","17099","PPS","المفضل الكماري","14811"
"فاس- مكناس","تاونات","الرتبة","1087","17097","PPS","المصطفى  زائر","14810"
"فاس- مكناس","تاونات","الرتبة","1087","17103","PPS","محمد  الصغوري","14820"
"فاس- مكناس","تاونات","الرتبة","1087","17095","PPS","عبد المالك عماري","49642"
"فاس- مكناس","تاونات","الرتبة","1087","17096","PPS","عبد السلام الزغاري","49643"
"فاس- مكناس","تاونات","الرتبة","1087","17096","PPS","نورة الزغاري","49762"
"فاس- مكناس","تاونات","الرتبة","1087","17094","PPS","محمد شرقاوي","14807"
"فاس- مكناس","تاونات","الرتبة","1087","17100","PPS","عبدالاله المرنيسي ","14814"
"فاس- مكناس","تاونات","الرتبة","1087","17089","PPS","صالح الشاوني","25687"
"فاس- مكناس","تاونات","الرتبة","1087","17089","PPS","نجية الشعيبي","25704"
"فاس- مكناس","تاونات","الرتبة","1087","25319","PPS","عبد الكامل محمود","14819"
"فاس- مكناس","تاونات","الرتبة","1087","17092","PPS","محمد  الفقير","14802"
"فاس- مكناس","تاونات","الرتبة","1087","25317","PPS","المختار الصغيار","25628"
"فاس- مكناس","تاونات","الرتبة","1087","25315","PPS","عبد الفضيل السعداني","14823"
"فاس- مكناس","تاونات","الرتبة","1087","17093","PPS","عبدالسلام عاشر","14804"
"فاس- مكناس","تاونات","الرتبة","1087","25321","PI","عبد السلام الزغاري","55454"
"فاس- مكناس","تاونات","الرتبة","1087","25318","PI","ادريس السدراتي","55510"
"فاس- مكناس","تاونات","الرتبة","1087","25316","USFP","عبد العزيز العبودي","41022"
"فاس- مكناس","تاونات","الزريزر","1547","24243","PPS","عبد الواحد الحناشي","40652"
"فاس- مكناس","تاونات","الزريزر","1547","24241","PPS","حميد زياتي","94663"
"فاس- مكناس","تاونات","الزريزر","1547","24241","PPS","نورة ادريف","94690"
"فاس- مكناس","تاونات","الزريزر","1547","24242","PPS","رضوان البيعلي","94712"
"فاس- مكناس","تاونات","الزريزر","1547","24250","PPS","محمد بنعيش","73967"
"فاس- مكناس","تاونات","الزريزر","1547","24253","PPS","ابراهيم الشحيطي","73782"
"فاس- مكناس","تاونات","الزريزر","1547","24247","CNI","نجيب الكنوني","54490"
"فاس- مكناس","تاونات","الزريزر","1547","24247","CNI","رشيدة   الخمليشي","54524"
"فاس- مكناس","تاونات","الزريزر","1547","24246","CNI","عبدالرزاق  حمدوني ","74145"
"فاس- مكناس","تاونات","الزريزر","1547","24245","CNI","عبد الرحيم  ادباب","74162"
"فاس- مكناس","تاونات","الزريزر","1547","24244","CNI","عادل الزهري","74208"
"فاس- مكناس","تاونات","الزريزر","1547","24252","CNI","علي المودني","54566"
"فاس- مكناس","تاونات","الزريزر","1547","24252","CNI","رحمة البكوشي","54580"
"فاس- مكناس","تاونات","الزريزر","1547","24248","CNI","يوسف البوطي","54730"
"فاس- مكناس","تاونات","الزريزر","1547","24249","PI","عبد الاله المنصوري","74006"
"فاس- مكناس","تاونات","الزريزر","1547","24251","RNI","علي الكنوني ","73880"
"فاس- مكناس","تاونات","الزريزر","1547","24251","RNI","زهرة الحضري","73893"
"فاس- مكناس","تاونات","الغوازي","1094","17181","RNI","يوسف المبروك","94462"
"فاس- مكناس","تاونات","الغوازي","1094","17190","RNI","نور الدين ميلودي","125869"
"فاس- مكناس","تاونات","الغوازي","1094","17190","RNI","جودة بن حمو","125892"
"فاس- مكناس","تاونات","الغوازي","1094","17196","RNI","لحسن الطويل","41543"
"فاس- مكناس","تاونات","الغوازي","1094","17196","RNI","اميمة بوغزالة","41544"
"فاس- مكناس","تاونات","الغوازي","1094","17184","RNI","محمد الصادقي","41562"
"فاس- مكناس","تاونات","الغوازي","1094","17195","RNI","ادريس عقراش","94198"
"فاس- مكناس","تاونات","الغوازي","1094","17199","RNI","محمد بابا","41566"
"فاس- مكناس","تاونات","الغوازي","1094","17188","RNI","محمد  الزهراوي","41538"
"فاس- مكناس","تاونات","الغوازي","1094","17188","RNI","سهام ميلودي","41540"
"فاس- مكناس","تاونات","الغوازي","1094","17200","RNI","سلام كرابش","41553"
"فاس- مكناس","تاونات","الغوازي","1094","17187","RNI","عبد النور  هل حسين ","81849"
"فاس- مكناس","تاونات","الغوازي","1094","17192","RNI","بوشتى الدبيش","41575"
"فاس- مكناس","تاونات","الغوازي","1094","17191","RNI","عبد الوهاب الصغير","41560"
"فاس- مكناس","تاونات","الغوازي","1094","17198","RNI","عبد السلام السقاط","41569"
"فاس- مكناس","تاونات","الغوازي","1094","17186","RNI","حسن يمني","94412"
"فاس- مكناس","تاونات","الغوازي","1094","17180","USFP","عبد الحق المعوني","41572"
"فاس- مكناس","تاونات","الغوازي","1094","17185","USFP","سعيد الهاني","26223"
"فاس- مكناس","تاونات","الغوازي","1094","17179","USFP","احمد خربوش","55234"
"فاس- مكناس","تاونات","الغوازي","1094","17194","USFP","فضول الفضولي","81536"
"فاس- مكناس","تاونات","الغوازي","1094","17189","USFP","جمال البار","81724"
"فاس- مكناس","تاونات","الغوازي","1094","17183","USFP","محمد فارح","55239"
"فاس- مكناس","تاونات","الغوازي","1094","17193","USFP","مصطفى العامري","26212"
"فاس- مكناس","تاونات","الغوازي","1094","17178","PJD","خالد الدبيش","41573"
"فاس- مكناس","تاونات","الغوازي","1094","17197","PI","محمد النعومي","125575"
"فاس- مكناس","تاونات","الغوازي","1094","17197","PI","امينة  اتويمي ","125627"
"فاس- مكناس","تاونات","الغوازي","1094","17182","PI","ادريس السليماني","41574"
"فاس- مكناس","تاونات","المكانسة","885","13969","FFD","امحمد الزغديدي","16037"
"فاس- مكناس","تاونات","المكانسة","885","13967","FFD","مصطفى الزياني","11502"
"فاس- مكناس","تاونات","المكانسة","885","13965","FFD","امحمد والي علمي","11474"
"فاس- مكناس","تاونات","المكانسة","885","13973","FFD","بوشتى  الركبي ","15859"
"فاس- مكناس","تاونات","المكانسة","885","13971","FFD","هشام  الدغوغي ","22191"
"فاس- مكناس","تاونات","المكانسة","885","13980","FFD","مصطفى والي علمي","11652"
"فاس- مكناس","تاونات","المكانسة","885","13968","FFD","ادريس خروم","55182"
"فاس- مكناس","تاونات","المكانسة","885","13968","FFD","حسنة الفشتالي","55183"
"فاس- مكناس","تاونات","المكانسة","885","13966","FFD","الخمار الربيعي","10900"
"فاس- مكناس","تاونات","المكانسة","885","13978","MP","عبد الفتاح الرويضي","93639"
"فاس- مكناس","تاونات","المكانسة","885","13982","MP","الحسن بن عياد","81440"
"فاس- مكناس","تاونات","المكانسة","885","13972","MP","احمد الغراسلي","126507"
"فاس- مكناس","تاونات","المكانسة","885","13972","MP","خديجة القريش","126539"
"فاس- مكناس","تاونات","المكانسة","885","13986","MP","الحسن بل الغشام","41515"
"فاس- مكناس","تاونات","المكانسة","885","13986","MP","حبيبة العزاوي","41517"
"فاس- مكناس","تاونات","المكانسة","885","13985","MP","سعيد الغيس","81652"
"فاس- مكناس","تاونات","المكانسة","885","13970","MP","الحسن الكناوي","26226"
"فاس- مكناس","تاونات","المكانسة","885","13977","PI","سعيد احمصار","16154"
"فاس- مكناس","تاونات","المكانسة","885","13983","PI","ادريس والي علمي","21920"
"فاس- مكناس","تاونات","المكانسة","885","13983","PI","مليكة رابح","21942"
"فاس- مكناس","تاونات","المكانسة","885","13984","PI","محمد منصف","15935"
"فاس- مكناس","تاونات","المكانسة","885","13987","PI","احمد النجيمي","15910"
"فاس- مكناس","تاونات","المكانسة","885","13976","PI","عبد الرحمان حمان","16011"
"فاس- مكناس","تاونات","المكانسة","885","13974","PI","عبد السلام الرامي","32080"
"فاس- مكناس","تاونات","المكانسة","885","13979","PI","حميد حموش","81862"
"فاس- مكناس","تاونات","المكانسة","885","13975","PAM","الخمار البوعزاوي","55203"
"فاس- مكناس","تاونات","المكانسة","885","13981","PAM","خالد الورديغي","55207"
"فاس- مكناس","تاونات","الولجة","807","12739","RNI","عبد السلام الكرانطي","96050"
"فاس- مكناس","تاونات","الولجة","807","12755","RNI","عبد السلام ممنون","26316"
"فاس- مكناس","تاونات","الولجة","807","12755","RNI","فاطمة الوكيلي","26318"
"فاس- مكناس","تاونات","الولجة","807","12749","RNI","العياشي الوردي","22399"
"فاس- مكناس","تاونات","الولجة","807","12744","RNI","ادريس حليم","96101"
"فاس- مكناس","تاونات","الولجة","807","12743","RNI","عبد الكبير البوهادي","123183"
"فاس- مكناس","تاونات","الولجة","807","12751","RNI","الجيلالي الوكيلي","22386"
"فاس- مكناس","تاونات","الولجة","807","12750","RNI","المامون القرشي","74805"
"فاس- مكناس","تاونات","الولجة","807","12738","RNI","خاليد ممنون","46259"
"فاس- مكناس","تاونات","الولجة","807","12738","RNI","فاطمة الزعيفري","26324"
"فاس- مكناس","تاونات","الولجة","807","12745","RNI","محمد المرابط","41491"
"فاس- مكناس","تاونات","الولجة","807","12756","RNI","امحمد الريفي","41523"
"فاس- مكناس","تاونات","الولجة","807","12747","RNI","هشام المخلوفي","41511"
"فاس- مكناس","تاونات","الولجة","807","12735","RNI","محمد الفقير","22421"
"فاس- مكناس","تاونات","الولجة","807","12735","RNI","خديجة الطالبي","22431"
"فاس- مكناس","تاونات","الولجة","807","12737","RNI","بوشتى الرفيع","41469"
"فاس- مكناس","تاونات","الولجة","807","12757","RNI","احمد البخاري","41528"
"فاس- مكناس","تاونات","الولجة","807","12748","RNI","عبد اللـه بن الشيخ","41514"
"فاس- مكناس","تاونات","الولجة","807","12752","PI","الحسن المفرج","22375"
"فاس- مكناس","تاونات","الولجة","807","12754","PI","محمد المعتمد","41526"
"فاس- مكناس","تاونات","الولجة","807","12742","PI","رشيد الفقير","74830"
"فاس- مكناس","تاونات","الولجة","807","12741","PI","محمد البعيوي","74844"
"فاس- مكناس","تاونات","الولجة","807","12741","PI","لبنى جدي","74852"
"فاس- مكناس","تاونات","الولجة","807","12740","PI","بوشتى  زهير","60244"
"فاس- مكناس","تاونات","الولجة","807","12736","PI","عبد الحي الوردي","74860"
"فاس- مكناس","تاونات","الولجة","807","12753","PI","احمد الزهيري","22358"
"فاس- مكناس","تاونات","الولجة","807","12746","PJD","عبد الفراج مطيع","41506"
"فاس- مكناس","تاونات","بني سنوس","368","5670","USFP","محمد الشغف","10650"
"فاس- مكناس","تاونات","بني سنوس","368","5669","USFP","عبدالسلام برسول","41329"
"فاس- مكناس","تاونات","بني سنوس","368","5669","USFP","شيماء البوشيخي","41334"
"فاس- مكناس","تاونات","بني سنوس","368","5676","USFP","عبد اللطيف البوشيخي","10612"
"فاس- مكناس","تاونات","بني سنوس","368","5668","USFP","بنعيسى السوسي","14742"
"فاس- مكناس","تاونات","بني سنوس","368","5668","USFP","حكيمة العيدوني","14747"
"فاس- مكناس","تاونات","بني سنوس","368","5671","USFP","عبد الرحيم الشتيوي","10627"
"فاس- مكناس","تاونات","بني سنوس","368","5678","USFP","محمد البلون","133197"
"فاس- مكناس","تاونات","بني سنوس","368","5673","MP","الحسن الوراد","32117"
"فاس- مكناس","تاونات","بني سنوس","368","5673","MP","ايمان بوصفيحة","32119"
"فاس- مكناس","تاونات","بني سنوس","368","5675","MP","خالد رزوق","26243"
"فاس- مكناس","تاونات","بني سنوس","368","5674","MP","بوشتى اعمار","32095"
"فاس- مكناس","تاونات","بني سنوس","368","5674","MP","وفاء مطيع","32097"
"فاس- مكناس","تاونات","بني سنوس","368","5667","MP","محمد هلاوي","73441"
"فاس- مكناس","تاونات","بني سنوس","368","5666","PI","رشيد الامين","26304"
"فاس- مكناس","تاونات","بني سنوس","368","5677","PI","عبد السلام الراس","41366"
"فاس- مكناس","تاونات","بني وليد","359","5530","RNI","محمد بوطلاقة","95218"
"فاس- مكناس","تاونات","بني وليد","359","5530","RNI","نوال الاشقر","95254"
"فاس- مكناس","تاونات","بني وليد","359","5526","RNI","محمد عبو","95043"
"فاس- مكناس","تاونات","بني وليد","359","5527","RNI","محمد عبو","95079"
"فاس- مكناس","تاونات","بني وليد","359","5528","RNI","علي  الهتاف","74648"
"فاس- مكناس","تاونات","بني وليد","359","5528","RNI","اسماء البادي","74667"
"فاس- مكناس","تاونات","بني وليد","359","5531","RNI","محمد الحميد","95638"
"فاس- مكناس","تاونات","بني وليد","359","5531","RNI","الزهرة زهري","95648"
"فاس- مكناس","تاونات","بني وليد","359","5522","RNI","سعيد الزوهري","74556"
"فاس- مكناس","تاونات","بني وليد","359","5529","RNI","احمد الفتحي","53716"
"فاس- مكناس","تاونات","بني وليد","359","5521","RNI","احمد السباعي","74543"
"فاس- مكناس","تاونات","بني وليد","359","5533","RNI","احمد انوار ناجي","53795"
"فاس- مكناس","تاونات","بني وليد","359","5523","RNI","لحسن العواني","94963"
"فاس- مكناس","تاونات","بني وليد","359","5532","PSU","عبد العالي جعدوني","95699"
"فاس- مكناس","تاونات","بني وليد","359","5525","CNI","محمد الهاشمي","74587"
"فاس- مكناس","تاونات","بني وليد","359","5525","CNI","زهور الغازي","74595"
"فاس- مكناس","تاونات","بني وليد","359","5524","PSU","عبد الواحد عمالي","53092"
"فاس- مكناس","تاونات","بني ونجل تافراوت","360","5536","RNI","محمد حميش","71213"
"فاس- مكناس","تاونات","بني ونجل تافراوت","360","5536","RNI","سهام برا","71250"
"فاس- مكناس","تاونات","بني ونجل تافراوت","360","5534","RNI","محمد الغازي","14426"
"فاس- مكناس","تاونات","بني ونجل تافراوت","360","5534","RNI","رحم لحطاط","14448"
"فاس- مكناس","تاونات","بني ونجل تافراوت","360","5544","RNI","اسماعيل  بطاش","55430"
"فاس- مكناس","تاونات","بني ونجل تافراوت","360","5544","RNI","أسماء قاصحة","55437"
"فاس- مكناس","تاونات","بني ونجل تافراوت","360","5541","RNI","محمد البتيوي","14377"
"فاس- مكناس","تاونات","بني ونجل تافراوت","360","5539","PPS","عبدالسلام اشقيقر","14138"
"فاس- مكناس","تاونات","بني ونجل تافراوت","360","5538","PPS","علي البرود","55382"
"فاس- مكناس","تاونات","بني ونجل تافراوت","360","5542","PPS","محمد اعتيتم","55386"
"فاس- مكناس","تاونات","بني ونجل تافراوت","360","5537","PI","سعيد الكولا","71318"
"فاس- مكناس","تاونات","بني ونجل تافراوت","360","5537","PI","عائشة السلامي","71376"
"فاس- مكناس","تاونات","بني ونجل تافراوت","360","5543","PI","محمد الميموني","41368"
"فاس- مكناس","تاونات","بني ونجل تافراوت","360","5540","PI","عبد العالي اسليمان","41456"
"فاس- مكناس","تاونات","بني ونجل تافراوت","360","5535","USFP","عبد الحفيظ الكتامي","14081"
"فاس- مكناس","تاونات","بوشابل","384","5935","PI","حميد الرميلي","41448"
"فاس- مكناس","تاونات","بوشابل","384","5935","PI","رجاء اليونسي","41452"
"فاس- مكناس","تاونات","بوشابل","384","5939","PI","ادريس الكعابي","41464"
"فاس- مكناس","تاونات","بوشابل","384","5929","PI","عبد الرحيم  الفنيزي","74065"
"فاس- مكناس","تاونات","بوشابل","384","5934","PI","سعيد الكحولي","23453"
"فاس- مكناس","تاونات","بوشابل","384","5922","PI","صالح الدين الربولي","41427"
"فاس- مكناس","تاونات","بوشابل","384","5931","PI","يوسف اجعيدر","126241"
"فاس- مكناس","تاونات","بوشابل","384","5932","PI","البشير المرضي","23356"
"فاس- مكناس","تاونات","بوشابل","384","5930","PI","لحسن بن الشيخ","92114"
"فاس- مكناس","تاونات","بوشابل","384","5930","PI","لطيفة الأصيل","92147"
"فاس- مكناس","تاونات","بوشابل","384","5927","RNI","سعيد غنمات","23225"
"فاس- مكناس","تاونات","بوشابل","384","5941","RNI","عبد الغفور العلمي العروصي الادريسي الحسني","13082"
"فاس- مكناس","تاونات","بوشابل","384","5940","RNI","محمد الشرابي","23680"
"فاس- مكناس","تاونات","بوشابل","384","5940","RNI","فوزية الحباني","23701"
"فاس- مكناس","تاونات","بوشابل","384","5925","RNI","عزيز الهرزة","26347"
"فاس- مكناس","تاونات","بوشابل","384","5920","RNI","يوسف ابن طامة","74032"
"فاس- مكناس","تاونات","بوشابل","384","5920","RNI","حليمة الفرخ","74150"
"فاس- مكناس","تاونات","بوشابل","384","5921","RNI","محمد الزين","23140"
"فاس- مكناس","تاونات","بوشابل","384","5926","PJD","محمد الكولالي","46353"
"فاس- مكناس","تاونات","بوشابل","384","5928","PJD","عبد الغني بوبكيري","41432"
"فاس- مكناس","تاونات","بوشابل","384","5933","PJD","عبد الاله الرميلي","23405"
"فاس- مكناس","تاونات","بوشابل","384","5937","PJD","السرغيني البدوي","23479"
"فاس- مكناس","تاونات","بوشابل","384","5938","PJD","سمير الخلفي","55233"
"فاس- مكناس","تاونات","بوشابل","384","5936","PAM","محمد البدوي","55227"
"فاس- مكناس","تاونات","بوشابل","384","5924","PAM","علال القاسمي","23166"
"فاس- مكناس","تاونات","بوشابل","384","5942","USFP","احمد الغماري","23725"
"فاس- مكناس","تاونات","بوشابل","384","5923","USFP","ادريس المعناوي","92061"
"فاس- مكناس","تاونات","بوعادل","379","5837","PPS","بلقاسم البكاري","8975"
"فاس- مكناس","تاونات","بوعادل","379","5828","PPS","عبد اللطيف العباسي","95149"
"فاس- مكناس","تاونات","بوعادل","379","5829","PPS","عبد اللطيف الطيبي","40875"
"فاس- مكناس","تاونات","بوعادل","379","5829","PPS","فاطمة العدلوني","40888"
"فاس- مكناس","تاونات","بوعادل","379","5834","PPS","عمر الدياز","54232"
"فاس- مكناس","تاونات","بوعادل","379","5832","PPS","بوجمعة العبزيزي","40923"
"فاس- مكناس","تاونات","بوعادل","379","5836","PPS","العربي السعدوني","4380"
"فاس- مكناس","تاونات","بوعادل","379","5835","PPS","جواد الطيبي","8982"
"فاس- مكناس","تاونات","بوعادل","379","5833","RNI","مراد العمارتي ","40946"
"فاس- مكناس","تاونات","بوعادل","379","5824","RNI","العزيز دريسي","74884"
"فاس- مكناس","تاونات","بوعادل","379","5824","RNI","مليكة الفتاح","74885"
"فاس- مكناس","تاونات","بوعادل","379","5826","PJD","رشيد الخضيري","11351"
"فاس- مكناس","تاونات","بوعادل","379","5823","PJD","احمد  بوكلاطة ","53999"
"فاس- مكناس","تاونات","بوعادل","379","5825","PAM","عماد القرمودي","8980"
"فاس- مكناس","تاونات","بوعادل","379","5825","PAM","لبنة القرمودي","8984"
"فاس- مكناس","تاونات","بوعادل","379","5827","PAM","عبد السلام القرمودي","54139"
"فاس- مكناس","تاونات","بوعادل","379","5827","PAM","غزلان  دحدح ","54156"
"فاس- مكناس","تاونات","بوعادل","379","5830","USFP","عبد المالك المشرفي","40901"
"فاس- مكناس","تاونات","بوعادل","379","5831","USFP","محمد العباسي","95647"
"فاس- مكناس","تاونات","بوعروس","383","5897","RNI","نور الدين العمري","31668"
"فاس- مكناس","تاونات","بوعروس","383","5917","RNI","عبد العزيز الحيمر","13835"
"فاس- مكناس","تاونات","بوعروس","383","5916","RNI","عبد الرفيع درويش","53504"
"فاس- مكناس","تاونات","بوعروس","383","5916","RNI","سمية العمري","53554"
"فاس- مكناس","تاونات","بوعروس","383","5906","RNI","عبد الرحيم الرويفي","14071"
"فاس- مكناس","تاونات","بوعروس","383","5908","RNI","عبد الرحمان سعدون","20765"
"فاس- مكناس","تاونات","بوعروس","383","5903","RNI","كمال العمري","72536"
"فاس- مكناس","تاونات","بوعروس","383","5915","RNI","هشام العبادي","13925"
"فاس- مكناس","تاونات","بوعروس","383","5898","RNI","عبد الرزاق البيضاوي","20755"
"فاس- مكناس","تاونات","بوعروس","383","5913","RNI","بوشتى  زوازو","20763"
"فاس- مكناس","تاونات","بوعروس","383","5902","RNI","عبد السلام الزناتي","31646"
"فاس- مكناس","تاونات","بوعروس","383","5902","RNI","لطيفة الحفصي","31656"
"فاس- مكناس","تاونات","بوعروس","383","5899","RNI","احمد  العمري","20776"
"فاس- مكناس","تاونات","بوعروس","383","5900","RNI","ابراهيم العمري","8884"
"فاس- مكناس","تاونات","بوعروس","383","5918","RNI","رشيد  الاكحل","8886"
"فاس- مكناس","تاونات","بوعروس","383","5904","RNI","محمد مساعد","20772"
"فاس- مكناس","تاونات","بوعروس","383","5919","RNI","محمد العمري","40534"
"فاس- مكناس","تاونات","بوعروس","383","5910","PI","محمد اكراصي","40433"
"فاس- مكناس","تاونات","بوعروس","383","5910","PI","فاطمة الزهراء اكراصي","40441"
"فاس- مكناس","تاونات","بوعروس","383","5907","PI","عادل طرشون","14013"
"فاس- مكناس","تاونات","بوعروس","383","5914","PI","عبدالعزيز  الزيتوني ","20786"
"فاس- مكناس","تاونات","بوعروس","383","5901","PI","حميد الاشخم","134243"
"فاس- مكناس","تاونات","بوعروس","383","5909","PJD","سعيد معروف","40396"
"فاس- مكناس","تاونات","بوعروس","383","5909","PJD","سعاد النكر","40411"
"فاس- مكناس","تاونات","بوعروس","383","5905","PJD","ادريس البياري","121431"
"فاس- مكناس","تاونات","بوعروس","383","5912","MP","ادريس شرباك","122059"
"فاس- مكناس","تاونات","بوعروس","383","5911","PADS","سعيد سفاح","40493"
"فاس- مكناس","تاونات","بوهودة","397","6153","PAM","عبد اللطيف الفويقر","69251"
"فاس- مكناس","تاونات","بوهودة","397","6153","PAM","حسناء اسنوسي","69288"
"فاس- مكناس","تاونات","بوهودة","397","6154","PAM","سعيد ميزاني","69854"
"فاس- مكناس","تاونات","بوهودة","397","6154","PAM","مليكة شقروني","69895"
"فاس- مكناس","تاونات","بوهودة","397","6161","PAM","احمد المربوح","8910"
"فاس- مكناس","تاونات","بوهودة","397","6150","PAM","احمد المغناوي","69411"
"فاس- مكناس","تاونات","بوهودة","397","6150","PAM","لمياء المسعودي","69439"
"فاس- مكناس","تاونات","بوهودة","397","25300","PAM","محمد هنيدة","17796"
"فاس- مكناس","تاونات","بوهودة","397","6164","PAM","عبد الحق  التوزاني","17718"
"فاس- مكناس","تاونات","بوهودة","397","6158","PAM","علي  العربي","47732"
"فاس- مكناس","تاونات","بوهودة","397","6171","PAM","علي الماموني","17766"
"فاس- مكناس","تاونات","بوهودة","397","6152","PAM","عبد المجيد العاشوري","24225"
"فاس- مكناس","تاونات","بوهودة","397","6149","PAM","محمد لطفي","69538"
"فاس- مكناس","تاونات","بوهودة","397","6149","PAM","سلوى البورايصي","69572"
"فاس- مكناس","تاونات","بوهودة","397","6159","PAM","حميد حيدة","17694"
"فاس- مكناس","تاونات","بوهودة","397","6151","PAM","محمد المرابط","83691"
"فاس- مكناس","تاونات","بوهودة","397","6157","PAM","محمد الزواق","47645"
"فاس- مكناس","تاونات","بوهودة","397","6170","PAM","الصديق نبيل","47879"
"فاس- مكناس","تاونات","بوهودة","397","25301","PAM","محمد الزاكي","17843"
"فاس- مكناس","تاونات","بوهودة","397","6160","PAM","محمد الكنوني","39401"
"فاس- مكناس","تاونات","بوهودة","397","6163","PAM","عبد السلام السميري","39129"
"فاس- مكناس","تاونات","بوهودة","397","6156","PAM","عبد اللـه الهطهاط","17659"
"فاس- مكناس","تاونات","بوهودة","397","6155","PAM","محمد الميزاني","69998"
"فاس- مكناس","تاونات","بوهودة","397","6169","PI","خالد الزاهر","39193"
"فاس- مكناس","تاونات","بوهودة","397","6167","PI","علي الصالحي","39014"
"فاس- مكناس","تاونات","بوهودة","397","6165","PI","محمد الغنضوري","11633"
"فاس- مكناس","تاونات","بوهودة","397","6162","PI","عبدالرحيم ديدي","39237"
"فاس- مكناس","تاونات","بوهودة","397","6168","PI","معاد الخراط","47834"
"فاس- مكناس","تاونات","بوهودة","397","6166","PI","محمد حماني","47783"
"فاس- مكناس","تاونات","تافرانت","1321","20905","PI","المفضل  الطاهري ","26008"
"فاس- مكناس","تاونات","تافرانت","1321","20899","PI","محمد البدري العلمي","31505"
"فاس- مكناس","تاونات","تافرانت","1321","20899","PI","خديجة المكداني","31516"
"فاس- مكناس","تاونات","تافرانت","1321","20900","PI","عبد اللـه المودن","8524"
"فاس- مكناس","تاونات","تافرانت","1321","20896","PI","عبدالمالك الفراعني","55287"
"فاس- مكناس","تاونات","تافرانت","1321","20896","PI","تورية الغندور","55292"
"فاس- مكناس","تاونات","تافرانت","1321","20897","PI","عبد الرحيم العواد","31456"
"فاس- مكناس","تاونات","تافرانت","1321","20897","PI","امال الفنون","31477"
"فاس- مكناس","تاونات","تافرانت","1321","20904","PI","محمد العربي","8410"
"فاس- مكناس","تاونات","تافرانت","1321","20891","PI","عادل العلالي","14460"
"فاس- مكناس","تاونات","تافرانت","1321","20902","PI","عبد الحق امكدون","14482"
"فاس- مكناس","تاونات","تافرانت","1321","20903","PI","هشام الجملي","31312"
"فاس- مكناس","تاونات","تافرانت","1321","20895","PI","الشريف الوارتي","25996"
"فاس- مكناس","تاونات","تافرانت","1321","20892","PI","عبدالمومن الناصر","55309"
"فاس- مكناس","تاونات","تافرانت","1321","20894","PI","احمد  السطي","40789"
"فاس- مكناس","تاونات","تافرانت","1321","20898","PI","المصطفى جندارة","14464"
"فاس- مكناس","تاونات","تافرانت","1321","20893","PI","عبد الخالق ملولي","8344"
"فاس- مكناس","تاونات","تافرانت","1321","20901","RNI","عبد العزيز  اليونسي","20229"
"فاس- مكناس","تاونات","تافرانت","1321","20901","RNI","بوشرة الجملي","20245"
"فاس- مكناس","تاونات","تاونات","1384","21792","RNI","محمد قلوبي","115129"
"فاس- مكناس","تاونات","تاونات","1384","21792","RNI","فطيمة العبادي","117035"
"فاس- مكناس","تاونات","تاونات","1384","21792","RNI","محمد الشارف","115302"
"فاس- مكناس","تاونات","تاونات","1384","21792","RNI","لوبنة القصري","117098"
"فاس- مكناس","تاونات","تاونات","1384","21792","RNI","رزقي نحيل","115418"
"فاس- مكناس","تاونات","تاونات","1384","21792","RNI","سعيد  السعيدي","115482"
"فاس- مكناس","تاونات","تاونات","1384","21792","RNI","توفيق  البرانصي","115545"
"فاس- مكناس","تاونات","تاونات","1384","21792","RNI","رشيد الشارف","115616"
"فاس- مكناس","تاونات","تاونات","1384","21792","PI","محمد جمال بوزيدي تيالي","112250"
"فاس- مكناس","تاونات","تاونات","1384","21792","PI","سميرة  بكوري","114260"
"فاس- مكناس","تاونات","تاونات","1384","21792","PI","المصطفى البوزيدي التيالي","112373"
"فاس- مكناس","تاونات","تاونات","1384","21792","PI","سعيد مرزوقي","112429"
"فاس- مكناس","تاونات","تاونات","1384","21792","PI","سعيد الحجاجي","112475"
"فاس- مكناس","تاونات","تاونات","1384","21792","PI","عبد الحفيظ  بوزيدي تيالي","112542"
"فاس- مكناس","تاونات","تاونات","1384","21792","PPS","عبد اللـه الادريسي البوزيدي","109343"
"فاس- مكناس","تاونات","تاونات","1384","21792","PPS","سعيدة  الادريسي البوزيدي","111216"
"فاس- مكناس","تاونات","تاونات","1384","21792","PPS","بوزيد الشارف","109523"
"فاس- مكناس","تاونات","تاونات","1384","21792","PPS","محمد اطريشا","109610"
"فاس- مكناس","تاونات","تاونات","1384","21792","PPS","رشيد بودبزة","109678"
"فاس- مكناس","تاونات","تاونات","1384","21792","PJD","عبد الحق السطي","29046"
"فاس- مكناس","تاونات","تاونات","1384","21792","PJD","للا شريف الشيخي","29722"
"فاس- مكناس","تاونات","تاونات","1384","21792","PJD","عبد العزيز اطريشا","29087"
"فاس- مكناس","تاونات","تاونات","1384","21792","PJD","سعيد الاعرابي","29120"
"فاس- مكناس","تاونات","تاونات","1384","21792","PAM","المصطفى  الغزواني","88431"
"فاس- مكناس","تاونات","تاونات","1384","21792","PAM","سميرة  العبادي","90791"
"فاس- مكناس","تاونات","تاونات","1384","21792","PAM","رشيد  مرزوقي","88788"
"فاس- مكناس","تاونات","تاونات","1384","21792","PAM","عبد السلام  بناي","88930"
"فاس- مكناس","تاونات","تاونات","1384","21792","MP","عادل  البكوري","93108"
"فاس- مكناس","تاونات","تاونات","1384","21792","MP","عمار مطيع","93154"
"فاس- مكناس","تاونات","تبودة","1310","20759","PI","العربي السحاسح","26028"
"فاس- مكناس","تاونات","تبودة","1310","20759","PI","لطيفة الطاهري","26041"
"فاس- مكناس","تاونات","تبودة","1310","20764","PI","مولاي رشيد بن الشريف","14432"
"فاس- مكناس","تاونات","تبودة","1310","20758","PI","المفضل  الحضري ","26055"
"فاس- مكناس","تاونات","تبودة","1310","20758","PI","فاطمة الحضري","26059"
"فاس- مكناس","تاونات","تبودة","1310","25328","PI","محمد قلال","20445"
"فاس- مكناس","تاونات","تبودة","1310","20762","PI","عبد السلام بوطويسة","20365"
"فاس- مكناس","تاونات","تبودة","1310","25329","PI","المهدي الخنشار","20438"
"فاس- مكناس","تاونات","تبودة","1310","20757","PI","محمد الاوي","14375"
"فاس- مكناس","تاونات","تبودة","1310","20760","PI","عبد السلام بوزهار","26015"
"فاس- مكناس","تاونات","تبودة","1310","20752","PI","المصطفى الحمدي","14398"
"فاس- مكناس","تاونات","تبودة","1310","20751","PI","عبد العالي ادريرز","20460"
"فاس- مكناس","تاونات","تبودة","1310","20763","PI","يوسف حلو","25946"
"فاس- مكناس","تاونات","تبودة","1310","20755","PI","محمد الدرقاوي","20265"
"فاس- مكناس","تاونات","تبودة","1310","25331","PPS","عبد الرحمان هيدور","73499"
"فاس- مكناس","تاونات","تبودة","1310","25331","PPS","فاطمة مزيوق","73521"
"فاس- مكناس","تاونات","تبودة","1310","20754","PPS","خالد مزور","55120"
"فاس- مكناس","تاونات","تبودة","1310","25330","PPS","عبد الفتاح الدرقاوي","73461"
"فاس- مكناس","تاونات","تبودة","1310","25332","PPS","عبد اللطيف داود","73738"
"فاس- مكناس","تاونات","تبودة","1310","20753","PPS","فريد اسميحي","54969"
"فاس- مكناس","تاونات","تبودة","1310","25326","PPS","مصطفى السوق","55200"
"فاس- مكناس","تاونات","تبودة","1310","20761","PPS","عبد السلام الصبيحي","55229"
"فاس- مكناس","تاونات","تبودة","1310","25327","RNI","يوسف ابن اشريف","73297"
"فاس- مكناس","تاونات","تبودة","1310","25327","RNI","أسية ابن الشريف","73320"
"فاس- مكناس","تاونات","تبودة","1310","25333","RNI","محمد لزيين","73626"
"فاس- مكناس","تاونات","تبودة","1310","20750","USFP","المفضل الغيدوني","55091"
"فاس- مكناس","تاونات","تبودة","1310","20756","USFP","عبدالسلام ادريوش","55212"
"فاس- مكناس","تاونات","تمزكانة","1452","25341","PAM","حميد اجانا","38571"
"فاس- مكناس","تاونات","تمزكانة","1452","25342","PAM","محمد الزهراوي","39078"
"فاس- مكناس","تاونات","تمزكانة","1452","25337","PAM","محمد فهيم","38511"
"فاس- مكناس","تاونات","تمزكانة","1452","22871","PAM","احمد  الحميري","73702"
"فاس- مكناس","تاونات","تمزكانة","1452","25343","PAM","محمد الجدي","38617"
"فاس- مكناس","تاونات","تمزكانة","1452","22860","PAM","عبد اللـه القرشي","72538"
"فاس- مكناس","تاونات","تمزكانة","1452","22860","PAM","وفاء  القرشي ","72674"
"فاس- مكناس","تاونات","تمزكانة","1452","22868","PAM","محمد شتيوي","52605"
"فاس- مكناس","تاونات","تمزكانة","1452","22868","PAM","لبنى عصام","52630"
"فاس- مكناس","تاونات","تمزكانة","1452","25340","PAM","جمال الطالب","73808"
"فاس- مكناس","تاونات","تمزكانة","1452","22870","PAM","محمد طارق","73585"
"فاس- مكناس","تاونات","تمزكانة","1452","25339","PAM","محمد الحجيرة","29854"
"فاس- مكناس","تاونات","تمزكانة","1452","22869","PAM","احمد بنعمر","88955"
"فاس- مكناس","تاونات","تمزكانة","1452","25336","PAM","محمد الاحمر","73727"
"فاس- مكناس","تاونات","تمزكانة","1452","22866","PAM","محمد بناني","73079"
"فاس- مكناس","تاونات","تمزكانة","1452","22872","PAM","عبد السلام الاسماعيلي","52848"
"فاس- مكناس","تاونات","تمزكانة","1452","22864","PAM","رشيد الدراوي","52550"
"فاس- مكناس","تاونات","تمزكانة","1452","25338","PAM","احمد الكوط","52879"
"فاس- مكناس","تاونات","تمزكانة","1452","22865","PAM","خالد الدراوي","73022"
"فاس- مكناس","تاونات","تمزكانة","1452","22862","PAM","ادريس  عصام","52229"
"فاس- مكناس","تاونات","تمزكانة","1452","22862","PAM","بديعة الصوبني","52258"
"فاس- مكناس","تاونات","تمزكانة","1452","22861","PAM","عبد اللـه بوحاج","52086"
"فاس- مكناس","تاونات","تمزكانة","1452","22858","PAM","عبد الباقي  العمرتي","86990"
"فاس- مكناس","تاونات","تمزكانة","1452","22863","PAM","عبد القادر الكماري","52363"
"فاس- مكناس","تاونات","تمزكانة","1452","22859","USFP","عبد القادر الخلوفي","72432"
"فاس- مكناس","تاونات","تمزكانة","1452","22867","PI","الحسن دحمان","73280"
"فاس- مكناس","تاونات","تمزكانة","1452","22867","PI","لطيفة  العطار","73319"
"فاس- مكناس","تاونات","تمضيت","1365","21469","RNI","عبد الوهاب الحراق","24798"
"فاس- مكناس","تاونات","تمضيت","1365","21483","RNI","مسعود اكناوي","24770"
"فاس- مكناس","تاونات","تمضيت","1365","21472","RNI","احميدو اكعبون","72967"
"فاس- مكناس","تاونات","تمضيت","1365","21480","RNI","محمد الشبيبي","41018"
"فاس- مكناس","تاونات","تمضيت","1365","21473","RNI","عبد الوهاب  بوطوالت","53989"
"فاس- مكناس","تاونات","تمضيت","1365","21473","RNI","سعيدة لكحال","54020"
"فاس- مكناس","تاونات","تمضيت","1365","21482","RNI","عبد اللطيف زروف","41079"
"فاس- مكناس","تاونات","تمضيت","1365","21481","PAM","محمد الرملي","72627"
"فاس- مكناس","تاونات","تمضيت","1365","21479","PAM","عبد الحميد القديدة","54120"
"فاس- مكناس","تاونات","تمضيت","1365","21471","PAM","محمد فارس ","73051"
"فاس- مكناس","تاونات","تمضيت","1365","21474","PAM","مصطفى املاح","53582"
"فاس- مكناس","تاونات","تمضيت","1365","21474","PAM","اسماء املاح","53649"
"فاس- مكناس","تاونات","تمضيت","1365","21470","PJD","محمد البروضي","53788"
"فاس- مكناس","تاونات","تمضيت","1365","21470","PJD","فاطمة العكروط","53835"
"فاس- مكناس","تاونات","تمضيت","1365","21478","PJD","عبد الحق شاوش","54159"
"فاس- مكناس","تاونات","تمضيت","1365","21477","USFP","عبد العزيز سلطاني","72789"
"فاس- مكناس","تاونات","تمضيت","1365","21477","USFP","ابتسام الدهبي","72815"
"فاس- مكناس","تاونات","تمضيت","1365","21476","USFP","عبد السلام التاجري","40939"
"فاس- مكناس","تاونات","تمضيت","1365","21475","PI","عبد المنعم الكعيوش","14575"
"فاس- مكناس","تاونات","تيسة","1469","23074","RNI","زهير السلاسي","8835"
"فاس- مكناس","تاونات","تيسة","1469","23074","RNI","قمار العلامي","8844"
"فاس- مكناس","تاونات","تيسة","1469","23073","RNI","محمد الجابري","14733"
"فاس- مكناس","تاونات","تيسة","1469","23078","MP","محمد كلالي ادريسي","14716"
"فاس- مكناس","تاونات","تيسة","1469","23075","MP","مولاي عبداللـه سبعي ركراكي","55452"
"فاس- مكناس","تاونات","تيسة","1469","23075","MP","مونية جناتي ادريسي ","55456"
"فاس- مكناس","تاونات","تيسة","1469","23076","PI","محمد الازمي","14730"
"فاس- مكناس","تاونات","تيسة","1469","25345","PI","عبد القادر جناتي ادريسي","74279"
"فاس- مكناس","تاونات","تيسة","1469","25345","PI","بوشرى الفارسية","74286"
"فاس- مكناس","تاونات","تيسة","1469","23071","PI","عديل كماح","19859"
"فاس- مكناس","تاونات","تيسة","1469","23080","USFP","عبد العالي التوزاني","8865"
"فاس- مكناس","تاونات","تيسة","1469","23080","USFP","كريمة الدهيبة","8882"
"فاس- مكناس","تاونات","تيسة","1469","25344","USFP","امحمد الجناتي الادريسي","14709"
"فاس- مكناس","تاونات","تيسة","1469","23072","USFP","عبد العزيز الفلونطي","14682"
"فاس- مكناس","تاونات","تيسة","1469","23079","PJD","عبدالمالك التوزاني","55440"
"فاس- مكناس","تاونات","تيسة","1469","23081","PJD","اسماعيل بنسليمان","74381"
"فاس- مكناس","تاونات","تيسة","1469","23077","PJD","خالد يزوغ","41345"
"فاس- مكناس","تاونات","راس الواد","1082","17028","PI","عبد الرحيم ارباح","96099"
"فاس- مكناس","تاونات","راس الواد","1082","17028","PI","رحمة الهوير","96106"
"فاس- مكناس","تاونات","راس الواد","1082","17033","PI","مصطفى محسن","20600"
"فاس- مكناس","تاونات","راس الواد","1082","17026","PI","عبدالفتاح الوليدي","95949"
"فاس- مكناس","تاونات","راس الواد","1082","17027","PI","عبد النبي الغندور","41570"
"فاس- مكناس","تاونات","راس الواد","1082","17042","PI","علال بوشارب","20626"
"فاس- مكناس","تاونات","راس الواد","1082","17023","RNI","عبد الواحد الدرة","54813"
"فاس- مكناس","تاونات","راس الواد","1082","17025","RNI","الحسن الاسماعيلي","41529"
"فاس- مكناس","تاونات","راس الواد","1082","17036","RNI","عبد الكريم العامري","45997"
"فاس- مكناس","تاونات","راس الواد","1082","17032","RNI","محمد الشمانتي الهواري","41531"
"فاس- مكناس","تاونات","راس الواد","1082","17034","RNI","قدور الخريفي","41534"
"فاس- مكناس","تاونات","راس الواد","1082","17037","PJD","عياد الجباري","54637"
"فاس- مكناس","تاونات","راس الواد","1082","17021","PJD","الحوسين البوعزاوي","41518"
"فاس- مكناس","تاونات","راس الواد","1082","17035","PJD","الحسن الملاقي","54738"
"فاس- مكناس","تاونات","راس الواد","1082","17022","PJD","رضوان التميمي","41522"
"فاس- مكناس","تاونات","راس الواد","1082","17041","PJD","بوشتى بن طاطة","54714"
"فاس- مكناس","تاونات","راس الواد","1082","17041","PJD","ءامنة حلمي","54721"
"فاس- مكناس","تاونات","راس الواد","1082","17020","PJD","عبد الوهاب ناجي","84594"
"فاس- مكناس","تاونات","راس الواد","1082","17040","CNI","الطاهر موحش","20616"
"فاس- مكناس","تاونات","راس الواد","1082","17040","CNI","بوشرى ظاوي","20621"
"فاس- مكناس","تاونات","راس الواد","1082","17031","CNI","حميد العماري","20596"
"فاس- مكناس","تاونات","راس الواد","1082","17030","PSU","عبد السلام بنان","55145"
"فاس- مكناس","تاونات","راس الواد","1082","17039","CNI","عبد الرفيع موحش","23385"
"فاس- مكناس","تاونات","راس الواد","1082","17029","USFP","جواد المريني","85020"
"فاس- مكناس","تاونات","راس الواد","1082","17029","USFP","دنيا المريني","85218"
"فاس- مكناس","تاونات","راس الواد","1082","17024","USFP","عبد العزيز الكلالي","41524"
"فاس- مكناس","تاونات","راس الواد","1082","17038","PPS","عز الدين الحجاجي","85327"
"فاس- مكناس","تاونات","سيدي الحاج امحمد","1230","19409","PPS","محمد  الباسط","41476"
"فاس- مكناس","تاونات","سيدي الحاج امحمد","1230","19411","PPS","محمد بكوري","20700"
"فاس- مكناس","تاونات","سيدي الحاج امحمد","1230","19410","PPS","ادريس الزكاح","55162"
"فاس- مكناس","تاونات","سيدي الحاج امحمد","1230","19410","PPS","لطيفة بكور","55170"
"فاس- مكناس","تاونات","سيدي الحاج امحمد","1230","25322","PPS","محمد  الصديقي","32149"
"فاس- مكناس","تاونات","سيدي الحاج امحمد","1230","19405","PPS","محمد  الباشا","73772"
"فاس- مكناس","تاونات","سيدي الحاج امحمد","1230","19406","PPS","محمد  شهريري","73853"
"فاس- مكناس","تاونات","سيدي الحاج امحمد","1230","19406","PPS","زليخة صبري","73870"
"فاس- مكناس","تاونات","سيدي الحاج امحمد","1230","19403","PPS","محمد شحشح","20732"
"فاس- مكناس","تاونات","سيدي الحاج امحمد","1230","19404","PPS","علي الخبشاش","55237"
"فاس- مكناس","تاونات","سيدي الحاج امحمد","1230","19407","PPS","صالح الغماري","32148"
"فاس- مكناس","تاونات","سيدي الحاج امحمد","1230","19412","PI","محمد الطوبال","32151"
"فاس- مكناس","تاونات","سيدي الحاج امحمد","1230","19412","PI","انتصار الحناوي","32152"
"فاس- مكناس","تاونات","سيدي الحاج امحمد","1230","25323","PI","رشيد المرابط","73747"
"فاس- مكناس","تاونات","سيدي الحاج امحمد","1230","19402","USFP","محمد الدلم","54691"
"فاس- مكناس","تاونات","سيدي الحاج امحمد","1230","19402","USFP","خديجة الحجوي","54734"
"فاس- مكناس","تاونات","سيدي الحاج امحمد","1230","19408","USFP","عبدالمالك  الفاتحي","41481"
"فاس- مكناس","تاونات","سيدي العابد","1217","19229","RNI","عبد الرزاق الرايسي","41424"
"فاس- مكناس","تاونات","سيدي العابد","1217","19229","RNI","حيات فرحي","41426"
"فاس- مكناس","تاونات","سيدي العابد","1217","19230","RNI","عبد الهادي مقران","14803"
"فاس- مكناس","تاونات","سيدي العابد","1217","19225","RNI","الخمار ابروط","14817"
"فاس- مكناس","تاونات","سيدي العابد","1217","19225","RNI","كلثوم نصر","14821"
"فاس- مكناس","تاونات","سيدي العابد","1217","19226","RNI","محمد  الطاهري","14812"
"فاس- مكناس","تاونات","سيدي العابد","1217","19222","RNI","بوشتى الحياني","14829"
"فاس- مكناس","تاونات","سيدي العابد","1217","19223","RNI","عبد العزيز لقريشي","14825"
"فاس- مكناس","تاونات","سيدي العابد","1217","19231","RNI","عبد الالاه كريم","41433"
"فاس- مكناس","تاونات","سيدي العابد","1217","19232","RNI","لحسن الشرادي","14799"
"فاس- مكناس","تاونات","سيدي العابد","1217","19235","RNI","محمد بوسدرة","14789"
"فاس- مكناس","تاونات","سيدي العابد","1217","19233","USFP","عزيز النصيري","41441"
"فاس- مكناس","تاونات","سيدي العابد","1217","19224","USFP","محمد لكريني","96201"
"فاس- مكناس","تاونات","سيدي العابد","1217","19224","USFP","مريم لكريني","96207"
"فاس- مكناس","تاونات","سيدي العابد","1217","19228","USFP","امحمد الكليخي","41416"
"فاس- مكناس","تاونات","سيدي العابد","1217","19227","PJD","عبد الفتاح  المجدوب ","55360"
"فاس- مكناس","تاونات","سيدي العابد","1217","19227","PJD","رجاء المجدوبي","55364"
"فاس- مكناس","تاونات","سيدي العابد","1217","19221","PAM","بوشتى الجناتي","41355"
"فاس- مكناس","تاونات","سيدي العابد","1217","19234","PAM","علي سحنون","74749"
"فاس- مكناس","تاونات","سيدي المخفي","1257","19837","PAM","محمد حنين","8152"
"فاس- مكناس","تاونات","سيدي المخفي","1257","19837","PAM","صفية البوعبدلي","8196"
"فاس- مكناس","تاونات","سيدي المخفي","1257","19838","PAM","عدنان الفارسي","89470"
"فاس- مكناس","تاونات","سيدي المخفي","1257","19838","PAM","كريمة الداودي","89554"
"فاس- مكناس","تاونات","سيدي المخفي","1257","19834","PAM","محمد اليوسفي","29971"
"فاس- مكناس","تاونات","سيدي المخفي","1257","19834","PAM","فاطمة  العطاري","30050"
"فاس- مكناس","تاونات","سيدي المخفي","1257","25325","PAM","فهد الصالحي","24836"
"فاس- مكناس","تاونات","سيدي المخفي","1257","19839","PAM","العربي شاكر","72623"
"فاس- مكناس","تاونات","سيدي المخفي","1257","19839","PAM","مديحة الحضري","72657"
"فاس- مكناس","تاونات","سيدي المخفي","1257","19833","PAM","العربي بنعمر","51563"
"فاس- مكناس","تاونات","سيدي المخفي","1257","19832","PAM","محمد  الفلافلا","89098"
"فاس- مكناس","تاونات","سيدي المخفي","1257","25324","PAM","المصطفى  الحايكي ","51733"
"فاس- مكناس","تاونات","سيدي المخفي","1257","19836","PI","عبد الحق  التكماطي","30132"
"فاس- مكناس","تاونات","سيدي المخفي","1257","19835","PI","أحمد الحوماني","89350"
"فاس- مكناس","تاونات","سيدي المخفي","1257","19840","PJD","منير الحداد","38197"
"فاس- مكناس","تاونات","سيدي المخفي","1257","19841","USFP","عبدالرحيم  المسياح","72813"
"فاس- مكناس","تاونات","سيدي المخفي","1257","19831","PEDD","عبدالله القاسمي","72177"
"فاس- مكناس","تاونات","سيدي امحمد بن لحسن","1249","19706","RNI","محمد السلاسي","49984"
"فاس- مكناس","تاونات","سيدي امحمد بن لحسن","1249","19714","RNI","عبد المالك اكيش","86278"
"فاس- مكناس","تاونات","سيدي امحمد بن لحسن","1249","19714","RNI","سعيدة السلاسي","86418"
"فاس- مكناس","تاونات","سيدي امحمد بن لحسن","1249","19718","RNI","الغالي القاسمي","96115"
"فاس- مكناس","تاونات","سيدي امحمد بن لحسن","1249","19718","RNI","امينة الاقرع","96155"
"فاس- مكناس","تاونات","سيدي امحمد بن لحسن","1249","19705","RNI","سعيد  زريدة","41466"
"فاس- مكناس","تاونات","سيدي امحمد بن لحسن","1249","19705","RNI","هيبة الوزاني التهامي","41471"
"فاس- مكناس","تاونات","سيدي امحمد بن لحسن","1249","19704","RNI","محمد  ادريبزان","41445"
"فاس- مكناس","تاونات","سيدي امحمد بن لحسن","1249","19707","RNI","هشام  العيدي","20501"
"فاس- مكناس","تاونات","سيدي امحمد بن لحسن","1249","19720","RNI","محمد خليفة","86449"
"فاس- مكناس","تاونات","سيدي امحمد بن لحسن","1249","19720","RNI","غزلان السلاسي","86525"
"فاس- مكناس","تاونات","سيدي امحمد بن لحسن","1249","19717","RNI","محمد السلاسي","49859"
"فاس- مكناس","تاونات","سيدي امحمد بن لحسن","1249","19719","RNI","محمد العامري","9070"
"فاس- مكناس","تاونات","سيدي امحمد بن لحسن","1249","19708","RNI","الخمار الظبايبي","41496"
"فاس- مكناس","تاونات","سيدي امحمد بن لحسن","1249","19713","RNI","محمد  الاقرع ","20541"
"فاس- مكناس","تاونات","سيدي امحمد بن لحسن","1249","19721","RNI","علي الشجيع","54918"
"فاس- مكناس","تاونات","سيدي امحمد بن لحسن","1249","19712","RNI","عبد الكريم الدرة","54785"
"فاس- مكناس","تاونات","سيدي امحمد بن لحسن","1249","19716","RNI","عبدالرزاق مساعد","86364"
"فاس- مكناس","تاونات","سيدي امحمد بن لحسن","1249","19709","PI","عبد الحق بوشان","20511"
"فاس- مكناس","تاونات","سيدي امحمد بن لحسن","1249","19702","PI","عبدالعزيز العابد","95760"
"فاس- مكناس","تاونات","سيدي امحمد بن لحسن","1249","19703","PI","عبدالغني المكاطي","54930"
"فاس- مكناس","تاونات","سيدي امحمد بن لحسن","1249","19722","PI","الحسين الضبيبي","41450"
"فاس- مكناس","تاونات","سيدي امحمد بن لحسن","1249","19701","PI","مصطفى القروق","86004"
"فاس- مكناس","تاونات","سيدي امحمد بن لحسن","1249","19711","PI","عبد الوهاب الدرة","41512"
"فاس- مكناس","تاونات","سيدي امحمد بن لحسن","1249","19715","PI","نزهة الكعدة ","86264"
"فاس- مكناس","تاونات","سيدي امحمد بن لحسن","1249","19710","PJD","محمد شهاب","20523"
"فاس- مكناس","تاونات","سيدي امحمد بن لحسن","1249","19723","PAM","محمد الصغير بقلول","86556"
"فاس- مكناس","تاونات","سيدي يحيى بني زروال","1278","20210","PI","المصطفى دهبي","74039"
"فاس- مكناس","تاونات","سيدي يحيى بني زروال","1278","20212","PI","محمد محسين","14641"
"فاس- مكناس","تاونات","سيدي يحيى بني زروال","1278","20218","PI","محمد البطيوي","14626"
"فاس- مكناس","تاونات","سيدي يحيى بني زروال","1278","20209","PI","علي الجزولي","14638"
"فاس- مكناس","تاونات","سيدي يحيى بني زروال","1278","27238","PI","محمد  العبودي","41467"
"فاس- مكناس","تاونات","سيدي يحيى بني زروال","1278","20215","RNI","احمد اليونسي","32146"
"فاس- مكناس","تاونات","سيدي يحيى بني زروال","1278","20214","RNI","عثمان العلوي","54830"
"فاس- مكناس","تاونات","سيدي يحيى بني زروال","1278","20214","RNI","خديجة العلوي","54848"
"فاس- مكناس","تاونات","سيدي يحيى بني زروال","1278","27241","RNI","علي الحبشي","47515"
"فاس- مكناس","تاونات","سيدي يحيى بني زروال","1278","27242","RNI","مصطفى الرامي","45879"
"فاس- مكناس","تاونات","سيدي يحيى بني زروال","1278","20220","RNI","علي اليونسي","32145"
"فاس- مكناس","تاونات","سيدي يحيى بني زروال","1278","20213","RNI","عبد الواحد اليوسفي","41557"
"فاس- مكناس","تاونات","سيدي يحيى بني زروال","1278","20213","RNI","لبنى المرابط","41558"
"فاس- مكناس","تاونات","سيدي يحيى بني زروال","1278","20216","RNI","محمد  العسري","95892"
"فاس- مكناس","تاونات","سيدي يحيى بني زروال","1278","20216","RNI","نورة بنعمي","95897"
"فاس- مكناس","تاونات","سيدي يحيى بني زروال","1278","27236","RNI","علي الهدار","32142"
"فاس- مكناس","تاونات","سيدي يحيى بني زروال","1278","20206","RNI","الحسن المرييج","32144"
"فاس- مكناس","تاونات","سيدي يحيى بني زروال","1278","27237","RNI","احمد الديب","41554"
"فاس- مكناس","تاونات","سيدي يحيى بني زروال","1278","20217","PPS","محمد الحناوي","95909"
"فاس- مكناس","تاونات","سيدي يحيى بني زروال","1278","20219","PPS","عبد العزيز الحسوني","41565"
"فاس- مكناس","تاونات","سيدي يحيى بني زروال","1278","20207","PPS","محمد الزغاري","26080"
"فاس- مكناس","تاونات","سيدي يحيى بني زروال","1278","27239","PPS","عبدالاله القاسمي","41443"
"فاس- مكناس","تاونات","سيدي يحيى بني زروال","1278","20208","PPS","محمد  بوزغيبة","14502"
"فاس- مكناس","تاونات","سيدي يحيى بني زروال","1278","27243","PPS","عبد اللطيف الخديري","95936"
"فاس- مكناس","تاونات","سيدي يحيى بني زروال","1278","20211","PAM","جواد  احمامو","95877"
"فاس- مكناس","تاونات","سيدي يحيى بني زروال","1278","20211","PAM","سناء عبودي","95880"
"فاس- مكناس","تاونات","سيدي يحيى بني زروال","1278","27240","PAM","عبدالكامل  الغماري","46423"
"فاس- مكناس","تاونات","طهر السوق","1425","22486","USFP","الحسن الناصر","14711"
"فاس- مكناس","تاونات","طهر السوق","1425","22486","USFP","صوفيا لغريب","14720"
"فاس- مكناس","تاونات","طهر السوق","1425","22489","USFP","ادريس جدي","4418"
"فاس- مكناس","تاونات","طهر السوق","1425","22485","USFP","عبد المالك البروجي","4445"
"فاس- مكناس","تاونات","طهر السوق","1425","22493","USFP","محمد المودن","14705"
"فاس- مكناس","تاونات","طهر السوق","1425","22493","USFP","نعيمة العوني","14708"
"فاس- مكناس","تاونات","طهر السوق","1425","22491","USFP","علي الشريف","8252"
"فاس- مكناس","تاونات","طهر السوق","1425","22491","USFP","فاطمة الوزاني","8292"
"فاس- مكناس","تاونات","طهر السوق","1425","22487","USFP","عبد الرفيع الدفلاوي","20706"
"فاس- مكناس","تاونات","طهر السوق","1425","22487","USFP","سميرة اللبان","20711"
"فاس- مكناس","تاونات","طهر السوق","1425","22483","USFP","عبد الرحمن لغريب","4503"
"فاس- مكناس","تاونات","طهر السوق","1425","22484","USFP","محمد ادريدو","4493"
"فاس- مكناس","تاونات","طهر السوق","1425","22490","USFP","محمد الكندولي","4383"
"فاس- مكناس","تاونات","طهر السوق","1425","22492","PAM","عبد العزيز  الخبشي ","55480"
"فاس- مكناس","تاونات","طهر السوق","1425","22488","PAM","عياد اكميلي","20673"
"فاس- مكناس","تاونات","عين عائشة","56","828","RNI","العياشي انويم","20252"
"فاس- مكناس","تاونات","عين عائشة","56","825","RNI","محمد السملي","39274"
"فاس- مكناس","تاونات","عين عائشة","56","809","RNI","محمد بنانة","53187"
"فاس- مكناس","تاونات","عين عائشة","56","809","RNI","نعيمة بوحدادة","53252"
"فاس- مكناس","تاونات","عين عائشة","56","810","RNI","محمد البلدي","38009"
"فاس- مكناس","تاونات","عين عائشة","56","817","RNI","محمد السليماني","39190"
"فاس- مكناس","تاونات","عين عائشة","56","821","RNI","محمد برحيلة","119307"
"فاس- مكناس","تاونات","عين عائشة","56","826","RNI","احمد  فريشي","118584"
"فاس- مكناس","تاونات","عين عائشة","56","826","RNI","خديجة كاوكاو","118720"
"فاس- مكناس","تاونات","عين عائشة","56","827","RNI","محمد عسيلة","37959"
"فاس- مكناس","تاونات","عين عائشة","56","808","RNI","طارق البلدي","53305"
"فاس- مكناس","تاونات","عين عائشة","56","808","RNI","أمينة الدوى","53347"
"فاس- مكناس","تاونات","عين عائشة","56","830","RNI","محمد  كواز","9041"
"فاس- مكناس","تاونات","عين عائشة","56","818","RNI","احمد  الدوا","12144"
"فاس- مكناس","تاونات","عين عائشة","56","813","RNI","احمد المكوار","8529"
"فاس- مكناس","تاونات","عين عائشة","56","816","RNI","الغالي الشلخة","38060"
"فاس- مكناس","تاونات","عين عائشة","56","815","PJD","احمد بديدة","12215"
"فاس- مكناس","تاونات","عين عائشة","56","812","PJD","الحسن براكة","4246"
"فاس- مكناس","تاونات","عين عائشة","56","829","PJD","مصطفى البقالي","89147"
"فاس- مكناس","تاونات","عين عائشة","56","824","PJD","نور الدين الحساني","12090"
"فاس- مكناس","تاونات","عين عائشة","56","823","PJD","العربي البياني","8573"
"فاس- مكناس","تاونات","عين عائشة","56","822","PJD","عمار المداد","67797"
"فاس- مكناس","تاونات","عين عائشة","56","27244","PJD","امحمد عربية","12420"
"فاس- مكناس","تاونات","عين عائشة","56","27244","PJD","فطيمة مراني علوي","12463"
"فاس- مكناس","تاونات","عين عائشة","56","820","PJD","محمد الحجام","68113"
"فاس- مكناس","تاونات","عين عائشة","56","27245","FFD","سعيد مرحم","39948"
"فاس- مكناس","تاونات","عين عائشة","56","811","FFD","حمودة عسال","68759"
"فاس- مكناس","تاونات","عين عائشة","56","814","FFD","محسن بريغل","39897"
"فاس- مكناس","تاونات","عين عائشة","56","819","USFP","عبد الحق ادعيكل","8500"
"فاس- مكناس","تاونات","عين لكدح","1","3","PI","طارق لشقر","31846"
"فاس- مكناس","تاونات","عين لكدح","1","3","PI","اسمهان لشقر","31860"
"فاس- مكناس","تاونات","عين لكدح","1","12","PI","محمد الطائي","31817"
"فاس- مكناس","تاونات","عين لكدح","1","12","PI","مليكة شراب","31794"
"فاس- مكناس","تاونات","عين لكدح","1","11","PI","محمد  الركيك ","55498"
"فاس- مكناس","تاونات","عين لكدح","1","8","PI","يوسف بحادي","55434"
"فاس- مكناس","تاونات","عين لكدح","1","5","RNI","احمد هندة","91120"
"فاس- مكناس","تاونات","عين لكدح","1","5","RNI","مريم مسطفى","91163"
"فاس- مكناس","تاونات","عين لكدح","1","13","RNI","ادريس مسطفى","31954"
"فاس- مكناس","تاونات","عين لكدح","1","6","RNI","الزهي الهلالي","32158"
"فاس- مكناس","تاونات","عين لكدح","1","7","RNI","محمد الهلالي","32157"
"فاس- مكناس","تاونات","عين لكدح","1","9","PAM","الخمار شكير","74773"
"فاس- مكناس","تاونات","عين لكدح","1","10","PAM","حميد الرفيق","55413"
"فاس- مكناس","تاونات","عين لكدح","1","1","USFP","الجلالي ابن ادريس","91038"
"فاس- مكناس","تاونات","عين لكدح","1","2","USFP","قاسم شنوف","55416"
"فاس- مكناس","تاونات","عين لكدح","1","2","USFP","حكيمة ابريخ","95114"
"فاس- مكناس","تاونات","عين لكدح","1","4","PJD","ادريس عالم","132965"
"فاس- مكناس","تاونات","عين مديونة","78","1186","MP","احمد رباح","41150"
"فاس- مكناس","تاونات","عين مديونة","78","1185","MP","ادريس مرون","74537"
"فاس- مكناس","تاونات","عين مديونة","78","1170","MP","علي سلمو","41166"
"فاس- مكناس","تاونات","عين مديونة","78","1170","MP","سناء الرشيدي","41183"
"فاس- مكناس","تاونات","عين مديونة","78","1169","MP","احمد علول","41082"
"فاس- مكناس","تاونات","عين مديونة","78","1188","MP","محمد الخروف","55491"
"فاس- مكناس","تاونات","عين مديونة","78","1180","MP","محسن الزراري","17947"
"فاس- مكناس","تاونات","عين مديونة","78","1176","MP","عبد الحفيظ المسعودي","93942"
"فاس- مكناس","تاونات","عين مديونة","78","1176","MP","آمنة المرابط","93970"
"فاس- مكناس","تاونات","عين مديونة","78","1181","MP","محمد الرحالي","74524"
"فاس- مكناس","تاونات","عين مديونة","78","1181","MP","سكينة الغمازي","74528"
"فاس- مكناس","تاونات","عين مديونة","78","1168","MP","الحسن البندري","55444"
"فاس- مكناس","تاونات","عين مديونة","78","1172","MP","بوجمعة ابراهمي","41024"
"فاس- مكناس","تاونات","عين مديونة","78","1187","MP","عبد الكريم زلاغ","41193"
"فاس- مكناس","تاونات","عين مديونة","78","1178","MP","الحسن الدنداني","94287"
"فاس- مكناس","تاونات","عين مديونة","78","1182","MP","محمد السبع","55476"
"فاس- مكناس","تاونات","عين مديونة","78","1177","MP","محمد الحاجي","94186"
"فاس- مكناس","تاونات","عين مديونة","78","1183","MP","ادريس بودرعية","41070"
"فاس- مكناس","تاونات","عين مديونة","78","1173","MP","عبد العزيز الدمني","74484"
"فاس- مكناس","تاونات","عين مديونة","78","1173","MP","حفيظة الدميني","74494"
"فاس- مكناس","تاونات","عين مديونة","78","1179","MP","عبد الرحيم جنة","74514"
"فاس- مكناس","تاونات","عين مديونة","78","1189","MP","عبد اللطيف الماحي","94603"
"فاس- مكناس","تاونات","عين مديونة","78","1174","MP","محمد البوشبتي","41041"
"فاس- مكناس","تاونات","عين مديونة","78","1184","MP","فريد عبوش","55482"
"فاس- مكناس","تاونات","عين مديونة","78","1190","MP","الفاطمي السجعي","74549"
"فاس- مكناس","تاونات","عين مديونة","78","1171","PPS","الخمار بوراس","55460"
"فاس- مكناس","تاونات","عين مديونة","78","1175","RNI","فؤاد قدوري","41132"
"فاس- مكناس","تاونات","عين معطوف","77","1164","PAM","عبد العزيز زماري","67185"
"فاس- مكناس","تاونات","عين معطوف","77","1165","PAM","فيصل قجيدع","68966"
"فاس- مكناس","تاونات","عين معطوف","77","1162","PAM","عبد الكريم  برشاش","67605"
"فاس- مكناس","تاونات","عين معطوف","77","1160","PAM","عبد الرحيم البقالي","89566"
"فاس- مكناس","تاونات","عين معطوف","77","1160","PAM","حنان البقالي","89674"
"فاس- مكناس","تاونات","عين معطوف","77","1159","PAM","ادريس العكري","52725"
"فاس- مكناس","تاونات","عين معطوف","77","1159","PAM","رحمة اللبار","52747"
"فاس- مكناس","تاونات","عين معطوف","77","1158","RNI","عياد العمراني","12135"
"فاس- مكناس","تاونات","عين معطوف","77","1158","RNI","فتيحة العكري","12182"
"فاس- مكناس","تاونات","عين معطوف","77","1167","RNI","محمد سرحان","11848"
"فاس- مكناس","تاونات","عين معطوف","77","1155","RNI","حميد  خرشاش","67967"
"فاس- مكناس","تاونات","عين معطوف","77","1155","RNI","الهاشمية حيدة","68059"
"فاس- مكناس","تاونات","عين معطوف","77","1166","RNI","عبد السلام حسون","11720"
"فاس- مكناس","تاونات","عين معطوف","77","1157","RNI","احمد  الفنكور","53503"
"فاس- مكناس","تاونات","عين معطوف","77","1156","PI","محمد اجدي","88770"
"فاس- مكناس","تاونات","عين معطوف","77","1161","PI","نورالدين احواصلي","67750"
"فاس- مكناس","تاونات","عين معطوف","77","1163","PI","عزالدين  اليحمدي","67474"
"فاس- مكناس","تاونات","غفساي","1093","17177","PI","عبد الحق الدوسي","25755"
"فاس- مكناس","تاونات","غفساي","1093","17177","PI","جميلة امجان","25767"
"فاس- مكناس","تاونات","غفساي","1093","17167","PI","خالد صباني","14288"
"فاس- مكناس","تاونات","غفساي","1093","17168","PI","محمد علي  ميخ","14308"
"فاس- مكناس","تاونات","غفساي","1093","17174","PI","محمد الراشدي","31244"
"فاس- مكناس","تاونات","غفساي","1093","17174","PI","ايمان الشارف","31264"
"فاس- مكناس","تاونات","غفساي","1093","17169","PI","عبد الواحد ناصر","106288"
"فاس- مكناس","تاونات","غفساي","1093","17172","PI","مصطفى العسري","54464"
"فاس- مكناس","تاونات","غفساي","1093","17172","PI","كريمة  عريبو","54485"
"فاس- مكناس","تاونات","غفساي","1093","17170","PI","عثمان  السنون","71349"
"فاس- مكناس","تاونات","غفساي","1093","17175","RNI","عبد الفضيل السحنوني","14336"
"فاس- مكناس","تاونات","غفساي","1093","17171","RNI","عزيز السنون","71844"
"فاس- مكناس","تاونات","غفساي","1093","17171","RNI","رفيعة  محب الدين","71892"
"فاس- مكناس","تاونات","غفساي","1093","17176","PPS","عبد السلام الحناوي","25735"
"فاس- مكناس","تاونات","غفساي","1093","17173","P Annahda","فؤاد النميلي","72187"
"فاس- مكناس","تاونات","فناسة باب الحيط","538","8465","RNI","محمد  العدولي","40306"
"فاس- مكناس","تاونات","فناسة باب الحيط","538","8465","RNI","فاتحة الحاجي","96097"
"فاس- مكناس","تاونات","فناسة باب الحيط","538","8466","RNI","حسن غيلان","93969"
"فاس- مكناس","تاونات","فناسة باب الحيط","538","8457","RNI","عبد العزيز ناده","14277"
"فاس- مكناس","تاونات","فناسة باب الحيط","538","8468","RNI","احمد بنكرعة","41451"
"فاس- مكناس","تاونات","فناسة باب الحيط","538","8467","RNI","عائشة  العسري","41439"
"فاس- مكناس","تاونات","فناسة باب الحيط","538","8458","PPS","احمد شهبون","71715"
"فاس- مكناس","تاونات","فناسة باب الحيط","538","8464","PPS","محمد بوجيدة","71961"
"فاس- مكناس","تاونات","فناسة باب الحيط","538","8464","PPS","نجاة المساوي","71982"
"فاس- مكناس","تاونات","فناسة باب الحيط","538","8459","PPS","ادريس الدعيمر","41428"
"فاس- مكناس","تاونات","فناسة باب الحيط","538","8459","PPS","مريم القلعي","41431"
"فاس- مكناس","تاونات","فناسة باب الحيط","538","8456","PPS","قاسم القمري","128150"
"فاس- مكناس","تاونات","فناسة باب الحيط","538","8456","PPS","فاطمة اهطيط","128191"
"فاس- مكناس","تاونات","فناسة باب الحيط","538","8460","PI","عبد الحي العروصي","71825"
"فاس- مكناس","تاونات","فناسة باب الحيط","538","8462","PI","نورالدين الفضيلي","41423"
"فاس- مكناس","تاونات","فناسة باب الحيط","538","8463","PJD","محمد اسباعي","71793"
"فاس- مكناس","تاونات","فناسة باب الحيط","538","8461","PJD","جمال الغوغة","71760"
"فاس- مكناس","تاونات","قرية با محمد","697","10892","USFP","التهامي يسف","55400"
"فاس- مكناس","تاونات","قرية با محمد","697","10895","USFP","جلول عبدوني","41245"
"فاس- مكناس","تاونات","قرية با محمد","697","10899","USFP","اسماعيل الهاني","74632"
"فاس- مكناس","تاونات","قرية با محمد","697","25309","USFP","عبد العالي التواتي","41413"
"فاس- مكناس","تاونات","قرية با محمد","697","25309","USFP","حجيبة الناصيف","41419"
"فاس- مكناس","تاونات","قرية با محمد","697","10901","USFP","عزوز الهاني","41356"
"فاس- مكناس","تاونات","قرية با محمد","697","10903","USFP","عبد السلام بوطاهر","41383"
"فاس- مكناس","تاونات","قرية با محمد","697","25302","USFP","فواد الهبطي","55469"
"فاس- مكناس","تاونات","قرية با محمد","697","10896","USFP","عبد الحق بن احميدو","41324"
"فاس- مكناس","تاونات","قرية با محمد","697","10897","USFP","خالد يسف","41337"
"فاس- مكناس","تاونات","قرية با محمد","697","25307","USFP","محمد الغرباوي","55496"
"فاس- مكناس","تاونات","قرية با محمد","697","25308","USFP","فريد الحسوني","41407"
"فاس- مكناس","تاونات","قرية با محمد","697","25306","USFP","خالد قرعوش","41410"
"فاس- مكناس","تاونات","قرية با محمد","697","10890","USFP","احمد حمامة","41223"
"فاس- مكناس","تاونات","قرية با محمد","697","10893","PI","حميد المحمودي","20745"
"فاس- مكناس","تاونات","قرية با محمد","697","10902","PI","عادل بنحمو","14741"
"فاس- مكناس","تاونات","قرية با محمد","697","10902","PI","نعيمة ورحوا","14746"
"فاس- مكناس","تاونات","قرية با محمد","697","25304","PI","رضوان الناوي","55462"
"فاس- مكناس","تاونات","قرية با محمد","697","25304","PI","سناء اكريش","55466"
"فاس- مكناس","تاونات","قرية با محمد","697","25303","PI","بوشتى الحميدي","26114"
"فاس- مكناس","تاونات","قرية با محمد","697","25303","PI","حنان صارم","26117"
"فاس- مكناس","تاونات","قرية با محمد","697","10889","PI","عبد الواحد رزوق","14797"
"فاس- مكناس","تاونات","قرية با محمد","697","10894","PI","احمد اجعيدر","14739"
"فاس- مكناس","تاونات","قرية با محمد","697","10891","PI","عبد السلام بوبكر","14790"
"فاس- مكناس","تاونات","قرية با محمد","697","10898","PJD","علال اكريويل","4705"
"فاس- مكناس","تاونات","قرية با محمد","697","25305","PJD","رشيد بومدين","4707"
"فاس- مكناس","تاونات","قرية با محمد","697","10900","PJD","عبدالكريم بولحدو","20770"
"فاس- مكناس","تاونات","كلاز","559","8805","USFP","محمد المجاهدي","72394"
"فاس- مكناس","تاونات","كلاز","559","8805","USFP","سعيدة عاطفي","72417"
"فاس- مكناس","تاونات","كلاز","559","8810","USFP","عبد المنعم الاندلوسي","54316"
"فاس- مكناس","تاونات","كلاز","559","8796","USFP","عبد الغني شهبوني","8916"
"فاس- مكناس","تاونات","كلاز","559","8795","USFP","محمد  الحجامي","13894"
"فاس- مكناس","تاونات","كلاز","559","8795","USFP","نعمى السيحي","96389"
"فاس- مكناس","تاونات","كلاز","559","8813","USFP","عبدالسلام الحمامي","20775"
"فاس- مكناس","تاونات","كلاز","559","8813","USFP","كريمة الحمامي","20739"
"فاس- مكناس","تاونات","كلاز","559","8811","USFP","عبد العالي  لزعر","13986"
"فاس- مكناس","تاونات","كلاز","559","8806","USFP","رضوان العمراني","8936"
"فاس- مكناس","تاونات","كلاز","559","8808","USFP","محمد امزيان الحسني","8940"
"فاس- مكناس","تاونات","كلاز","559","8804","USFP","منصف المودني","40276"
"فاس- مكناس","تاونات","كلاز","559","8799","USFP","المفضل اللزمي","8924"
"فاس- مكناس","تاونات","كلاز","559","8816","USFP","ادريس الجناتي","72842"
"فاس- مكناس","تاونات","كلاز","559","8797","PPS","عبد اللـه العلمي","40156"
"فاس- مكناس","تاونات","كلاز","559","8797","PPS","سعيدة  بوشبة ","40172"
"فاس- مكناس","تاونات","كلاز","559","8814","PPS","الحسن سحنون","72781"
"فاس- مكناس","تاونات","كلاز","559","8801","PPS","تاج الملوك امزيان حسني","72255"
"فاس- مكناس","تاونات","كلاز","559","8803","PPS","ابراهيم  الحوسني","54202"
"فاس- مكناس","تاونات","كلاز","559","8812","PPS","نور الدين الحوسني","72692"
"فاس- مكناس","تاونات","كلاز","559","8815","PAM","امحمد القنفود","72818"
"فاس- مكناس","تاونات","كلاز","559","8800","PAM","محمد المرتزيق","40224"
"فاس- مكناس","تاونات","كلاز","559","8802","PAM","عمر غلامي","54187"
"فاس- مكناس","تاونات","كلاز","559","8809","PAM","محمد مريزق","91083"
"فاس- مكناس","تاونات","كلاز","559","8817","PAM","ادريس  السعيدي","40369"
"فاس- مكناس","تاونات","كلاز","559","8798","PAM","محمد اشرقي","72088"
"فاس- مكناس","تاونات","كلاز","559","8807","PAM","احمد جاي منصوري","40309"
"فاس- مكناس","تاونات","كيسان","721","11351","PI","جواد لهروي","73909"
"فاس- مكناس","تاونات","كيسان","721","11351","PI","جميلة العثماني","73916"
"فاس- مكناس","تاونات","كيسان","721","11346","PI","حسن نفيسي","73872"
"فاس- مكناس","تاونات","كيسان","721","11344","PI","خالد غول","31426"
"فاس- مكناس","تاونات","كيسان","721","11341","PI","محمد خوية","40715"
"فاس- مكناس","تاونات","كيسان","721","11341","PI","نبيلة حنوش","40720"
"فاس- مكناس","تاونات","كيسان","721","11350","PI","محمد مجيدي","73973"
"فاس- مكناس","تاونات","كيسان","721","11340","PI","عبد الحق قديين","55235"
"فاس- مكناس","تاونات","كيسان","721","11340","PI","رحمة لشهب","55247"
"فاس- مكناس","تاونات","كيسان","721","11343","PI","علي الدقون","73892"
"فاس- مكناس","تاونات","كيسان","721","11342","PI","عبد الالاه لحسيني","73884"
"فاس- مكناس","تاونات","كيسان","721","11348","PI","الخمار  غيضواني","55254"
"فاس- مكناس","تاونات","كيسان","721","11339","PI","عبد الالاه الحماموشي","31974"
"فاس- مكناس","تاونات","كيسان","721","11339","PI","أسماء القادري","32018"
"فاس- مكناس","تاونات","كيسان","721","11352","PI","العياشي كنبور","55267"
"فاس- مكناس","تاونات","كيسان","721","11349","RNI","عبد اللـه الكرفيسي","14455"
"فاس- مكناس","تاونات","كيسان","721","11353","RNI","كريم مويجب","20332"
"فاس- مكناس","تاونات","كيسان","721","11347","RNI","عبد اللـه حسني ","14447"
"فاس- مكناس","تاونات","كيسان","721","11345","RNI","عز الدين عيادش","20384"
"فاس- مكناس","تاونات","مزراوة","877","13845","RNI","بوشتى اعميلة","53988"
"فاس- مكناس","تاونات","مزراوة","877","13848","RNI","الحسان  اسمار ","37576"
"فاس- مكناس","تاونات","مزراوة","877","13852","RNI","سعيد العسال","39995"
"فاس- مكناس","تاونات","مزراوة","877","13852","RNI","حنان الداوودي","40014"
"فاس- مكناس","تاونات","مزراوة","877","13849","RNI","عبد العالي الحموشي","39823"
"فاس- مكناس","تاونات","مزراوة","877","13847","RNI","احمد دحموني","54029"
"فاس- مكناس","تاونات","مزراوة","877","13851","PI","محمد اسمار","25874"
"فاس- مكناس","تاونات","مزراوة","877","13851","PI","فاطمة اقماهري","25884"
"فاس- مكناس","تاونات","مزراوة","877","13846","PI","فريد الدحموني","67462"
"فاس- مكناس","تاونات","مزراوة","877","13846","PI","جودة  حموش","67526"
"فاس- مكناس","تاونات","مزراوة","877","13850","PI","ادريس اقماهري","25859"
"فاس- مكناس","تاونات","مزراوة","877","13850","PI","سكينة اليوسفي","25865"
"فاس- مكناس","تاونات","مزراوة","877","13855","PI","احمد  رحوتي","67020"
"فاس- مكناس","تاونات","مزراوة","877","13857","PI","محمد السلايكي","119247"
"فاس- مكناس","تاونات","مزراوة","877","13854","PAM","نبيل العكشيوي","119037"
"فاس- مكناس","تاونات","مزراوة","877","13856","PAM","ادريس اقبيبش","40047"
"فاس- مكناس","تاونات","مزراوة","877","13853","PJD","محمد العمارتي","29247"
"فاس- مكناس","تاونات","مساسة","870","13752","PAM","سعيد الهواري","14839"
"فاس- مكناس","تاونات","مساسة","870","13752","PAM","فوزية الحياة","14841"
"فاس- مكناس","تاونات","مساسة","870","13749","PAM","العربي ذكور","14836"
"فاس- مكناس","تاونات","مساسة","870","13759","PAM","جواد اشطيبة","41415"
"فاس- مكناس","تاونات","مساسة","870","13759","PAM","نعيمة صوفي","41417"
"فاس- مكناس","تاونات","مساسة","870","13755","PAM","ابراهيم السايح","14834"
"فاس- مكناس","تاونات","مساسة","870","13748","PAM","عبد الناصر صرصورة","14831"
"فاس- مكناس","تاونات","مساسة","870","13748","PAM","فوزية بن حمو","14835"
"فاس- مكناس","تاونات","مساسة","870","13760","PAM","هشام القصري","14832"
"فاس- مكناس","تاونات","مساسة","870","13757","PAM","عبد النبي الاشقر","14833"
"فاس- مكناس","تاونات","مساسة","870","13754","MP","حميد الهروشي","55324"
"فاس- مكناس","تاونات","مساسة","870","13758","MP","خالد  الابراهيمي الوزاني ","74470"
"فاس- مكناس","تاونات","مساسة","870","13758","MP","هجر الحية","74485"
"فاس- مكناس","تاونات","مساسة","870","13753","MP","احمد بقلول","55319"
"فاس- مكناس","تاونات","مساسة","870","13751","MP","عبداللطيف بن قسيم","55312"
"فاس- مكناس","تاونات","مساسة","870","13750","PI","محمد الغماري","32123"
"فاس- مكناس","تاونات","مساسة","870","13756","PI","الحسين حيد","55346"
"فاس- مكناس","تاونات","مولاي بوشتى","904","14302","PJD","احمد  فحصي ","10951"
"فاس- مكناس","تاونات","مولاي بوشتى","904","14302","PJD","هجر بوعرفة","10979"
"فاس- مكناس","تاونات","مولاي بوشتى","904","14290","PJD","رشيد  الخروبي ","11218"
"فاس- مكناس","تاونات","مولاي بوشتى","904","14290","PJD","نوال اليرتاوي","11277"
"فاس- مكناس","تاونات","مولاي بوشتى","904","14300","PJD","الخمار الرشاشي","41396"
"فاس- مكناس","تاونات","مولاي بوشتى","904","14300","PJD","كريمة زيان","41397"
"فاس- مكناس","تاونات","مولاي بوشتى","904","14299","PJD","حميد الفشتالي","10824"
"فاس- مكناس","تاونات","مولاي بوشتى","904","14295","PJD","عبد اللـه تهبوش","11048"
"فاس- مكناس","تاونات","مولاي بوشتى","904","14296","PJD","سعيد  المرابط","74804"
"فاس- مكناس","تاونات","مولاي بوشتى","904","14288","PJD","هشام  مقور ","32076"
"فاس- مكناس","تاونات","مولاي بوشتى","904","14301","PJD","دحمان البوطي","41391"
"فاس- مكناس","تاونات","مولاي بوشتى","904","14301","PJD","حسنية البوطي","41392"
"فاس- مكناس","تاونات","مولاي بوشتى","904","14293","PJD","سليمان بوزيد","10630"
"فاس- مكناس","تاونات","مولاي بوشتى","904","14298","PI","مسعود العطار","41403"
"فاس- مكناس","تاونات","مولاي بوشتى","904","14289","RNI","اليزيد  الحوضي","10959"
"فاس- مكناس","تاونات","مولاي بوشتى","904","14291","RNI","امحمد عميرش","10854"
"فاس- مكناس","تاونات","مولاي بوشتى","904","14294","RNI","محمد فؤاد منصوري","10910"
"فاس- مكناس","تاونات","مولاي بوشتى","904","14292","PPS","احمد الصافي","11116"
"فاس- مكناس","تاونات","مولاي بوشتى","904","14297","PPS","يوسف علوي","13254"
"فاس- مكناس","تاونات","مولاي عبد الكريم","899","14223","PJD","عبد اللطيف الراشدي","74871"
"فاس- مكناس","تاونات","مولاي عبد الكريم","899","14222","PJD","عبد العزيز بندادة","74854"
"فاس- مكناس","تاونات","مولاي عبد الكريم","899","14222","PJD","فاطمة المشكور","74866"
"فاس- مكناس","تاونات","مولاي عبد الكريم","899","14220","PJD","جواد اسحيتة","94919"
"فاس- مكناس","تاونات","مولاي عبد الكريم","899","14221","PJD","نور الدين قشيبل","74831"
"فاس- مكناس","تاونات","مولاي عبد الكريم","899","14219","PJD","الصغير  هلهول ","74813"
"فاس- مكناس","تاونات","مولاي عبد الكريم","899","14215","RNI","عبد العزيز الهلالي","10780"
"فاس- مكناس","تاونات","مولاي عبد الكريم","899","14215","RNI","امينة الهلالي","133143"
"فاس- مكناس","تاونات","مولاي عبد الكريم","899","14216","USFP","سميرة حماني","74724"
"فاس- مكناس","تاونات","مولاي عبد الكريم","899","14214","USFP","عبدالعالي الزين","95127"
"فاس- مكناس","تاونات","مولاي عبد الكريم","899","14217","USFP","حميد الشعالي","74739"
"فاس- مكناس","تاونات","مولاي عبد الكريم","899","14218","PI","الادريسي زلغ","32112"
"فاس- مكناس","تاونات","مولاي عبد الكريم","899","14218","PI","دمية مخلوفي","32111"
"فاس- مكناس","تاونات","مولاي عبد الكريم","899","14213","PAM","محمد الوالي علمي","94635"
"فاس- مكناس","تاونات","مولاي عبد الكريم","899","14213","PAM","ادريسية الوالي العلامي","94675"
"فاس- مكناس","تاونات","واد الجمعة","955","15103","RNI","حميد  بركة","114522"
"فاس- مكناس","تاونات","واد الجمعة","955","15103","RNI","خديجة  بركة ","114706"
"فاس- مكناس","تاونات","واد الجمعة","955","15101","RNI","حافظ النبيقة","115120"
"فاس- مكناس","تاونات","واد الجمعة","955","15098","RNI","سعيد دينو","96174"
"فاس- مكناس","تاونات","واد الجمعة","955","15098","RNI","اكرام بركة","96184"
"فاس- مكناس","تاونات","واد الجمعة","955","15099","RNI","محمد الراقي","114941"
"فاس- مكناس","تاونات","واد الجمعة","955","15097","RNI","عبد المالك العمارتي","96189"
"فاس- مكناس","تاونات","واد الجمعة","955","15097","RNI","دونيا العمارتي","96200"
"فاس- مكناس","تاونات","واد الجمعة","955","15107","RNI","عبد الجليل ازويتينة","96205"
"فاس- مكناس","تاونات","واد الجمعة","955","15100","RNI","العياشي الشين","115853"
"فاس- مكناس","تاونات","واد الجمعة","955","15104","RNI","عبداللطيف بركة","115715"
"فاس- مكناس","تاونات","واد الجمعة","955","15102","PI","ادريس الحمام","89560"
"فاس- مكناس","تاونات","واد الجمعة","955","15096","PI","سعيد التاجي","55066"
"فاس- مكناس","تاونات","واد الجمعة","955","15095","PAM","الناجي خليل","41414"
"فاس- مكناس","تاونات","واد الجمعة","955","15105","PJD","عمار حمدادة","55137"
"فاس- مكناس","تاونات","واد الجمعة","955","15106","PJD","ادريس وزاني حسني","93780"
"فاس- مكناس","تاونات","واد الجمعة","955","15106","PJD","نعيمة بوحمالة","85884"
"فاس- مكناس","تاونات","ودكة","949","25313","PI","عبداللطيف احمامو","55492"
"فاس- مكناس","تاونات","ودكة","949","14993","PI","محمد حليمي ","32046"
"فاس- مكناس","تاونات","ودكة","949","14993","PI","لبنة المويدين","32048"
"فاس- مكناس","تاونات","ودكة","949","14987","PI","محمد الابراهيمي","14828"
"فاس- مكناس","تاونات","ودكة","949","14987","PI","فتيحة السليماني","14824"
"فاس- مكناس","تاونات","ودكة","949","25312","PI","عبد اللطيف المرابط","49578"
"فاس- مكناس","تاونات","ودكة","949","14990","PI","محمد  استوت ","25719"
"فاس- مكناس","تاونات","ودكة","949","14988","PI","خالد  الشقيقار","41062"
"فاس- مكناس","تاونات","ودكة","949","14983","PPS","عبد اللـه عصفوري","49370"
"فاس- مكناس","تاونات","ودكة","949","14983","PPS","كوثر جلول","49411"
"فاس- مكناس","تاونات","ودكة","949","14989","PPS","حميد مرزاق","32059"
"فاس- مكناس","تاونات","ودكة","949","14992","PPS","محمد الحشادي","74121"
"فاس- مكناس","تاونات","ودكة","949","14992","PPS","فاطمة ادريوش","74140"
"فاس- مكناس","تاونات","ودكة","949","14984","PPS","محمد الغزيوي","93301"
"فاس- مكناس","تاونات","ودكة","949","14986","PPS","منير بوعطية","55467"
"فاس- مكناس","تاونات","ودكة","949","14991","RNI","محمد بالحاج","41076"
"فاس- مكناس","تاونات","ودكة","949","14985","RNI","محمد الجوهري","55461"
"فاس- مكناس","صفرو","أدرج","14","175","MP"," الحسن جعبوق","114643"
"فاس- مكناس","صفرو","أدرج","14","175","MP","عائشة العباس","114831"
"فاس- مكناس","صفرو","أدرج","14","180","MP","علي معنان","115947"
"فاس- مكناس","صفرو","أدرج","14","177","MP","الحسان لوديي","114177"
"فاس- مكناس","صفرو","أدرج","14","180","MP","عزيزة برم","116479"
"فاس- مكناس","صفرو","أدرج","14","179","MP","احمد بيو","115450"
"فاس- مكناس","صفرو","أدرج","14","181","MP","امحمد اشرشور","62176"
"فاس- مكناس","صفرو","أدرج","14","176","MP","الطيب بومنصور","62587"
"فاس- مكناس","صفرو","أدرج","14","174","MP","محمد موحيب","38345"
"فاس- مكناس","صفرو","أدرج","14","173","USFP","الحسن شيشي","113345"
"فاس- مكناس","صفرو","أدرج","14","173","USFP","فاطمة ياسين","113099"
"فاس- مكناس","صفرو","أدرج","14","172","USFP","علي اعبيد","113017"
"فاس- مكناس","صفرو","أدرج","14","182","USFP","محمد مسيف","123589"
"فاس- مكناس","صفرو","أدرج","14","182","USFP","نورا مسيف","123667"
"فاس- مكناس","صفرو","أدرج","14","178","PJD","عمر حباس","115126"
"فاس- مكناس","صفرو","إغزران","661","10366","PAM","محمد بوغلام","39019"
"فاس- مكناس","صفرو","إغزران","661","10366","PAM","سعاد اعمومور","39064"
"فاس- مكناس","صفرو","إغزران","661","10376","PAM","محمد البقصي","24374"
"فاس- مكناس","صفرو","إغزران","661","10376","PAM","لطيفة ابياض","24407"
"فاس- مكناس","صفرو","إغزران","661","10372","PAM","عبد الوهاب عيادي","19292"
"فاس- مكناس","صفرو","إغزران","661","10372","PAM","سميرة شنون","19327"
"فاس- مكناس","صفرو","إغزران","661","10370","PAM","محمد أقنوش ","19402"
"فاس- مكناس","صفرو","إغزران","661","10370","PAM","سمية حقون","19426"
"فاس- مكناس","صفرو","إغزران","661","10374","PAM","المصطفى الكسير","37952"
"فاس- مكناس","صفرو","إغزران","661","10377","PAM","علي شهيد","103295"
"فاس- مكناس","صفرو","إغزران","661","10369","PAM","عبد الحاق بوعسيلا","114867"
"فاس- مكناس","صفرو","إغزران","661","10365","PAM","محمد بوخاتم","19486"
"فاس- مكناس","صفرو","إغزران","661","10375","PAM","لحسن عبادي","36893"
"فاس- مكناس","صفرو","إغزران","661","10368","PAM","عبد اللطيف كعوب","49245"
"فاس- مكناس","صفرو","إغزران","661","10371","PAM","الحسان الزجلي","130517"
"فاس- مكناس","صفرو","إغزران","661","10367","RNI","محمد كمال","19434"
"فاس- مكناس","صفرو","إغزران","661","10373","RNI","عبد الله عبدوس ","11213"
"فاس- مكناس","صفرو","أهل سيدي لحسن","49","729","PJD","فؤاد فضل الله","92728"
"فاس- مكناس","صفرو","أهل سيدي لحسن","49","729","PJD","سهام نصري","92789"
"فاس- مكناس","صفرو","أهل سيدي لحسن","49","732","PJD","محمد سرحان","92970"
"فاس- مكناس","صفرو","أهل سيدي لحسن","49","732","PJD","جميلة لغريسي","93012"
"فاس- مكناس","صفرو","أهل سيدي لحسن","49","730","PJD","المصطفى خليلا","117775"
"فاس- مكناس","صفرو","أهل سيدي لحسن","49","730","PJD","فاطمة كولاس","117834"
"فاس- مكناس","صفرو","أهل سيدي لحسن","49","726","PJD","محمد بنخضرة","59791"
"فاس- مكناس","صفرو","أهل سيدي لحسن","49","731","PJD","احمد ميموني","117392"
"فاس- مكناس","صفرو","أهل سيدي لحسن","49","724","PJD","عزيز يخلف","117262"
"فاس- مكناس","صفرو","أهل سيدي لحسن","49","728","PJD","المصطفى ظاهير","117972"
"فاس- مكناس","صفرو","أهل سيدي لحسن","49","725","PAM","عبدالاله الكرمة","94825"
"فاس- مكناس","صفرو","أهل سيدي لحسن","49","725","PAM","آسية مهليل","94853"
"فاس- مكناس","صفرو","أهل سيدي لحسن","49","733","PAM","محمد بنجليق","118205"
"فاس- مكناس","صفرو","أهل سيدي لحسن","49","727","PAM","لحسن مشكوري","118463"
"فاس- مكناس","صفرو","أهل سيدي لحسن","49","723","MP","عزيز مروش","117553"
"فاس- مكناس","صفرو","أولاد امكودو","1016","15948","USFP","ادريس اشطيبي","118706"
"فاس- مكناس","صفرو","أولاد امكودو","1016","15942","USFP","عزيز زروال","38077"
"فاس- مكناس","صفرو","أولاد امكودو","1016","15942","USFP","نبيلة شباط","38128"
"فاس- مكناس","صفرو","أولاد امكودو","1016","15940","USFP","عبد اللطيف دويدة","98772"
"فاس- مكناس","صفرو","أولاد امكودو","1016","15940","USFP","حياة البوكريني","118600"
"فاس- مكناس","صفرو","أولاد امكودو","1016","15949","USFP","عز الدين شهبون","28794"
"فاس- مكناس","صفرو","أولاد امكودو","1016","15949","USFP","اكرام عنابي","28808"
"فاس- مكناس","صفرو","أولاد امكودو","1016","15943","USFP","عمر الخلوقي","19112"
"فاس- مكناس","صفرو","أولاد امكودو","1016","15950","USFP","ادريس بوزين","38199"
"فاس- مكناس","صفرو","أولاد امكودو","1016","15946","USFP","احمد الحيموشي","38242"
"فاس- مكناس","صفرو","أولاد امكودو","1016","15945","USFP","لحسن الصديق","103096"
"فاس- مكناس","صفرو","أولاد امكودو","1016","15947","USFP","عياد غلان","127170"
"فاس- مكناس","صفرو","أولاد امكودو","1016","15941","PJD","محمد الصطيلي","127059"
"فاس- مكناس","صفرو","أولاد امكودو","1016","15941","PJD","نوال لغزيوي","127118"
"فاس- مكناس","صفرو","أولاد امكودو","1016","15944","PI","الحسين  مالو ","422"
"فاس- مكناس","صفرو","آيت السبع لجروف","155","2203","PAM","محمد كرداد","19374"
"فاس- مكناس","صفرو","آيت السبع لجروف","155","2203","PAM","فاطمة كرداد","19393"
"فاس- مكناس","صفرو","آيت السبع لجروف","155","2204","PAM","عزيز  احراشي","24505"
"فاس- مكناس","صفرو","آيت السبع لجروف","155","2204","PAM","مونة الدمناتي","24546"
"فاس- مكناس","صفرو","آيت السبع لجروف","155","2205","PAM","مولود  اهرهار","37977"
"فاس- مكناس","صفرو","آيت السبع لجروف","155","2198","PAM","احمد  امزيان","109085"
"فاس- مكناس","صفرو","آيت السبع لجروف","155","2206","PAM","محمد ازروال","37896"
"فاس- مكناس","صفرو","آيت السبع لجروف","155","2197","PAM","المصطفى امزيان","60200"
"فاس- مكناس","صفرو","آيت السبع لجروف","155","2210","PAM","محمد  المهدي","37988"
"فاس- مكناس","صفرو","آيت السبع لجروف","155","2211","PAM","الحسين حور","48580"
"فاس- مكناس","صفرو","آيت السبع لجروف","155","2209","USFP","بناصر احوجيل","63733"
"فاس- مكناس","صفرو","آيت السبع لجروف","155","2202","USFP","علي يكو","19460"
"فاس- مكناس","صفرو","آيت السبع لجروف","155","2207","USFP","محمد اعوين","127439"
"فاس- مكناس","صفرو","آيت السبع لجروف","155","2213","USFP","محمد بيعو","110812"
"فاس- مكناس","صفرو","آيت السبع لجروف","155","2208","USFP","عبد الله سباعي","113318"
"فاس- مكناس","صفرو","آيت السبع لجروف","155","2219","USFP","عبد الله السريجة","47104"
"فاس- مكناس","صفرو","آيت السبع لجروف","155","2200","PJD","ميمون الكتاني","48735"
"فاس- مكناس","صفرو","آيت السبع لجروف","155","2200","PJD","فاطمة اضرضور","48779"
"فاس- مكناس","صفرو","آيت السبع لجروف","155","2199","PJD","ادريس المنتصر","38048"
"فاس- مكناس","صفرو","آيت السبع لجروف","155","2199","PJD","عائشة الموفيد","38074"
"فاس- مكناس","صفرو","آيت السبع لجروف","155","2212","PJD","ادريس  افوضي","19604"
"فاس- مكناس","صفرو","آيت السبع لجروف","155","2215","PJD","محمد اعمود","114759"
"فاس- مكناس","صفرو","آيت السبع لجروف","155","2214","MP","محمد اليوسفي","111277"
"فاس- مكناس","صفرو","آيت السبع لجروف","155","2217","RNI","مصطفى امشوي","126338"
"فاس- مكناس","صفرو","آيت السبع لجروف","155","2218","RNI","محمد اميسوري","48608"
"فاس- مكناس","صفرو","آيت السبع لجروف","155","2201","P Al Ahd Addimocrati","لحسن رضوان","109462"
"فاس- مكناس","صفرو","آيت السبع لجروف","155","2216","PI","عبد الله  اهزاوي","37739"
"فاس- مكناس","صفرو","إيموزار كندر","652","10204","PAM","علي رزاق","35317"
"فاس- مكناس","صفرو","إيموزار كندر","652","10204","PAM","فاطمة رحيم","35362"
"فاس- مكناس","صفرو","إيموزار كندر","652","27212","PAM","ادريس بوتحريشت","47164"
"فاس- مكناس","صفرو","إيموزار كندر","652","10200","PAM","عبد الكريم بن التهامي","108440"
"فاس- مكناس","صفرو","إيموزار كندر","652","27214","PAM","حميد الادريسي","19731"
"فاس- مكناس","صفرو","إيموزار كندر","652","10209","PAM","يونس انسمن","109955"
"فاس- مكناس","صفرو","إيموزار كندر","652","10209","PAM","بشرى دعنوش","110046"
"فاس- مكناس","صفرو","إيموزار كندر","652","27208","PPS","ادريس بوطاهر","49507"
"فاس- مكناس","صفرو","إيموزار كندر","652","27208","PPS","عزيزة فضيل","49451"
"فاس- مكناس","صفرو","إيموزار كندر","652","10212","PPS","سعيد السراري","110570"
"فاس- مكناس","صفرو","إيموزار كندر","652","10205","PPS","محمد اعزيزو","94218"
"فاس- مكناس","صفرو","إيموزار كندر","652","10205","PPS","مونة العباس","94247"
"فاس- مكناس","صفرو","إيموزار كندر","652","27215","PPS","عزيز العرفاوي","35104"
"فاس- مكناس","صفرو","إيموزار كندر","652","10208","PJD","سعيد الزياني","11333"
"فاس- مكناس","صفرو","إيموزار كندر","652","10207","PJD","حمو اشروبال","109338"
"فاس- مكناس","صفرو","إيموزار كندر","652","27211","PJD","حميد بودراع","19828"
"فاس- مكناس","صفرو","إيموزار كندر","652","10210","PJD","سعيد اسكور","24980"
"فاس- مكناس","صفرو","إيموزار كندر","652","27213","PJD","أسامة محمدي","19797"
"فاس- مكناس","صفرو","إيموزار كندر","652","27209","MP","احمد حوسة","35636"
"فاس- مكناس","صفرو","إيموزار كندر","652","10211","MP","ميمون انعشير","7103"
"فاس- مكناس","صفرو","إيموزار كندر","652","10203","PI","بلعيد اسرار","6673"
"فاس- مكناس","صفرو","إيموزار كندر","652","10201","PI","ادريس امعضور ","50171"
"فاس- مكناس","صفرو","إيموزار كندر","652","25395","PI","مصطفى اجبار","19015"
"فاس- مكناس","صفرو","إيموزار كندر","652","27210","PI","ادريس اليحياوي ","49744"
"فاس- مكناس","صفرو","إيموزار كندر","652","25394","RNI","اسماعيل  بوضار ","62560"
"فاس- مكناس","صفرو","إيموزار كندر","652","10202","RNI","لحسن  فاضل ","29231"
"فاس- مكناس","صفرو","إيموزار كندر","652","10206","P Al Ahd Addimocrati","بناصر رضوان","62345"
"فاس- مكناس","صفرو","اغبالو أقورار","31","455","MP","الحسين الهلالي","38079"
"فاس- مكناس","صفرو","اغبالو أقورار","31","463","MP","محمد الزهواني","44103"
"فاس- مكناس","صفرو","اغبالو أقورار","31","457","MP","لحسن رفيع","48096"
"فاس- مكناس","صفرو","اغبالو أقورار","31","465","MP","حدو اليوسي","115362"
"فاس- مكناس","صفرو","اغبالو أقورار","31","465","MP","حورية لعديدي","115305"
"فاس- مكناس","صفرو","اغبالو أقورار","31","453","MP","الحسين بوني","7358"
"فاس- مكناس","صفرو","اغبالو أقورار","31","456","MP","حسن الوالي","7332"
"فاس- مكناس","صفرو","اغبالو أقورار","31","458","MP","حدو شفقي","7341"
"فاس- مكناس","صفرو","اغبالو أقورار","31","460","MP","عبد الله ازغيبى","7400"
"فاس- مكناس","صفرو","اغبالو أقورار","31","461","MP","ادريس الحسني","47999"
"فاس- مكناس","صفرو","اغبالو أقورار","31","464","PI","التهامي ناصف","115740"
"فاس- مكناس","صفرو","اغبالو أقورار","31","464","PI","عائشة تنقيرة","115803"
"فاس- مكناس","صفرو","اغبالو أقورار","31","462","PI","عبد القادر العجلي","115576"
"فاس- مكناس","صفرو","اغبالو أقورار","31","462","PI","حمامة رزقي","115634"
"فاس- مكناس","صفرو","اغبالو أقورار","31","459","PI","ادريس بوعجاجة","115874"
"فاس- مكناس","صفرو","اغبالو أقورار","31","454","RNI","لهبوب اكراة","97295"
"فاس- مكناس","صفرو","اغبالو أقورار","31","454","RNI","محجوبة  الفقير ","97327"
"فاس- مكناس","صفرو","البهاليل","299","4649","RNI","عادل  منان ","41938"
"فاس- مكناس","صفرو","البهاليل","299","4652","RNI","حسن لوطاية","41897"
"فاس- مكناس","صفرو","البهاليل","299","4650","RNI","عبد الله بريان","42191"
"فاس- مكناس","صفرو","البهاليل","299","4655","RNI","احمد خروبين","116821"
"فاس- مكناس","صفرو","البهاليل","299","4653","RNI","المصطفى منان","41923"
"فاس- مكناس","صفرو","البهاليل","299","4644","USFP","زهير بوعلي","112293"
"فاس- مكناس","صفرو","البهاليل","299","27207","PADS","عبد الرحمان  الحاضي","42096"
"فاس- مكناس","صفرو","البهاليل","299","27207","PADS","هند المنقاشي ","42119"
"فاس- مكناس","صفرو","البهاليل","299","4646","CNI","كريم  زنيبل","113792"
"فاس- مكناس","صفرو","البهاليل","299","4646","CNI","نادية وادي","113864"
"فاس- مكناس","صفرو","البهاليل","299","4647","PADS","عبد السلام ابة","114314"
"فاس- مكناس","صفرو","البهاليل","299","4647","CNI","مليكة المروني","114372"
"فاس- مكناس","صفرو","البهاليل","299","27206","PADS","عمر الدالية","42058"
"فاس- مكناس","صفرو","البهاليل","299","4651","PJD","خالد بوعلي","42800"
"فاس- مكناس","صفرو","البهاليل","299","4654","PJD","علي العلمي","116623"
"فاس- مكناس","صفرو","البهاليل","299","4645","PI","الحسين سدري","112933"
"فاس- مكناس","صفرو","البهاليل","299","4645","PI","فاطمة الزهراء الرويجل","112991"
"فاس- مكناس","صفرو","البهاليل","299","4648","PI","نور الدين غريب","114632"
"فاس- مكناس","صفرو","البهاليل","299","4643","SAP","عسو منصور","112987"
"فاس- مكناس","صفرو","العنوصر","737","11608","PJD","محمد ارمل","94472"
"فاس- مكناس","صفرو","العنوصر","737","11608","PJD","فاطمة عدناني","94547"
"فاس- مكناس","صفرو","العنوصر","737","11603","PJD","يوسف بوكرار","42333"
"فاس- مكناس","صفرو","العنوصر","737","11603","PJD","حسناء بحمي","42364"
"فاس- مكناس","صفرو","العنوصر","737","11606","PJD","حمو غديوي","115651"
"فاس- مكناس","صفرو","العنوصر","737","11605","PJD","الحسين اولشيخ","116158"
"فاس- مكناس","صفرو","العنوصر","737","11599","PJD","محمد بوعلوشن","118992"
"فاس- مكناس","صفرو","العنوصر","737","11600","PJD","لحسن سخمان","118915"
"فاس- مكناس","صفرو","العنوصر","737","11598","PJD","محمد لمنزه","119182"
"فاس- مكناس","صفرو","العنوصر","737","11609","PJD","علي مكلوي","119957"
"فاس- مكناس","صفرو","العنوصر","737","11607","PJD","حميد  بوخريط ","120047"
"فاس- مكناس","صفرو","العنوصر","737","11602","MP","الحسين اعزيزي","102306"
"فاس- مكناس","صفرو","العنوصر","737","11602","MP","رابحة  الزاوي ","102364"
"فاس- مكناس","صفرو","العنوصر","737","11601","MP","محمد  احمري ","100967"
"فاس- مكناس","صفرو","العنوصر","737","11601","MP","فطومة ركيك","101027"
"فاس- مكناس","صفرو","العنوصر","737","11597","MP","الصديق الكريوي","119561"
"فاس- مكناس","صفرو","العنوصر","737","11604","PPS","المصطفى زويني","117096"
"فاس- مكناس","صفرو","المنزل","511","8009","USFP","رشيد ملاحي","444"
"فاس- مكناس","صفرو","المنزل","511","25392","USFP","خاليد الحروف","4"
"فاس- مكناس","صفرو","المنزل","511","25392","USFP","نعيمة الداودي","6"
"فاس- مكناس","صفرو","المنزل","511","8019","USFP","محمد وجاط","474"
"فاس- مكناس","صفرو","المنزل","511","8019","USFP","محجوبة ميزاب","481"
"فاس- مكناس","صفرو","المنزل","511","8011","USFP","عبد الغني مباشر","19280"
"فاس- مكناس","صفرو","المنزل","511","8008","USFP","عبد الرحمن ملاحي","42360"
"فاس- مكناس","صفرو","المنزل","511","8012","USFP","عبد الحق اليوسفي","113205"
"فاس- مكناس","صفرو","المنزل","511","8016","USFP","عبد الرحيم سعيدي","39103"
"فاس- مكناس","صفرو","المنزل","511","25393","USFP","المصطفى ادمر","19380"
"فاس- مكناس","صفرو","المنزل","511","8018","USFP","عز الدين الشافعي","2913"
"فاس- مكناس","صفرو","المنزل","511","8018","USFP","فاطمة تبوعلالت","2941"
"فاس- مكناس","صفرو","المنزل","511","8007","USFP","محمد نشاد","2868"
"فاس- مكناس","صفرو","المنزل","511","8007","USFP","بوشرى لباريس","2890"
"فاس- مكناس","صفرو","المنزل","511","8015","PI","عبد الفتاح كجوط","643"
"فاس- مكناس","صفرو","المنزل","511","8010","PI","محمد ركيك","48495"
"فاس- مكناس","صفرو","المنزل","511","8013","PI","جمال بالعربي","3221"
"فاس- مكناس","صفرو","المنزل","511","8014","PI","يوسف لحودي","7348"
"فاس- مكناس","صفرو","المنزل","511","8017","PI","عبد العزيز صويدق","614"
"فاس- مكناس","صفرو","امطرناغة","916","14510","USFP","اسماعيل  سيد الغازي ","19399"
"فاس- مكناس","صفرو","امطرناغة","916","14510","USFP","لطيفة تواغد","19416"
"فاس- مكناس","صفرو","امطرناغة","916","14504","USFP","محمد غورا","19247"
"فاس- مكناس","صفرو","امطرناغة","916","14504","USFP","مريم بوعزة","19398"
"فاس- مكناس","صفرو","امطرناغة","916","14509","USFP","بوكرين الدوييب","29410"
"فاس- مكناس","صفرو","امطرناغة","916","14509","USFP","خديجة الشكري","29440"
"فاس- مكناس","صفرو","امطرناغة","916","14505","USFP","محمد السنيهجي","18964"
"فاس- مكناس","صفرو","امطرناغة","916","14506","USFP","فؤاد اغزر","18930"
"فاس- مكناس","صفرو","امطرناغة","916","14511","USFP","بوبكر بويزدغ","19248"
"فاس- مكناس","صفرو","امطرناغة","916","14514","USFP","محمد مشيش","38425"
"فاس- مكناس","صفرو","امطرناغة","916","14513","USFP","محمد اشار","19010"
"فاس- مكناس","صفرو","امطرناغة","916","14512","PI","رشيد قاسم","48919"
"فاس- مكناس","صفرو","امطرناغة","916","14507","PI","العربي مشيش","37903"
"فاس- مكناس","صفرو","امطرناغة","916","14508","PSU","محمد الكرواني","29172"
"فاس- مكناس","صفرو","امطرناغة","916","14508","PSU","رقية مني","29197"
"فاس- مكناس","صفرو","بئر طم طم","308","4755","MP","عبد الرحمان شادلي","46453"
"فاس- مكناس","صفرو","بئر طم طم","308","4755","MP","فتيحة عسول","46379"
"فاس- مكناس","صفرو","بئر طم طم","308","4758","MP","طارق الجزولي","121189"
"فاس- مكناس","صفرو","بئر طم طم","308","4757","MP","حميد قصري","92582"
"فاس- مكناس","صفرو","بئر طم طم","308","4757","MP","كريمة دردوري","92658"
"فاس- مكناس","صفرو","بئر طم طم","308","4759","MP","بوشتى الحضراوي","7113"
"فاس- مكناس","صفرو","بئر طم طم","308","4754","MP","لحسن مسعودي","46794"
"فاس- مكناس","صفرو","بئر طم طم","308","4766","MP","محمد شليق","48018"
"فاس- مكناس","صفرو","بئر طم طم","308","4766","MP","هنية حاج مزار","48068"
"فاس- مكناس","صفرو","بئر طم طم","308","4760","MP","بوشتى بانا","61337"
"فاس- مكناس","صفرو","بئر طم طم","308","4756","MP","عبد الله لهميل","46898"
"فاس- مكناس","صفرو","بئر طم طم","308","4765","MP","علي شواط","19101"
"فاس- مكناس","صفرو","بئر طم طم","308","4762","USFP","عبد الحميد دردوري","120809"
"فاس- مكناس","صفرو","بئر طم طم","308","4762","USFP","مليكة القصطالي","120842"
"فاس- مكناس","صفرو","بئر طم طم","308","4764","USFP","احمد بلعربي","120285"
"فاس- مكناس","صفرو","بئر طم طم","308","4761","PPS","عبد الله مكاوي","35234"
"فاس- مكناس","صفرو","بئر طم طم","308","4763","PJD","نجيم كانون","39132"
"فاس- مكناس","صفرو","تازوطة","1413","22246","USFP","الحسين التفاحي","113824"
"فاس- مكناس","صفرو","تازوطة","1413","22248","USFP","عزيز اليعقوب","124675"
"فاس- مكناس","صفرو","تازوطة","1413","22248","USFP","فاطمة بنعمر","124860"
"فاس- مكناس","صفرو","تازوطة","1413","22255","MP","ناجم ابلدي","127816"
"فاس- مكناس","صفرو","تازوطة","1413","22255","MP","فاطمة دار علي","127837"
"فاس- مكناس","صفرو","تازوطة","1413","22254","MP","عمر بوخرطة","116564"
"فاس- مكناس","صفرو","تازوطة","1413","22250","MP","لحسن الطيوري","98799"
"فاس- مكناس","صفرو","تازوطة","1413","22250","MP","العزيزة الديش","98938"
"فاس- مكناس","صفرو","تازوطة","1413","22245","MP","محمد الصغير","125145"
"فاس- مكناس","صفرو","تازوطة","1413","22249","MP","سعيد كامل","124955"
"فاس- مكناس","صفرو","تازوطة","1413","22252","MP","عبد الله اعلالوش","115546"
"فاس- مكناس","صفرو","تازوطة","1413","22251","PJD","محمد  ميدوري ","60392"
"فاس- مكناس","صفرو","تازوطة","1413","22253","PJD","عبد العزيز الصديق","94931"
"فاس- مكناس","صفرو","تازوطة","1413","22253","PJD","عزيزة مطعيش","94953"
"فاس- مكناس","صفرو","تازوطة","1413","22247","PI","سعيد حنين","114406"
"فاس- مكناس","صفرو","تافجيغت","1315","20827","USFP","عمر جيرة","29533"
"فاس- مكناس","صفرو","تافجيغت","1315","20827","USFP","فريدة جيرى","29561"
"فاس- مكناس","صفرو","تافجيغت","1315","20824","USFP","عشور يخلف","93973"
"فاس- مكناس","صفرو","تافجيغت","1315","20828","USFP","محمد مخلوف","131720"
"فاس- مكناس","صفرو","تافجيغت","1315","20828","USFP","لطيفة صادق","131747"
"فاس- مكناس","صفرو","تافجيغت","1315","20824","USFP","بادية وعاش","94005"
"فاس- مكناس","صفرو","تافجيغت","1315","20825","USFP","عبد السلام اعجمي","37776"
"فاس- مكناس","صفرو","تافجيغت","1315","20826","USFP","محمد بزشري","65261"
"فاس- مكناس","صفرو","تافجيغت","1315","20829","MP","لحسن رزوق","99312"
"فاس- مكناس","صفرو","تافجيغت","1315","20829","MP","نادية  شرو","99482"
"فاس- مكناس","صفرو","تافجيغت","1315","20833","MP","عبد السلام غزو","117151"
"فاس- مكناس","صفرو","تافجيغت","1315","20823","MP","احمد الوافي","115061"
"فاس- مكناس","صفرو","تافجيغت","1315","20832","PJD","عبدالله عنانة","50309"
"فاس- مكناس","صفرو","تافجيغت","1315","20831","PJD","ادريس المرابح","116832"
"فاس- مكناس","صفرو","تافجيغت","1315","20830","PJD","حسن رزوق","116681"
"فاس- مكناس","صفرو","دار الحمراء","455","7074","USFP","علي عبل","35789"
"فاس- مكناس","صفرو","دار الحمراء","455","7074","USFP","فتيحة  بركراك ","35825"
"فاس- مكناس","صفرو","دار الحمراء","455","7075","USFP","عمرو طحطاحي","27293"
"فاس- مكناس","صفرو","دار الحمراء","455","7075","USFP","رحمة بورمضان","27252"
"فاس- مكناس","صفرو","دار الحمراء","455","7078","USFP","محمد عكراد","26974"
"فاس- مكناس","صفرو","دار الحمراء","455","7078","USFP","فاطمة  كرماس","26987"
"فاس- مكناس","صفرو","دار الحمراء","455","7071","USFP","محمد لشكر","46990"
"فاس- مكناس","صفرو","دار الحمراء","455","7077","USFP","محمد لعفيف","27318"
"فاس- مكناس","صفرو","دار الحمراء","455","7073","USFP","حسن سليمي","6624"
"فاس- مكناس","صفرو","دار الحمراء","455","7072","USFP","احمد كردوس","19236"
"فاس- مكناس","صفرو","دار الحمراء","455","7081","MP","عبد الكريم بوسعيد","21869"
"فاس- مكناس","صفرو","دار الحمراء","455","7079","MP","كبير المسياح","24965"
"فاس- مكناس","صفرو","دار الحمراء","455","7080","MP","لحسن مشقران","24687"
"فاس- مكناس","صفرو","دار الحمراء","455","7080","MP","يامنة امشقران","24743"
"فاس- مكناس","صفرو","دار الحمراء","455","7076","PI","مصطفى بن الشيخ","24714"
"فاس- مكناس","صفرو","راس تابودة","1085","17069","USFP","لحسن دهده","19202"
"فاس- مكناس","صفرو","راس تابودة","1085","17069","USFP","فتيحة رواق","19224"
"فاس- مكناس","صفرو","راس تابودة","1085","17070","USFP","محمد الحيطي","61243"
"فاس- مكناس","صفرو","راس تابودة","1085","17070","USFP","مونة  دهده ","61295"
"فاس- مكناس","صفرو","راس تابودة","1085","17073","USFP","عبد الله عباد","131772"
"فاس- مكناس","صفرو","راس تابودة","1085","17072","USFP","التهامي محو","12200"
"فاس- مكناس","صفرو","راس تابودة","1085","17074","USFP","المصطفى البودالي","99036"
"فاس- مكناس","صفرو","راس تابودة","1085","17074","USFP","يامنة بوبول","99106"
"فاس- مكناس","صفرو","راس تابودة","1085","17077","USFP","بوعلي ازايي","2901"
"فاس- مكناس","صفرو","راس تابودة","1085","17071","USFP","عبد الله برحو","19449"
"فاس- مكناس","صفرو","راس تابودة","1085","17067","USFP","عبد اللطيف مفكير","19498"
"فاس- مكناس","صفرو","راس تابودة","1085","17075","PI","الحسين مرزاق","94689"
"فاس- مكناس","صفرو","راس تابودة","1085","17075","PI","نجية منعم","94704"
"فاس- مكناس","صفرو","راس تابودة","1085","17076","PI","ادريس طريس","118771"
"فاس- مكناس","صفرو","راس تابودة","1085","17068","PAM","عمر عاشور","117523"
"فاس- مكناس","صفرو","رباط الخير","1096","17224","USFP","المصطفى مكريف","2953"
"فاس- مكناس","صفرو","رباط الخير","1096","17222","USFP","مصطفى  بوجى ","3226"
"فاس- مكناس","صفرو","رباط الخير","1096","17223","USFP","عبد العزيز الناهي","36802"
"فاس- مكناس","صفرو","رباط الخير","1096","17223","USFP","فاطمة  بلوك","37607"
"فاس- مكناس","صفرو","رباط الخير","1096","17226","USFP","عبد القادر لشهب","19409"
"فاس- مكناس","صفرو","رباط الخير","1096","17217","USFP","حميد بوعمر","35430"
"فاس- مكناس","صفرو","رباط الخير","1096","17218","USFP","مراد سجاع","6748"
"فاس- مكناس","صفرو","رباط الخير","1096","27216","USFP","مراد موجان","117911"
"فاس- مكناس","صفرو","رباط الخير","1096","17221","USFP","الحسين امحيراش","64240"
"فاس- مكناس","صفرو","رباط الخير","1096","27223","USFP","مجيد ملوك","3203"
"فاس- مكناس","صفرو","رباط الخير","1096","27223","USFP","حفيظة ملوك","3223"
"فاس- مكناس","صفرو","رباط الخير","1096","17215","USFP","محمد بوستة","35344"
"فاس- مكناس","صفرو","رباط الخير","1096","27217","USFP","هشام رشمون","117969"
"فاس- مكناس","صفرو","رباط الخير","1096","27221","USFP","حسن جردان","2975"
"فاس- مكناس","صفرو","رباط الخير","1096","17219","PAM","رشيد اناريتن","24721"
"فاس- مكناس","صفرو","رباط الخير","1096","25398","PAM","علي بلعيد","64960"
"فاس- مكناس","صفرو","رباط الخير","1096","25398","PAM","فاطمة اقشمار","64656"
"فاس- مكناس","صفرو","رباط الخير","1096","27219","PAM","علي معلاك","11997"
"فاس- مكناس","صفرو","رباط الخير","1096","27220","PAM","علي سباعي","35717"
"فاس- مكناس","صفرو","رباط الخير","1096","27218","PAM","يونس حاجي","6641"
"فاس- مكناس","صفرو","رباط الخير","1096","17225","PAM","عزيز مكريف","64556"
"فاس- مكناس","صفرو","رباط الخير","1096","25399","PI","اسماعيل سيبوس","35535"
"فاس- مكناس","صفرو","رباط الخير","1096","27222","PI","عبد الصمد سلوان","11768"
"فاس- مكناس","صفرو","رباط الخير","1096","17220","RNI","منعم بكار","11576"
"فاس- مكناس","صفرو","رباط الخير","1096","17214","RNI","محمد جبر","49549"
"فاس- مكناس","صفرو","رباط الخير","1096","17214","RNI","ليلى سليماني","49587"
"فاس- مكناس","صفرو","رباط الخير","1096","17216","PPS","حسن شلواطي","35803"
"فاس- مكناس","صفرو","سيدي يوسف بن احمد","1283","20303","PJD","عبد العزيز فقودي","114892"
"فاس- مكناس","صفرو","سيدي يوسف بن احمد","1283","20297","PJD","المصطفى بوسعود","97209"
"فاس- مكناس","صفرو","سيدي يوسف بن احمد","1283","20297","PJD","لبنى تيكولمامين","97242"
"فاس- مكناس","صفرو","سيدي يوسف بن احمد","1283","20304","PJD","عبد العلي اغنوش","47579"
"فاس- مكناس","صفرو","سيدي يوسف بن احمد","1283","20304","PJD","رابحة بويزان","47627"
"فاس- مكناس","صفرو","سيدي يوسف بن احمد","1283","20301","PJD","الحسين بكي","48298"
"فاس- مكناس","صفرو","سيدي يوسف بن احمد","1283","20295","PJD","احمد اسعادي","42481"
"فاس- مكناس","صفرو","سيدي يوسف بن احمد","1283","20295","PJD","حبيبة سليمي","42584"
"فاس- مكناس","صفرو","سيدي يوسف بن احمد","1283","20293","PJD","ادريس دوغري","112736"
"فاس- مكناس","صفرو","سيدي يوسف بن احمد","1283","20296","PJD","يوسف التوزاني","37804"
"فاس- مكناس","صفرو","سيدي يوسف بن احمد","1283","20300","PJD","عبد اللطيف كرداد","48764"
"فاس- مكناس","صفرو","سيدي يوسف بن احمد","1283","20298","MP","زهير جان","42702"
"فاس- مكناس","صفرو","سيدي يوسف بن احمد","1283","20298","MP","نزهة الحبلات","42718"
"فاس- مكناس","صفرو","سيدي يوسف بن احمد","1283","20294","MP","محمد شكري","115503"
"فاس- مكناس","صفرو","سيدي يوسف بن احمد","1283","20302","MP","عبد الالاه كريمش","37309"
"فاس- مكناس","صفرو","سيدي يوسف بن احمد","1283","20299","PAM","عبد السلام  زروال","93836"
"فاس- مكناس","صفرو","سيدي يوسف بن احمد","1283","20305","PAM","المصطفى مرهان ","114602"
"فاس- مكناس","صفرو","صفرو","1132","25072","PJD","جمال الفلالي","78496"
"فاس- مكناس","صفرو","صفرو","1132","25072","PJD","فوزية احصاد","87832"
"فاس- مكناس","صفرو","صفرو","1132","25072","PJD","عبد الحق شاكر العلوي","83323"
"فاس- مكناس","صفرو","صفرو","1132","25072","PJD","لمياء العزيزي","87899"
"فاس- مكناس","صفرو","صفرو","1132","25072","PJD","عبد الحي ونزار","83503"
"فاس- مكناس","صفرو","صفرو","1132","25072","PJD","محمد العمراني ","83623"
"فاس- مكناس","صفرو","صفرو","1132","25072","PJD","نورالدين لمزابي","83718"
"فاس- مكناس","صفرو","صفرو","1132","25072","PJD","عبد العزيز التقي العلوي","83844"
"فاس- مكناس","صفرو","صفرو","1132","25072","PJD","احمد احمد الشريف","83965"
"فاس- مكناس","صفرو","صفرو","1132","25072","PJD","امين احمد كمال","84069"
"فاس- مكناس","صفرو","صفرو","1132","25072","PJD","الوالي العدلوني","84154"
"فاس- مكناس","صفرو","صفرو","1132","25072","PJD","المصطفى علوي محمدي محرز","84234"
"فاس- مكناس","صفرو","صفرو","1132","25072","PJD","عبد الله كراكي","84367"
"فاس- مكناس","صفرو","صفرو","1132","25072","PI","عبد اللطيف معزوز","104395"
"فاس- مكناس","صفرو","صفرو","1132","25072","PI","مينة مزاورو","104576"
"فاس- مكناس","صفرو","صفرو","1132","25072","PI","محمد ليكاتي","104493"
"فاس- مكناس","صفرو","صفرو","1132","25072","PI","عبد السلام اليماني","104551"
"فاس- مكناس","صفرو","صفرو","1132","25072","PI","فؤاد بوشامة","104605"
"فاس- مكناس","صفرو","صفرو","1132","25072","PI","عبد العالي نبيل","104714"
"فاس- مكناس","صفرو","صفرو","1132","25072","PI","رضوان الفرودي","104759"
"فاس- مكناس","صفرو","صفرو","1132","25072","MP","حسان حيضر","18721"
"فاس- مكناس","صفرو","صفرو","1132","25072","MP","سعاد لغماري","19699"
"فاس- مكناس","صفرو","صفرو","1132","25072","MP","امحمد ازلماض","18828"
"فاس- مكناس","صفرو","صفرو","1132","25072","MP","عبد الناصر القشابي","18899"
"فاس- مكناس","صفرو","صفرو","1132","25072","MP","زكرياء ونزار","19001"
"فاس- مكناس","صفرو","صفرو","1132","25072","MP","عبد الكريم البزيوي","19048"
"فاس- مكناس","صفرو","صفرو","1132","25072","USFP","محمد الداسي","17579"
"فاس- مكناس","صفرو","صفرو","1132","25072","USFP","الهام شريقي","19223"
"فاس- مكناس","صفرو","صفرو","1132","25072","USFP","امحمد الحيوني","17641"
"فاس- مكناس","صفرو","صفرو","1132","25072","USFP","كريم شفيق","17700"
"فاس- مكناس","صفرو","صفرو","1132","25072","USFP","مولاي حفيظ كناني علوي","17764"
"فاس- مكناس","صفرو","صفرو","1132","25072","PPS","عبد السلام بوهدون","35986"
"فاس- مكناس","صفرو","صفرو","1132","25072","PPS","كريمة اسماعيلي علوي","38297"
"فاس- مكناس","صفرو","صفرو","1132","25072","PPS","فاطمة الواحي","36036"
"فاس- مكناس","صفرو","صفرو","1132","25072","PPS","بدر احمري","36105"
"فاس- مكناس","صفرو","عزابة","273","4093","MP","محمد رياض","108952"
"فاس- مكناس","صفرو","عزابة","273","4101","MP","رشيد كضي","114055"
"فاس- مكناس","صفرو","عزابة","273","4100","MP","علي العرفي","110782"
"فاس- مكناس","صفرو","عزابة","273","4100","MP","سميرة مشهور","110883"
"فاس- مكناس","صفرو","عزابة","273","4092","MP","خالد زروق","108694"
"فاس- مكناس","صفرو","عزابة","273","4092","MP","فاطمة الزهراء منقد","108745"
"فاس- مكناس","صفرو","عزابة","273","4091","MP","محمد تافزة","97974"
"فاس- مكناس","صفرو","عزابة","273","4091","MP","عائشة كضي","98119"
"فاس- مكناس","صفرو","عزابة","273","4099","MP","محمد ناضري","110063"
"فاس- مكناس","صفرو","عزابة","273","4099","MP","فاطمة الزهراء افتحي","110268"
"فاس- مكناس","صفرو","عزابة","273","4094","MP","عبد السلام رياض","109128"
"فاس- مكناس","صفرو","عزابة","273","4097","MP","سعيد نزار","109526"
"فاس- مكناس","صفرو","عزابة","273","4096","MP","محمد كضي","113880"
"فاس- مكناس","صفرو","عزابة","273","4098","PI","عبد الوهاب تيسير","42416"
"فاس- مكناس","صفرو","عزابة","273","4095","PAM","ناجم كرو","109325"
"فاس- مكناس","صفرو","عين الشكاك","63","25385","PI","ابراهيم العياشي","63268"
"فاس- مكناس","صفرو","عين الشكاك","63","25385","PI","صباح العياشي","63388"
"فاس- مكناس","صفرو","عين الشكاك","63","919","PI","محمد المرضي","109318"
"فاس- مكناس","صفرو","عين الشكاك","63","25387","PI","عبد العزيز ابن سعيد","37351"
"فاس- مكناس","صفرو","عين الشكاك","63","25387","PI","وفاء سفراني","37381"
"فاس- مكناس","صفرو","عين الشكاك","63","920","PI","جمال تفاحي","109432"
"فاس- مكناس","صفرو","عين الشكاك","63","920","PI","كريمة بوطيبي","109494"
"فاس- مكناس","صفرو","عين الشكاك","63","922","PI","بوشتى موحطان","109769"
"فاس- مكناس","صفرو","عين الشكاك","63","922","PI","سمية الزكدي","109807"
"فاس- مكناس","صفرو","عين الشكاك","63","917","PI","بوشتى الحوضي","38310"
"فاس- مكناس","صفرو","عين الشكاك","63","916","PI","الحسن الابا","63461"
"فاس- مكناس","صفرو","عين الشكاك","63","924","PI","ابراهيم  مسري ","63564"
"فاس- مكناس","صفرو","عين الشكاك","63","921","PI","حسن الغلوش","37527"
"فاس- مكناس","صفرو","عين الشكاك","63","25386","MP","محمد بوراي","38444"
"فاس- مكناس","صفرو","عين الشكاك","63","915","MP","لحسن عماري","38262"
"فاس- مكناس","صفرو","عين الشكاك","63","923","MP","سعيد بوري","109889"
"فاس- مكناس","صفرو","عين الشكاك","63","928","MP","لحسن سكوري","110442"
"فاس- مكناس","صفرو","عين الشكاك","63","926","MP","محمد بفوناس","47439"
"فاس- مكناس","صفرو","عين الشكاك","63","25384","MP","سعيد عماري","114099"
"فاس- مكناس","صفرو","عين الشكاك","63","925","PJD","محمد اليوسفي","47607"
"فاس- مكناس","صفرو","عين الشكاك","63","918","PJD","عيسى بوستة","108962"
"فاس- مكناس","صفرو","عين الشكاك","63","25390","PJD","مراد عدوشي","111440"
"فاس- مكناس","صفرو","عين الشكاك","63","929","RNI","ادريس ابراهيمي","38523"
"فاس- مكناس","صفرو","عين الشكاك","63","25391","RNI","حميد روماني","37569"
"فاس- مكناس","صفرو","عين الشكاك","63","25388","RNI","المصطفى شال","38235"
"فاس- مكناس","صفرو","عين الشكاك","63","25389","USFP","عبد الإلاه بوشفيا ","2848"
"فاس- مكناس","صفرو","عين الشكاك","63","927","SAP","محمد صمصام","125988"
"فاس- مكناس","صفرو","عين تمكناي","86","1309","USFP","امحمد بهناس","62024"
"فاس- مكناس","صفرو","عين تمكناي","86","1318","USFP","محمد ادمر","19351"
"فاس- مكناس","صفرو","عين تمكناي","86","1318","USFP","خديجة صمود","19376"
"فاس- مكناس","صفرو","عين تمكناي","86","1315","USFP","عبد الله صمود","6606"
"فاس- مكناس","صفرو","عين تمكناي","86","1308","USFP","مصطفى جديية","111981"
"فاس- مكناس","صفرو","عين تمكناي","86","1313","PI","محمد ابسيس","28915"
"فاس- مكناس","صفرو","عين تمكناي","86","1313","PI","زهور الخضير","28955"
"فاس- مكناس","صفرو","عين تمكناي","86","1312","PI","محمد لشقر","59993"
"فاس- مكناس","صفرو","عين تمكناي","86","1312","PI","يسرى اميل","60057"
"فاس- مكناس","صفرو","عين تمكناي","86","1311","PI","محمد بوعلام","112490"
"فاس- مكناس","صفرو","عين تمكناي","86","1311","PI","بشرى لزعر","112538"
"فاس- مكناس","صفرو","عين تمكناي","86","1316","PI","عبد المحسين رويندى","112958"
"فاس- مكناس","صفرو","عين تمكناي","86","1314","PI","لحسن الخضير","112587"
"فاس- مكناس","صفرو","عين تمكناي","86","1310","MP","ادريس بومعقل","6675"
"فاس- مكناس","صفرو","عين تمكناي","86","1317","PPS","حميد لمشيرح","113049"
"فاس- مكناس","صفرو","كندر سيدي اخيار","696","10880","MP","محمد بالخير","94927"
"فاس- مكناس","صفرو","كندر سيدي اخيار","696","10880","MP","اسماء ابكاري","94948"
"فاس- مكناس","صفرو","كندر سيدي اخيار","696","10878","MP","محمد ابولمان","94447"
"فاس- مكناس","صفرو","كندر سيدي اخيار","696","10878","MP","فطومة بابكري","94515"
"فاس- مكناس","صفرو","كندر سيدي اخيار","696","10882","MP","محمد ابكاري","94840"
"فاس- مكناس","صفرو","كندر سيدي اخيار","696","10882","MP","فاطمة  بوزياني ","94883"
"فاس- مكناس","صفرو","كندر سيدي اخيار","696","10885","MP","عبدالكريم الشريف الادريسي الكندري ","119622"
"فاس- مكناس","صفرو","كندر سيدي اخيار","696","25396","MP","عمر ازينوت","118761"
"فاس- مكناس","صفرو","كندر سيدي اخيار","696","10888","MP","ادريس لحسيني","118891"
"فاس- مكناس","صفرو","كندر سيدي اخيار","696","10879","PI","لحسن حلال","42400"
"فاس- مكناس","صفرو","كندر سيدي اخيار","696","10879","PI","مونة اعطو","42446"
"فاس- مكناس","صفرو","كندر سيدي اخيار","696","10887","PI","محمد الشريف الادريسي الكندري","113383"
"فاس- مكناس","صفرو","كندر سيدي اخيار","696","10884","RNI","لحسن  حادجي ","42858"
"فاس- مكناس","صفرو","كندر سيدي اخيار","696","10881","RNI","حفيظ بوزياني","117801"
"فاس- مكناس","صفرو","كندر سيدي اخيار","696","10883","RNI","حدو ناجم","42783"
"فاس- مكناس","صفرو","كندر سيدي اخيار","696","25397","PAM","عزيز بزا","42317"
"فاس- مكناس","صفرو","كندر سيدي اخيار","696","10886","USFP","امحمد الكندري","130575"
"فاس- مكناس","فاس","أولاد الطيب","1031","16177","RNI","احمد  جواز","96256"
"فاس- مكناس","فاس","أولاد الطيب","1031","16175","RNI","رشيد  الفايق","30499"
"فاس- مكناس","فاس","أولاد الطيب","1031","16175","RNI","سهام مفيد","30522"
"فاس- مكناس","فاس","أولاد الطيب","1031","16170","RNI","شفيق  منتصر","19476"
"فاس- مكناس","فاس","أولاد الطيب","1031","16170","RNI","نعيمة الفايق","19524"
"فاس- مكناس","فاس","أولاد الطيب","1031","16172","RNI","محمد ودوفي","8503"
"فاس- مكناس","فاس","أولاد الطيب","1031","16176","RNI","الجيلالي  غيتاني","26806"
"فاس- مكناس","فاس","أولاد الطيب","1031","16171","RNI","عبد اللطيف  مرتضى","19396"
"فاس- مكناس","فاس","أولاد الطيب","1031","16174","RNI","عبد الخالق  العسيكري","26767"
"فاس- مكناس","فاس","أولاد الطيب","1031","25954","RNI","احمد  لشعل","96257"
"فاس- مكناس","فاس","أولاد الطيب","1031","16179","RNI","علي البوزاين","125974"
"فاس- مكناس","فاس","أولاد الطيب","1031","16169","RNI","محمد  الزهراوي","126092"
"فاس- مكناس","فاس","أولاد الطيب","1031","25955","RNI","محمد  مخلص","96179"
"فاس- مكناس","فاس","أولاد الطيب","1031","16173","RNI","ادريس  القائم","14249"
"فاس- مكناس","فاس","أولاد الطيب","1031","16173","RNI","نعيمة  حمري","14254"
"فاس- مكناس","فاس","أولاد الطيب","1031","25953","RNI","محمد الشعيبي","14215"
"فاس- مكناس","فاس","أولاد الطيب","1031","16167","RNI","رضوان شادلي","96171"
"فاس- مكناس","فاس","أولاد الطيب","1031","25952","RNI","عبد الحق الخضري","26869"
"فاس- مكناس","فاس","أولاد الطيب","1031","16168","RNI","علي منور","1289"
"فاس- مكناس","فاس","أولاد الطيب","1031","25957","RNI","محمد  دحمى","126506"
"فاس- مكناس","فاس","أولاد الطيب","1031","16178","RNI","عزيز  خلوقي","51037"
"فاس- مكناس","فاس","أولاد الطيب","1031","16178","RNI","دنيا دحدوح","51193"
"فاس- مكناس","فاس","أولاد الطيب","1031","16180","RNI","بوشت رابحي","26838"
"فاس- مكناس","فاس","أولاد الطيب","1031","25956","RNI","محمد تويتي","26822"
"فاس- مكناس","فاس","أولاد الطيب","1031","16181","RNI","محمد  الشعيبي","26881"
"فاس- مكناس","فاس","أولاد الطيب","1031","25958","RNI","التهامي دادة","96196"
"فاس- مكناس","فاس","أولاد الطيب","1031","25959","RNI","علال  قاسمي","14187"
"فاس- مكناس","فاس","اكدال","2000","25001","PJD","عبد الله عبدلاوي","25912"
"فاس- مكناس","فاس","اكدال","2000","25001","PJD","الهام  والي","26465"
"فاس- مكناس","فاس","اكدال","2000","25001","PJD","الحسين العبادي","25928"
"فاس- مكناس","فاس","اكدال","2000","25001","PJD","عائشة بوعاز","26310"
"فاس- مكناس","فاس","اكدال","2000","25001","PJD","محمد  الحارتي","25948"
"فاس- مكناس","فاس","اكدال","2000","25001","PJD","زهرة العمراني","26469"
"فاس- مكناس","فاس","اكدال","2000","25001","PJD","علي الهمس","25974"
"فاس- مكناس","فاس","اكدال","2000","25001","PJD","امل بنديدي","26293"
"فاس- مكناس","فاس","اكدال","2000","25001","PJD","لطيفة  خوجة","26005"
"فاس- مكناس","فاس","اكدال","2000","25001","PJD","زين العابدين البردعي","26016"
"فاس- مكناس","فاس","اكدال","2000","25001","PJD","عمر  البداوي","26035"
"فاس- مكناس","فاس","اكدال","2000","25001","PJD","عبد الحليم الباسط","26079"
"فاس- مكناس","فاس","اكدال","2000","25001","PJD","عامر التسولي","26089"
"فاس- مكناس","فاس","اكدال","2000","25001","PJD","يحيى بنعبد الله","26101"
"فاس- مكناس","فاس","اكدال","2000","25001","PJD","عبد الرحمان  لعفو","26104"
"فاس- مكناس","فاس","اكدال","2000","25001","PJD","احمد الحميدي","26108"
"فاس- مكناس","فاس","اكدال","2000","25001","PJD","ادريس المقتصد","26118"
"فاس- مكناس","فاس","اكدال","2000","25001","PJD","رشيدة  مستحسن","26123"
"فاس- مكناس","فاس","اكدال","2000","25001","PJD","حميد الثقفي","26126"
"فاس- مكناس","فاس","اكدال","2000","25001","PJD","عبد الرحيم حامي الدين","26140"
"فاس- مكناس","فاس","اكدال","2000","25001","PJD","عبد الله بعاج","26144"
"فاس- مكناس","فاس","اكدال","2000","25001","PJD","عبد المجيد المفكر","26148"
"فاس- مكناس","فاس","اكدال","2000","25001","PJD","رشيد  برادة","26172"
"فاس- مكناس","فاس","اكدال","2000","25001","PJD","لطفي الشقروني المرواني","26179"
"فاس- مكناس","فاس","اكدال","2000","25001","PJD","يوسف حقوي","26182"
"فاس- مكناس","فاس","اكدال","2000","25001","PI","جواد  حمدون","122952"
"فاس- مكناس","فاس","اكدال","2000","25001","PI","فاطمة  ادهبات","127541"
"فاس- مكناس","فاس","اكدال","2000","25001","PI","عبد العزيز عزابي","123661"
"فاس- مكناس","فاس","اكدال","2000","25001","PI","سعيدة  الخياري","127606"
"فاس- مكناس","فاس","اكدال","2000","25001","PI","هشام  شقور","123893"
"فاس- مكناس","فاس","اكدال","2000","25001","PI","عبد النبي  مجبر","124002"
"فاس- مكناس","فاس","اكدال","2000","25001","PI","الخدير عماري بطاحي","124091"
"فاس- مكناس","فاس","اكدال","2000","25001","PAM","عبد الاله الفاسي الفهري","132113"
"فاس- مكناس","فاس","اكدال","2000","25001","PAM","محمد  السليماني الحوتي الحسني","132214"
"فاس- مكناس","فاس","اكدال","2000","25001","PAM","عبد السلام  بربيب","132336"
"فاس- مكناس","فاس","المرينيين","2133","25134","PJD","عز الدين شيخ","20492"
"فاس- مكناس","فاس","المرينيين","2133","25134","PJD","عائشة المجاهد","23724"
"فاس- مكناس","فاس","المرينيين","2133","25134","PJD","الحسن محب","20500"
"فاس- مكناس","فاس","المرينيين","2133","25134","PJD","نادية القنصوري","23748"
"فاس- مكناس","فاس","المرينيين","2133","25134","PJD","عبد الواحد المدغري العلوي","20515"
"فاس- مكناس","فاس","المرينيين","2133","25134","PJD","مريا مطيوط","23772"
"فاس- مكناس","فاس","المرينيين","2133","25134","PJD","عبد المجيد بن شنوف","20537"
"فاس- مكناس","فاس","المرينيين","2133","25134","PJD","ربيعة العكادي","23794"
"فاس- مكناس","فاس","المرينيين","2133","25134","PJD","الحسن  نايبي العلوي ","20548"
"فاس- مكناس","فاس","المرينيين","2133","25134","PJD","محمد اطبيب","20565"
"فاس- مكناس","فاس","المرينيين","2133","25134","PJD","عبد العزيز بن الدهبية","20577"
"فاس- مكناس","فاس","المرينيين","2133","25134","PJD","اسحاق الحناوي","20592"
"فاس- مكناس","فاس","المرينيين","2133","25134","PJD","ليلى القنصوري","22854"
"فاس- مكناس","فاس","المرينيين","2133","25134","PJD","عبد الاحد عراقي","22909"
"فاس- مكناس","فاس","المرينيين","2133","25134","PJD","ادريس الطرايمي","22928"
"فاس- مكناس","فاس","المرينيين","2133","25134","PJD","ادريس  شجاع","22946"
"فاس- مكناس","فاس","المرينيين","2133","25134","PJD","عبد العزيز لواتي","22976"
"فاس- مكناس","فاس","المرينيين","2133","25134","PJD","المهدي  سكين","23004"
"فاس- مكناس","فاس","المرينيين","2133","25134","PJD","الخمار التومي","23033"
"فاس- مكناس","فاس","المرينيين","2133","25134","PJD","عمر العلاوي الصوصي","23054"
"فاس- مكناس","فاس","المرينيين","2133","25134","PJD","محمد الرايسي","23083"
"فاس- مكناس","فاس","المرينيين","2133","25134","PJD","بوشتى السنوسي","23098"
"فاس- مكناس","فاس","المرينيين","2133","25134","PJD","عبد اللطيف الصبار","23231"
"فاس- مكناس","فاس","المرينيين","2133","25134","PJD","محمد  الشطي ","23279"
"فاس- مكناس","فاس","المرينيين","2133","25134","PJD","نوال عبابو","23300"
"فاس- مكناس","فاس","المرينيين","2133","25134","PJD","عبد الالاه مرسول","23329"
"فاس- مكناس","فاس","المرينيين","2133","25134","PJD","وديع التلماني","23357"
"فاس- مكناس","فاس","المرينيين","2133","25134","PJD","مولاي الحسن  اسماعيلي علوي","23413"
"فاس- مكناس","فاس","المرينيين","2133","25134","PJD","عزيز خشاف","23435"
"فاس- مكناس","فاس","المرينيين","2133","25134","PJD","بوجمعة مرشوش","23484"
"فاس- مكناس","فاس","المرينيين","2133","25134","PI","محمد الحداد","117770"
"فاس- مكناس","فاس","المرينيين","2133","25134","PI","سعاد العلوي الصوصي","123955"
"فاس- مكناس","فاس","المرينيين","2133","25134","PI","حميد شهبار","117989"
"فاس- مكناس","فاس","المرينيين","2133","25134","PI","نجية حسيني","124015"
"فاس- مكناس","فاس","المرينيين","2133","25134","PI","خالد اليحياوي ادريسي","118244"
"فاس- مكناس","فاس","المرينيين","2133","25134","PI","خالد مجاهد","118321"
"فاس- مكناس","فاس","المرينيين","2133","25134","PI","علي محبوب","118409"
"فاس- مكناس","فاس","المرينيين","2133","25134","PI","مصطفى الرماح","118468"
"فاس- مكناس","فاس","المرينيين","2133","25134","PI","اسماعيل العلوي المراني","118551"
"فاس- مكناس","فاس","المشور فاس الجديد","1580","26634","PI","الحسن سليغوة","1253"
"فاس- مكناس","فاس","المشور فاس الجديد","1580","26634","PI","حكيمة مليح","1282"
"فاس- مكناس","فاس","المشور فاس الجديد","1580","26638","PI","عبد الحق  ملاقات ","1276"
"فاس- مكناس","فاس","المشور فاس الجديد","1580","26635","PI","حسن الكواح","1250"
"فاس- مكناس","فاس","المشور فاس الجديد","1580","26630","PJD","عبد الله حسين","45577"
"فاس- مكناس","فاس","المشور فاس الجديد","1580","26630","PJD","بشرى المفكر","45583"
"فاس- مكناس","فاس","المشور فاس الجديد","1580","26631","PJD","ادريس الداودي","45543"
"فاس- مكناس","فاس","المشور فاس الجديد","1580","26631","PJD","كوثر المفكر","45557"
"فاس- مكناس","فاس","المشور فاس الجديد","1580","26633","PJD","عبد الكريم ضفير","24580"
"فاس- مكناس","فاس","المشور فاس الجديد","1580","26633","PJD","خديجة  مسعودي","24597"
"فاس- مكناس","فاس","المشور فاس الجديد","1580","26632","PJD","هشام بن الشيخ","45554"
"فاس- مكناس","فاس","المشور فاس الجديد","1580","26636","PJD","عبدالصمد شاكر","45446"
"فاس- مكناس","فاس","المشور فاس الجديد","1580","26637","RNI","حميد الغزالي","8530"
"فاس- مكناس","فاس","جنان الورد","2135","25136","PJD","محمد خي","34631"
"فاس- مكناس","فاس","جنان الورد","2135","25136","PJD","فاطمة مسكين","34668"
"فاس- مكناس","فاس","جنان الورد","2135","25136","PJD","محمد الصالح","34672"
"فاس- مكناس","فاس","جنان الورد","2135","25136","PJD","فاطمة زهاوي","34684"
"فاس- مكناس","فاس","جنان الورد","2135","25136","PJD","مراد ابو سعد","34697"
"فاس- مكناس","فاس","جنان الورد","2135","25136","PJD","سميرة بنعبد الله","34707"
"فاس- مكناس","فاس","جنان الورد","2135","25136","PJD","عبد العزيز فرنين","34729"
"فاس- مكناس","فاس","جنان الورد","2135","25136","PJD","اسماء الصغير","34739"
"فاس- مكناس","فاس","جنان الورد","2135","25136","PJD","زكرياء وردي","34773"
"فاس- مكناس","فاس","جنان الورد","2135","25136","PJD","محمد الكنوني","34838"
"فاس- مكناس","فاس","جنان الورد","2135","25136","PJD","احمد مفيد","34953"
"فاس- مكناس","فاس","جنان الورد","2135","25136","PJD","عبد الكريم مستقيم","35004"
"فاس- مكناس","فاس","جنان الورد","2135","25136","PJD","عبد اللطيف الاسماعيلي","35055"
"فاس- مكناس","فاس","جنان الورد","2135","25136","PJD","احمد بوي","35105"
"فاس- مكناس","فاس","جنان الورد","2135","25136","PJD","محمد الزعيم","34900"
"فاس- مكناس","فاس","جنان الورد","2135","25136","PJD","عبد الله الزغبة","34995"
"فاس- مكناس","فاس","جنان الورد","2135","25136","PJD","ابو الغيت العلوي الشريفي","35065"
"فاس- مكناس","فاس","جنان الورد","2135","25136","PJD","ادريس الصادقي","55172"
"فاس- مكناس","فاس","جنان الورد","2135","25136","PJD","يوسف الاطرش","34687"
"فاس- مكناس","فاس","جنان الورد","2135","25136","PJD","التهامي توم بنشقرون","34756"
"فاس- مكناس","فاس","جنان الورد","2135","25136","PJD","حميد  الصطيلي","34819"
"فاس- مكناس","فاس","جنان الورد","2135","25136","PJD","خديجة مشكور","34882"
"فاس- مكناس","فاس","جنان الورد","2135","25136","PJD","سعيدة مشكوري","34939"
"فاس- مكناس","فاس","جنان الورد","2135","25136","PJD","محمد  العمراوي","35020"
"فاس- مكناس","فاس","جنان الورد","2135","25136","PI","السعيد بوعياد","128298"
"فاس- مكناس","فاس","جنان الورد","2135","25136","PI","فاطمة الفيلالي","132520"
"فاس- مكناس","فاس","جنان الورد","2135","25136","PI","احمد مقران","128394"
"فاس- مكناس","فاس","جنان الورد","2135","25136","PI","زهرة المحبوب","132529"
"فاس- مكناس","فاس","جنان الورد","2135","25136","PI","ابراهيم  الجامعي","128443"
"فاس- مكناس","فاس","جنان الورد","2135","25136","PI","ادريس السعدي","128474"
"فاس- مكناس","فاس","جنان الورد","2135","25136","PI","احمد  زنيتي","128514"
"فاس- مكناس","فاس","جنان الورد","2135","25136","PPS","عبد السلام البقالي","96283"
"فاس- مكناس","فاس","جنان الورد","2135","25136","PPS","محمد لقصيصر","96286"
"فاس- مكناس","فاس","جنان الورد","2135","25136","PPS","عبد الله العلمي","96294"
"فاس- مكناس","فاس","جنان الورد","2135","25136","PPS","كريم اسمار","96303"
"فاس- مكناس","فاس","جنان الورد","2135","25136","RNI","عبد الواحد العواجي","15770"
"فاس- مكناس","فاس","جنان الورد","2135","25136","RNI","محمد عراش","15832"
"فاس- مكناس","فاس","جنان الورد","2135","25136","RNI","محمد لزعر","15850"
"فاس- مكناس","فاس","زواغة","2134","25135","PJD","عبد الواحد بوحرشة","5002"
"فاس- مكناس","فاس","زواغة","2134","25135","PJD","كريمة الزين","5328"
"فاس- مكناس","فاس","زواغة","2134","25135","PJD","الحسن بومشيطة","10182"
"فاس- مكناس","فاس","زواغة","2134","25135","PJD","خديجة اسراطي","5371"
"فاس- مكناس","فاس","زواغة","2134","25135","PJD","الحسن سيتني","5057"
"فاس- مكناس","فاس","زواغة","2134","25135","PJD","عتيقة شاد","5405"
"فاس- مكناس","فاس","زواغة","2134","25135","PJD","ادريس نشيط","5080"
"فاس- مكناس","فاس","زواغة","2134","25135","PJD","ليلى علالي","5426"
"فاس- مكناس","فاس","زواغة","2134","25135","PJD","عبد العزيز المرابط","5122"
"فاس- مكناس","فاس","زواغة","2134","25135","PJD","محماد  زروق ","5145"
"فاس- مكناس","فاس","زواغة","2134","25135","PJD","علي علالي","5160"
"فاس- مكناس","فاس","زواغة","2134","25135","PJD","عبد اللطيف شوشوا","5177"
"فاس- مكناس","فاس","زواغة","2134","25135","PJD","خالد الحميوي","5191"
"فاس- مكناس","فاس","زواغة","2134","25135","PJD","عبدالرحيم الشلي","5206"
"فاس- مكناس","فاس","زواغة","2134","25135","PJD","بوشتى مالكي","5216"
"فاس- مكناس","فاس","زواغة","2134","25135","PJD","محمد فارس","5237"
"فاس- مكناس","فاس","زواغة","2134","25135","PJD","نور الدين المصوري","5251"
"فاس- مكناس","فاس","زواغة","2134","25135","PJD","محمد زينون","5275"
"فاس- مكناس","فاس","زواغة","2134","25135","PJD","فواد باسو ","5293"
"فاس- مكناس","فاس","زواغة","2134","25135","PJD","رضوان فخري","5316"
"فاس- مكناس","فاس","زواغة","2134","25135","PJD","زهير مليح","5343"
"فاس- مكناس","فاس","زواغة","2134","25135","PJD","حمزة لشهب","5362"
"فاس- مكناس","فاس","زواغة","2134","25135","PJD","مريم  زروق ","5465"
"فاس- مكناس","فاس","زواغة","2134","25135","PJD","محمد الغزراني","5501"
"فاس- مكناس","فاس","زواغة","2134","25135","PJD","محمد خرازي","5530"
"فاس- مكناس","فاس","زواغة","2134","25135","PJD","أيوب العكري ","5565"
"فاس- مكناس","فاس","زواغة","2134","25135","PJD","الخمار مصواب","5588"
"فاس- مكناس","فاس","زواغة","2134","25135","PJD","احمد الكويس","5610"
"فاس- مكناس","فاس","زواغة","2134","25135","PJD","نعيمة المسلك","5628"
"فاس- مكناس","فاس","زواغة","2134","25135","PJD","رشيد التلماني","5646"
"فاس- مكناس","فاس","زواغة","2134","25135","PI","حميد شباط","131610"
"فاس- مكناس","فاس","زواغة","2134","25135","PI","فاطمة طارق","132464"
"فاس- مكناس","فاس","زواغة","2134","25135","PI","عبد القادر السلاسي","131644"
"فاس- مكناس","فاس","زواغة","2134","25135","PI","سعيدة  باهج فيلالي","132483"
"فاس- مكناس","فاس","زواغة","2134","25135","PI","عادل  وحميدو","131718"
"فاس- مكناس","فاس","زواغة","2134","25135","PI","محمد مغيوش","131737"
"فاس- مكناس","فاس","زواغة","2134","25135","PI","حميد لفحل","131767"
"فاس- مكناس","فاس","زواغة","2134","25135","PI","ادريس طويل","131804"
"فاس- مكناس","فاس","زواغة","2134","25135","PI","ميلود بوحديت","131826"
"فاس- مكناس","فاس","سايس","2001","25002","PJD","ادريس الازمي الادريسي","26598"
"فاس- مكناس","فاس","سايس","2001","25002","PJD","مجدة بنعربية","26880"
"فاس- مكناس","فاس","سايس","2001","25002","PJD","محمد سلاوني","26609"
"فاس- مكناس","فاس","سايس","2001","25002","PJD","خديجة  فصيح","26889"
"فاس- مكناس","فاس","سايس","2001","25002","PJD","سعيد بنحميدة","26627"
"فاس- مكناس","فاس","سايس","2001","25002","PJD","للا ما  الحسناوي العلوي","26895"
"فاس- مكناس","فاس","سايس","2001","25002","PJD","سيدي محمد زهير","26643"
"فاس- مكناس","فاس","سايس","2001","25002","PJD","فريدة فضيل","26903"
"فاس- مكناس","فاس","سايس","2001","25002","PJD","محمد يوسف","26649"
"فاس- مكناس","فاس","سايس","2001","25002","PJD","اسية  الحر","26908"
"فاس- مكناس","فاس","سايس","2001","25002","PJD","عبد الواحد  بوزكراوي","26654"
"فاس- مكناس","فاس","سايس","2001","25002","PJD","بوشرى عابد","26912"
"فاس- مكناس","فاس","سايس","2001","25002","PJD","عبد الكريم  الكناني","26662"
"فاس- مكناس","فاس","سايس","2001","25002","PJD","عبد الرحمن الازهري","26670"
"فاس- مكناس","فاس","سايس","2001","25002","PJD","احمد  الخدري","26684"
"فاس- مكناس","فاس","سايس","2001","25002","PJD","حفيظ الفيلالي أديب","26694"
"فاس- مكناس","فاس","سايس","2001","25002","PJD","محمد انس  الحركاوي","26698"
"فاس- مكناس","فاس","سايس","2001","25002","PJD","مولاي الحبيب  لمراني","26705"
"فاس- مكناس","فاس","سايس","2001","25002","PJD","محمد  الجموسي","26712"
"فاس- مكناس","فاس","سايس","2001","25002","PJD","عثمان زينون","26721"
"فاس- مكناس","فاس","سايس","2001","25002","PJD","محمد بوعلام","26725"
"فاس- مكناس","فاس","سايس","2001","25002","PJD","علي ادريسي","26733"
"فاس- مكناس","فاس","سايس","2001","25002","PJD","اخلافة  قدوري","26741"
"فاس- مكناس","فاس","سايس","2001","25002","PJD","عبد العزيز النجيوي","26749"
"فاس- مكناس","فاس","سايس","2001","25002","PJD","محمد الحجامي","26758"
"فاس- مكناس","فاس","سايس","2001","25002","PJD","فؤاد بن الطالب","26766"
"فاس- مكناس","فاس","سايس","2001","25002","PJD","جلال المجاهد","26772"
"فاس- مكناس","فاس","سايس","2001","25002","PJD","احمد  العسال","26786"
"فاس- مكناس","فاس","سايس","2001","25002","PJD","علي  بن عمر","26792"
"فاس- مكناس","فاس","سايس","2001","25002","PJD","عبد الحق  فارح","26801"
"فاس- مكناس","فاس","سايس","2001","25002","PJD","رشيد  القري","26809"
"فاس- مكناس","فاس","سايس","2001","25002","PJD","سعيد  الجناتي ","26817"
"فاس- مكناس","فاس","سايس","2001","25002","PJD","المصطفى  اهلال","26826"
"فاس- مكناس","فاس","سايس","2001","25002","PI","علال العمروي","127977"
"فاس- مكناس","فاس","سايس","2001","25002","PI","حميد  فتاح ","128182"
"فاس- مكناس","فاس","سايس","2001","25002","PI","الحسين  اجبيلي","128299"
"فاس- مكناس","فاس","سايس","2001","25002","PI","احمد اغربي","128425"
"فاس- مكناس","فاس","سايس","2001","25002","PI","احمد زهير","128534"
"فاس- مكناس","فاس","سيدي حرازم","1234","19468","PJD","رشيد مدغري علوي","30630"
"فاس- مكناس","فاس","سيدي حرازم","1234","19473","PJD","محمد كنديل","38259"
"فاس- مكناس","فاس","سيدي حرازم","1234","19473","PJD","هندة بودان","38318"
"فاس- مكناس","فاس","سيدي حرازم","1234","19476","PJD","بوشتى الجداوي","38419"
"فاس- مكناس","فاس","سيدي حرازم","1234","19476","PJD","فاطمة الزهراء منصف","38518"
"فاس- مكناس","فاس","سيدي حرازم","1234","19471","PJD","محمد كرزوزي","38124"
"فاس- مكناس","فاس","سيدي حرازم","1234","19466","PJD","ادريس الكلعي","30454"
"فاس- مكناس","فاس","سيدي حرازم","1234","19471","PJD","خديجة خلدون","38160"
"فاس- مكناس","فاس","سيدي حرازم","1234","19470","PJD","محسن ميلودي","30602"
"فاس- مكناس","فاس","سيدي حرازم","1234","19469","PJD","سعيد حموزي","30637"
"فاس- مكناس","فاس","سيدي حرازم","1234","19472","PJD","احمد حيمد","30512"
"فاس- مكناس","فاس","سيدي حرازم","1234","19474","PJD","احمد اودينو","30596"
"فاس- مكناس","فاس","سيدي حرازم","1234","19475","PJD","محمد فلجة","30540"
"فاس- مكناس","فاس","سيدي حرازم","1234","19467","PI","خالد بلكورة","71526"
"فاس- مكناس","فاس","سيدي حرازم","1234","19467","PI","فاطمة الزهراء ياني","71557"
"فاس- مكناس","فاس","عين البيضاء","59","868","RNI","ادريس كباضي","14385"
"فاس- مكناس","فاس","عين البيضاء","59","27156","RNI","رشيد الهرد","14445"
"فاس- مكناس","فاس","عين البيضاء","59","27156","RNI","شادية الهديوي","14334"
"فاس- مكناس","فاس","عين البيضاء","59","867","RNI","سعيد بلخو","14396"
"فاس- مكناس","فاس","عين البيضاء","59","876","RNI","عبدالمجيد الضويو","4334"
"فاس- مكناس","فاس","عين البيضاء","59","870","RNI","ادريس الخدري","1302"
"فاس- مكناس","فاس","عين البيضاء","59","877","RNI","ادريس قشقوش","8456"
"فاس- مكناس","فاس","عين البيضاء","59","873","RNI","يوسف بلغزال","8484"
"فاس- مكناس","فاس","عين البيضاء","59","27157","PI","الحسن الزاهر","85760"
"فاس- مكناس","فاس","عين البيضاء","59","27157","PI","كوثر الصالح","134161"
"فاس- مكناس","فاس","عين البيضاء","59","874","PI","محمد بوغريبة","8428"
"فاس- مكناس","فاس","عين البيضاء","59","872","PI","عبد العزيز مكاوي","4046"
"فاس- مكناس","فاس","عين البيضاء","59","872","PI","عزيزة  المديدي","4017"
"فاس- مكناس","فاس","عين البيضاء","59","871","PI","محمد الخضراني","4006"
"فاس- مكناس","فاس","عين البيضاء","59","875","PI","السرغيني بوخيرة","19243"
"فاس- مكناس","فاس","عين البيضاء","59","869","PJD","عبد الله عيشوش","19146"
"فاس- مكناس","فاس","عين البيضاء","59","869","PJD","امينة توناسي","19187"
"فاس- مكناس","فاس","فاس","1548","25002","PJD","ادريس الازمي الادريسي","26598"
"فاس- مكناس","فاس","فاس","1548","25002","PJD","مجدة بنعربية","26880"
"فاس- مكناس","فاس","فاس","1548","25002","PJD","محمد سلاوني","26609"
"فاس- مكناس","فاس","فاس","1548","25002","PJD","خديجة  فصيح","26889"
"فاس- مكناس","فاس","فاس","1548","25002","PJD","سعيد بنحميدة","26627"
"فاس- مكناس","فاس","فاس","1548","25002","PJD","للا ما  الحسناوي العلوي","26895"
"فاس- مكناس","فاس","فاس","1548","25002","PJD","سيدي محمد زهير","26643"
"فاس- مكناس","فاس","فاس","1548","25002","PJD","محمد يوسف","26649"
"فاس- مكناس","فاس","فاس","1548","25002","PJD","عبد الواحد  بوزكراوي","26654"
"فاس- مكناس","فاس","فاس","1548","25002","PJD","عبد الكريم  الكناني","26662"
"فاس- مكناس","فاس","فاس","1548","25002","PJD","عبد الرحمن الازهري","26670"
"فاس- مكناس","فاس","فاس","1548","25002","PJD","احمد  الخدري","26684"
"فاس- مكناس","فاس","فاس","1548","25002","PJD","حفيظ الفيلالي أديب","26694"
"فاس- مكناس","فاس","فاس","1548","25002","PJD","محمد انس  الحركاوي","26698"
"فاس- مكناس","فاس","فاس","1548","25002","PJD","مولاي الحبيب  لمراني","26705"
"فاس- مكناس","فاس","فاس","1548","25134","PJD","عز الدين شيخ","20492"
"فاس- مكناس","فاس","فاس","1548","25134","PJD","عائشة المجاهد","23724"
"فاس- مكناس","فاس","فاس","1548","25134","PJD","الحسن محب","20500"
"فاس- مكناس","فاس","فاس","1548","25134","PJD","نادية القنصوري","23748"
"فاس- مكناس","فاس","فاس","1548","25134","PJD","عبد الواحد المدغري العلوي","20515"
"فاس- مكناس","فاس","فاس","1548","25134","PJD","عبد المجيد بن شنوف","20537"
"فاس- مكناس","فاس","فاس","1548","25134","PJD","الحسن  نايبي العلوي ","20548"
"فاس- مكناس","فاس","فاس","1548","25134","PJD","محمد اطبيب","20565"
"فاس- مكناس","فاس","فاس","1548","25134","PJD","عبد العزيز بن الدهبية","20577"
"فاس- مكناس","فاس","فاس","1548","25134","PJD","اسحاق الحناوي","20592"
"فاس- مكناس","فاس","فاس","1548","25134","PJD","ليلى القنصوري","22854"
"فاس- مكناس","فاس","فاس","1548","25134","PJD","عبد الاحد عراقي","22909"
"فاس- مكناس","فاس","فاس","1548","25134","PJD","ادريس الطرايمي","22928"
"فاس- مكناس","فاس","فاس","1548","25134","PJD","ادريس  شجاع","22946"
"فاس- مكناس","فاس","فاس","1548","25135","PJD","عبد الواحد بوحرشة","5002"
"فاس- مكناس","فاس","فاس","1548","25135","PJD","كريمة الزين","5328"
"فاس- مكناس","فاس","فاس","1548","25135","PJD","الحسن بومشيطة","10182"
"فاس- مكناس","فاس","فاس","1548","25135","PJD","خديجة اسراطي","5371"
"فاس- مكناس","فاس","فاس","1548","25135","PJD","الحسن سيتني","5057"
"فاس- مكناس","فاس","فاس","1548","25135","PJD","ادريس نشيط","5080"
"فاس- مكناس","فاس","فاس","1548","25135","PJD","عبد العزيز المرابط","5122"
"فاس- مكناس","فاس","فاس","1548","25135","PJD","محماد  زروق ","5145"
"فاس- مكناس","فاس","فاس","1548","25135","PJD","علي علالي","5160"
"فاس- مكناس","فاس","فاس","1548","25135","PJD","عبد اللطيف شوشوا","5177"
"فاس- مكناس","فاس","فاس","1548","25135","PJD","خالد الحميوي","5191"
"فاس- مكناس","فاس","فاس","1548","25135","PJD","عبدالرحيم الشلي","5206"
"فاس- مكناس","فاس","فاس","1548","25135","PJD","بوشتى مالكي","5216"
"فاس- مكناس","فاس","فاس","1548","25135","PJD","محمد فارس","5237"
"فاس- مكناس","فاس","فاس","1548","25001","PJD","عبد الله عبدلاوي","25912"
"فاس- مكناس","فاس","فاس","1548","25001","PJD","الهام  والي","26465"
"فاس- مكناس","فاس","فاس","1548","25001","PJD","الحسين العبادي","25928"
"فاس- مكناس","فاس","فاس","1548","25001","PJD","عائشة بوعاز","26310"
"فاس- مكناس","فاس","فاس","1548","25001","PJD","محمد  الحارتي","25948"
"فاس- مكناس","فاس","فاس","1548","25001","PJD","علي الهمس","25974"
"فاس- مكناس","فاس","فاس","1548","25001","PJD","لطيفة  خوجة","26005"
"فاس- مكناس","فاس","فاس","1548","25001","PJD","زين العابدين البردعي","26016"
"فاس- مكناس","فاس","فاس","1548","25001","PJD","عمر  البداوي","26035"
"فاس- مكناس","فاس","فاس","1548","25001","PJD","عبد الحليم الباسط","26079"
"فاس- مكناس","فاس","فاس","1548","25136","PJD","محمد خي","34631"
"فاس- مكناس","فاس","فاس","1548","25136","PJD","فاطمة مسكين","34668"
"فاس- مكناس","فاس","فاس","1548","25136","PJD","محمد الصالح","34672"
"فاس- مكناس","فاس","فاس","1548","25136","PJD","فاطمة زهاوي","34684"
"فاس- مكناس","فاس","فاس","1548","25136","PJD","مراد ابو سعد","34697"
"فاس- مكناس","فاس","فاس","1548","25136","PJD","عبد العزيز فرنين","34729"
"فاس- مكناس","فاس","فاس","1548","25136","PJD","زكرياء وردي","34773"
"فاس- مكناس","فاس","فاس","1548","25136","PJD","محمد الكنوني","34838"
"فاس- مكناس","فاس","فاس","1548","25136","PJD","احمد مفيد","34953"
"فاس- مكناس","فاس","فاس","1548","25136","PJD","عبد الكريم مستقيم","35004"
"فاس- مكناس","فاس","فاس","1548","25136","PJD","عبد اللطيف الاسماعيلي","35055"
"فاس- مكناس","فاس","فاس","1548","25137","PJD","السعيد  سرغيني ","27947"
"فاس- مكناس","فاس","فاس","1548","25137","PJD","ابتسام الدحماني الادريسي","28449"
"فاس- مكناس","فاس","فاس","1548","25137","PJD","عمر  فاسي فهري ","27969"
"فاس- مكناس","فاس","فاس","1548","25137","PJD","خديجة فطري","28459"
"فاس- مكناس","فاس","فاس","1548","25137","PJD","ادريس السخسوخي","27986"
"فاس- مكناس","فاس","فاس","1548","25137","PJD","رشيد ياسين","28007"
"فاس- مكناس","فاس","فاس","1548","25137","PJD","سعيد غازي العباسي","28022"
"فاس- مكناس","فاس","فاس","1548","25137","PJD","محمد فخر الدين","28035"
"فاس- مكناس","فاس","فاس","1548","25134","PI","محمد الحداد","117770"
"فاس- مكناس","فاس","فاس","1548","25134","PI","سعاد العلوي الصوصي","123955"
"فاس- مكناس","فاس","فاس","1548","25134","PI","حميد شهبار","117989"
"فاس- مكناس","فاس","فاس","1548","25134","PI","خالد اليحياوي ادريسي","118244"
"فاس- مكناس","فاس","فاس","1548","25135","PI","حميد شباط","131610"
"فاس- مكناس","فاس","فاس","1548","25135","PI","فاطمة طارق","132464"
"فاس- مكناس","فاس","فاس","1548","25135","PI","عبد القادر السلاسي","131644"
"فاس- مكناس","فاس","فاس","1548","25135","PI","عادل  وحميدو","131718"
"فاس- مكناس","فاس","فاس","1548","25002","PI","علال العمروي","127977"
"فاس- مكناس","فاس","فاس","1548","25002","PI","حميد  فتاح ","128182"
"فاس- مكناس","فاس","فاس","1548","25001","PI","جواد  حمدون","122952"
"فاس- مكناس","فاس","فاس","1548","25001","PI","فاطمة  ادهبات","127541"
"فاس- مكناس","فاس","فاس","1548","25001","PI","عبد العزيز عزابي","123661"
"فاس- مكناس","فاس","فاس","1548","25136","PI","السعيد بوعياد","128298"
"فاس- مكناس","فاس","فاس","1548","25136","PI","فاطمة الفيلالي","132520"
"فاس- مكناس","فاس","فاس","1548","25136","PI","احمد مقران","128394"
"فاس- مكناس","فاس","فاس","1548","25137","PI","حميد السطي","119995"
"فاس- مكناس","فاس","فاس","1548","25137","PI","امينة الزعيم","126946"
"فاس- مكناس","فاس","فاس","1548","25137","PI","حليمة الزعيم","122423"
"فاس- مكناس","فاس","فاس","1548","25001","PAM","عبد الاله الفاسي الفهري","132113"
"فاس- مكناس","فاس","فاس","1548","25136","RNI","عبد الواحد العواجي","15770"
"فاس- مكناس","فاس","فاس","1548","25137","RNI","التهامي الوزاني التهامي","57121"
"فاس- مكناس","فاس","فاس","1548","25136","PPS","عبد السلام البقالي","96283"
"فاس- مكناس","فاس","فاس","1548","25136","PPS","محمد لقصيصر","96286"
"فاس- مكناس","فاس","فاس","1548","25137","MP","عزيز الفيلالي","71327"
"فاس- مكناس","فاس","فاس - المدينة","2136","25137","PJD","السعيد  سرغيني ","27947"
"فاس- مكناس","فاس","فاس - المدينة","2136","25137","PJD","ابتسام الدحماني الادريسي","28449"
"فاس- مكناس","فاس","فاس - المدينة","2136","25137","PJD","عمر  فاسي فهري ","27969"
"فاس- مكناس","فاس","فاس - المدينة","2136","25137","PJD","خديجة فطري","28459"
"فاس- مكناس","فاس","فاس - المدينة","2136","25137","PJD","ادريس السخسوخي","27986"
"فاس- مكناس","فاس","فاس - المدينة","2136","25137","PJD","يسرى شاكر","28468"
"فاس- مكناس","فاس","فاس - المدينة","2136","25137","PJD","رشيد ياسين","28007"
"فاس- مكناس","فاس","فاس - المدينة","2136","25137","PJD","امال البوبكاري","28486"
"فاس- مكناس","فاس","فاس - المدينة","2136","25137","PJD","سعيد غازي العباسي","28022"
"فاس- مكناس","فاس","فاس - المدينة","2136","25137","PJD","محمد فخر الدين","28035"
"فاس- مكناس","فاس","فاس - المدينة","2136","25137","PJD","محمد خالد تواتي","28045"
"فاس- مكناس","فاس","فاس - المدينة","2136","25137","PJD","عبدالعلي العزوزي","28053"
"فاس- مكناس","فاس","فاس - المدينة","2136","25137","PJD","عبدالرحيم علوي امراني","28087"
"فاس- مكناس","فاس","فاس - المدينة","2136","25137","PJD","ميلود  البوعزاوي","28094"
"فاس- مكناس","فاس","فاس - المدينة","2136","25137","PJD","عبدالسلام اللجائي","28101"
"فاس- مكناس","فاس","فاس - المدينة","2136","25137","PJD","محمد متيوي شكيري","28119"
"فاس- مكناس","فاس","فاس - المدينة","2136","25137","PJD","احمد بن الطالب ","28124"
"فاس- مكناس","فاس","فاس - المدينة","2136","25137","PJD","جواد سباعي ساسي","28131"
"فاس- مكناس","فاس","فاس - المدينة","2136","25137","PJD","هناء زريفي","28154"
"فاس- مكناس","فاس","فاس - المدينة","2136","25137","PJD","محمد منصوري","28166"
"فاس- مكناس","فاس","فاس - المدينة","2136","25137","PJD","إيمان حدوشي","28178"
"فاس- مكناس","فاس","فاس - المدينة","2136","25137","PJD","عبدالرحمن سوسي رائح","28319"
"فاس- مكناس","فاس","فاس - المدينة","2136","25137","PI","حميد السطي","119995"
"فاس- مكناس","فاس","فاس - المدينة","2136","25137","PI","امينة الزعيم","126946"
"فاس- مكناس","فاس","فاس - المدينة","2136","25137","PI","حليمة الزعيم","122423"
"فاس- مكناس","فاس","فاس - المدينة","2136","25137","PI","شيماء  المرموق","127031"
"فاس- مكناس","فاس","فاس - المدينة","2136","25137","PI","علي  الفيلالي ","122623"
"فاس- مكناس","فاس","فاس - المدينة","2136","25137","PI","مراد بوزيدي ادريسي","122741"
"فاس- مكناس","فاس","فاس - المدينة","2136","25137","PI","زكرياء بلقايد","122907"
"فاس- مكناس","فاس","فاس - المدينة","2136","25137","PI","يوسف ابن الاكحل","123047"
"فاس- مكناس","فاس","فاس - المدينة","2136","25137","MP","عزيز الفيلالي","71327"
"فاس- مكناس","فاس","فاس - المدينة","2136","25137","MP","رشيد الازمي الحسني","71520"
"فاس- مكناس","فاس","فاس - المدينة","2136","25137","RNI","التهامي الوزاني التهامي","57121"
"فاس- مكناس","فاس","فاس - المدينة","2136","25137","RNI","المفضل القادري الحسني اليامني","57175"
"فاس- مكناس","مكناس","آيت ولال","145","2076","UC","حميد اقبلي","12526"
"فاس- مكناس","مكناس","آيت ولال","145","2076","UC","سناء  اوبيدة ","116912"
"فاس- مكناس","مكناس","آيت ولال","145","2075","UC","سعيد اوطلحة","12363"
"فاس- مكناس","مكناس","آيت ولال","145","2075","UC","سوكينة أدوش ","12428"
"فاس- مكناس","مكناس","آيت ولال","145","2074","UC","محمد كبير","11508"
"فاس- مكناس","مكناس","آيت ولال","145","2073","UC","خاليد طويل","11433"
"فاس- مكناس","مكناس","آيت ولال","145","2072","PI","لحسن العايدي","7467"
"فاس- مكناس","مكناس","آيت ولال","145","2068","PI","حميد العماري","16922"
"فاس- مكناس","مكناس","آيت ولال","145","2068","PI","حيات ايت الشاوش","16934"
"فاس- مكناس","مكناس","آيت ولال","145","2070","PI","عزيز مومني","10264"
"فاس- مكناس","مكناس","آيت ولال","145","2077","MP","نجيم اشحشاح","48515"
"فاس- مكناس","مكناس","آيت ولال","145","2069","MP","الحسين اعكي","11346"
"فاس- مكناس","مكناس","آيت ولال","145","2067","PJD","خالد العماري","15958"
"فاس- مكناس","مكناس","آيت ولال","145","2067","PJD","كريمة ابو سعد","16001"
"فاس- مكناس","مكناس","آيت ولال","145","2071","RNI","محمد شافعي","38647"
"فاس- مكناس","مكناس","الدخيسة","470","27173","MP","سعيد المعافي","82798"
"فاس- مكناس","مكناس","الدخيسة","470","27173","MP","مريم ازعيط","82852"
"فاس- مكناس","مكناس","الدخيسة","470","7331","MP","حسن ازعيط","21322"
"فاس- مكناس","مكناس","الدخيسة","470","27170","MP","عبد الرحيم بنعبد الواحد","90004"
"فاس- مكناس","مكناس","الدخيسة","470","7330","MP","عادل عوينة","23281"
"فاس- مكناس","مكناس","الدخيسة","470","7332","MP","لحسن احسينة","23370"
"فاس- مكناس","مكناس","الدخيسة","470","7334","MP","هشام الوحدي","23291"
"فاس- مكناس","مكناس","الدخيسة","470","7322","MP","علال زريعة","30635"
"فاس- مكناس","مكناس","الدخيسة","470","27166","MP","عبد النبي الفحصي","29840"
"فاس- مكناس","مكناس","الدخيسة","470","7325","MP","جمال العلواني","23273"
"فاس- مكناس","مكناس","الدخيسة","470","7324","PJD","عبد الحق بعوش","21193"
"فاس- مكناس","مكناس","الدخيسة","470","7323","PJD","عبد السلام زرواني","21292"
"فاس- مكناس","مكناس","الدخيسة","470","27165","PJD","عبد النبي  فاخور ","21248"
"فاس- مكناس","مكناس","الدخيسة","470","7329","PI","ادريس ضرضيم","30511"
"فاس- مكناس","مكناس","الدخيسة","470","7333","PI","امحمد شيكي","30311"
"فاس- مكناس","مكناس","الدخيسة","470","27171","PI","عزيز لاولاو","30119"
"فاس- مكناس","مكناس","الدخيسة","470","27164","PI","محمد الشريفي","49206"
"فاس- مكناس","مكناس","الدخيسة","470","27169","PI","عزيز معشوقي","30211"
"فاس- مكناس","مكناس","الدخيسة","470","27172","UC","ادريس مياحي","21253"
"فاس- مكناس","مكناس","الدخيسة","470","27172","UC","خديجة خنزة","21278"
"فاس- مكناس","مكناس","الدخيسة","470","7327","UC","علال البي","35537"
"فاس- مكناس","مكناس","الدخيسة","470","7327","UC","مريم بولعيد","35597"
"فاس- مكناس","مكناس","الدخيسة","470","7326","UC","يونس احسينة","21249"
"فاس- مكناس","مكناس","الدخيسة","470","7328","UC","انوار  خلطي","21209"
"فاس- مكناس","مكناس","الدخيسة","470","27167","RNI","ادريس برادي","47381"
"فاس- مكناس","مكناس","الدخيسة","470","27167","RNI","فطيمة رحيوي","47411"
"فاس- مكناس","مكناس","الدخيسة","470","27168","PSU","عبد الرحيم لحمر","68813"
"فاس- مكناس","مكناس","المغاصيين","911","14454","MP","عبد المجيد ابولعولا","35602"
"فاس- مكناس","مكناس","المغاصيين","911","14454","MP","خديجة عليطي","35648"
"فاس- مكناس","مكناس","المغاصيين","911","14455","MP","محمد شماط","33315"
"فاس- مكناس","مكناس","المغاصيين","911","14455","MP","رحمة  الفلالي","33359"
"فاس- مكناس","مكناس","المغاصيين","911","14453","MP","عبد الناصر بالعلالي","39002"
"فاس- مكناس","مكناس","المغاصيين","911","14453","MP","فاطمة الزهراء اعضيم","39071"
"فاس- مكناس","مكناس","المغاصيين","911","14451","MP","ادريس  الدغوغي ","51686"
"فاس- مكناس","مكناس","المغاصيين","911","14449","MP","حميد  الشهبوني ","52997"
"فاس- مكناس","مكناس","المغاصيين","911","14452","MP","عبد الحي الحمدوشي","53345"
"فاس- مكناس","مكناس","المغاصيين","911","14450","MP","محمد بن عبو","51529"
"فاس- مكناس","مكناس","المغاصيين","911","14450","MP","خديجة  الوازني","51592"
"فاس- مكناس","مكناس","المغاصيين","911","14448","MP","ادريس  الزهري","38888"
"فاس- مكناس","مكناس","المغاصيين","911","14443","MP","ابراهيم الصنهاجي","50356"
"فاس- مكناس","مكناس","المغاصيين","911","14447","MP","عبد الرحيم مخلوف ","50739"
"فاس- مكناس","مكناس","المغاصيين","911","14444","USFP","عبد النبي اليحياوي","89713"
"فاس- مكناس","مكناس","المغاصيين","911","14445","PPS","عبدالمجيد الفضيلي","50968"
"فاس- مكناس","مكناس","المغاصيين","911","14446","PPS","محمد بن العسري ","127776"
"فاس- مكناس","مكناس","المهاية","816","12897","MP","عبد الكريم لبريكي","67408"
"فاس- مكناس","مكناس","المهاية","816","12897","MP","حيات زنكور","67333"
"فاس- مكناس","مكناس","المهاية","816","12883","MP","محمد الصديقي","65913"
"فاس- مكناس","مكناس","المهاية","816","12883","MP","ثورية السائح","65969"
"فاس- مكناس","مكناس","المهاية","816","12891","MP","عبد الرحمن الساهل","68096"
"فاس- مكناس","مكناس","المهاية","816","12885","MP","عبد القادر لبريكي","67033"
"فاس- مكناس","مكناس","المهاية","816","12882","MP","احمد الزميتي","65863"
"فاس- مكناس","مكناس","المهاية","816","27183","MP","محمد سوميني","66256"
"فاس- مكناس","مكناس","المهاية","816","12898","MP","عبد اللطيف ابن التهامي","87375"
"فاس- مكناس","مكناس","المهاية","816","27182","MP","التهامي اللحكي","67167"
"فاس- مكناس","مكناس","المهاية","816","12881","MP","سمير البوشيخي","88065"
"فاس- مكناس","مكناس","المهاية","816","12893","MP","محمد فحصي ","126445"
"فاس- مكناس","مكناس","المهاية","816","12880","MP","الحسين لوردي","67112"
"فاس- مكناس","مكناس","المهاية","816","12895","MP","محمد بنور","68239"
"فاس- مكناس","مكناس","المهاية","816","12878","MP","محمد شوقي","66012"
"فاس- مكناس","مكناس","المهاية","816","12887","MP","حفيظ  البورقادي","66303"
"فاس- مكناس","مكناس","المهاية","816","12887","MP","وفاء القباج","66346"
"فاس- مكناس","مكناس","المهاية","816","12896","MP","محمد  وارش","88757"
"فاس- مكناس","مكناس","المهاية","816","12884","MP","التجاني الراجي","84506"
"فاس- مكناس","مكناس","المهاية","816","12888","MP","احمد العياشي","86642"
"فاس- مكناس","مكناس","المهاية","816","12888","MP","جميلة الخليل","86750"
"فاس- مكناس","مكناس","المهاية","816","12876","MP","احمد لهباري","67931"
"فاس- مكناس","مكناس","المهاية","816","12886","MP","عبد القادر  بوحوص","69257"
"فاس- مكناس","مكناس","المهاية","816","12889","MP","العربي الواحدي","65696"
"فاس- مكناس","مكناس","المهاية","816","12892","MP","محمد لبعيشي","69200"
"فاس- مكناس","مكناس","المهاية","816","12894","MP","محمد الغفولي","68045"
"فاس- مكناس","مكناس","المهاية","816","12890","PJD","عبد العزيز الملواني","45415"
"فاس- مكناس","مكناس","المهاية","816","12877","PJD","نورالدين الفارحي","66643"
"فاس- مكناس","مكناس","المهاية","816","12879","PAM","عبد الرحيم لزعر","67466"
"فاس- مكناس","مكناس","بوفكران","391","6046","PJD","رشيد فراح","66184"
"فاس- مكناس","مكناس","بوفكران","391","6046","PJD","فاطمة بركة","66212"
"فاس- مكناس","مكناس","بوفكران","391","6047","PJD","المصطفى لعشوش","46725"
"فاس- مكناس","مكناس","بوفكران","391","6045","PJD","مولاي ابراهيم بنكا","125628"
"فاس- مكناس","مكناس","بوفكران","391","6048","PJD","سعيد  عمراني","49491"
"فاس- مكناس","مكناس","بوفكران","391","6052","PJD","هشام ملوكي","49563"
"فاس- مكناس","مكناس","بوفكران","391","6049","PJD","اسعيد ازنيني","45926"
"فاس- مكناس","مكناس","بوفكران","391","6043","PI","رشيد  معطوي ","23831"
"فاس- مكناس","مكناس","بوفكران","391","6043","PI","زازية بوغادي","23903"
"فاس- مكناس","مكناس","بوفكران","391","6053","PI","بنعيسى معطوي","12522"
"فاس- مكناس","مكناس","بوفكران","391","6053","PI","امينة عشوش","12546"
"فاس- مكناس","مكناس","بوفكران","391","27160","PI","مولاي عبد الله الكاوزي","11839"
"فاس- مكناس","مكناس","بوفكران","391","6050","PI","سعيد بن العاظم","77310"
"فاس- مكناس","مكناس","بوفكران","391","6044","PI","المصطفى الوالي","8548"
"فاس- مكناس","مكناس","بوفكران","391","27161","MP","محمد الشعايري","46330"
"فاس- مكناس","مكناس","بوفكران","391","6051","MP","بنعيسى صفار","55991"
"فاس- مكناس","مكناس","بوفكران","391","6051","MP","سميرة الصيدي العلمي","24540"
"فاس- مكناس","مكناس","بوفكران","391","27158","MP","عبد الرحمان بودراع","16901"
"فاس- مكناس","مكناس","بوفكران","391","27159","PSU","علي  الروكي ","37100"
"فاس- مكناس","مكناس","تولال","1502","27181","PI","الحسين  هباج ","45145"
"فاس- مكناس","مكناس","تولال","1502","27180","PI","حفيض ملحي","49432"
"فاس- مكناس","مكناس","تولال","1502","23490","PI","جمال بوزيان","22920"
"فاس- مكناس","مكناس","تولال","1502","23487","PI","عبد الالاه احمام","23885"
"فاس- مكناس","مكناس","تولال","1502","23486","PI","محمد شهبون","45119"
"فاس- مكناس","مكناس","تولال","1502","23489","PI","محمد سيف","29346"
"فاس- مكناس","مكناس","تولال","1502","23488","PI","عبد الحق احدو","29708"
"فاس- مكناس","مكناس","تولال","1502","23488","PI","الحسنية اعربي","29732"
"فاس- مكناس","مكناس","تولال","1502","27179","PI","اسماعيل بوجدي","28235"
"فاس- مكناس","مكناس","تولال","1502","27174","PI","حسن انوار","11804"
"فاس- مكناس","مكناس","تولال","1502","27175","PI","يونس بوعلي","11439"
"فاس- مكناس","مكناس","تولال","1502","23493","PJD","انوار مقوس","29089"
"فاس- مكناس","مكناس","تولال","1502","23493","PJD","حنان بنسعيد","29119"
"فاس- مكناس","مكناس","تولال","1502","23492","PJD","الحسن اوقسو","76924"
"فاس- مكناس","مكناس","تولال","1502","23492","PJD","كريمة بنسعيد","76956"
"فاس- مكناس","مكناس","تولال","1502","23494","PJD","المصطفى حمدان","22075"
"فاس- مكناس","مكناس","تولال","1502","23481","PJD","محمد المودني","22530"
"فاس- مكناس","مكناس","تولال","1502","27177","PJD","كمال الحيرش","68408"
"فاس- مكناس","مكناس","تولال","1502","23482","RNI","محمد عثماني","18245"
"فاس- مكناس","مكناس","تولال","1502","23482","RNI","ايمان الشدادي","18281"
"فاس- مكناس","مكناس","تولال","1502","23483","RNI","سليمان الطنجي","18166"
"فاس- مكناس","مكناس","تولال","1502","23480","RNI","بناصر البارودي","62552"
"فاس- مكناس","مكناس","تولال","1502","27178","RNI","المصطفى اوحلي","18133"
"فاس- مكناس","مكناس","تولال","1502","23484","RNI","هشام بوكطيبة","21431"
"فاس- مكناس","مكناس","تولال","1502","23485","USFP","محمد منصوري","3571"
"فاس- مكناس","مكناس","تولال","1502","23491","PUD","حفيظ افقير","128924"
"فاس- مكناس","مكناس","تولال","1502","27176","PUD","محمد بوزيان","32988"
"فاس- مكناس","مكناس","دار أم السلطان","460","27163","RNI","محمد معدول","35693"
"فاس- مكناس","مكناس","دار أم السلطان","460","7160","RNI","جمال صيفي","37297"
"فاس- مكناس","مكناس","دار أم السلطان","460","7160","RNI","عزيزة الركراكي","37535"
"فاس- مكناس","مكناس","دار أم السلطان","460","7161","RNI","احمد الركراكي","105260"
"فاس- مكناس","مكناس","دار أم السلطان","460","7162","RNI","بنعيسى الحارتي","28215"
"فاس- مكناس","مكناس","دار أم السلطان","460","27162","RNI","نورالدين شلوق","48238"
"فاس- مكناس","مكناس","دار أم السلطان","460","7155","MP","مولود العدجيبي","28161"
"فاس- مكناس","مكناس","دار أم السلطان","460","7155","MP","خديجة قاسمي","28170"
"فاس- مكناس","مكناس","دار أم السلطان","460","7153","MP","عبد المجيد لعموري","33694"
"فاس- مكناس","مكناس","دار أم السلطان","460","7153","MP","نسرين لعموري","33717"
"فاس- مكناس","مكناس","دار أم السلطان","460","7159","MP","ميمون المشروح","10453"
"فاس- مكناس","مكناس","دار أم السلطان","460","7158","MP","محمد عدنان","2611"
"فاس- مكناس","مكناس","دار أم السلطان","460","7154","PAM","عزيز مريخ","2208"
"فاس- مكناس","مكناس","دار أم السلطان","460","7156","PAM","حميد اعني","9366"
"فاس- مكناس","مكناس","دار أم السلطان","460","7156","PAM","ابتسام الصبا","9372"
"فاس- مكناس","مكناس","دار أم السلطان","460","7152","PAM","عزيز مغري","1706"
"فاس- مكناس","مكناس","دار أم السلطان","460","7157","PI","محمد الامالي","15296"
"فاس- مكناس","مكناس","سيدي سليمان مول الكيفان","1273","25995","PI","حسن اليمني","2547"
"فاس- مكناس","مكناس","سيدي سليمان مول الكيفان","1273","25990","PI","محمد وعوى","3016"
"فاس- مكناس","مكناس","سيدي سليمان مول الكيفان","1273","20123","PI","عبد النبي قجي","129348"
"فاس- مكناس","مكناس","سيدي سليمان مول الكيفان","1273","20131","PI","ادريس الدغوغ","2771"
"فاس- مكناس","مكناس","سيدي سليمان مول الكيفان","1273","20124","PI","موح الكساب","2960"
"فاس- مكناس","مكناس","سيدي سليمان مول الكيفان","1273","20127","PI","علي اليمني","7470"
"فاس- مكناس","مكناس","سيدي سليمان مول الكيفان","1273","20132","PI","محمد نادي","682"
"فاس- مكناس","مكناس","سيدي سليمان مول الكيفان","1273","20128","PI","سفيان  العمراني","2777"
"فاس- مكناس","مكناس","سيدي سليمان مول الكيفان","1273","25988","PI","رشدي خيمي","41733"
"فاس- مكناس","مكناس","سيدي سليمان مول الكيفان","1273","25994","PJD","عزيز الزعطي","38113"
"فاس- مكناس","مكناس","سيدي سليمان مول الكيفان","1273","20133","PJD","محمد الغنيمي","42846"
"فاس- مكناس","مكناس","سيدي سليمان مول الكيفان","1273","20134","PJD","عبد النبي بوزيد","34884"
"فاس- مكناس","مكناس","سيدي سليمان مول الكيفان","1273","25996","PAM","احمد عفيطو","7352"
"فاس- مكناس","مكناس","سيدي سليمان مول الكيفان","1273","25993","PAM","ادريس بهى","2907"
"فاس- مكناس","مكناس","سيدي سليمان مول الكيفان","1273","25993","PAM","ماجدة الكراطي","2936"
"فاس- مكناس","مكناس","سيدي سليمان مول الكيفان","1273","20130","PAM","محمد كرويعة","16938"
"فاس- مكناس","مكناس","سيدي سليمان مول الكيفان","1273","20129","PAM","محمد هريتان","28746"
"فاس- مكناس","مكناس","سيدي سليمان مول الكيفان","1273","20135","USFP","عبد المجيد اكزناي","10542"
"فاس- مكناس","مكناس","سيدي سليمان مول الكيفان","1273","20135","USFP","سكينة جرادي","10552"
"فاس- مكناس","مكناس","سيدي سليمان مول الكيفان","1273","25989","USFP","عمر زعزاع","2620"
"فاس- مكناس","مكناس","سيدي سليمان مول الكيفان","1273","25997","MDS","بلعيد بوراس","38543"
"فاس- مكناس","مكناس","سيدي سليمان مول الكيفان","1273","25997","MDS","نزهة الوكيل","38630"
"فاس- مكناس","مكناس","سيدي سليمان مول الكيفان","1273","25992","MDS","رضوان السالمي","7623"
"فاس- مكناس","مكناس","سيدي سليمان مول الكيفان","1273","20125","RNI","احمد بلقائد","28200"
"فاس- مكناس","مكناس","سيدي سليمان مول الكيفان","1273","20126","RNI","فريد بوعوين","81427"
"فاس- مكناس","مكناس","سيدي سليمان مول الكيفان","1273","25991","CNI","الحسين خيجي","126597"
"فاس- مكناس","مكناس","سيدي سليمان مول الكيفان","1273","25991","CNI","فاطنة العباسي","126634"
"فاس- مكناس","مكناس","سيدي عبد الله الخياط","1154","18247","MP","عبد العزيز الملاحي","7172"
"فاس- مكناس","مكناس","سيدي عبد الله الخياط","1154","18247","MP","حورية الملاحي ","7188"
"فاس- مكناس","مكناس","سيدي عبد الله الخياط","1154","18249","MP","عبد العالي البكور","7037"
"فاس- مكناس","مكناس","سيدي عبد الله الخياط","1154","18256","MP","سلام الرحماني","7236"
"فاس- مكناس","مكناس","سيدي عبد الله الخياط","1154","18253","MP","عبد الرزاق مخلوفي","7157"
"فاس- مكناس","مكناس","سيدي عبد الله الخياط","1154","18254","MP","يوسف العلامي","7185"
"فاس- مكناس","مكناس","سيدي عبد الله الخياط","1154","18258","MP","محمد البرغوتي","7266"
"فاس- مكناس","مكناس","سيدي عبد الله الخياط","1154","18252","PI","عبد الله البعيادي","49999"
"فاس- مكناس","مكناس","سيدي عبد الله الخياط","1154","18252","PI","رشيدة المكاوي","49927"
"فاس- مكناس","مكناس","سيدي عبد الله الخياط","1154","18251","PI","يوسف  البعيادي","52494"
"فاس- مكناس","مكناس","سيدي عبد الله الخياط","1154","18250","PI","احمد  بلعيش ","65204"
"فاس- مكناس","مكناس","سيدي عبد الله الخياط","1154","18246","PAM","حميد لعمارتي","13531"
"فاس- مكناس","مكناس","سيدي عبد الله الخياط","1154","18248","PAM","محمد العمارتي","33424"
"فاس- مكناس","مكناس","سيدي عبد الله الخياط","1154","18257","PPS","بنعيسى اسدي","53314"
"فاس- مكناس","مكناس","سيدي عبد الله الخياط","1154","18257","PPS","سعيدة اسيدي ","53055"
"فاس- مكناس","مكناس","سيدي عبد الله الخياط","1154","18255","PPS","عبد الله الوكيلي","51979"
"فاس- مكناس","مكناس","سيدي عبد الله الخياط","1154","18255","PPS","هنو  السعدي ","52009"
"فاس- مكناس","مكناس","شرقاوة","434","6729","USFP","حسن العمري","99891"
"فاس- مكناس","مكناس","شرقاوة","434","6729","USFP","بديعة  الموساوي ","99939"
"فاس- مكناس","مكناس","شرقاوة","434","6726","USFP","محمد  لوليشكي","104583"
"فاس- مكناس","مكناس","شرقاوة","434","6726","USFP","سعيدة  البقالي ","104645"
"فاس- مكناس","مكناس","شرقاوة","434","6730","USFP","قدور انصيري","98294"
"فاس- مكناس","مكناس","شرقاوة","434","6730","USFP","سميرة انصيري","98331"
"فاس- مكناس","مكناس","شرقاوة","434","6734","USFP","ادريس  الولد","102635"
"فاس- مكناس","مكناس","شرقاوة","434","6733","USFP","بغداد  السعيدي","105614"
"فاس- مكناس","مكناس","شرقاوة","434","6735","PI","محمود بوسروت","50214"
"فاس- مكناس","مكناس","شرقاوة","434","6727","PI","حميد العولة","64664"
"فاس- مكناس","مكناس","شرقاوة","434","6728","PI","بوشتى زهري","63925"
"فاس- مكناس","مكناس","شرقاوة","434","6736","UC","الشرقي ريط","67600"
"فاس- مكناس","مكناس","شرقاوة","434","6736","UC","فاطيمة ريط","68756"
"فاس- مكناس","مكناس","شرقاوة","434","6731","UC","حمادي شهبون","50295"
"فاس- مكناس","مكناس","شرقاوة","434","6732","PAM","المصطفى امهارش","50129"
"فاس- مكناس","مكناس","عين الجمعة","71","1087","MP","محمد شبال","11591"
"فاس- مكناس","مكناس","عين الجمعة","71","1087","MP","سعاد  الراوي ","11614"
"فاس- مكناس","مكناس","عين الجمعة","71","1083","MP","علي  اوحادة","63089"
"فاس- مكناس","مكناس","عين الجمعة","71","1083","MP","مليكة بوسلة","63133"
"فاس- مكناس","مكناس","عين الجمعة","71","1084","MP","محمد بوشامة","7433"
"فاس- مكناس","مكناس","عين الجمعة","71","1082","MP","رشيد بن اعمرو","16909"
"فاس- مكناس","مكناس","عين الجمعة","71","1090","MP","المعطي تالية","12069"
"فاس- مكناس","مكناس","عين الجمعة","71","1085","MP","احمد بنعبرة","62867"
"فاس- مكناس","مكناس","عين الجمعة","71","1085","MP","فاطمة بنرحال","62920"
"فاس- مكناس","مكناس","عين الجمعة","71","1092","MP","قاسم اوهنيني","15374"
"فاس- مكناس","مكناس","عين الجمعة","71","25967","MP","ادريس بوجنونية","28288"
"فاس- مكناس","مكناس","عين الجمعة","71","25966","MP","نصير بحاجي","29406"
"فاس- مكناس","مكناس","عين الجمعة","71","25968","MP","حسان المعروفي","32532"
"فاس- مكناس","مكناس","عين الجمعة","71","25962","MP","رحو خدوش","16896"
"فاس- مكناس","مكناس","عين الجمعة","71","25964","MP","حميد العريم","46604"
"فاس- مكناس","مكناس","عين الجمعة","71","1080","MP","عبد الله احرفادي","63336"
"فاس- مكناس","مكناس","عين الجمعة","71","25969","MP","سعيد الشباني","32987"
"فاس- مكناس","مكناس","عين الجمعة","71","25963","MP","عبد الدايم فكير","11437"
"فاس- مكناس","مكناس","عين الجمعة","71","1081","PI","علي حموشان","7283"
"فاس- مكناس","مكناس","عين الجمعة","71","1081","PI","مريم بوقلال","7298"
"فاس- مكناس","مكناس","عين الجمعة","71","1089","PI","محمد المسعودي","63031"
"فاس- مكناس","مكناس","عين الجمعة","71","1079","PI","الوافي شموتن","22517"
"فاس- مكناس","مكناس","عين الجمعة","71","1091","PI","عيسى المرضي","11900"
"فاس- مكناس","مكناس","عين الجمعة","71","1093","PI","عبد الدايم  لهموري ","65276"
"فاس- مكناس","مكناس","عين الجمعة","71","1086","PI","محمد الفاتحي","10420"
"فاس- مكناس","مكناس","عين الجمعة","71","25965","PI","أحمد الجمري","64726"
"فاس- مكناس","مكناس","عين الجمعة","71","1088","PI","احمد بن رحو","86977"
"فاس- مكناس","مكناس","عين عرمة","80","1211","PI","ادريس مفتوح","5279"
"فاس- مكناس","مكناس","عين عرمة","80","1211","PI","سامية محلانة","5289"
"فاس- مكناس","مكناس","عين عرمة","80","1212","PI","الحسين وكور","2597"
"فاس- مكناس","مكناس","عين عرمة","80","1212","PI","مريم وعسو","2606"
"فاس- مكناس","مكناس","عين عرمة","80","1209","PI","عبد الغاني  يحيى","16912"
"فاس- مكناس","مكناس","عين عرمة","80","1209","PI","دونية هرو","16928"
"فاس- مكناس","مكناس","عين عرمة","80","1213","PI","اعلي زينبي","63164"
"فاس- مكناس","مكناس","عين عرمة","80","1214","RNI"," المصطفى   سكوري ","33748"
"فاس- مكناس","مكناس","عين عرمة","80","1206","RNI","ادريس العيساوي","33966"
"فاس- مكناس","مكناس","عين عرمة","80","1207","RNI","ادريس اطوبان","23037"
"فاس- مكناس","مكناس","عين عرمة","80","1204","RNI","يوسف هرو","39322"
"فاس- مكناس","مكناس","عين عرمة","80","1208","PAM","حميد بورويس","45908"
"فاس- مكناس","مكناس","عين عرمة","80","1208","PAM","مينة ليموري","45924"
"فاس- مكناس","مكناس","عين عرمة","80","1205","PAM","عبد الله معدول","50065"
"فاس- مكناس","مكناس","عين عرمة","80","1210","PPS","نزهة بزيو","101530"
"فاس- مكناس","مكناس","عين كرمة - واد الرمان","960","15160","PJD","الحسن  السريخي ","63698"
"فاس- مكناس","مكناس","عين كرمة - واد الرمان","960","15160","PJD","نجاة الجراري","63770"
"فاس- مكناس","مكناس","عين كرمة - واد الرمان","960","15159","PJD","سعيد جراري","46418"
"فاس- مكناس","مكناس","عين كرمة - واد الرمان","960","15159","PJD","لمياء الدواح","46439"
"فاس- مكناس","مكناس","عين كرمة - واد الرمان","960","15161","PJD","حسن ناصري","36572"
"فاس- مكناس","مكناس","عين كرمة - واد الرمان","960","15161","PJD","مريم ناصري","36615"
"فاس- مكناس","مكناس","عين كرمة - واد الرمان","960","15158","PJD","بوسلهام  الشرقاوي","36806"
"فاس- مكناس","مكناس","عين كرمة - واد الرمان","960","15162","PJD","رشيد صغير","35762"
"فاس- مكناس","مكناس","عين كرمة - واد الرمان","960","25972","PI","سي محمد اسليماني","46239"
"فاس- مكناس","مكناس","عين كرمة - واد الرمان","960","25973","PI","محمد  الكويسي العلمي ","45963"
"فاس- مكناس","مكناس","عين كرمة - واد الرمان","960","15165","PI","حسن النصيري","46683"
"فاس- مكناس","مكناس","عين كرمة - واد الرمان","960","15164","PI","محمد قرش","46542"
"فاس- مكناس","مكناس","عين كرمة - واد الرمان","960","15167","PI","محمد رحيوي","46536"
"فاس- مكناس","مكناس","عين كرمة - واد الرمان","960","25974","PI","ادريس زوميح","46032"
"فاس- مكناس","مكناس","عين كرمة - واد الرمان","960","15168","PI","محمد المحفود","46323"
"فاس- مكناس","مكناس","عين كرمة - واد الرمان","960","15163","RNI","احمد ملوكي","47116"
"فاس- مكناس","مكناس","عين كرمة - واد الرمان","960","15166","PPS","محمد باغزا","63578"
"فاس- مكناس","مكناس","عين كرمة - واد الرمان","960","15166","PPS","زهرة شعوان","63617"
"فاس- مكناس","مكناس","عين كرمة - واد الرمان","960","25975","PAM","عبد الرحيم بقالي","63508"
"فاس- مكناس","مكناس","مجاط","838","13193","PI","محمد شعوان","5669"
"فاس- مكناس","مكناس","مجاط","838","13197","PI","سعيد اعظيم","7473"
"فاس- مكناس","مكناس","مجاط","838","13194","PJD","الحسين اوجيل","28914"
"فاس- مكناس","مكناس","مجاط","838","13195","PJD","مولود  بنمولود ","33910"
"فاس- مكناس","مكناس","مجاط","838","13202","PJD","رشيد عمراوي","28534"
"فاس- مكناس","مكناس","مجاط","838","13199","PJD","سعيد بن موسى","28945"
"فاس- مكناس","مكناس","مجاط","838","13199","PJD","الهام جعفري","28968"
"فاس- مكناس","مكناس","مجاط","838","13200","PJD","بنعيسى وراس","35800"
"فاس- مكناس","مكناس","مجاط","838","13192","PJD","رضوان بولحية","28329"
"فاس- مكناس","مكناس","مجاط","838","13196","PJD","بناصر القرشي","28628"
"فاس- مكناس","مكناس","مجاط","838","13204","MP","سعيد الحيمر","50591"
"فاس- مكناس","مكناس","مجاط","838","13204","MP","خديجة العمراني","50674"
"فاس- مكناس","مكناس","مجاط","838","13203","MP","فهد الروكي","52108"
"فاس- مكناس","مكناس","مجاط","838","13203","MP","الهام  لمعلم ","56852"
"فاس- مكناس","مكناس","مجاط","838","13198","MP","احمد روكي","48801"
"فاس- مكناس","مكناس","مجاط","838","13201","PSU","حميد بنمولود","68517"
"فاس- مكناس","مكناس","مجاط","838","13201","PSU","نجية  كريش ","68464"
"فاس- مكناس","مكناس","مشور استينية","187","2752","UC","محمد رووف الاسماعيلي","16276"
"فاس- مكناس","مكناس","مشور استينية","187","2752","UC","حسناء الاسماعيلي","16305"
"فاس- مكناس","مكناس","مشور استينية","187","2749","UC","فؤاد صفصف","16119"
"فاس- مكناس","مكناس","مشور استينية","187","2749","UC","كوثر  لكحل ","16161"
"فاس- مكناس","مكناس","مشور استينية","187","2751","UC","نبيل  الزوين ","5894"
"فاس- مكناس","مكناس","مشور استينية","187","2751","UC","هدى الزوين","5904"
"فاس- مكناس","مكناس","مشور استينية","187","2750","UC","محمد علوش","15801"
"فاس- مكناس","مكناس","مشور استينية","187","2753","UC","فؤاد العثماني","2618"
"فاس- مكناس","مكناس","مشور استينية","187","2753","UC","فاطمة بخوش","2630"
"فاس- مكناس","مكناس","مشور استينية","187","2754","UC","سعد بحاجي","45818"
"فاس- مكناس","مكناس","مشور استينية","187","2748","UC","عبد الخالق بلعباس","2570"
"فاس- مكناس","مكناس","مشور استينية","187","2747","UC","محمد بالعيادية","10231"
"فاس- مكناس","مكناس","مشور استينية","187","2755","USFP","عبد الله الراية","679"
"فاس- مكناس","مكناس","مكناس","1566","25035","PJD","عبد الله بووانو ","31536"
"فاس- مكناس","مكناس","مكناس","1566","25035","PJD","أسماء خوجة","31592"
"فاس- مكناس","مكناس","مكناس","1566","25035","PJD","رشيد طالبي","31574"
"فاس- مكناس","مكناس","مكناس","1566","25035","PJD","ليلى معزوز","31605"
"فاس- مكناس","مكناس","مكناس","1566","25035","PJD","ادريس  صقلي عدوي","31602"
"فاس- مكناس","مكناس","مكناس","1566","25035","PJD","امال  فريقش","31617"
"فاس- مكناس","مكناس","مكناس","1566","25035","PJD","عبد الصمد الادريسي","31632"
"فاس- مكناس","مكناس","مكناس","1566","25035","PJD","نزهة الصح","31628"
"فاس- مكناس","مكناس","مكناس","1566","25035","PJD","محمد شكدالي","31652"
"فاس- مكناس","مكناس","مكناس","1566","25035","PJD","محمد الدكس","31665"
"فاس- مكناس","مكناس","مكناس","1566","25035","PJD","محمد ميلودي","31679"
"فاس- مكناس","مكناس","مكناس","1566","25035","PJD","محمد عكي","31692"
"فاس- مكناس","مكناس","مكناس","1566","25035","PJD","محمد بحاميدي","31708"
"فاس- مكناس","مكناس","مكناس","1566","25035","PJD","محمد اشكود","31729"
"فاس- مكناس","مكناس","مكناس","1566","25035","PJD","عزيز يعقوبي","31751"
"فاس- مكناس","مكناس","مكناس","1566","25035","PJD","ادريس الالة","31762"
"فاس- مكناس","مكناس","مكناس","1566","25035","PJD","ادريس العلمي","31787"
"فاس- مكناس","مكناس","مكناس","1566","25035","PJD","اسماعيل المهداوي","132652"
"فاس- مكناس","مكناس","مكناس","1566","25035","PJD","حسن تميمي","31798"
"فاس- مكناس","مكناس","مكناس","1566","25035","PJD","محمد فلالي","31808"
"فاس- مكناس","مكناس","مكناس","1566","25035","PJD","محمد  المشاطي","31836"
"فاس- مكناس","مكناس","مكناس","1566","25035","PJD","رشيد مجبار","31861"
"فاس- مكناس","مكناس","مكناس","1566","25035","PJD","احمد بن حميدة","31897"
"فاس- مكناس","مكناس","مكناس","1566","25035","PJD","عبد الرحمان افلك","31909"
"فاس- مكناس","مكناس","مكناس","1566","25035","PJD","اسماعيل دبا","31919"
"فاس- مكناس","مكناس","مكناس","1566","25035","PJD","التهامي بوخيمة","31943"
"فاس- مكناس","مكناس","مكناس","1566","25035","PJD","ادريس الخروبي","31949"
"فاس- مكناس","مكناس","مكناس","1566","25035","PJD","محمد  بنعزو","31934"
"فاس- مكناس","مكناس","مكناس","1566","25035","PJD","عبد العاطي كواح","31947"
"فاس- مكناس","مكناس","مكناس","1566","25035","PJD","عبد العزيز بلخيري","31952"
"فاس- مكناس","مكناس","مكناس","1566","25035","PJD","نور الدين عامر","31959"
"فاس- مكناس","مكناس","مكناس","1566","25035","PJD","محمد لحلوح","31965"
"فاس- مكناس","مكناس","مكناس","1566","25035","PJD","عبد الحق بنسالم","31971"
"فاس- مكناس","مكناس","مكناس","1566","25035","PJD","عبدالمنعم الشهيبة ","31976"
"فاس- مكناس","مكناس","مكناس","1566","25035","UC","العباس الومغاري","39541"
"فاس- مكناس","مكناس","مكناس","1566","25035","UC","امينة حداش","39841"
"فاس- مكناس","مكناس","مكناس","1566","25035","UC","ادريس قشال","40233"
"فاس- مكناس","مكناس","مكناس","1566","25035","UC","نادية  ادريسي قيطوني","39906"
"فاس- مكناس","مكناس","مكناس","1566","25035","UC","عبدالاله الفونيني","40280"
"فاس- مكناس","مكناس","مكناس","1566","25035","UC","فريد بوحي","40291"
"فاس- مكناس","مكناس","مكناس","1566","25035","UC","مولاي علي لمرني","40302"
"فاس- مكناس","مكناس","مكناس","1566","25035","UC","عبد النبي عثماني","40316"
"فاس- مكناس","مكناس","مكناس","1566","25035","UC","الحسن بوكدور","40331"
"فاس- مكناس","مكناس","مكناس","1566","25035","UC","الحاج ساسيوي","40343"
"فاس- مكناس","مكناس","مكناس","1566","25035","UC","محمد بن علال","40357"
"فاس- مكناس","مكناس","مكناس","1566","25035","UC","احمد مسغاتي","40370"
"فاس- مكناس","مكناس","مكناس","1566","25035","UC","رشيد الغاشي","40377"
"فاس- مكناس","مكناس","مكناس","1566","25035","UC","عبد الله مشكور","39743"
"فاس- مكناس","مكناس","مكناس","1566","25035","UC","المصطفى سعدان","39836"
"فاس- مكناس","مكناس","مكناس","1566","25035","UC","محمد ابو القاسم","39901"
"فاس- مكناس","مكناس","مكناس","1566","25035","RNI","بدر طاهري","67305"
"فاس- مكناس","مكناس","مكناس","1566","25035","RNI","سميرة قصيور","69498"
"فاس- مكناس","مكناس","مكناس","1566","25035","RNI","محمد عديوباه","67380"
"فاس- مكناس","مكناس","مكناس","1566","25035","RNI","جواد مهال","67419"
"فاس- مكناس","مكناس","مكناس","1566","25035","RNI","يوسف عكامو","67450"
"فاس- مكناس","مكناس","مكناس","1566","25035","RNI","خالد بودالي","67489"
"فاس- مكناس","مكناس","مكناس","1566","25035","RNI","لحسن خربوش","67536"
"فاس- مكناس","مكناس","مكناس","1566","25035","RNI","حميد لعويسي","67585"
"فاس- مكناس","مكناس","مكناس","1566","25035","RNI","خالد معروفي","67630"
"فاس- مكناس","مكناس","مكناس","1566","25035","PAM","جواد  الشامي ","109038"
"فاس- مكناس","مكناس","مكناس","1566","25035","PAM","نبيلة بنعمر","115037"
"فاس- مكناس","مكناس","مكناس","1566","25035","PAM","جواد حسني","109153"
"فاس- مكناس","مكناس","مكناس","1566","25035","PAM","نوال محسين","109273"
"فاس- مكناس","مكناس","مكناس","1566","25035","PAM","المصطفى المريزق","109385"
"فاس- مكناس","مكناس","مكناس","1566","25035","PAM","هشام القائد","109510"
"فاس- مكناس","مكناس","مولاي إدريس  زرهون","908","14362","PAM","سعيد المقريني","76760"
"فاس- مكناس","مكناس","مولاي إدريس  زرهون","908","14362","PAM","نزهة الغريسي","76813"
"فاس- مكناس","مكناس","مولاي إدريس  زرهون","908","14363","PAM","سعيد زباط","61940"
"فاس- مكناس","مكناس","مولاي إدريس  زرهون","908","14365","PAM","علال بابا","46093"
"فاس- مكناس","مكناس","مولاي إدريس  زرهون","908","14365","PAM","رفيقة الزويتني","46135"
"فاس- مكناس","مكناس","مولاي إدريس  زرهون","908","14359","PAM","محمد هدي","88806"
"فاس- مكناس","مكناس","مولاي إدريس  زرهون","908","14359","PAM","حنان المرسة","88877"
"فاس- مكناس","مكناس","مولاي إدريس  زرهون","908","14367","PAM","رضوان  بن راشوق ","51384"
"فاس- مكناس","مكناس","مولاي إدريس  زرهون","908","14368","PAM","عبد العالي الوكيلي","127980"
"فاس- مكناس","مكناس","مولاي إدريس  زرهون","908","14360","PI","ادريس الكطاع","127806"
"فاس- مكناس","مكناس","مولاي إدريس  زرهون","908","14370","PI","عبدالمجيد الرويجل","66071"
"فاس- مكناس","مكناس","مولاي إدريس  زرهون","908","14364","PI","عبد اللطيف شرادي","61886"
"فاس- مكناس","مكناس","مولاي إدريس  زرهون","908","14364","PI","نعيمة حمراس","61910"
"فاس- مكناس","مكناس","مولاي إدريس  زرهون","908","14369","PI","التهامي الكطاع","69323"
"فاس- مكناس","مكناس","مولاي إدريس  زرهون","908","14358","PI","الطاهر الشبيهي","29291"
"فاس- مكناس","مكناس","مولاي إدريس  زرهون","908","14366","PPS","عبد المجيد الداودي","63714"
"فاس- مكناس","مكناس","مولاي إدريس  زرهون","908","14361","USFP","سعيد الغرباوي","62859"
"فاس- مكناس","مكناس","نزالة بني عمار","924","14620","MP","بوشتى لوديي","62496"
"فاس- مكناس","مكناس","نزالة بني عمار","924","14620","MP","سعاد لهلالي","62555"
"فاس- مكناس","مكناس","نزالة بني عمار","924","14621","MP","ادريس للوحي","51525"
"فاس- مكناس","مكناس","نزالة بني عمار","924","14621","MP","نجلاء بلخدير","51568"
"فاس- مكناس","مكناس","نزالة بني عمار","924","14624","MP","البشير باعمر","67094"
"فاس- مكناس","مكناس","نزالة بني عمار","924","14613","MP","عبد الله الخلفوني","12357"
"فاس- مكناس","مكناس","نزالة بني عمار","924","14622","MP","عصام بن عشور","84227"
"فاس- مكناس","مكناس","نزالة بني عمار","924","14623","MP","عبد المجيد اليسراوي","66513"
"فاس- مكناس","مكناس","نزالة بني عمار","924","14614","MP","عبد العالي الخياط","12881"
"فاس- مكناس","مكناس","نزالة بني عمار","924","14612","MP","عبد المجيد اسلولو","12412"
"فاس- مكناس","مكناس","نزالة بني عمار","924","14616","USFP","عبد الكريم  الدكير","66631"
"فاس- مكناس","مكناس","نزالة بني عمار","924","14616","USFP","نعيمة السلامي","66673"
"فاس- مكناس","مكناس","نزالة بني عمار","924","14615","USFP","احمد العمارتي","65063"
"فاس- مكناس","مكناس","نزالة بني عمار","924","14615","USFP","خديجة  لوليشكي","65099"
"فاس- مكناس","مكناس","نزالة بني عمار","924","14618","USFP","احمد هياضي","62616"
"فاس- مكناس","مكناس","نزالة بني عمار","924","14617","USFP","العربي  الشكشوكي","66204"
"فاس- مكناس","مكناس","نزالة بني عمار","924","14619","USFP","عبد الله جميلي","84331"
"فاس- مكناس","مكناس","واد الجديدة","954","15089","MP","علال بنهدي","45321"
"فاس- مكناس","مكناس","واد الجديدة","954","15089","MP","خديجة بندراعو","45338"
"فاس- مكناس","مكناس","واد الجديدة","954","15081","MP","عبد القادر الخيدر","29938"
"فاس- مكناس","مكناس","واد الجديدة","954","15081","MP","خديجة المليوي","29961"
"فاس- مكناس","مكناس","واد الجديدة","954","15086","MP","عبد القادر لعريش","22097"
"فاس- مكناس","مكناس","واد الجديدة","954","15085","MP","عبد العزيز  بحري ","34809"
"فاس- مكناس","مكناس","واد الجديدة","954","15094","MP","عبد الخالق المزوزي","11558"
"فاس- مكناس","مكناس","واد الجديدة","954","15090","MP","حسن سلمي","22082"
"فاس- مكناس","مكناس","واد الجديدة","954","15080","MP","محمد العمراني","11513"
"فاس- مكناس","مكناس","واد الجديدة","954","15091","MP","قندوسي ليسري","23528"
"فاس- مكناس","مكناس","واد الجديدة","954","15088","PI","ميلود القوسي","38296"
"فاس- مكناس","مكناس","واد الجديدة","954","15088","PI","كنزة الحمراوي","38353"
"فاس- مكناس","مكناس","واد الجديدة","954","15084","PI","حميد الكوش","11504"
"فاس- مكناس","مكناس","واد الجديدة","954","15082","PJD","بوشتى يحيى","37778"
"فاس- مكناس","مكناس","واد الجديدة","954","15082","PJD","سهام يحيى","37816"
"فاس- مكناس","مكناس","واد الجديدة","954","15087","PJD","عبد الجبار عكراوي","11555"
"فاس- مكناس","مكناس","واد الجديدة","954","15092","PPS","خالد الادريسي اليحياوي","126485"
"فاس- مكناس","مكناس","واد الجديدة","954","15083","USFP","احمد لبخيتي","35973"
"فاس- مكناس","مكناس","واد الجديدة","954","15093","P Al Amal","حميد الزين","65812"
"فاس- مكناس","مكناس","وليلي","939","14849","PI","المصطفى الزبوري","62679"
"فاس- مكناس","مكناس","وليلي","939","14848","PI","حميد لماغي","38409"
"فاس- مكناس","مكناس","وليلي","939","14848","PI"," زينب المحسني","38516"
"فاس- مكناس","مكناس","وليلي","939","14844","PI","محمد زكاغ","39799"
"فاس- مكناس","مكناس","وليلي","939","14844","PI","فريدة الهرموزي","39827"
"فاس- مكناس","مكناس","وليلي","939","14842","PI","عبد الخاليد بنحدوش","36451"
"فاس- مكناس","مكناس","وليلي","939","14841","PI","حميد  العمراني ","30078"
"فاس- مكناس","مكناس","وليلي","939","14839","PI","محمد الوكيلي","38601"
"فاس- مكناس","مكناس","وليلي","939","14843","PI","عبد المالك العزماني","30680"
"فاس- مكناس","مكناس","وليلي","939","14840","PI","احمد بركان","37926"
"فاس- مكناس","مكناس","وليلي","939","14846","RNI","محمد رضى","81808"
"فاس- مكناس","مكناس","وليلي","939","14846","RNI","نجية مجاهد","81895"
"فاس- مكناس","مكناس","وليلي","939","25970","RNI","يوسف البلعيزي","86063"
"فاس- مكناس","مكناس","وليلي","939","25971","PJD","ادريس الفحصي","87743"
"فاس- مكناس","مكناس","وليلي","939","25971","PJD","لطيفة البلعيزي","87881"
"فاس- مكناس","مكناس","وليلي","939","14847","PJD","عبد المالك الداودي","11932"
"فاس- مكناس","مكناس","وليلي","939","14845","PAM","منصف عشراق","45056"
"فاس- مكناس","مكناس","ويسلان","965","25094","PJD","عبد السلام الخالدي","29355"
"فاس- مكناس","مكناس","ويسلان","965","25094","PJD","لطيفة العابدي العلوي","30062"
"فاس- مكناس","مكناس","ويسلان","965","25094","PJD","محسن عمراني","29374"
"فاس- مكناس","مكناس","ويسلان","965","25094","PJD","لوبنى  السراري ","30079"
"فاس- مكناس","مكناس","ويسلان","965","25094","PJD","محمد احميداني","29429"
"فاس- مكناس","مكناس","ويسلان","965","25094","PJD","ادريس الدياني","29455"
"فاس- مكناس","مكناس","ويسلان","965","25094","PJD","محمد حفوضي","29485"
"فاس- مكناس","مكناس","ويسلان","965","25094","PJD","محمد باكو","29506"
"فاس- مكناس","مكناس","ويسلان","965","25094","PJD","عبد الكريم تافني","29530"
"فاس- مكناس","مكناس","ويسلان","965","25094","PJD","لحسن نواجي","29550"
"فاس- مكناس","مكناس","ويسلان","965","25094","PI","ادريس عامر","38338"
"فاس- مكناس","مكناس","ويسلان","965","25094","PI","سعاد السريفي","37890"
"فاس- مكناس","مكناس","ويسلان","965","25094","PI","عبد الحكيم الرحموني","38376"
"فاس- مكناس","مكناس","ويسلان","965","25094","PI","توفيق  الكمح ","38445"
"فاس- مكناس","مكناس","ويسلان","965","25094","PI","ادريس العروسي","38496"
"فاس- مكناس","مكناس","ويسلان","965","25094","PI","عبدالواحد عماري","38551"
"فاس- مكناس","مكناس","ويسلان","965","25094","PPS","يوسف الجميلي","61236"
"فاس- مكناس","مكناس","ويسلان","965","25094","PPS","فاطمة شكاري","65479"
"فاس- مكناس","مكناس","ويسلان","965","25094","PPS","الحسين عزيزي","61294"
"فاس- مكناس","مكناس","ويسلان","965","25094","PPS","ادريس ريان","61397"
"فاس- مكناس","مكناس","ويسلان","965","25094","PPS","احمد بنحمو","61429"
"فاس- مكناس","مكناس","ويسلان","965","25094","FFD","بوجمعة عياش","34316"
"فاس- مكناس","مكناس","ويسلان","965","25094","FFD","حنان بنبويا","35302"
"فاس- مكناس","مكناس","ويسلان","965","25094","FFD","بوشتى لحرازلي","34326"
"فاس- مكناس","مكناس","ويسلان","965","25094","FFD","عبد العزيز الزيلاشي","34569"
"فاس- مكناس","مكناس","ويسلان","965","25094","FFD","مصطفى بنعلال الريفي","34595"
"فاس- مكناس","مكناس","ويسلان","965","25094","RNI","الحسن لعشوش","82179"
"فاس- مكناس","مكناس","ويسلان","965","25094","RNI","فاطمة الزهراء عبود","84030"
"فاس- مكناس","مكناس","ويسلان","965","25094","RNI","محمد محيرق","82219"
"فاس- مكناس","مكناس","ويسلان","965","25094","RNI","محمد بومريم","82283"
"فاس- مكناس","مكناس","ويسلان","965","25094","PAM","محمد الزياني","22589"
"فاس- مكناس","مكناس","ويسلان","965","25094","PAM","حنان طريزي","22609"
"فاس- مكناس","مكناس","ويسلان","965","25094","PAM","نبيل الرماش","22846"
"فاس- مكناس","مكناس","ويسلان","965","25094","MP","الخادير بزيو","33654"
"فاس- مكناس","مكناس","ويسلان","965","25094","MP","محمد المجيدي","33679"
"فاس- مكناس","مولاي يعقوب","أولاد ميمون","1015","15934","PI","الحسين يزمي","18972"
"فاس- مكناس","مولاي يعقوب","أولاد ميمون","1015","15934","PI","العزيزة الهلال","19071"
"فاس- مكناس","مولاي يعقوب","أولاد ميمون","1015","15932","PI","عبد العلي فطري","18431"
"فاس- مكناس","مولاي يعقوب","أولاد ميمون","1015","15932","PI","بشرى سعود","18586"
"فاس- مكناس","مولاي يعقوب","أولاد ميمون","1015","15931","PI","محمد عاديل","35929"
"فاس- مكناس","مولاي يعقوب","أولاد ميمون","1015","15931","PI","عزيزة بوروابح","35837"
"فاس- مكناس","مولاي يعقوب","أولاد ميمون","1015","15928","PAM","عبد الله ارجة","66162"
"فاس- مكناس","مولاي يعقوب","أولاد ميمون","1015","15928","PAM","فريدة أزهر","66286"
"فاس- مكناس","مولاي يعقوب","أولاد ميمون","1015","15929","PAM","حميد هلالي","69053"
"فاس- مكناس","مولاي يعقوب","أولاد ميمون","1015","15935","PAM","محسن خالدي","48013"
"فاس- مكناس","مولاي يعقوب","أولاد ميمون","1015","15939","PAM","بوشتى بنداود","22879"
"فاس- مكناس","مولاي يعقوب","أولاد ميمون","1015","15937","PAM","عبدالرحمان النجاعي","66655"
"فاس- مكناس","مولاي يعقوب","أولاد ميمون","1015","15936","PAM","عبدو المستور","69166"
"فاس- مكناس","مولاي يعقوب","أولاد ميمون","1015","15927","PJD","رشيد بلوالي","58827"
"فاس- مكناس","مولاي يعقوب","أولاد ميمون","1015","15933","PJD","ادريس درار","45911"
"فاس- مكناس","مولاي يعقوب","أولاد ميمون","1015","15930","FFD","توفيق الساري","102842"
"فاس- مكناس","مولاي يعقوب","أولاد ميمون","1015","15938","RNI","سليمان الكريمي","79335"
"فاس- مكناس","مولاي يعقوب","الوادين","803","12674","RNI","عبد الفتاح الزويشي","23374"
"فاس- مكناس","مولاي يعقوب","الوادين","803","12674","RNI","نعمة المقتصد","23411"
"فاس- مكناس","مولاي يعقوب","الوادين","803","12675","RNI","يوسف زرقان","22982"
"فاس- مكناس","مولاي يعقوب","الوادين","803","12675","RNI","فدوى الادريسي","23012"
"فاس- مكناس","مولاي يعقوب","الوادين","803","12673","RNI","محمد منادي ادريسي","29605"
"فاس- مكناس","مولاي يعقوب","الوادين","803","12676","RNI","عبد القادر بلحسن","22862"
"فاس- مكناس","مولاي يعقوب","الوادين","803","12683","RNI","احمد سويس","27185"
"فاس- مكناس","مولاي يعقوب","الوادين","803","12680","RNI","ادريس زغدود","27668"
"فاس- مكناس","مولاي يعقوب","الوادين","803","12680","RNI","حرية المقتصد","27622"
"فاس- مكناس","مولاي يعقوب","الوادين","803","12679","RNI","جواد الزويشي","38604"
"فاس- مكناس","مولاي يعقوب","الوادين","803","12678","RNI","احمد بيزو","35068"
"فاس- مكناس","مولاي يعقوب","الوادين","803","12685","RNI","حميد بن الشريف","27303"
"فاس- مكناس","مولاي يعقوب","الوادين","803","12684","RNI","حميد زعيط","27567"
"فاس- مكناس","مولاي يعقوب","الوادين","803","12681","PI","جواد نفيس","29576"
"فاس- مكناس","مولاي يعقوب","الوادين","803","12677","PI","عمار مبروكي","28005"
"فاس- مكناس","مولاي يعقوب","الوادين","803","12677","PI","حفيظة الامين","27982"
"فاس- مكناس","مولاي يعقوب","الوادين","803","12682","PI","حميد مبروكي","29663"
"فاس- مكناس","مولاي يعقوب","سبت الأوداية","1130","17863","PI","خالد لفضيلي","32616"
"فاس- مكناس","مولاي يعقوب","سبت الأوداية","1130","17863","PI","زهرة لفحل","32643"
"فاس- مكناس","مولاي يعقوب","سبت الأوداية","1130","17866","PI","رضوان نهري","28404"
"فاس- مكناس","مولاي يعقوب","سبت الأوداية","1130","17865","PI","عبد الرحيم خمي","29461"
"فاس- مكناس","مولاي يعقوب","سبت الأوداية","1130","17865","PI","سعيدة الغابة","30685"
"فاس- مكناس","مولاي يعقوب","سبت الأوداية","1130","17870","PI","امبارك الكناوي","33130"
"فاس- مكناس","مولاي يعقوب","سبت الأوداية","1130","17867","PI","الحسين المنعي","28434"
"فاس- مكناس","مولاي يعقوب","سبت الأوداية","1130","17861","PJD","محمد مريود","79846"
"فاس- مكناس","مولاي يعقوب","سبت الأوداية","1130","17861","PJD","كنزة الحوماني","79898"
"فاس- مكناس","مولاي يعقوب","سبت الأوداية","1130","17858","PJD","احمد زوهير","49440"
"فاس- مكناس","مولاي يعقوب","سبت الأوداية","1130","17858","PJD","فاطمة الزهراء المتوكل","48364"
"فاس- مكناس","مولاي يعقوب","سبت الأوداية","1130","17862","PJD","نورالدين حبابو","35962"
"فاس- مكناس","مولاي يعقوب","سبت الأوداية","1130","17859","PJD","عبدالعالي ازويني","35522"
"فاس- مكناس","مولاي يعقوب","سبت الأوداية","1130","17864","MP","حسن محراوي","27361"
"فاس- مكناس","مولاي يعقوب","سبت الأوداية","1130","17869","MP","عبد السلام  بورصي","35769"
"فاس- مكناس","مولاي يعقوب","سبت الأوداية","1130","17868","MP","ادريس مفرج","30886"
"فاس- مكناس","مولاي يعقوب","سبت الأوداية","1130","17860","MP","فواد عازم","30860"
"فاس- مكناس","مولاي يعقوب","سبع رواضي","1126","17802","PI","الحسن رمدي","59666"
"فاس- مكناس","مولاي يعقوب","سبع رواضي","1126","17813","PI","جواد وهيب","59555"
"فاس- مكناس","مولاي يعقوب","سبع رواضي","1126","17813","PI","شادية السياس","59426"
"فاس- مكناس","مولاي يعقوب","سبع رواضي","1126","17818","PI","هشام دياني","10069"
"فاس- مكناس","مولاي يعقوب","سبع رواضي","1126","17808","PI","رزقي سلطاني","22106"
"فاس- مكناس","مولاي يعقوب","سبع رواضي","1126","17800","PI","عبد العالي بوكالب","9745"
"فاس- مكناس","مولاي يعقوب","سبع رواضي","1126","17796","PI","خالد مسرار","9839"
"فاس- مكناس","مولاي يعقوب","سبع رواضي","1126","17815","PI","عبدالفتاح مشهير","66862"
"فاس- مكناس","مولاي يعقوب","سبع رواضي","1126","17817","PI","بوشتى  شتيتح","10600"
"فاس- مكناس","مولاي يعقوب","سبع رواضي","1126","17807","PI","بناصر بوسوالف","17085"
"فاس- مكناس","مولاي يعقوب","سبع رواضي","1126","17812","PI","مجيد دريوش","17070"
"فاس- مكناس","مولاي يعقوب","سبع رواضي","1126","17797","PI","سعيد محراوي","9438"
"فاس- مكناس","مولاي يعقوب","سبع رواضي","1126","17803","PI","محمد البوزكري الادريسي","12746"
"فاس- مكناس","مولاي يعقوب","سبع رواضي","1126","17805","PI","احمد مبروكي","9416"
"فاس- مكناس","مولاي يعقوب","سبع رواضي","1126","17801","PAM","عبدالرحيم المعتمد","84700"
"فاس- مكناس","مولاي يعقوب","سبع رواضي","1126","17801","PAM","مريم لمسعدي","84842"
"فاس- مكناس","مولاي يعقوب","سبع رواضي","1126","17809","PAM","الطاهر جلال","6774"
"فاس- مكناس","مولاي يعقوب","سبع رواضي","1126","17810","PAM","العربي حردي","9428"
"فاس- مكناس","مولاي يعقوب","سبع رواضي","1126","17816","PAM","بنعيسى لعزيبي","3941"
"فاس- مكناس","مولاي يعقوب","سبع رواضي","1126","17804","PAM","رشيد اغريبة","14133"
"فاس- مكناس","مولاي يعقوب","سبع رواضي","1126","17799","PAM","خالد المسنتك","37262"
"فاس- مكناس","مولاي يعقوب","سبع رواضي","1126","17811","PAM","عبدالعزيز لعيدي","3821"
"فاس- مكناس","مولاي يعقوب","سبع رواضي","1126","17806","PJD","خليد ادريسي عايدي","28050"
"فاس- مكناس","مولاي يعقوب","سبع رواضي","1126","17806","PJD","سعاد  العلام","30732"
"فاس- مكناس","مولاي يعقوب","سبع رواضي","1126","17814","PJD","هشام العموري","36632"
"فاس- مكناس","مولاي يعقوب","سبع رواضي","1126","17814","PJD","سعاد شيشتي","36127"
"فاس- مكناس","مولاي يعقوب","سبع رواضي","1126","17798","PJD","علي قصراوي","36387"
"فاس- مكناس","مولاي يعقوب","سيدي داود","1215","19181","PAM","عبد الوهاب الخيالي","13222"
"فاس- مكناس","مولاي يعقوب","سيدي داود","1215","19181","PAM","حنان العوني","13270"
"فاس- مكناس","مولاي يعقوب","سيدي داود","1215","19179","PAM","ادريس الكوييس","6775"
"فاس- مكناس","مولاي يعقوب","سيدي داود","1215","19179","PAM","حبيبة الكوييس","6803"
"فاس- مكناس","مولاي يعقوب","سيدي داود","1215","19185","PAM","محمد بلقاضي","247"
"فاس- مكناس","مولاي يعقوب","سيدي داود","1215","25383","PAM","علال الزياني","10856"
"فاس- مكناس","مولاي يعقوب","سيدي داود","1215","19180","PAM","قدور الشنوفي","7043"
"فاس- مكناس","مولاي يعقوب","سيدي داود","1215","19184","MP","حميد لحيوي","30600"
"فاس- مكناس","مولاي يعقوب","سيدي داود","1215","19184","MP","ابتسام لحيوي","30629"
"فاس- مكناس","مولاي يعقوب","سيدي داود","1215","19189","MP","ادريس السويخي","18619"
"فاس- مكناس","مولاي يعقوب","سيدي داود","1215","19189","MP","فاطمة الزهراء لحيوي","18845"
"فاس- مكناس","مولاي يعقوب","سيدي داود","1215","25382","MP","يوسف اليدري","38598"
"فاس- مكناس","مولاي يعقوب","سيدي داود","1215","19183","MP","عبد الحق حموني","23877"
"فاس- مكناس","مولاي يعقوب","سيدي داود","1215","19177","PI","محمد دكي","57356"
"فاس- مكناس","مولاي يعقوب","سيدي داود","1215","19188","PI","البرنوصي  لهبوب","14409"
"فاس- مكناس","مولاي يعقوب","سيدي داود","1215","19186","RNI","ناصر رابح","84529"
"فاس- مكناس","مولاي يعقوب","سيدي داود","1215","19178","RNI","محمد البكوش","62364"
"فاس- مكناس","مولاي يعقوب","سيدي داود","1215","19187","RNI","الخمار مجاهد","21967"
"فاس- مكناس","مولاي يعقوب","سيدي داود","1215","19182","RNI","محمد منتصر","44767"
"فاس- مكناس","مولاي يعقوب","عين الشقف","64","26000","PJD","الجيلالي الدومة","72190"
"فاس- مكناس","مولاي يعقوب","عين الشقف","64","26000","PJD","مينة دخيسي","72651"
"فاس- مكناس","مولاي يعقوب","عين الشقف","64","26000","PJD","محمد المربوح","71100"
"فاس- مكناس","مولاي يعقوب","عين الشقف","64","26000","PJD","سلمى حسيني","72695"
"فاس- مكناس","مولاي يعقوب","عين الشقف","64","26000","PJD","محمد يسير ناجم","71214"
"فاس- مكناس","مولاي يعقوب","عين الشقف","64","26000","PJD","ابراهيم بنبريك","71617"
"فاس- مكناس","مولاي يعقوب","عين الشقف","64","26000","PJD","حميد  مساعد","71570"
"فاس- مكناس","مولاي يعقوب","عين الشقف","64","26000","PJD","عبد الرحمان الناصيري","71416"
"فاس- مكناس","مولاي يعقوب","عين الشقف","64","26000","PJD","محمد الكوش","71495"
"فاس- مكناس","مولاي يعقوب","عين الشقف","64","26000","PJD","أحمد غريش","71353"
"فاس- مكناس","مولاي يعقوب","عين الشقف","64","26000","PJD","مصطفى لحميدي","72247"
"فاس- مكناس","مولاي يعقوب","عين الشقف","64","26000","PJD","المقدم بوركبة","71735"
"فاس- مكناس","مولاي يعقوب","عين الشقف","64","26000","PJD","محمد ملوكي","71785"
"فاس- مكناس","مولاي يعقوب","عين الشقف","64","26000","PAM","جواد دواحي","8130"
"فاس- مكناس","مولاي يعقوب","عين الشقف","64","26000","PAM","لطيفة البدوي","9084"
"فاس- مكناس","مولاي يعقوب","عين الشقف","64","26000","PAM","الحسن بلمقدم","8162"
"فاس- مكناس","مولاي يعقوب","عين الشقف","64","26000","PAM","فوزية بوخرطة","9086"
"فاس- مكناس","مولاي يعقوب","عين الشقف","64","26000","PAM","السرغيني الهادفي","8194"
"فاس- مكناس","مولاي يعقوب","عين الشقف","64","26000","PAM","احمد بوحميد","8806"
"فاس- مكناس","مولاي يعقوب","عين الشقف","64","26000","PAM","محمد سامر","8815"
"فاس- مكناس","مولاي يعقوب","عين الشقف","64","26000","PAM","بن الشيخ موني","8826"
"فاس- مكناس","مولاي يعقوب","عين الشقف","64","26000","PAM","محمد لمعلم","8923"
"فاس- مكناس","مولاي يعقوب","عين الشقف","64","26000","PAM","رشيد الصالحي","8928"
"فاس- مكناس","مولاي يعقوب","عين الشقف","64","26000","PAM","ادريس النخلاوي","8912"
"فاس- مكناس","مولاي يعقوب","عين الشقف","64","26000","PAM","عبد القادر متوكيل","8935"
"فاس- مكناس","مولاي يعقوب","عين الشقف","64","26000","PAM","ابوبكر بوستين","8939"
"فاس- مكناس","مولاي يعقوب","عين الشقف","64","26000","MP","كمال لعفو","65719"
"فاس- مكناس","مولاي يعقوب","عين الشقف","64","26000","MP","نهاد صفي","63934"
"فاس- مكناس","مولاي يعقوب","عين الشقف","64","26000","MP","محمد مساعد","65848"
"فاس- مكناس","مولاي يعقوب","عين الشقف","64","26000","MP","عزيز بووردة","65901"
"فاس- مكناس","مولاي يعقوب","عين الشقف","64","26000","MP","المصطفى بن الشيخ","65943"
"فاس- مكناس","مولاي يعقوب","عين الشقف","64","26000","PI","المصطفى لعميري","33432"
"فاس- مكناس","مولاي يعقوب","عين الشقف","64","26000","PI","مليكة مفوار","33628"
"فاس- مكناس","مولاي يعقوب","عين الشقف","64","26000","PI","عبد الله الحايل","33463"
"فاس- مكناس","مولاي يعقوب","عين الشقف","64","26000","PI","بوشتى بوعزاوي","33394"
"فاس- مكناس","مولاي يعقوب","عين بوعلي","62","914","PI","رشيد النوح","11775"
"فاس- مكناس","مولاي يعقوب","عين بوعلي","62","902","PI","عبد الرزاق صاطوري","7454"
"فاس- مكناس","مولاي يعقوب","عين بوعلي","62","902","PI","لطيفة دباب","7734"
"فاس- مكناس","مولاي يعقوب","عين بوعلي","62","907","PI","محمد القاضي","46107"
"فاس- مكناس","مولاي يعقوب","عين بوعلي","62","904","PI","عبد النبي الصدوقي","13115"
"فاس- مكناس","مولاي يعقوب","عين بوعلي","62","903","PI","عبدالهادي اهروش","16862"
"فاس- مكناس","مولاي يعقوب","عين بوعلي","62","903","PI","سعيدة لعشاش","16872"
"فاس- مكناس","مولاي يعقوب","عين بوعلي","62","911","PI","عبد الرحمن دهماني","7411"
"فاس- مكناس","مولاي يعقوب","عين بوعلي","62","912","PAM","بوشتى  الهاني","17536"
"فاس- مكناس","مولاي يعقوب","عين بوعلي","62","910","PAM","بوشتى البوشيبي","17175"
"فاس- مكناس","مولاي يعقوب","عين بوعلي","62","909","PAM","عبد الرزاق مسعودي","17041"
"فاس- مكناس","مولاي يعقوب","عين بوعلي","62","913","PAM","عبدالعالي حموش","16839"
"فاس- مكناس","مولاي يعقوب","عين بوعلي","62","906","PJD","عبد الواحد حسناوي","29492"
"فاس- مكناس","مولاي يعقوب","عين بوعلي","62","906","PJD","زهور المرنيسي","29905"
"فاس- مكناس","مولاي يعقوب","عين بوعلي","62","905","PPS","عبد الرحيم اغبوشي","30158"
"فاس- مكناس","مولاي يعقوب","عين بوعلي","62","908","RNI","توفيق كندري","61024"
"فاس- مكناس","مولاي يعقوب","عين بوعلي","62","908","RNI","العزيزة طهار","61142"
"فاس- مكناس","مولاي يعقوب","عين قنصرة","54","790","PI","محمد الصاكي","37329"
"فاس- مكناس","مولاي يعقوب","عين قنصرة","54","790","PI","ابتسام بلقاضي","37399"
"فاس- مكناس","مولاي يعقوب","عين قنصرة","54","785","PI","عبد الرحيم سليمو","24414"
"فاس- مكناس","مولاي يعقوب","عين قنصرة","54","785","PI","حياة ريسي","24455"
"فاس- مكناس","مولاي يعقوب","عين قنصرة","54","794","PI","الحسن مجط","36233"
"فاس- مكناس","مولاي يعقوب","عين قنصرة","54","794","PI","أمينة العشي","36283"
"فاس- مكناس","مولاي يعقوب","عين قنصرة","54","792","PI","الحسن  شهبي","6701"
"فاس- مكناس","مولاي يعقوب","عين قنصرة","54","782","PI","عبد العالي الفائق","11926"
"فاس- مكناس","مولاي يعقوب","عين قنصرة","54","789","PI","عبد الرزاق لعميم","35195"
"فاس- مكناس","مولاي يعقوب","عين قنصرة","54","789","PI","نور الهدى الارجبي","36166"
"فاس- مكناس","مولاي يعقوب","عين قنصرة","54","793","PI","العربي مزنات","36041"
"فاس- مكناس","مولاي يعقوب","عين قنصرة","54","786","PI","التهامي لكزولي","30879"
"فاس- مكناس","مولاي يعقوب","عين قنصرة","54","788","PI","بوشتى التواتي","37442"
"فاس- مكناس","مولاي يعقوب","عين قنصرة","54","791","PI","بوشتى المتوكل","5867"
"فاس- مكناس","مولاي يعقوب","عين قنصرة","54","784","PJD","سلام عبزي","44189"
"فاس- مكناس","مولاي يعقوب","عين قنصرة","54","787","PPS","عبد الحق الزاكي","36013"
"فاس- مكناس","مولاي يعقوب","عين قنصرة","54","783","P Al Ahd Addimocrati","عزوز الشلخة","35052"
"فاس- مكناس","مولاي يعقوب","لعجاجرة","734","11559","MP","عبد الله فضول","7255"
"فاس- مكناس","مولاي يعقوب","لعجاجرة","734","11559","MP","مريم القرقافي","7337"
"فاس- مكناس","مولاي يعقوب","لعجاجرة","734","11555","MP","عمر طلال","104"
"فاس- مكناس","مولاي يعقوب","لعجاجرة","734","11567","MP","ادريس تاغزوتي","15837"
"فاس- مكناس","مولاي يعقوب","لعجاجرة","734","11567","MP","نجمة جواد","15856"
"فاس- مكناس","مولاي يعقوب","لعجاجرة","734","11561","MP","عبد الحق جواد","14529"
"فاس- مكناس","مولاي يعقوب","لعجاجرة","734","11554","MP","التهامي عكبي","469"
"فاس- مكناس","مولاي يعقوب","لعجاجرة","734","11558","MP","عزيز العامري جامعي","15723"
"فاس- مكناس","مولاي يعقوب","لعجاجرة","734","11556","MP","محمد طلال","7224"
"فاس- مكناس","مولاي يعقوب","لعجاجرة","734","11564","MP","عبدالرزاق الرفاعي","7373"
"فاس- مكناس","مولاي يعقوب","لعجاجرة","734","11563","FFD","محمد شاكر","14200"
"فاس- مكناس","مولاي يعقوب","لعجاجرة","734","11565","FFD","ادريس ادريسي سغروشني","11799"
"فاس- مكناس","مولاي يعقوب","لعجاجرة","734","11565","FFD","لبنى الراجي","11840"
"فاس- مكناس","مولاي يعقوب","لعجاجرة","734","11568","FFD","عبد الحق غفولي","11814"
"فاس- مكناس","مولاي يعقوب","لعجاجرة","734","11566","PJD","عبد الله الزياني","10676"
"فاس- مكناس","مولاي يعقوب","لعجاجرة","734","11566","PJD","زهور الهروش","10719"
"فاس- مكناس","مولاي يعقوب","لعجاجرة","734","11560","PJD","عبدالقادر اعويدات","35189"
"فاس- مكناس","مولاي يعقوب","لعجاجرة","734","11562","PAM","محمد بلهياض","17132"
"فاس- مكناس","مولاي يعقوب","لعجاجرة","734","11557","MDS","محمد شيخ","7222"
"فاس- مكناس","مولاي يعقوب","مولاي يعقوب","897","14195","PI","عبد الله متوكل","51533"
"فاس- مكناس","مولاي يعقوب","مولاي يعقوب","897","14195","PI","السعدية الكيري","51609"
"فاس- مكناس","مولاي يعقوب","مولاي يعقوب","897","14192","PI","اليزيد شوكراني","49130"
"فاس- مكناس","مولاي يعقوب","مولاي يعقوب","897","14192","PI","خديجة بونواضر","49217"
"فاس- مكناس","مولاي يعقوب","مولاي يعقوب","897","14198","PI","محمد  الادريسي الابراهيمي","50039"
"فاس- مكناس","مولاي يعقوب","مولاي يعقوب","897","14198","PI","مريم الركراكي","50134"
"فاس- مكناس","مولاي يعقوب","مولاي يعقوب","897","14197","PI","عزالدين الادريسي الابراهيمي","49533"
"فاس- مكناس","مولاي يعقوب","مولاي يعقوب","897","14189","PI","محمد لعيدي","49858"
"فاس- مكناس","مولاي يعقوب","مولاي يعقوب","897","14196","PI","عبد الرحيم مخلوف","49907"
"فاس- مكناس","مولاي يعقوب","مولاي يعقوب","897","14190","PI","حميد عاشور","49266"
"فاس- مكناس","مولاي يعقوب","مولاي يعقوب","897","14191","PJD","محمد الاشهب","57665"
"فاس- مكناس","مولاي يعقوب","مولاي يعقوب","897","14191","PJD","سميرة عاطف","57752"
"فاس- مكناس","مولاي يعقوب","مولاي يعقوب","897","14194","PJD","عبدالعالي عاطف","59048"
"فاس- مكناس","مولاي يعقوب","مولاي يعقوب","897","14199","PJD","يوسف بابا","57680"
"فاس- مكناس","مولاي يعقوب","مولاي يعقوب","897","14193","PJD","نور الدين الوردي","60846"
"فاس- مكناس","مولاي يعقوب","ميكس","882","13929","MDS","ادريس ابن الخطيب","35460"
"فاس- مكناس","مولاي يعقوب","ميكس","882","13929","MDS","نورة الودي","35427"
"فاس- مكناس","مولاي يعقوب","ميكس","882","13931","MDS","بدر الودي","88"
"فاس- مكناس","مولاي يعقوب","ميكس","882","13930","MDS","عبدالسلام الودي","75"
"فاس- مكناس","مولاي يعقوب","ميكس","882","13934","MDS","ادريس عاقل","11719"
"فاس- مكناس","مولاي يعقوب","ميكس","882","13934","MDS","مينة عاقل","11897"
"فاس- مكناس","مولاي يعقوب","ميكس","882","13936","MDS","المجدوب هاني","11557"
"فاس- مكناس","مولاي يعقوب","ميكس","882","13937","MDS","سعيد السعدي","19839"
"فاس- مكناس","مولاي يعقوب","ميكس","882","13933","PI","عبد الرزاق الكتاني","76919"
"فاس- مكناس","مولاي يعقوب","ميكس","882","13933","PI","حورية الحافض","76942"
"فاس- مكناس","مولاي يعقوب","ميكس","882","13932","PI","عبد الحق الصابري","77159"
"فاس- مكناس","مولاي يعقوب","ميكس","882","13938","PAM","سعيد الزهراوي","57225"
"فاس- مكناس","مولاي يعقوب","ميكس","882","13938","PAM","يامنة محراوي","57278"
"فاس- مكناس","مولاي يعقوب","ميكس","882","13928","PAM","عبد الالاه راشيق","67"
"فاس- مكناس","مولاي يعقوب","ميكس","882","13935","PAM","قدور برمو","45870"